instance,family,status,exit_code,xz_s,wall_s,fase,segundos,porcentaje,conflicts,propagations,kissat_sha1,profile,timeout,conflicts_budget
09e0775d2b51c49ec1ec4d214ee7c8c8.cnf.xz,ntil,UNKNOWN,0,0.033,11.529,search,6.12,53.29,200000,7588706,28b587cf6ecf,4,200,200000
09e0775d2b51c49ec1ec4d214ee7c8c8.cnf.xz,ntil,UNKNOWN,0,0.033,11.529,probe,4.95,43.08,200000,7588706,28b587cf6ecf,4,200,200000
09e0775d2b51c49ec1ec4d214ee7c8c8.cnf.xz,ntil,UNKNOWN,0,0.033,11.529,propagate,4.1,35.68,200000,7588706,28b587cf6ecf,4,200,200000
09e0775d2b51c49ec1ec4d214ee7c8c8.cnf.xz,ntil,UNKNOWN,0,0.033,11.529,factor,3.66,31.81,200000,7588706,28b587cf6ecf,4,200,200000
09e0775d2b51c49ec1ec4d214ee7c8c8.cnf.xz,ntil,UNKNOWN,0,0.033,11.529,focused,3.56,30.95,200000,7588706,28b587cf6ecf,4,200,200000
09e0775d2b51c49ec1ec4d214ee7c8c8.cnf.xz,ntil,UNKNOWN,0,0.033,11.529,preprocess,3.54,30.76,200000,7588706,28b587cf6ecf,4,200,200000
09e0775d2b51c49ec1ec4d214ee7c8c8.cnf.xz,ntil,UNKNOWN,0,0.033,11.529,stable,2.57,22.34,200000,7588706,28b587cf6ecf,4,200,200000
09e0775d2b51c49ec1ec4d214ee7c8c8.cnf.xz,ntil,UNKNOWN,0,0.033,11.529,simplify,1.79,15.61,200000,7588706,28b587cf6ecf,4,200,200000
09e0775d2b51c49ec1ec4d214ee7c8c8.cnf.xz,ntil,UNKNOWN,0,0.033,11.529,analyze,1.69,14.74,200000,7588706,28b587cf6ecf,4,200,200000
09e0775d2b51c49ec1ec4d214ee7c8c8.cnf.xz,ntil,UNKNOWN,0,0.033,11.529,vivify,0.79,6.88,200000,7588706,28b587cf6ecf,4,200,200000
09e0775d2b51c49ec1ec4d214ee7c8c8.cnf.xz,ntil,UNKNOWN,0,0.033,11.529,shrink,0.43,3.71,200000,7588706,28b587cf6ecf,4,200,200000
09e0775d2b51c49ec1ec4d214ee7c8c8.cnf.xz,ntil,UNKNOWN,0,0.033,11.529,vivify1,0.35,3.02,200000,7588706,28b587cf6ecf,4,200,200000
09e0775d2b51c49ec1ec4d214ee7c8c8.cnf.xz,ntil,UNKNOWN,0,0.033,11.529,eliminate,0.34,2.99,200000,7588706,28b587cf6ecf,4,200,200000
09e0775d2b51c49ec1ec4d214ee7c8c8.cnf.xz,ntil,UNKNOWN,0,0.033,11.529,bump,0.32,2.75,200000,7588706,28b587cf6ecf,4,200,200000
09e0775d2b51c49ec1ec4d214ee7c8c8.cnf.xz,ntil,UNKNOWN,0,0.033,11.529,sort,0.28,2.43,200000,7588706,28b587cf6ecf,4,200,200000
09e0775d2b51c49ec1ec4d214ee7c8c8.cnf.xz,ntil,UNKNOWN,0,0.033,11.529,deduce,0.27,2.32,200000,7588706,28b587cf6ecf,4,200,200000
09e0775d2b51c49ec1ec4d214ee7c8c8.cnf.xz,ntil,UNKNOWN,0,0.033,11.529,vivifysort,0.24,2.12,200000,7588706,28b587cf6ecf,4,200,200000
09e0775d2b51c49ec1ec4d214ee7c8c8.cnf.xz,ntil,UNKNOWN,0,0.033,11.529,vivify2,0.24,2.07,200000,7588706,28b587cf6ecf,4,200,200000
09e0775d2b51c49ec1ec4d214ee7c8c8.cnf.xz,ntil,UNKNOWN,0,0.033,11.529,subsume,0.24,2.06,200000,7588706,28b587cf6ecf,4,200,200000
09e0775d2b51c49ec1ec4d214ee7c8c8.cnf.xz,ntil,UNKNOWN,0,0.033,11.529,forward,0.24,2.06,200000,7588706,28b587cf6ecf,4,200,200000
09e0775d2b51c49ec1ec4d214ee7c8c8.cnf.xz,ntil,UNKNOWN,0,0.033,11.529,substitute,0.22,1.92,200000,7588706,28b587cf6ecf,4,200,200000
09e0775d2b51c49ec1ec4d214ee7c8c8.cnf.xz,ntil,UNKNOWN,0,0.033,11.529,reduce,0.2,1.74,200000,7588706,28b587cf6ecf,4,200,200000
09e0775d2b51c49ec1ec4d214ee7c8c8.cnf.xz,ntil,UNKNOWN,0,0.033,11.529,collect,0.2,1.72,200000,7588706,28b587cf6ecf,4,200,200000
09e0775d2b51c49ec1ec4d214ee7c8c8.cnf.xz,ntil,UNKNOWN,0,0.033,11.529,radix,0.17,1.45,200000,7588706,28b587cf6ecf,4,200,200000
09e0775d2b51c49ec1ec4d214ee7c8c8.cnf.xz,ntil,UNKNOWN,0,0.033,11.529,vivify3,0.14,1.19,200000,7588706,28b587cf6ecf,4,200,200000
09e0775d2b51c49ec1ec4d214ee7c8c8.cnf.xz,ntil,UNKNOWN,0,0.033,11.529,sweep,0.14,1.18,200000,7588706,28b587cf6ecf,4,200,200000
09e0775d2b51c49ec1ec4d214ee7c8c8.cnf.xz,ntil,UNKNOWN,0,0.033,11.529,congruence,0.13,1.16,200000,7588706,28b587cf6ecf,4,200,200000
09e0775d2b51c49ec1ec4d214ee7c8c8.cnf.xz,ntil,UNKNOWN,0,0.033,11.529,extract,0.13,1.16,200000,7588706,28b587cf6ecf,4,200,200000
09e0775d2b51c49ec1ec4d214ee7c8c8.cnf.xz,ntil,UNKNOWN,0,0.033,11.529,decide,0.11,0.93,200000,7588706,28b587cf6ecf,4,200,200000
09e0775d2b51c49ec1ec4d214ee7c8c8.cnf.xz,ntil,UNKNOWN,0,0.033,11.529,vivify0,0.07,0.6,200000,7588706,28b587cf6ecf,4,200,200000
09e0775d2b51c49ec1ec4d214ee7c8c8.cnf.xz,ntil,UNKNOWN,0,0.033,11.529,extractbinaries,0.06,0.56,200000,7588706,28b587cf6ecf,4,200,200000
09e0775d2b51c49ec1ec4d214ee7c8c8.cnf.xz,ntil,UNKNOWN,0,0.033,11.529,minimize,0.06,0.54,200000,7588706,28b587cf6ecf,4,200,200000
09e0775d2b51c49ec1ec4d214ee7c8c8.cnf.xz,ntil,UNKNOWN,0,0.033,11.529,extractxors,0.04,0.31,200000,7588706,28b587cf6ecf,4,200,200000
09e0775d2b51c49ec1ec4d214ee7c8c8.cnf.xz,ntil,UNKNOWN,0,0.033,11.529,walking,0.04,0.31,200000,7588706,28b587cf6ecf,4,200,200000
09e0775d2b51c49ec1ec4d214ee7c8c8.cnf.xz,ntil,UNKNOWN,0,0.033,11.529,parse,0.03,0.29,200000,7588706,28b587cf6ecf,4,200,200000
09e0775d2b51c49ec1ec4d214ee7c8c8.cnf.xz,ntil,UNKNOWN,0,0.033,11.529,sweepbackbone,0.03,0.22,200000,7588706,28b587cf6ecf,4,200,200000
09e0775d2b51c49ec1ec4d214ee7c8c8.cnf.xz,ntil,UNKNOWN,0,0.033,11.529,sweepequivalences,0.02,0.2,200000,7588706,28b587cf6ecf,4,200,200000
09e0775d2b51c49ec1ec4d214ee7c8c8.cnf.xz,ntil,UNKNOWN,0,0.033,11.529,reorder,0.02,0.13,200000,7588706,28b587cf6ecf,4,200,200000
09e0775d2b51c49ec1ec4d214ee7c8c8.cnf.xz,ntil,UNKNOWN,0,0.033,11.529,transitive,0.01,0.12,200000,7588706,28b587cf6ecf,4,200,200000
09e0775d2b51c49ec1ec4d214ee7c8c8.cnf.xz,ntil,UNKNOWN,0,0.033,11.529,extractites,0.01,0.09,200000,7588706,28b587cf6ecf,4,200,200000
09e0775d2b51c49ec1ec4d214ee7c8c8.cnf.xz,ntil,UNKNOWN,0,0.033,11.529,definition,0.01,0.07,200000,7588706,28b587cf6ecf,4,200,200000
09e0775d2b51c49ec1ec4d214ee7c8c8.cnf.xz,ntil,UNKNOWN,0,0.033,11.529,extractands,0.01,0.06,200000,7588706,28b587cf6ecf,4,200,200000
09e0775d2b51c49ec1ec4d214ee7c8c8.cnf.xz,ntil,UNKNOWN,0,0.033,11.529,lucky,0.01,0.06,200000,7588706,28b587cf6ecf,4,200,200000
09e0775d2b51c49ec1ec4d214ee7c8c8.cnf.xz,ntil,UNKNOWN,0,0.033,11.529,warmup,0.0,0.02,200000,7588706,28b587cf6ecf,4,200,200000
09e0775d2b51c49ec1ec4d214ee7c8c8.cnf.xz,ntil,UNKNOWN,0,0.033,11.529,backbone,0.0,0.02,200000,7588706,28b587cf6ecf,4,200,200000
09e0775d2b51c49ec1ec4d214ee7c8c8.cnf.xz,ntil,UNKNOWN,0,0.033,11.529,restart,0.0,0.01,200000,7588706,28b587cf6ecf,4,200,200000
09e0775d2b51c49ec1ec4d214ee7c8c8.cnf.xz,ntil,UNKNOWN,0,0.033,11.529,defrag,0.0,0.0,200000,7588706,28b587cf6ecf,4,200,200000
09e0775d2b51c49ec1ec4d214ee7c8c8.cnf.xz,ntil,UNKNOWN,0,0.033,11.529,rephase,0.0,0.0,200000,7588706,28b587cf6ecf,4,200,200000
09e0775d2b51c49ec1ec4d214ee7c8c8.cnf.xz,ntil,UNKNOWN,0,0.033,11.529,merge,0.0,0.0,200000,7588706,28b587cf6ecf,4,200,200000
09e0775d2b51c49ec1ec4d214ee7c8c8.cnf.xz,ntil,UNKNOWN,0,0.033,11.529,total,11.49,100.0,200000,7588706,28b587cf6ecf,4,200,200000
0be1e12a8e7282d1a4e389bb90f6dbc7.cnf.xz,or_randxor,UNKNOWN,0,0.007,4.867,search,4.24,87.29,200001,13957899,28b587cf6ecf,4,200,200000
0be1e12a8e7282d1a4e389bb90f6dbc7.cnf.xz,or_randxor,UNKNOWN,0,0.007,4.867,propagate,2.55,52.58,200001,13957899,28b587cf6ecf,4,200,200000
0be1e12a8e7282d1a4e389bb90f6dbc7.cnf.xz,or_randxor,UNKNOWN,0,0.007,4.867,focused,2.39,49.16,200001,13957899,28b587cf6ecf,4,200,200000
0be1e12a8e7282d1a4e389bb90f6dbc7.cnf.xz,or_randxor,UNKNOWN,0,0.007,4.867,stable,1.85,38.14,200001,13957899,28b587cf6ecf,4,200,200000
0be1e12a8e7282d1a4e389bb90f6dbc7.cnf.xz,or_randxor,UNKNOWN,0,0.007,4.867,analyze,1.47,30.19,200001,13957899,28b587cf6ecf,4,200,200000
0be1e12a8e7282d1a4e389bb90f6dbc7.cnf.xz,or_randxor,UNKNOWN,0,0.007,4.867,probe,0.58,11.87,200001,13957899,28b587cf6ecf,4,200,200000
0be1e12a8e7282d1a4e389bb90f6dbc7.cnf.xz,or_randxor,UNKNOWN,0,0.007,4.867,simplify,0.57,11.74,200001,13957899,28b587cf6ecf,4,200,200000
0be1e12a8e7282d1a4e389bb90f6dbc7.cnf.xz,or_randxor,UNKNOWN,0,0.007,4.867,vivify,0.35,7.27,200001,13957899,28b587cf6ecf,4,200,200000
0be1e12a8e7282d1a4e389bb90f6dbc7.cnf.xz,or_randxor,UNKNOWN,0,0.007,4.867,deduce,0.32,6.66,200001,13957899,28b587cf6ecf,4,200,200000
0be1e12a8e7282d1a4e389bb90f6dbc7.cnf.xz,or_randxor,UNKNOWN,0,0.007,4.867,bump,0.28,5.72,200001,13957899,28b587cf6ecf,4,200,200000
0be1e12a8e7282d1a4e389bb90f6dbc7.cnf.xz,or_randxor,UNKNOWN,0,0.007,4.867,shrink,0.27,5.58,200001,13957899,28b587cf6ecf,4,200,200000
0be1e12a8e7282d1a4e389bb90f6dbc7.cnf.xz,or_randxor,UNKNOWN,0,0.007,4.867,sweep,0.19,3.9,200001,13957899,28b587cf6ecf,4,200,200000
0be1e12a8e7282d1a4e389bb90f6dbc7.cnf.xz,or_randxor,UNKNOWN,0,0.007,4.867,vivify2,0.15,3.12,200001,13957899,28b587cf6ecf,4,200,200000
0be1e12a8e7282d1a4e389bb90f6dbc7.cnf.xz,or_randxor,UNKNOWN,0,0.007,4.867,vivify3,0.14,2.89,200001,13957899,28b587cf6ecf,4,200,200000
0be1e12a8e7282d1a4e389bb90f6dbc7.cnf.xz,or_randxor,UNKNOWN,0,0.007,4.867,sort,0.13,2.78,200001,13957899,28b587cf6ecf,4,200,200000
0be1e12a8e7282d1a4e389bb90f6dbc7.cnf.xz,or_randxor,UNKNOWN,0,0.007,4.867,decide,0.11,2.3,200001,13957899,28b587cf6ecf,4,200,200000
0be1e12a8e7282d1a4e389bb90f6dbc7.cnf.xz,or_randxor,UNKNOWN,0,0.007,4.867,radix,0.09,1.79,200001,13957899,28b587cf6ecf,4,200,200000
0be1e12a8e7282d1a4e389bb90f6dbc7.cnf.xz,or_randxor,UNKNOWN,0,0.007,4.867,sweepbackbone,0.08,1.72,200001,13957899,28b587cf6ecf,4,200,200000
0be1e12a8e7282d1a4e389bb90f6dbc7.cnf.xz,or_randxor,UNKNOWN,0,0.007,4.867,sweepequivalences,0.06,1.26,200001,13957899,28b587cf6ecf,4,200,200000
0be1e12a8e7282d1a4e389bb90f6dbc7.cnf.xz,or_randxor,UNKNOWN,0,0.007,4.867,minimize,0.05,1.1,200001,13957899,28b587cf6ecf,4,200,200000
0be1e12a8e7282d1a4e389bb90f6dbc7.cnf.xz,or_randxor,UNKNOWN,0,0.007,4.867,vivifysort,0.04,0.85,200001,13957899,28b587cf6ecf,4,200,200000
0be1e12a8e7282d1a4e389bb90f6dbc7.cnf.xz,or_randxor,UNKNOWN,0,0.007,4.867,preprocess,0.04,0.79,200001,13957899,28b587cf6ecf,4,200,200000
0be1e12a8e7282d1a4e389bb90f6dbc7.cnf.xz,or_randxor,UNKNOWN,0,0.007,4.867,vivify0,0.03,0.63,200001,13957899,28b587cf6ecf,4,200,200000
0be1e12a8e7282d1a4e389bb90f6dbc7.cnf.xz,or_randxor,UNKNOWN,0,0.007,4.867,vivify1,0.03,0.63,200001,13957899,28b587cf6ecf,4,200,200000
0be1e12a8e7282d1a4e389bb90f6dbc7.cnf.xz,or_randxor,UNKNOWN,0,0.007,4.867,reduce,0.03,0.61,200001,13957899,28b587cf6ecf,4,200,200000
0be1e12a8e7282d1a4e389bb90f6dbc7.cnf.xz,or_randxor,UNKNOWN,0,0.007,4.867,collect,0.02,0.47,200001,13957899,28b587cf6ecf,4,200,200000
0be1e12a8e7282d1a4e389bb90f6dbc7.cnf.xz,or_randxor,UNKNOWN,0,0.007,4.867,eliminate,0.02,0.4,200001,13957899,28b587cf6ecf,4,200,200000
0be1e12a8e7282d1a4e389bb90f6dbc7.cnf.xz,or_randxor,UNKNOWN,0,0.007,4.867,factor,0.01,0.29,200001,13957899,28b587cf6ecf,4,200,200000
0be1e12a8e7282d1a4e389bb90f6dbc7.cnf.xz,or_randxor,UNKNOWN,0,0.007,4.867,walking,0.01,0.25,200001,13957899,28b587cf6ecf,4,200,200000
0be1e12a8e7282d1a4e389bb90f6dbc7.cnf.xz,or_randxor,UNKNOWN,0,0.007,4.867,substitute,0.01,0.22,200001,13957899,28b587cf6ecf,4,200,200000
0be1e12a8e7282d1a4e389bb90f6dbc7.cnf.xz,or_randxor,UNKNOWN,0,0.007,4.867,congruence,0.01,0.16,200001,13957899,28b587cf6ecf,4,200,200000
0be1e12a8e7282d1a4e389bb90f6dbc7.cnf.xz,or_randxor,UNKNOWN,0,0.007,4.867,definition,0.01,0.16,200001,13957899,28b587cf6ecf,4,200,200000
0be1e12a8e7282d1a4e389bb90f6dbc7.cnf.xz,or_randxor,UNKNOWN,0,0.007,4.867,extract,0.01,0.15,200001,13957899,28b587cf6ecf,4,200,200000
0be1e12a8e7282d1a4e389bb90f6dbc7.cnf.xz,or_randxor,UNKNOWN,0,0.007,4.867,parse,0.0,0.1,200001,13957899,28b587cf6ecf,4,200,200000
0be1e12a8e7282d1a4e389bb90f6dbc7.cnf.xz,or_randxor,UNKNOWN,0,0.007,4.867,restart,0.0,0.08,200001,13957899,28b587cf6ecf,4,200,200000
0be1e12a8e7282d1a4e389bb90f6dbc7.cnf.xz,or_randxor,UNKNOWN,0,0.007,4.867,extractxors,0.0,0.08,200001,13957899,28b587cf6ecf,4,200,200000
0be1e12a8e7282d1a4e389bb90f6dbc7.cnf.xz,or_randxor,UNKNOWN,0,0.007,4.867,lucky,0.0,0.07,200001,13957899,28b587cf6ecf,4,200,200000
0be1e12a8e7282d1a4e389bb90f6dbc7.cnf.xz,or_randxor,UNKNOWN,0,0.007,4.867,extractites,0.0,0.04,200001,13957899,28b587cf6ecf,4,200,200000
0be1e12a8e7282d1a4e389bb90f6dbc7.cnf.xz,or_randxor,UNKNOWN,0,0.007,4.867,defrag,0.0,0.03,200001,13957899,28b587cf6ecf,4,200,200000
0be1e12a8e7282d1a4e389bb90f6dbc7.cnf.xz,or_randxor,UNKNOWN,0,0.007,4.867,subsume,0.0,0.03,200001,13957899,28b587cf6ecf,4,200,200000
0be1e12a8e7282d1a4e389bb90f6dbc7.cnf.xz,or_randxor,UNKNOWN,0,0.007,4.867,forward,0.0,0.03,200001,13957899,28b587cf6ecf,4,200,200000
0be1e12a8e7282d1a4e389bb90f6dbc7.cnf.xz,or_randxor,UNKNOWN,0,0.007,4.867,transitive,0.0,0.02,200001,13957899,28b587cf6ecf,4,200,200000
0be1e12a8e7282d1a4e389bb90f6dbc7.cnf.xz,or_randxor,UNKNOWN,0,0.007,4.867,warmup,0.0,0.02,200001,13957899,28b587cf6ecf,4,200,200000
0be1e12a8e7282d1a4e389bb90f6dbc7.cnf.xz,or_randxor,UNKNOWN,0,0.007,4.867,reorder,0.0,0.01,200001,13957899,28b587cf6ecf,4,200,200000
0be1e12a8e7282d1a4e389bb90f6dbc7.cnf.xz,or_randxor,UNKNOWN,0,0.007,4.867,extractbinaries,0.0,0.01,200001,13957899,28b587cf6ecf,4,200,200000
0be1e12a8e7282d1a4e389bb90f6dbc7.cnf.xz,or_randxor,UNKNOWN,0,0.007,4.867,backbone,0.0,0.01,200001,13957899,28b587cf6ecf,4,200,200000
0be1e12a8e7282d1a4e389bb90f6dbc7.cnf.xz,or_randxor,UNKNOWN,0,0.007,4.867,extractands,0.0,0.01,200001,13957899,28b587cf6ecf,4,200,200000
0be1e12a8e7282d1a4e389bb90f6dbc7.cnf.xz,or_randxor,UNKNOWN,0,0.007,4.867,rephase,0.0,0.0,200001,13957899,28b587cf6ecf,4,200,200000
0be1e12a8e7282d1a4e389bb90f6dbc7.cnf.xz,or_randxor,UNKNOWN,0,0.007,4.867,merge,0.0,0.0,200001,13957899,28b587cf6ecf,4,200,200000
0be1e12a8e7282d1a4e389bb90f6dbc7.cnf.xz,or_randxor,UNKNOWN,0,0.007,4.867,total,4.86,100.0,200001,13957899,28b587cf6ecf,4,200,200000
1890f49a43a94b97828528b68c32b78e.cnf.xz,fpga-routing,UNKNOWN,0,0.003,3.364,search,3.04,90.9,200000,5371343,28b587cf6ecf,4,200,200000
1890f49a43a94b97828528b68c32b78e.cnf.xz,fpga-routing,UNKNOWN,0,0.003,3.364,focused,1.75,52.22,200000,5371343,28b587cf6ecf,4,200,200000
1890f49a43a94b97828528b68c32b78e.cnf.xz,fpga-routing,UNKNOWN,0,0.003,3.364,propagate,1.39,41.4,200000,5371343,28b587cf6ecf,4,200,200000
1890f49a43a94b97828528b68c32b78e.cnf.xz,fpga-routing,UNKNOWN,0,0.003,3.364,analyze,1.33,39.69,200000,5371343,28b587cf6ecf,4,200,200000
1890f49a43a94b97828528b68c32b78e.cnf.xz,fpga-routing,UNKNOWN,0,0.003,3.364,stable,1.29,38.68,200000,5371343,28b587cf6ecf,4,200,200000
1890f49a43a94b97828528b68c32b78e.cnf.xz,fpga-routing,UNKNOWN,0,0.003,3.364,probe,0.29,8.53,200000,5371343,28b587cf6ecf,4,200,200000
1890f49a43a94b97828528b68c32b78e.cnf.xz,fpga-routing,UNKNOWN,0,0.003,3.364,simplify,0.28,8.5,200000,5371343,28b587cf6ecf,4,200,200000
1890f49a43a94b97828528b68c32b78e.cnf.xz,fpga-routing,UNKNOWN,0,0.003,3.364,shrink,0.27,8.08,200000,5371343,28b587cf6ecf,4,200,200000
1890f49a43a94b97828528b68c32b78e.cnf.xz,fpga-routing,UNKNOWN,0,0.003,3.364,bump,0.26,7.81,200000,5371343,28b587cf6ecf,4,200,200000
1890f49a43a94b97828528b68c32b78e.cnf.xz,fpga-routing,UNKNOWN,0,0.003,3.364,deduce,0.22,6.49,200000,5371343,28b587cf6ecf,4,200,200000
1890f49a43a94b97828528b68c32b78e.cnf.xz,fpga-routing,UNKNOWN,0,0.003,3.364,vivify,0.21,6.15,200000,5371343,28b587cf6ecf,4,200,200000
1890f49a43a94b97828528b68c32b78e.cnf.xz,fpga-routing,UNKNOWN,0,0.003,3.364,sort,0.16,4.78,200000,5371343,28b587cf6ecf,4,200,200000
1890f49a43a94b97828528b68c32b78e.cnf.xz,fpga-routing,UNKNOWN,0,0.003,3.364,radix,0.09,2.81,200000,5371343,28b587cf6ecf,4,200,200000
1890f49a43a94b97828528b68c32b78e.cnf.xz,fpga-routing,UNKNOWN,0,0.003,3.364,vivify1,0.09,2.78,200000,5371343,28b587cf6ecf,4,200,200000
1890f49a43a94b97828528b68c32b78e.cnf.xz,fpga-routing,UNKNOWN,0,0.003,3.364,vivifysort,0.09,2.72,200000,5371343,28b587cf6ecf,4,200,200000
1890f49a43a94b97828528b68c32b78e.cnf.xz,fpga-routing,UNKNOWN,0,0.003,3.364,decide,0.08,2.44,200000,5371343,28b587cf6ecf,4,200,200000
1890f49a43a94b97828528b68c32b78e.cnf.xz,fpga-routing,UNKNOWN,0,0.003,3.364,reduce,0.07,2.07,200000,5371343,28b587cf6ecf,4,200,200000
1890f49a43a94b97828528b68c32b78e.cnf.xz,fpga-routing,UNKNOWN,0,0.003,3.364,vivify2,0.06,1.87,200000,5371343,28b587cf6ecf,4,200,200000
1890f49a43a94b97828528b68c32b78e.cnf.xz,fpga-routing,UNKNOWN,0,0.003,3.364,sweep,0.06,1.85,200000,5371343,28b587cf6ecf,4,200,200000
1890f49a43a94b97828528b68c32b78e.cnf.xz,fpga-routing,UNKNOWN,0,0.003,3.364,collect,0.06,1.79,200000,5371343,28b587cf6ecf,4,200,200000
1890f49a43a94b97828528b68c32b78e.cnf.xz,fpga-routing,UNKNOWN,0,0.003,3.364,minimize,0.06,1.72,200000,5371343,28b587cf6ecf,4,200,200000
1890f49a43a94b97828528b68c32b78e.cnf.xz,fpga-routing,UNKNOWN,0,0.003,3.364,vivify3,0.05,1.39,200000,5371343,28b587cf6ecf,4,200,200000
1890f49a43a94b97828528b68c32b78e.cnf.xz,fpga-routing,UNKNOWN,0,0.003,3.364,sweepbackbone,0.03,0.89,200000,5371343,28b587cf6ecf,4,200,200000
1890f49a43a94b97828528b68c32b78e.cnf.xz,fpga-routing,UNKNOWN,0,0.003,3.364,preprocess,0.02,0.53,200000,5371343,28b587cf6ecf,4,200,200000
1890f49a43a94b97828528b68c32b78e.cnf.xz,fpga-routing,UNKNOWN,0,0.003,3.364,substitute,0.01,0.43,200000,5371343,28b587cf6ecf,4,200,200000
1890f49a43a94b97828528b68c32b78e.cnf.xz,fpga-routing,UNKNOWN,0,0.003,3.364,walking,0.01,0.26,200000,5371343,28b587cf6ecf,4,200,200000
1890f49a43a94b97828528b68c32b78e.cnf.xz,fpga-routing,UNKNOWN,0,0.003,3.364,eliminate,0.01,0.24,200000,5371343,28b587cf6ecf,4,200,200000
1890f49a43a94b97828528b68c32b78e.cnf.xz,fpga-routing,UNKNOWN,0,0.003,3.364,vivify0,0.0,0.11,200000,5371343,28b587cf6ecf,4,200,200000
1890f49a43a94b97828528b68c32b78e.cnf.xz,fpga-routing,UNKNOWN,0,0.003,3.364,sweepequivalences,0.0,0.09,200000,5371343,28b587cf6ecf,4,200,200000
1890f49a43a94b97828528b68c32b78e.cnf.xz,fpga-routing,UNKNOWN,0,0.003,3.364,restart,0.0,0.08,200000,5371343,28b587cf6ecf,4,200,200000
1890f49a43a94b97828528b68c32b78e.cnf.xz,fpga-routing,UNKNOWN,0,0.003,3.364,defrag,0.0,0.07,200000,5371343,28b587cf6ecf,4,200,200000
1890f49a43a94b97828528b68c32b78e.cnf.xz,fpga-routing,UNKNOWN,0,0.003,3.364,definition,0.0,0.05,200000,5371343,28b587cf6ecf,4,200,200000
1890f49a43a94b97828528b68c32b78e.cnf.xz,fpga-routing,UNKNOWN,0,0.003,3.364,parse,0.0,0.04,200000,5371343,28b587cf6ecf,4,200,200000
1890f49a43a94b97828528b68c32b78e.cnf.xz,fpga-routing,UNKNOWN,0,0.003,3.364,congruence,0.0,0.04,200000,5371343,28b587cf6ecf,4,200,200000
1890f49a43a94b97828528b68c32b78e.cnf.xz,fpga-routing,UNKNOWN,0,0.003,3.364,extract,0.0,0.04,200000,5371343,28b587cf6ecf,4,200,200000
1890f49a43a94b97828528b68c32b78e.cnf.xz,fpga-routing,UNKNOWN,0,0.003,3.364,warmup,0.0,0.03,200000,5371343,28b587cf6ecf,4,200,200000
1890f49a43a94b97828528b68c32b78e.cnf.xz,fpga-routing,UNKNOWN,0,0.003,3.364,transitive,0.0,0.03,200000,5371343,28b587cf6ecf,4,200,200000
1890f49a43a94b97828528b68c32b78e.cnf.xz,fpga-routing,UNKNOWN,0,0.003,3.364,reorder,0.0,0.02,200000,5371343,28b587cf6ecf,4,200,200000
1890f49a43a94b97828528b68c32b78e.cnf.xz,fpga-routing,UNKNOWN,0,0.003,3.364,factor,0.0,0.02,200000,5371343,28b587cf6ecf,4,200,200000
1890f49a43a94b97828528b68c32b78e.cnf.xz,fpga-routing,UNKNOWN,0,0.003,3.364,subsume,0.0,0.02,200000,5371343,28b587cf6ecf,4,200,200000
1890f49a43a94b97828528b68c32b78e.cnf.xz,fpga-routing,UNKNOWN,0,0.003,3.364,forward,0.0,0.02,200000,5371343,28b587cf6ecf,4,200,200000
1890f49a43a94b97828528b68c32b78e.cnf.xz,fpga-routing,UNKNOWN,0,0.003,3.364,backbone,0.0,0.02,200000,5371343,28b587cf6ecf,4,200,200000
1890f49a43a94b97828528b68c32b78e.cnf.xz,fpga-routing,UNKNOWN,0,0.003,3.364,extractbinaries,0.0,0.02,200000,5371343,28b587cf6ecf,4,200,200000
1890f49a43a94b97828528b68c32b78e.cnf.xz,fpga-routing,UNKNOWN,0,0.003,3.364,lucky,0.0,0.02,200000,5371343,28b587cf6ecf,4,200,200000
1890f49a43a94b97828528b68c32b78e.cnf.xz,fpga-routing,UNKNOWN,0,0.003,3.364,extractands,0.0,0.0,200000,5371343,28b587cf6ecf,4,200,200000
1890f49a43a94b97828528b68c32b78e.cnf.xz,fpga-routing,UNKNOWN,0,0.003,3.364,rephase,0.0,0.0,200000,5371343,28b587cf6ecf,4,200,200000
1890f49a43a94b97828528b68c32b78e.cnf.xz,fpga-routing,UNKNOWN,0,0.003,3.364,extractites,0.0,0.0,200000,5371343,28b587cf6ecf,4,200,200000
1890f49a43a94b97828528b68c32b78e.cnf.xz,fpga-routing,UNKNOWN,0,0.003,3.364,extractxors,0.0,0.0,200000,5371343,28b587cf6ecf,4,200,200000
1890f49a43a94b97828528b68c32b78e.cnf.xz,fpga-routing,UNKNOWN,0,0.003,3.364,merge,0.0,0.0,200000,5371343,28b587cf6ecf,4,200,200000
1890f49a43a94b97828528b68c32b78e.cnf.xz,fpga-routing,UNKNOWN,0,0.003,3.364,total,3.35,100.0,200000,5371343,28b587cf6ecf,4,200,200000
1f81f7e009f501014cb23a8c2d41836f.cnf.xz,diagnosis,UNKNOWN,0,0.190,104.170,search,58.01,55.82,200000,1026679878,28b587cf6ecf,4,200,200000
1f81f7e009f501014cb23a8c2d41836f.cnf.xz,diagnosis,UNKNOWN,0,0.190,104.170,propagate,53.24,51.23,200000,1026679878,28b587cf6ecf,4,200,200000
1f81f7e009f501014cb23a8c2d41836f.cnf.xz,diagnosis,UNKNOWN,0,0.190,104.170,simplify,44.76,43.07,200000,1026679878,28b587cf6ecf,4,200,200000
1f81f7e009f501014cb23a8c2d41836f.cnf.xz,diagnosis,UNKNOWN,0,0.190,104.170,probe,39.37,37.88,200000,1026679878,28b587cf6ecf,4,200,200000
1f81f7e009f501014cb23a8c2d41836f.cnf.xz,diagnosis,UNKNOWN,0,0.190,104.170,focused,32.02,30.81,200000,1026679878,28b587cf6ecf,4,200,200000
1f81f7e009f501014cb23a8c2d41836f.cnf.xz,diagnosis,UNKNOWN,0,0.190,104.170,stable,25.99,25.0,200000,1026679878,28b587cf6ecf,4,200,200000
1f81f7e009f501014cb23a8c2d41836f.cnf.xz,diagnosis,UNKNOWN,0,0.190,104.170,sweep,11.38,10.95,200000,1026679878,28b587cf6ecf,4,200,200000
1f81f7e009f501014cb23a8c2d41836f.cnf.xz,diagnosis,UNKNOWN,0,0.190,104.170,vivify,10.94,10.53,200000,1026679878,28b587cf6ecf,4,200,200000
1f81f7e009f501014cb23a8c2d41836f.cnf.xz,diagnosis,UNKNOWN,0,0.190,104.170,analyze,7.89,7.6,200000,1026679878,28b587cf6ecf,4,200,200000
1f81f7e009f501014cb23a8c2d41836f.cnf.xz,diagnosis,UNKNOWN,0,0.190,104.170,eliminate,5.55,5.34,200000,1026679878,28b587cf6ecf,4,200,200000
1f81f7e009f501014cb23a8c2d41836f.cnf.xz,diagnosis,UNKNOWN,0,0.190,104.170,backbone,5.05,4.86,200000,1026679878,28b587cf6ecf,4,200,200000
1f81f7e009f501014cb23a8c2d41836f.cnf.xz,diagnosis,UNKNOWN,0,0.190,104.170,sweepbackbone,4.91,4.72,200000,1026679878,28b587cf6ecf,4,200,200000
1f81f7e009f501014cb23a8c2d41836f.cnf.xz,diagnosis,UNKNOWN,0,0.190,104.170,vivify1,3.97,3.82,200000,1026679878,28b587cf6ecf,4,200,200000
1f81f7e009f501014cb23a8c2d41836f.cnf.xz,diagnosis,UNKNOWN,0,0.190,104.170,sweepequivalences,3.96,3.81,200000,1026679878,28b587cf6ecf,4,200,200000
1f81f7e009f501014cb23a8c2d41836f.cnf.xz,diagnosis,UNKNOWN,0,0.190,104.170,vivify2,3.86,3.72,200000,1026679878,28b587cf6ecf,4,200,200000
1f81f7e009f501014cb23a8c2d41836f.cnf.xz,diagnosis,UNKNOWN,0,0.190,104.170,factor,3.81,3.66,200000,1026679878,28b587cf6ecf,4,200,200000
1f81f7e009f501014cb23a8c2d41836f.cnf.xz,diagnosis,UNKNOWN,0,0.190,104.170,congruence,3.78,3.64,200000,1026679878,28b587cf6ecf,4,200,200000
1f81f7e009f501014cb23a8c2d41836f.cnf.xz,diagnosis,UNKNOWN,0,0.190,104.170,shrink,3.7,3.56,200000,1026679878,28b587cf6ecf,4,200,200000
1f81f7e009f501014cb23a8c2d41836f.cnf.xz,diagnosis,UNKNOWN,0,0.190,104.170,extract,3.37,3.24,200000,1026679878,28b587cf6ecf,4,200,200000
1f81f7e009f501014cb23a8c2d41836f.cnf.xz,diagnosis,UNKNOWN,0,0.190,104.170,substitute,2.9,2.79,200000,1026679878,28b587cf6ecf,4,200,200000
1f81f7e009f501014cb23a8c2d41836f.cnf.xz,diagnosis,UNKNOWN,0,0.190,104.170,sort,1.86,1.79,200000,1026679878,28b587cf6ecf,4,200,200000
1f81f7e009f501014cb23a8c2d41836f.cnf.xz,diagnosis,UNKNOWN,0,0.190,104.170,vivify3,1.73,1.66,200000,1026679878,28b587cf6ecf,4,200,200000
1f81f7e009f501014cb23a8c2d41836f.cnf.xz,diagnosis,UNKNOWN,0,0.190,104.170,extractands,1.61,1.55,200000,1026679878,28b587cf6ecf,4,200,200000
1f81f7e009f501014cb23a8c2d41836f.cnf.xz,diagnosis,UNKNOWN,0,0.190,104.170,definition,1.54,1.48,200000,1026679878,28b587cf6ecf,4,200,200000
1f81f7e009f501014cb23a8c2d41836f.cnf.xz,diagnosis,UNKNOWN,0,0.190,104.170,transitive,1.52,1.46,200000,1026679878,28b587cf6ecf,4,200,200000
1f81f7e009f501014cb23a8c2d41836f.cnf.xz,diagnosis,UNKNOWN,0,0.190,104.170,decide,1.41,1.35,200000,1026679878,28b587cf6ecf,4,200,200000
1f81f7e009f501014cb23a8c2d41836f.cnf.xz,diagnosis,UNKNOWN,0,0.190,104.170,vivify0,1.38,1.33,200000,1026679878,28b587cf6ecf,4,200,200000
1f81f7e009f501014cb23a8c2d41836f.cnf.xz,diagnosis,UNKNOWN,0,0.190,104.170,restart,1.24,1.19,200000,1026679878,28b587cf6ecf,4,200,200000
1f81f7e009f501014cb23a8c2d41836f.cnf.xz,diagnosis,UNKNOWN,0,0.190,104.170,extractbinaries,1.04,1.0,200000,1026679878,28b587cf6ecf,4,200,200000
1f81f7e009f501014cb23a8c2d41836f.cnf.xz,diagnosis,UNKNOWN,0,0.190,104.170,subsume,0.99,0.96,200000,1026679878,28b587cf6ecf,4,200,200000
1f81f7e009f501014cb23a8c2d41836f.cnf.xz,diagnosis,UNKNOWN,0,0.190,104.170,forward,0.99,0.96,200000,1026679878,28b587cf6ecf,4,200,200000
1f81f7e009f501014cb23a8c2d41836f.cnf.xz,diagnosis,UNKNOWN,0,0.190,104.170,collect,0.97,0.94,200000,1026679878,28b587cf6ecf,4,200,200000
1f81f7e009f501014cb23a8c2d41836f.cnf.xz,diagnosis,UNKNOWN,0,0.190,104.170,reduce,0.94,0.91,200000,1026679878,28b587cf6ecf,4,200,200000
1f81f7e009f501014cb23a8c2d41836f.cnf.xz,diagnosis,UNKNOWN,0,0.190,104.170,preprocess,0.9,0.87,200000,1026679878,28b587cf6ecf,4,200,200000
1f81f7e009f501014cb23a8c2d41836f.cnf.xz,diagnosis,UNKNOWN,0,0.190,104.170,deduce,0.72,0.7,200000,1026679878,28b587cf6ecf,4,200,200000
1f81f7e009f501014cb23a8c2d41836f.cnf.xz,diagnosis,UNKNOWN,0,0.190,104.170,walking,0.7,0.68,200000,1026679878,28b587cf6ecf,4,200,200000
1f81f7e009f501014cb23a8c2d41836f.cnf.xz,diagnosis,UNKNOWN,0,0.190,104.170,bump,0.6,0.57,200000,1026679878,28b587cf6ecf,4,200,200000
1f81f7e009f501014cb23a8c2d41836f.cnf.xz,diagnosis,UNKNOWN,0,0.190,104.170,extractites,0.41,0.4,200000,1026679878,28b587cf6ecf,4,200,200000
1f81f7e009f501014cb23a8c2d41836f.cnf.xz,diagnosis,UNKNOWN,0,0.190,104.170,matching,0.34,0.33,200000,1026679878,28b587cf6ecf,4,200,200000
1f81f7e009f501014cb23a8c2d41836f.cnf.xz,diagnosis,UNKNOWN,0,0.190,104.170,vivifysort,0.22,0.21,200000,1026679878,28b587cf6ecf,4,200,200000
1f81f7e009f501014cb23a8c2d41836f.cnf.xz,diagnosis,UNKNOWN,0,0.190,104.170,parse,0.19,0.18,200000,1026679878,28b587cf6ecf,4,200,200000
1f81f7e009f501014cb23a8c2d41836f.cnf.xz,diagnosis,UNKNOWN,0,0.190,104.170,radix,0.17,0.16,200000,1026679878,28b587cf6ecf,4,200,200000
1f81f7e009f501014cb23a8c2d41836f.cnf.xz,diagnosis,UNKNOWN,0,0.190,104.170,reorder,0.17,0.16,200000,1026679878,28b587cf6ecf,4,200,200000
1f81f7e009f501014cb23a8c2d41836f.cnf.xz,diagnosis,UNKNOWN,0,0.190,104.170,warmup,0.15,0.14,200000,1026679878,28b587cf6ecf,4,200,200000
1f81f7e009f501014cb23a8c2d41836f.cnf.xz,diagnosis,UNKNOWN,0,0.190,104.170,extractxors,0.13,0.12,200000,1026679878,28b587cf6ecf,4,200,200000
1f81f7e009f501014cb23a8c2d41836f.cnf.xz,diagnosis,UNKNOWN,0,0.190,104.170,defrag,0.07,0.07,200000,1026679878,28b587cf6ecf,4,200,200000
1f81f7e009f501014cb23a8c2d41836f.cnf.xz,diagnosis,UNKNOWN,0,0.190,104.170,minimize,0.07,0.06,200000,1026679878,28b587cf6ecf,4,200,200000
1f81f7e009f501014cb23a8c2d41836f.cnf.xz,diagnosis,UNKNOWN,0,0.190,104.170,lucky,0.06,0.06,200000,1026679878,28b587cf6ecf,4,200,200000
1f81f7e009f501014cb23a8c2d41836f.cnf.xz,diagnosis,UNKNOWN,0,0.190,104.170,merge,0.0,0.0,200000,1026679878,28b587cf6ecf,4,200,200000
1f81f7e009f501014cb23a8c2d41836f.cnf.xz,diagnosis,UNKNOWN,0,0.190,104.170,rephase,0.0,0.0,200000,1026679878,28b587cf6ecf,4,200,200000
1f81f7e009f501014cb23a8c2d41836f.cnf.xz,diagnosis,UNKNOWN,0,0.190,104.170,total,103.93,100.0,200000,1026679878,28b587cf6ecf,4,200,200000
416e33a8463911546e4cd87d282a7e1e.cnf.xz,unknown-cases,UNKNOWN,0,0.002,9.001,search,7.89,87.75,200000,30098566,28b587cf6ecf,4,200,200000
416e33a8463911546e4cd87d282a7e1e.cnf.xz,unknown-cases,UNKNOWN,0,0.002,9.001,propagate,5.87,65.22,200000,30098566,28b587cf6ecf,4,200,200000
416e33a8463911546e4cd87d282a7e1e.cnf.xz,unknown-cases,UNKNOWN,0,0.002,9.001,focused,4.16,46.28,200000,30098566,28b587cf6ecf,4,200,200000
416e33a8463911546e4cd87d282a7e1e.cnf.xz,unknown-cases,UNKNOWN,0,0.002,9.001,stable,3.73,41.47,200000,30098566,28b587cf6ecf,4,200,200000
416e33a8463911546e4cd87d282a7e1e.cnf.xz,unknown-cases,UNKNOWN,0,0.002,9.001,analyze,1.95,21.72,200000,30098566,28b587cf6ecf,4,200,200000
416e33a8463911546e4cd87d282a7e1e.cnf.xz,unknown-cases,UNKNOWN,0,0.002,9.001,probe,1.07,11.9,200000,30098566,28b587cf6ecf,4,200,200000
416e33a8463911546e4cd87d282a7e1e.cnf.xz,unknown-cases,UNKNOWN,0,0.002,9.001,simplify,1.07,11.87,200000,30098566,28b587cf6ecf,4,200,200000
416e33a8463911546e4cd87d282a7e1e.cnf.xz,unknown-cases,UNKNOWN,0,0.002,9.001,vivify,0.66,7.35,200000,30098566,28b587cf6ecf,4,200,200000
416e33a8463911546e4cd87d282a7e1e.cnf.xz,unknown-cases,UNKNOWN,0,0.002,9.001,shrink,0.47,5.24,200000,30098566,28b587cf6ecf,4,200,200000
416e33a8463911546e4cd87d282a7e1e.cnf.xz,unknown-cases,UNKNOWN,0,0.002,9.001,deduce,0.39,4.3,200000,30098566,28b587cf6ecf,4,200,200000
416e33a8463911546e4cd87d282a7e1e.cnf.xz,unknown-cases,UNKNOWN,0,0.002,9.001,bump,0.38,4.26,200000,30098566,28b587cf6ecf,4,200,200000
416e33a8463911546e4cd87d282a7e1e.cnf.xz,unknown-cases,UNKNOWN,0,0.002,9.001,sweep,0.37,4.15,200000,30098566,28b587cf6ecf,4,200,200000
416e33a8463911546e4cd87d282a7e1e.cnf.xz,unknown-cases,UNKNOWN,0,0.002,9.001,vivify2,0.32,3.51,200000,30098566,28b587cf6ecf,4,200,200000
416e33a8463911546e4cd87d282a7e1e.cnf.xz,unknown-cases,UNKNOWN,0,0.002,9.001,sweepbackbone,0.29,3.22,200000,30098566,28b587cf6ecf,4,200,200000
416e33a8463911546e4cd87d282a7e1e.cnf.xz,unknown-cases,UNKNOWN,0,0.002,9.001,vivify3,0.25,2.79,200000,30098566,28b587cf6ecf,4,200,200000
416e33a8463911546e4cd87d282a7e1e.cnf.xz,unknown-cases,UNKNOWN,0,0.002,9.001,sort,0.19,2.07,200000,30098566,28b587cf6ecf,4,200,200000
416e33a8463911546e4cd87d282a7e1e.cnf.xz,unknown-cases,UNKNOWN,0,0.002,9.001,radix,0.14,1.52,200000,30098566,28b587cf6ecf,4,200,200000
416e33a8463911546e4cd87d282a7e1e.cnf.xz,unknown-cases,UNKNOWN,0,0.002,9.001,decide,0.13,1.44,200000,30098566,28b587cf6ecf,4,200,200000
416e33a8463911546e4cd87d282a7e1e.cnf.xz,unknown-cases,UNKNOWN,0,0.002,9.001,vivifysort,0.09,0.98,200000,30098566,28b587cf6ecf,4,200,200000
416e33a8463911546e4cd87d282a7e1e.cnf.xz,unknown-cases,UNKNOWN,0,0.002,9.001,vivify1,0.08,0.86,200000,30098566,28b587cf6ecf,4,200,200000
416e33a8463911546e4cd87d282a7e1e.cnf.xz,unknown-cases,UNKNOWN,0,0.002,9.001,minimize,0.06,0.66,200000,30098566,28b587cf6ecf,4,200,200000
416e33a8463911546e4cd87d282a7e1e.cnf.xz,unknown-cases,UNKNOWN,0,0.002,9.001,reduce,0.05,0.52,200000,30098566,28b587cf6ecf,4,200,200000
416e33a8463911546e4cd87d282a7e1e.cnf.xz,unknown-cases,UNKNOWN,0,0.002,9.001,sweepequivalences,0.04,0.47,200000,30098566,28b587cf6ecf,4,200,200000
416e33a8463911546e4cd87d282a7e1e.cnf.xz,unknown-cases,UNKNOWN,0,0.002,9.001,collect,0.04,0.41,200000,30098566,28b587cf6ecf,4,200,200000
416e33a8463911546e4cd87d282a7e1e.cnf.xz,unknown-cases,UNKNOWN,0,0.002,9.001,preprocess,0.03,0.36,200000,30098566,28b587cf6ecf,4,200,200000
416e33a8463911546e4cd87d282a7e1e.cnf.xz,unknown-cases,UNKNOWN,0,0.002,9.001,substitute,0.02,0.2,200000,30098566,28b587cf6ecf,4,200,200000
416e33a8463911546e4cd87d282a7e1e.cnf.xz,unknown-cases,UNKNOWN,0,0.002,9.001,vivify0,0.02,0.19,200000,30098566,28b587cf6ecf,4,200,200000
416e33a8463911546e4cd87d282a7e1e.cnf.xz,unknown-cases,UNKNOWN,0,0.002,9.001,eliminate,0.02,0.17,200000,30098566,28b587cf6ecf,4,200,200000
416e33a8463911546e4cd87d282a7e1e.cnf.xz,unknown-cases,UNKNOWN,0,0.002,9.001,walking,0.01,0.16,200000,30098566,28b587cf6ecf,4,200,200000
416e33a8463911546e4cd87d282a7e1e.cnf.xz,unknown-cases,UNKNOWN,0,0.002,9.001,defrag,0.01,0.12,200000,30098566,28b587cf6ecf,4,200,200000
416e33a8463911546e4cd87d282a7e1e.cnf.xz,unknown-cases,UNKNOWN,0,0.002,9.001,factor,0.01,0.07,200000,30098566,28b587cf6ecf,4,200,200000
416e33a8463911546e4cd87d282a7e1e.cnf.xz,unknown-cases,UNKNOWN,0,0.002,9.001,congruence,0.01,0.07,200000,30098566,28b587cf6ecf,4,200,200000
416e33a8463911546e4cd87d282a7e1e.cnf.xz,unknown-cases,UNKNOWN,0,0.002,9.001,extract,0.01,0.07,200000,30098566,28b587cf6ecf,4,200,200000
416e33a8463911546e4cd87d282a7e1e.cnf.xz,unknown-cases,UNKNOWN,0,0.002,9.001,definition,0.01,0.07,200000,30098566,28b587cf6ecf,4,200,200000
416e33a8463911546e4cd87d282a7e1e.cnf.xz,unknown-cases,UNKNOWN,0,0.002,9.001,restart,0.01,0.06,200000,30098566,28b587cf6ecf,4,200,200000
416e33a8463911546e4cd87d282a7e1e.cnf.xz,unknown-cases,UNKNOWN,0,0.002,9.001,extractands,0.0,0.04,200000,30098566,28b587cf6ecf,4,200,200000
416e33a8463911546e4cd87d282a7e1e.cnf.xz,unknown-cases,UNKNOWN,0,0.002,9.001,transitive,0.0,0.04,200000,30098566,28b587cf6ecf,4,200,200000
416e33a8463911546e4cd87d282a7e1e.cnf.xz,unknown-cases,UNKNOWN,0,0.002,9.001,backbone,0.0,0.02,200000,30098566,28b587cf6ecf,4,200,200000
416e33a8463911546e4cd87d282a7e1e.cnf.xz,unknown-cases,UNKNOWN,0,0.002,9.001,extractbinaries,0.0,0.01,200000,30098566,28b587cf6ecf,4,200,200000
416e33a8463911546e4cd87d282a7e1e.cnf.xz,unknown-cases,UNKNOWN,0,0.002,9.001,reorder,0.0,0.01,200000,30098566,28b587cf6ecf,4,200,200000
416e33a8463911546e4cd87d282a7e1e.cnf.xz,unknown-cases,UNKNOWN,0,0.002,9.001,parse,0.0,0.01,200000,30098566,28b587cf6ecf,4,200,200000
416e33a8463911546e4cd87d282a7e1e.cnf.xz,unknown-cases,UNKNOWN,0,0.002,9.001,warmup,0.0,0.01,200000,30098566,28b587cf6ecf,4,200,200000
416e33a8463911546e4cd87d282a7e1e.cnf.xz,unknown-cases,UNKNOWN,0,0.002,9.001,lucky,0.0,0.01,200000,30098566,28b587cf6ecf,4,200,200000
416e33a8463911546e4cd87d282a7e1e.cnf.xz,unknown-cases,UNKNOWN,0,0.002,9.001,subsume,0.0,0.01,200000,30098566,28b587cf6ecf,4,200,200000
416e33a8463911546e4cd87d282a7e1e.cnf.xz,unknown-cases,UNKNOWN,0,0.002,9.001,forward,0.0,0.0,200000,30098566,28b587cf6ecf,4,200,200000
416e33a8463911546e4cd87d282a7e1e.cnf.xz,unknown-cases,UNKNOWN,0,0.002,9.001,rephase,0.0,0.0,200000,30098566,28b587cf6ecf,4,200,200000
416e33a8463911546e4cd87d282a7e1e.cnf.xz,unknown-cases,UNKNOWN,0,0.002,9.001,extractxors,0.0,0.0,200000,30098566,28b587cf6ecf,4,200,200000
416e33a8463911546e4cd87d282a7e1e.cnf.xz,unknown-cases,UNKNOWN,0,0.002,9.001,extractites,0.0,0.0,200000,30098566,28b587cf6ecf,4,200,200000
416e33a8463911546e4cd87d282a7e1e.cnf.xz,unknown-cases,UNKNOWN,0,0.002,9.001,total,9.0,100.0,200000,30098566,28b587cf6ecf,4,200,200000
4989239fbeb6eb40fc0b664d9ba92636.cnf.xz,cryptography-ascon,UNSAT,20,0.045,110.292,search,99.04,89.85,126891,616963065,28b587cf6ecf,4,200,200000
4989239fbeb6eb40fc0b664d9ba92636.cnf.xz,cryptography-ascon,UNSAT,20,0.045,110.292,propagate,76.27,69.2,126891,616963065,28b587cf6ecf,4,200,200000
4989239fbeb6eb40fc0b664d9ba92636.cnf.xz,cryptography-ascon,UNSAT,20,0.045,110.292,focused,52.15,47.31,126891,616963065,28b587cf6ecf,4,200,200000
4989239fbeb6eb40fc0b664d9ba92636.cnf.xz,cryptography-ascon,UNSAT,20,0.045,110.292,stable,46.89,42.54,126891,616963065,28b587cf6ecf,4,200,200000
4989239fbeb6eb40fc0b664d9ba92636.cnf.xz,cryptography-ascon,UNSAT,20,0.045,110.292,analyze,24.13,21.89,126891,616963065,28b587cf6ecf,4,200,200000
4989239fbeb6eb40fc0b664d9ba92636.cnf.xz,cryptography-ascon,UNSAT,20,0.045,110.292,deduce,12.73,11.55,126891,616963065,28b587cf6ecf,4,200,200000
4989239fbeb6eb40fc0b664d9ba92636.cnf.xz,cryptography-ascon,UNSAT,20,0.045,110.292,simplify,10.6,9.62,126891,616963065,28b587cf6ecf,4,200,200000
4989239fbeb6eb40fc0b664d9ba92636.cnf.xz,cryptography-ascon,UNSAT,20,0.045,110.292,probe,9.47,8.59,126891,616963065,28b587cf6ecf,4,200,200000
4989239fbeb6eb40fc0b664d9ba92636.cnf.xz,cryptography-ascon,UNSAT,20,0.045,110.292,bump,8.02,7.27,126891,616963065,28b587cf6ecf,4,200,200000
4989239fbeb6eb40fc0b664d9ba92636.cnf.xz,cryptography-ascon,UNSAT,20,0.045,110.292,radix,3.93,3.56,126891,616963065,28b587cf6ecf,4,200,200000
4989239fbeb6eb40fc0b664d9ba92636.cnf.xz,cryptography-ascon,UNSAT,20,0.045,110.292,vivify,3.67,3.33,126891,616963065,28b587cf6ecf,4,200,200000
4989239fbeb6eb40fc0b664d9ba92636.cnf.xz,cryptography-ascon,UNSAT,20,0.045,110.292,sweep,3.0,2.72,126891,616963065,28b587cf6ecf,4,200,200000
4989239fbeb6eb40fc0b664d9ba92636.cnf.xz,cryptography-ascon,UNSAT,20,0.045,110.292,vivify0,1.96,1.78,126891,616963065,28b587cf6ecf,4,200,200000
4989239fbeb6eb40fc0b664d9ba92636.cnf.xz,cryptography-ascon,UNSAT,20,0.045,110.292,congruence,1.57,1.43,126891,616963065,28b587cf6ecf,4,200,200000
4989239fbeb6eb40fc0b664d9ba92636.cnf.xz,cryptography-ascon,UNSAT,20,0.045,110.292,extract,1.44,1.31,126891,616963065,28b587cf6ecf,4,200,200000
4989239fbeb6eb40fc0b664d9ba92636.cnf.xz,cryptography-ascon,UNSAT,20,0.045,110.292,sweepbackbone,1.34,1.21,126891,616963065,28b587cf6ecf,4,200,200000
4989239fbeb6eb40fc0b664d9ba92636.cnf.xz,cryptography-ascon,UNSAT,20,0.045,110.292,shrink,1.26,1.14,126891,616963065,28b587cf6ecf,4,200,200000
4989239fbeb6eb40fc0b664d9ba92636.cnf.xz,cryptography-ascon,UNSAT,20,0.045,110.292,eliminate,1.13,1.03,126891,616963065,28b587cf6ecf,4,200,200000
4989239fbeb6eb40fc0b664d9ba92636.cnf.xz,cryptography-ascon,UNSAT,20,0.045,110.292,sweepequivalences,0.99,0.9,126891,616963065,28b587cf6ecf,4,200,200000
4989239fbeb6eb40fc0b664d9ba92636.cnf.xz,cryptography-ascon,UNSAT,20,0.045,110.292,sort,0.85,0.77,126891,616963065,28b587cf6ecf,4,200,200000
4989239fbeb6eb40fc0b664d9ba92636.cnf.xz,cryptography-ascon,UNSAT,20,0.045,110.292,vivify3,0.79,0.71,126891,616963065,28b587cf6ecf,4,200,200000
4989239fbeb6eb40fc0b664d9ba92636.cnf.xz,cryptography-ascon,UNSAT,20,0.045,110.292,extractites,0.69,0.63,126891,616963065,28b587cf6ecf,4,200,200000
4989239fbeb6eb40fc0b664d9ba92636.cnf.xz,cryptography-ascon,UNSAT,20,0.045,110.292,vivify2,0.69,0.62,126891,616963065,28b587cf6ecf,4,200,200000
4989239fbeb6eb40fc0b664d9ba92636.cnf.xz,cryptography-ascon,UNSAT,20,0.045,110.292,factor,0.65,0.59,126891,616963065,28b587cf6ecf,4,200,200000
4989239fbeb6eb40fc0b664d9ba92636.cnf.xz,cryptography-ascon,UNSAT,20,0.045,110.292,extractxors,0.6,0.54,126891,616963065,28b587cf6ecf,4,200,200000
4989239fbeb6eb40fc0b664d9ba92636.cnf.xz,cryptography-ascon,UNSAT,20,0.045,110.292,preprocess,0.53,0.48,126891,616963065,28b587cf6ecf,4,200,200000
4989239fbeb6eb40fc0b664d9ba92636.cnf.xz,cryptography-ascon,UNSAT,20,0.045,110.292,walking,0.52,0.47,126891,616963065,28b587cf6ecf,4,200,200000
4989239fbeb6eb40fc0b664d9ba92636.cnf.xz,cryptography-ascon,UNSAT,20,0.045,110.292,definition,0.46,0.42,126891,616963065,28b587cf6ecf,4,200,200000
4989239fbeb6eb40fc0b664d9ba92636.cnf.xz,cryptography-ascon,UNSAT,20,0.045,110.292,substitute,0.42,0.38,126891,616963065,28b587cf6ecf,4,200,200000
4989239fbeb6eb40fc0b664d9ba92636.cnf.xz,cryptography-ascon,UNSAT,20,0.045,110.292,vivify1,0.23,0.21,126891,616963065,28b587cf6ecf,4,200,200000
4989239fbeb6eb40fc0b664d9ba92636.cnf.xz,cryptography-ascon,UNSAT,20,0.045,110.292,collect,0.16,0.14,126891,616963065,28b587cf6ecf,4,200,200000
4989239fbeb6eb40fc0b664d9ba92636.cnf.xz,cryptography-ascon,UNSAT,20,0.045,110.292,reduce,0.15,0.13,126891,616963065,28b587cf6ecf,4,200,200000
4989239fbeb6eb40fc0b664d9ba92636.cnf.xz,cryptography-ascon,UNSAT,20,0.045,110.292,subsume,0.15,0.13,126891,616963065,28b587cf6ecf,4,200,200000
4989239fbeb6eb40fc0b664d9ba92636.cnf.xz,cryptography-ascon,UNSAT,20,0.045,110.292,forward,0.15,0.13,126891,616963065,28b587cf6ecf,4,200,200000
4989239fbeb6eb40fc0b664d9ba92636.cnf.xz,cryptography-ascon,UNSAT,20,0.045,110.292,decide,0.14,0.12,126891,616963065,28b587cf6ecf,4,200,200000
4989239fbeb6eb40fc0b664d9ba92636.cnf.xz,cryptography-ascon,UNSAT,20,0.045,110.292,transitive,0.08,0.07,126891,616963065,28b587cf6ecf,4,200,200000
4989239fbeb6eb40fc0b664d9ba92636.cnf.xz,cryptography-ascon,UNSAT,20,0.045,110.292,backbone,0.07,0.06,126891,616963065,28b587cf6ecf,4,200,200000
4989239fbeb6eb40fc0b664d9ba92636.cnf.xz,cryptography-ascon,UNSAT,20,0.045,110.292,extractands,0.07,0.06,126891,616963065,28b587cf6ecf,4,200,200000
4989239fbeb6eb40fc0b664d9ba92636.cnf.xz,cryptography-ascon,UNSAT,20,0.045,110.292,minimize,0.06,0.06,126891,616963065,28b587cf6ecf,4,200,200000
4989239fbeb6eb40fc0b664d9ba92636.cnf.xz,cryptography-ascon,UNSAT,20,0.045,110.292,extractbinaries,0.06,0.05,126891,616963065,28b587cf6ecf,4,200,200000
4989239fbeb6eb40fc0b664d9ba92636.cnf.xz,cryptography-ascon,UNSAT,20,0.045,110.292,matching,0.06,0.05,126891,616963065,28b587cf6ecf,4,200,200000
4989239fbeb6eb40fc0b664d9ba92636.cnf.xz,cryptography-ascon,UNSAT,20,0.045,110.292,vivifysort,0.05,0.05,126891,616963065,28b587cf6ecf,4,200,200000
4989239fbeb6eb40fc0b664d9ba92636.cnf.xz,cryptography-ascon,UNSAT,20,0.045,110.292,warmup,0.05,0.04,126891,616963065,28b587cf6ecf,4,200,200000
4989239fbeb6eb40fc0b664d9ba92636.cnf.xz,cryptography-ascon,UNSAT,20,0.045,110.292,parse,0.04,0.04,126891,616963065,28b587cf6ecf,4,200,200000
4989239fbeb6eb40fc0b664d9ba92636.cnf.xz,cryptography-ascon,UNSAT,20,0.045,110.292,reorder,0.03,0.03,126891,616963065,28b587cf6ecf,4,200,200000
4989239fbeb6eb40fc0b664d9ba92636.cnf.xz,cryptography-ascon,UNSAT,20,0.045,110.292,lucky,0.01,0.01,126891,616963065,28b587cf6ecf,4,200,200000
4989239fbeb6eb40fc0b664d9ba92636.cnf.xz,cryptography-ascon,UNSAT,20,0.045,110.292,defrag,0.0,0.0,126891,616963065,28b587cf6ecf,4,200,200000
4989239fbeb6eb40fc0b664d9ba92636.cnf.xz,cryptography-ascon,UNSAT,20,0.045,110.292,merge,0.0,0.0,126891,616963065,28b587cf6ecf,4,200,200000
4989239fbeb6eb40fc0b664d9ba92636.cnf.xz,cryptography-ascon,UNSAT,20,0.045,110.292,restart,0.0,0.0,126891,616963065,28b587cf6ecf,4,200,200000
4989239fbeb6eb40fc0b664d9ba92636.cnf.xz,cryptography-ascon,UNSAT,20,0.045,110.292,rephase,0.0,0.0,126891,616963065,28b587cf6ecf,4,200,200000
4989239fbeb6eb40fc0b664d9ba92636.cnf.xz,cryptography-ascon,UNSAT,20,0.045,110.292,total,110.22,100.0,126891,616963065,28b587cf6ecf,4,200,200000
5de866bc7ff4dfde3cd682b5aca75894.cnf.xz,stable-semantics,SAT,10,0.008,0.274,probe,0.15,59.37,3808,1009249,28b587cf6ecf,4,200,200000
5de866bc7ff4dfde3cd682b5aca75894.cnf.xz,stable-semantics,SAT,10,0.008,0.274,simplify,0.1,40.14,3808,1009249,28b587cf6ecf,4,200,200000
5de866bc7ff4dfde3cd682b5aca75894.cnf.xz,stable-semantics,SAT,10,0.008,0.274,search,0.09,35.77,3808,1009249,28b587cf6ecf,4,200,200000
5de866bc7ff4dfde3cd682b5aca75894.cnf.xz,stable-semantics,SAT,10,0.008,0.274,propagate,0.07,27.94,3808,1009249,28b587cf6ecf,4,200,200000
5de866bc7ff4dfde3cd682b5aca75894.cnf.xz,stable-semantics,SAT,10,0.008,0.274,vivify,0.06,22.4,3808,1009249,28b587cf6ecf,4,200,200000
5de866bc7ff4dfde3cd682b5aca75894.cnf.xz,stable-semantics,SAT,10,0.008,0.274,focused,0.05,19.86,3808,1009249,28b587cf6ecf,4,200,200000
5de866bc7ff4dfde3cd682b5aca75894.cnf.xz,stable-semantics,SAT,10,0.008,0.274,preprocess,0.05,19.72,3808,1009249,28b587cf6ecf,4,200,200000
5de866bc7ff4dfde3cd682b5aca75894.cnf.xz,stable-semantics,SAT,10,0.008,0.274,analyze,0.05,18.17,3808,1009249,28b587cf6ecf,4,200,200000
5de866bc7ff4dfde3cd682b5aca75894.cnf.xz,stable-semantics,SAT,10,0.008,0.274,sweep,0.04,16.02,3808,1009249,28b587cf6ecf,4,200,200000
5de866bc7ff4dfde3cd682b5aca75894.cnf.xz,stable-semantics,SAT,10,0.008,0.274,stable,0.04,15.9,3808,1009249,28b587cf6ecf,4,200,200000
5de866bc7ff4dfde3cd682b5aca75894.cnf.xz,stable-semantics,SAT,10,0.008,0.274,vivify3,0.04,14.14,3808,1009249,28b587cf6ecf,4,200,200000
5de866bc7ff4dfde3cd682b5aca75894.cnf.xz,stable-semantics,SAT,10,0.008,0.274,factor,0.04,13.86,3808,1009249,28b587cf6ecf,4,200,200000
5de866bc7ff4dfde3cd682b5aca75894.cnf.xz,stable-semantics,SAT,10,0.008,0.274,sweepbackbone,0.02,7.63,3808,1009249,28b587cf6ecf,4,200,200000
5de866bc7ff4dfde3cd682b5aca75894.cnf.xz,stable-semantics,SAT,10,0.008,0.274,shrink,0.01,5.78,3808,1009249,28b587cf6ecf,4,200,200000
5de866bc7ff4dfde3cd682b5aca75894.cnf.xz,stable-semantics,SAT,10,0.008,0.274,vivify0,0.01,5.2,3808,1009249,28b587cf6ecf,4,200,200000
5de866bc7ff4dfde3cd682b5aca75894.cnf.xz,stable-semantics,SAT,10,0.008,0.274,congruence,0.01,4.53,3808,1009249,28b587cf6ecf,4,200,200000
5de866bc7ff4dfde3cd682b5aca75894.cnf.xz,stable-semantics,SAT,10,0.008,0.274,extract,0.01,4.45,3808,1009249,28b587cf6ecf,4,200,200000
5de866bc7ff4dfde3cd682b5aca75894.cnf.xz,stable-semantics,SAT,10,0.008,0.274,sort,0.01,4.09,3808,1009249,28b587cf6ecf,4,200,200000
5de866bc7ff4dfde3cd682b5aca75894.cnf.xz,stable-semantics,SAT,10,0.008,0.274,bump,0.01,3.96,3808,1009249,28b587cf6ecf,4,200,200000
5de866bc7ff4dfde3cd682b5aca75894.cnf.xz,stable-semantics,SAT,10,0.008,0.274,extractands,0.01,3.23,3808,1009249,28b587cf6ecf,4,200,200000
5de866bc7ff4dfde3cd682b5aca75894.cnf.xz,stable-semantics,SAT,10,0.008,0.274,parse,0.01,2.96,3808,1009249,28b587cf6ecf,4,200,200000
5de866bc7ff4dfde3cd682b5aca75894.cnf.xz,stable-semantics,SAT,10,0.008,0.274,deduce,0.01,2.6,3808,1009249,28b587cf6ecf,4,200,200000
5de866bc7ff4dfde3cd682b5aca75894.cnf.xz,stable-semantics,SAT,10,0.008,0.274,radix,0.01,2.44,3808,1009249,28b587cf6ecf,4,200,200000
5de866bc7ff4dfde3cd682b5aca75894.cnf.xz,stable-semantics,SAT,10,0.008,0.274,vivify1,0.01,2.17,3808,1009249,28b587cf6ecf,4,200,200000
5de866bc7ff4dfde3cd682b5aca75894.cnf.xz,stable-semantics,SAT,10,0.008,0.274,vivifysort,0.0,1.28,3808,1009249,28b587cf6ecf,4,200,200000
5de866bc7ff4dfde3cd682b5aca75894.cnf.xz,stable-semantics,SAT,10,0.008,0.274,lucky,0.0,1.25,3808,1009249,28b587cf6ecf,4,200,200000
5de866bc7ff4dfde3cd682b5aca75894.cnf.xz,stable-semantics,SAT,10,0.008,0.274,backbone,0.0,1.07,3808,1009249,28b587cf6ecf,4,200,200000
5de866bc7ff4dfde3cd682b5aca75894.cnf.xz,stable-semantics,SAT,10,0.008,0.274,decide,0.0,1.06,3808,1009249,28b587cf6ecf,4,200,200000
5de866bc7ff4dfde3cd682b5aca75894.cnf.xz,stable-semantics,SAT,10,0.008,0.274,sweepequivalences,0.0,1.01,3808,1009249,28b587cf6ecf,4,200,200000
5de866bc7ff4dfde3cd682b5aca75894.cnf.xz,stable-semantics,SAT,10,0.008,0.274,substitute,0.0,0.9,3808,1009249,28b587cf6ecf,4,200,200000
5de866bc7ff4dfde3cd682b5aca75894.cnf.xz,stable-semantics,SAT,10,0.008,0.274,vivify2,0.0,0.89,3808,1009249,28b587cf6ecf,4,200,200000
5de866bc7ff4dfde3cd682b5aca75894.cnf.xz,stable-semantics,SAT,10,0.008,0.274,extractbinaries,0.0,0.66,3808,1009249,28b587cf6ecf,4,200,200000
5de866bc7ff4dfde3cd682b5aca75894.cnf.xz,stable-semantics,SAT,10,0.008,0.274,minimize,0.0,0.6,3808,1009249,28b587cf6ecf,4,200,200000
5de866bc7ff4dfde3cd682b5aca75894.cnf.xz,stable-semantics,SAT,10,0.008,0.274,transitive,0.0,0.58,3808,1009249,28b587cf6ecf,4,200,200000
5de866bc7ff4dfde3cd682b5aca75894.cnf.xz,stable-semantics,SAT,10,0.008,0.274,walking,0.0,0.46,3808,1009249,28b587cf6ecf,4,200,200000
5de866bc7ff4dfde3cd682b5aca75894.cnf.xz,stable-semantics,SAT,10,0.008,0.274,reduce,0.0,0.37,3808,1009249,28b587cf6ecf,4,200,200000
5de866bc7ff4dfde3cd682b5aca75894.cnf.xz,stable-semantics,SAT,10,0.008,0.274,warmup,0.0,0.36,3808,1009249,28b587cf6ecf,4,200,200000
5de866bc7ff4dfde3cd682b5aca75894.cnf.xz,stable-semantics,SAT,10,0.008,0.274,collect,0.0,0.31,3808,1009249,28b587cf6ecf,4,200,200000
5de866bc7ff4dfde3cd682b5aca75894.cnf.xz,stable-semantics,SAT,10,0.008,0.274,defrag,0.0,0.04,3808,1009249,28b587cf6ecf,4,200,200000
5de866bc7ff4dfde3cd682b5aca75894.cnf.xz,stable-semantics,SAT,10,0.008,0.274,restart,0.0,0.03,3808,1009249,28b587cf6ecf,4,200,200000
5de866bc7ff4dfde3cd682b5aca75894.cnf.xz,stable-semantics,SAT,10,0.008,0.274,rephase,0.0,0.01,3808,1009249,28b587cf6ecf,4,200,200000
5de866bc7ff4dfde3cd682b5aca75894.cnf.xz,stable-semantics,SAT,10,0.008,0.274,extractxors,0.0,0.01,3808,1009249,28b587cf6ecf,4,200,200000
5de866bc7ff4dfde3cd682b5aca75894.cnf.xz,stable-semantics,SAT,10,0.008,0.274,extractites,0.0,0.01,3808,1009249,28b587cf6ecf,4,200,200000
5de866bc7ff4dfde3cd682b5aca75894.cnf.xz,stable-semantics,SAT,10,0.008,0.274,merge,0.0,0.0,3808,1009249,28b587cf6ecf,4,200,200000
5de866bc7ff4dfde3cd682b5aca75894.cnf.xz,stable-semantics,SAT,10,0.008,0.274,total,0.26,100.0,3808,1009249,28b587cf6ecf,4,200,200000
6d815089fb4095208754622b4c44a8f7.cnf.xz,multiplier-circuits,SAT,10,0.004,7.054,search,5.48,77.77,95245,47465816,28b587cf6ecf,4,200,200000
6d815089fb4095208754622b4c44a8f7.cnf.xz,multiplier-circuits,SAT,10,0.004,7.054,propagate,3.73,52.98,95245,47465816,28b587cf6ecf,4,200,200000
6d815089fb4095208754622b4c44a8f7.cnf.xz,multiplier-circuits,SAT,10,0.004,7.054,focused,2.86,40.53,95245,47465816,28b587cf6ecf,4,200,200000
6d815089fb4095208754622b4c44a8f7.cnf.xz,multiplier-circuits,SAT,10,0.004,7.054,stable,2.62,37.24,95245,47465816,28b587cf6ecf,4,200,200000
6d815089fb4095208754622b4c44a8f7.cnf.xz,multiplier-circuits,SAT,10,0.004,7.054,analyze,1.96,27.85,95245,47465816,28b587cf6ecf,4,200,200000
6d815089fb4095208754622b4c44a8f7.cnf.xz,multiplier-circuits,SAT,10,0.004,7.054,simplify,1.5,21.29,95245,47465816,28b587cf6ecf,4,200,200000
6d815089fb4095208754622b4c44a8f7.cnf.xz,multiplier-circuits,SAT,10,0.004,7.054,probe,1.49,21.14,95245,47465816,28b587cf6ecf,4,200,200000
6d815089fb4095208754622b4c44a8f7.cnf.xz,multiplier-circuits,SAT,10,0.004,7.054,vivify,0.73,10.35,95245,47465816,28b587cf6ecf,4,200,200000
6d815089fb4095208754622b4c44a8f7.cnf.xz,multiplier-circuits,SAT,10,0.004,7.054,shrink,0.68,9.61,95245,47465816,28b587cf6ecf,4,200,200000
6d815089fb4095208754622b4c44a8f7.cnf.xz,multiplier-circuits,SAT,10,0.004,7.054,sweep,0.57,8.07,95245,47465816,28b587cf6ecf,4,200,200000
6d815089fb4095208754622b4c44a8f7.cnf.xz,multiplier-circuits,SAT,10,0.004,7.054,deduce,0.46,6.57,95245,47465816,28b587cf6ecf,4,200,200000
6d815089fb4095208754622b4c44a8f7.cnf.xz,multiplier-circuits,SAT,10,0.004,7.054,bump,0.41,5.82,95245,47465816,28b587cf6ecf,4,200,200000
6d815089fb4095208754622b4c44a8f7.cnf.xz,multiplier-circuits,SAT,10,0.004,7.054,sweepbackbone,0.3,4.33,95245,47465816,28b587cf6ecf,4,200,200000
6d815089fb4095208754622b4c44a8f7.cnf.xz,multiplier-circuits,SAT,10,0.004,7.054,vivify2,0.19,2.75,95245,47465816,28b587cf6ecf,4,200,200000
6d815089fb4095208754622b4c44a8f7.cnf.xz,multiplier-circuits,SAT,10,0.004,7.054,sweepequivalences,0.19,2.63,95245,47465816,28b587cf6ecf,4,200,200000
6d815089fb4095208754622b4c44a8f7.cnf.xz,multiplier-circuits,SAT,10,0.004,7.054,vivify0,0.18,2.62,95245,47465816,28b587cf6ecf,4,200,200000
6d815089fb4095208754622b4c44a8f7.cnf.xz,multiplier-circuits,SAT,10,0.004,7.054,vivify1,0.18,2.55,95245,47465816,28b587cf6ecf,4,200,200000
6d815089fb4095208754622b4c44a8f7.cnf.xz,multiplier-circuits,SAT,10,0.004,7.054,vivify3,0.17,2.43,95245,47465816,28b587cf6ecf,4,200,200000
6d815089fb4095208754622b4c44a8f7.cnf.xz,multiplier-circuits,SAT,10,0.004,7.054,sort,0.15,2.18,95245,47465816,28b587cf6ecf,4,200,200000
6d815089fb4095208754622b4c44a8f7.cnf.xz,multiplier-circuits,SAT,10,0.004,7.054,radix,0.15,2.1,95245,47465816,28b587cf6ecf,4,200,200000
6d815089fb4095208754622b4c44a8f7.cnf.xz,multiplier-circuits,SAT,10,0.004,7.054,congruence,0.11,1.59,95245,47465816,28b587cf6ecf,4,200,200000
6d815089fb4095208754622b4c44a8f7.cnf.xz,multiplier-circuits,SAT,10,0.004,7.054,extract,0.1,1.49,95245,47465816,28b587cf6ecf,4,200,200000
6d815089fb4095208754622b4c44a8f7.cnf.xz,multiplier-circuits,SAT,10,0.004,7.054,vivifysort,0.08,1.07,95245,47465816,28b587cf6ecf,4,200,200000
6d815089fb4095208754622b4c44a8f7.cnf.xz,multiplier-circuits,SAT,10,0.004,7.054,decide,0.07,1.06,95245,47465816,28b587cf6ecf,4,200,200000
6d815089fb4095208754622b4c44a8f7.cnf.xz,multiplier-circuits,SAT,10,0.004,7.054,preprocess,0.06,0.84,95245,47465816,28b587cf6ecf,4,200,200000
6d815089fb4095208754622b4c44a8f7.cnf.xz,multiplier-circuits,SAT,10,0.004,7.054,eliminate,0.06,0.81,95245,47465816,28b587cf6ecf,4,200,200000
6d815089fb4095208754622b4c44a8f7.cnf.xz,multiplier-circuits,SAT,10,0.004,7.054,extractites,0.05,0.78,95245,47465816,28b587cf6ecf,4,200,200000
6d815089fb4095208754622b4c44a8f7.cnf.xz,multiplier-circuits,SAT,10,0.004,7.054,extractxors,0.03,0.49,95245,47465816,28b587cf6ecf,4,200,200000
6d815089fb4095208754622b4c44a8f7.cnf.xz,multiplier-circuits,SAT,10,0.004,7.054,substitute,0.03,0.49,95245,47465816,28b587cf6ecf,4,200,200000
6d815089fb4095208754622b4c44a8f7.cnf.xz,multiplier-circuits,SAT,10,0.004,7.054,minimize,0.03,0.46,95245,47465816,28b587cf6ecf,4,200,200000
6d815089fb4095208754622b4c44a8f7.cnf.xz,multiplier-circuits,SAT,10,0.004,7.054,reduce,0.03,0.45,95245,47465816,28b587cf6ecf,4,200,200000
6d815089fb4095208754622b4c44a8f7.cnf.xz,multiplier-circuits,SAT,10,0.004,7.054,factor,0.03,0.44,95245,47465816,28b587cf6ecf,4,200,200000
6d815089fb4095208754622b4c44a8f7.cnf.xz,multiplier-circuits,SAT,10,0.004,7.054,collect,0.03,0.4,95245,47465816,28b587cf6ecf,4,200,200000
6d815089fb4095208754622b4c44a8f7.cnf.xz,multiplier-circuits,SAT,10,0.004,7.054,definition,0.02,0.31,95245,47465816,28b587cf6ecf,4,200,200000
6d815089fb4095208754622b4c44a8f7.cnf.xz,multiplier-circuits,SAT,10,0.004,7.054,walking,0.01,0.17,95245,47465816,28b587cf6ecf,4,200,200000
6d815089fb4095208754622b4c44a8f7.cnf.xz,multiplier-circuits,SAT,10,0.004,7.054,transitive,0.01,0.14,95245,47465816,28b587cf6ecf,4,200,200000
6d815089fb4095208754622b4c44a8f7.cnf.xz,multiplier-circuits,SAT,10,0.004,7.054,extractands,0.01,0.12,95245,47465816,28b587cf6ecf,4,200,200000
6d815089fb4095208754622b4c44a8f7.cnf.xz,multiplier-circuits,SAT,10,0.004,7.054,subsume,0.01,0.11,95245,47465816,28b587cf6ecf,4,200,200000
6d815089fb4095208754622b4c44a8f7.cnf.xz,multiplier-circuits,SAT,10,0.004,7.054,forward,0.01,0.11,95245,47465816,28b587cf6ecf,4,200,200000
6d815089fb4095208754622b4c44a8f7.cnf.xz,multiplier-circuits,SAT,10,0.004,7.054,restart,0.01,0.1,95245,47465816,28b587cf6ecf,4,200,200000
6d815089fb4095208754622b4c44a8f7.cnf.xz,multiplier-circuits,SAT,10,0.004,7.054,matching,0.01,0.08,95245,47465816,28b587cf6ecf,4,200,200000
6d815089fb4095208754622b4c44a8f7.cnf.xz,multiplier-circuits,SAT,10,0.004,7.054,backbone,0.0,0.06,95245,47465816,28b587cf6ecf,4,200,200000
6d815089fb4095208754622b4c44a8f7.cnf.xz,multiplier-circuits,SAT,10,0.004,7.054,extractbinaries,0.0,0.05,95245,47465816,28b587cf6ecf,4,200,200000
6d815089fb4095208754622b4c44a8f7.cnf.xz,multiplier-circuits,SAT,10,0.004,7.054,parse,0.0,0.05,95245,47465816,28b587cf6ecf,4,200,200000
6d815089fb4095208754622b4c44a8f7.cnf.xz,multiplier-circuits,SAT,10,0.004,7.054,defrag,0.0,0.04,95245,47465816,28b587cf6ecf,4,200,200000
6d815089fb4095208754622b4c44a8f7.cnf.xz,multiplier-circuits,SAT,10,0.004,7.054,lucky,0.0,0.04,95245,47465816,28b587cf6ecf,4,200,200000
6d815089fb4095208754622b4c44a8f7.cnf.xz,multiplier-circuits,SAT,10,0.004,7.054,reorder,0.0,0.03,95245,47465816,28b587cf6ecf,4,200,200000
6d815089fb4095208754622b4c44a8f7.cnf.xz,multiplier-circuits,SAT,10,0.004,7.054,warmup,0.0,0.02,95245,47465816,28b587cf6ecf,4,200,200000
6d815089fb4095208754622b4c44a8f7.cnf.xz,multiplier-circuits,SAT,10,0.004,7.054,merge,0.0,0.01,95245,47465816,28b587cf6ecf,4,200,200000
6d815089fb4095208754622b4c44a8f7.cnf.xz,multiplier-circuits,SAT,10,0.004,7.054,rephase,0.0,0.0,95245,47465816,28b587cf6ecf,4,200,200000
6d815089fb4095208754622b4c44a8f7.cnf.xz,multiplier-circuits,SAT,10,0.004,7.054,total,7.05,100.0,95245,47465816,28b587cf6ecf,4,200,200000
6f1b15ebd0ac13c05fb052e5b0453f64.cnf.xz,allowable-seqence,SAT,10,0.381,80.791,propagate,45.98,57.18,138303,341944464,28b587cf6ecf,4,200,200000
6f1b15ebd0ac13c05fb052e5b0453f64.cnf.xz,allowable-seqence,SAT,10,0.381,80.791,search,45.51,56.6,138303,341944464,28b587cf6ecf,4,200,200000
6f1b15ebd0ac13c05fb052e5b0453f64.cnf.xz,allowable-seqence,SAT,10,0.381,80.791,simplify,32.35,40.24,138303,341944464,28b587cf6ecf,4,200,200000
6f1b15ebd0ac13c05fb052e5b0453f64.cnf.xz,allowable-seqence,SAT,10,0.381,80.791,probe,26.37,32.8,138303,341944464,28b587cf6ecf,4,200,200000
6f1b15ebd0ac13c05fb052e5b0453f64.cnf.xz,allowable-seqence,SAT,10,0.381,80.791,focused,26.16,32.53,138303,341944464,28b587cf6ecf,4,200,200000
6f1b15ebd0ac13c05fb052e5b0453f64.cnf.xz,allowable-seqence,SAT,10,0.381,80.791,stable,19.35,24.07,138303,341944464,28b587cf6ecf,4,200,200000
6f1b15ebd0ac13c05fb052e5b0453f64.cnf.xz,allowable-seqence,SAT,10,0.381,80.791,vivify,8.73,10.86,138303,341944464,28b587cf6ecf,4,200,200000
6f1b15ebd0ac13c05fb052e5b0453f64.cnf.xz,allowable-seqence,SAT,10,0.381,80.791,eliminate,6.99,8.69,138303,341944464,28b587cf6ecf,4,200,200000
6f1b15ebd0ac13c05fb052e5b0453f64.cnf.xz,allowable-seqence,SAT,10,0.381,80.791,factor,6.47,8.05,138303,341944464,28b587cf6ecf,4,200,200000
6f1b15ebd0ac13c05fb052e5b0453f64.cnf.xz,allowable-seqence,SAT,10,0.381,80.791,congruence,5.41,6.72,138303,341944464,28b587cf6ecf,4,200,200000
6f1b15ebd0ac13c05fb052e5b0453f64.cnf.xz,allowable-seqence,SAT,10,0.381,80.791,extract,4.6,5.72,138303,341944464,28b587cf6ecf,4,200,200000
6f1b15ebd0ac13c05fb052e5b0453f64.cnf.xz,allowable-seqence,SAT,10,0.381,80.791,analyze,3.26,4.05,138303,341944464,28b587cf6ecf,4,200,200000
6f1b15ebd0ac13c05fb052e5b0453f64.cnf.xz,allowable-seqence,SAT,10,0.381,80.791,substitute,2.99,3.72,138303,341944464,28b587cf6ecf,4,200,200000
6f1b15ebd0ac13c05fb052e5b0453f64.cnf.xz,allowable-seqence,SAT,10,0.381,80.791,extractands,2.73,3.39,138303,341944464,28b587cf6ecf,4,200,200000
6f1b15ebd0ac13c05fb052e5b0453f64.cnf.xz,allowable-seqence,SAT,10,0.381,80.791,definition,2.64,3.29,138303,341944464,28b587cf6ecf,4,200,200000
6f1b15ebd0ac13c05fb052e5b0453f64.cnf.xz,allowable-seqence,SAT,10,0.381,80.791,vivify1,2.63,3.27,138303,341944464,28b587cf6ecf,4,200,200000
6f1b15ebd0ac13c05fb052e5b0453f64.cnf.xz,allowable-seqence,SAT,10,0.381,80.791,vivify2,2.62,3.26,138303,341944464,28b587cf6ecf,4,200,200000
6f1b15ebd0ac13c05fb052e5b0453f64.cnf.xz,allowable-seqence,SAT,10,0.381,80.791,vivify0,2.12,2.64,138303,341944464,28b587cf6ecf,4,200,200000
6f1b15ebd0ac13c05fb052e5b0453f64.cnf.xz,allowable-seqence,SAT,10,0.381,80.791,sort,1.85,2.3,138303,341944464,28b587cf6ecf,4,200,200000
6f1b15ebd0ac13c05fb052e5b0453f64.cnf.xz,allowable-seqence,SAT,10,0.381,80.791,sweep,1.7,2.11,138303,341944464,28b587cf6ecf,4,200,200000
6f1b15ebd0ac13c05fb052e5b0453f64.cnf.xz,allowable-seqence,SAT,10,0.381,80.791,subsume,1.56,1.94,138303,341944464,28b587cf6ecf,4,200,200000
6f1b15ebd0ac13c05fb052e5b0453f64.cnf.xz,allowable-seqence,SAT,10,0.381,80.791,forward,1.56,1.94,138303,341944464,28b587cf6ecf,4,200,200000
6f1b15ebd0ac13c05fb052e5b0453f64.cnf.xz,allowable-seqence,SAT,10,0.381,80.791,preprocess,1.53,1.91,138303,341944464,28b587cf6ecf,4,200,200000
6f1b15ebd0ac13c05fb052e5b0453f64.cnf.xz,allowable-seqence,SAT,10,0.381,80.791,vivify3,1.36,1.69,138303,341944464,28b587cf6ecf,4,200,200000
6f1b15ebd0ac13c05fb052e5b0453f64.cnf.xz,allowable-seqence,SAT,10,0.381,80.791,matching,0.74,0.92,138303,341944464,28b587cf6ecf,4,200,200000
6f1b15ebd0ac13c05fb052e5b0453f64.cnf.xz,allowable-seqence,SAT,10,0.381,80.791,decide,0.68,0.85,138303,341944464,28b587cf6ecf,4,200,200000
6f1b15ebd0ac13c05fb052e5b0453f64.cnf.xz,allowable-seqence,SAT,10,0.381,80.791,collect,0.68,0.85,138303,341944464,28b587cf6ecf,4,200,200000
6f1b15ebd0ac13c05fb052e5b0453f64.cnf.xz,allowable-seqence,SAT,10,0.381,80.791,extractxors,0.67,0.84,138303,341944464,28b587cf6ecf,4,200,200000
6f1b15ebd0ac13c05fb052e5b0453f64.cnf.xz,allowable-seqence,SAT,10,0.381,80.791,shrink,0.67,0.83,138303,341944464,28b587cf6ecf,4,200,200000
6f1b15ebd0ac13c05fb052e5b0453f64.cnf.xz,allowable-seqence,SAT,10,0.381,80.791,lucky,0.66,0.82,138303,341944464,28b587cf6ecf,4,200,200000
6f1b15ebd0ac13c05fb052e5b0453f64.cnf.xz,allowable-seqence,SAT,10,0.381,80.791,reduce,0.6,0.74,138303,341944464,28b587cf6ecf,4,200,200000
6f1b15ebd0ac13c05fb052e5b0453f64.cnf.xz,allowable-seqence,SAT,10,0.381,80.791,backbone,0.56,0.69,138303,341944464,28b587cf6ecf,4,200,200000
6f1b15ebd0ac13c05fb052e5b0453f64.cnf.xz,allowable-seqence,SAT,10,0.381,80.791,sweepbackbone,0.52,0.64,138303,341944464,28b587cf6ecf,4,200,200000
6f1b15ebd0ac13c05fb052e5b0453f64.cnf.xz,allowable-seqence,SAT,10,0.381,80.791,transitive,0.52,0.64,138303,341944464,28b587cf6ecf,4,200,200000
6f1b15ebd0ac13c05fb052e5b0453f64.cnf.xz,allowable-seqence,SAT,10,0.381,80.791,sweepequivalences,0.51,0.64,138303,341944464,28b587cf6ecf,4,200,200000
6f1b15ebd0ac13c05fb052e5b0453f64.cnf.xz,allowable-seqence,SAT,10,0.381,80.791,extractbinaries,0.5,0.62,138303,341944464,28b587cf6ecf,4,200,200000
6f1b15ebd0ac13c05fb052e5b0453f64.cnf.xz,allowable-seqence,SAT,10,0.381,80.791,walking,0.46,0.58,138303,341944464,28b587cf6ecf,4,200,200000
6f1b15ebd0ac13c05fb052e5b0453f64.cnf.xz,allowable-seqence,SAT,10,0.381,80.791,extractites,0.43,0.53,138303,341944464,28b587cf6ecf,4,200,200000
6f1b15ebd0ac13c05fb052e5b0453f64.cnf.xz,allowable-seqence,SAT,10,0.381,80.791,deduce,0.38,0.48,138303,341944464,28b587cf6ecf,4,200,200000
6f1b15ebd0ac13c05fb052e5b0453f64.cnf.xz,allowable-seqence,SAT,10,0.381,80.791,parse,0.35,0.44,138303,341944464,28b587cf6ecf,4,200,200000
6f1b15ebd0ac13c05fb052e5b0453f64.cnf.xz,allowable-seqence,SAT,10,0.381,80.791,bump,0.32,0.4,138303,341944464,28b587cf6ecf,4,200,200000
6f1b15ebd0ac13c05fb052e5b0453f64.cnf.xz,allowable-seqence,SAT,10,0.381,80.791,restart,0.22,0.27,138303,341944464,28b587cf6ecf,4,200,200000
6f1b15ebd0ac13c05fb052e5b0453f64.cnf.xz,allowable-seqence,SAT,10,0.381,80.791,radix,0.21,0.26,138303,341944464,28b587cf6ecf,4,200,200000
6f1b15ebd0ac13c05fb052e5b0453f64.cnf.xz,allowable-seqence,SAT,10,0.381,80.791,vivifysort,0.17,0.21,138303,341944464,28b587cf6ecf,4,200,200000
6f1b15ebd0ac13c05fb052e5b0453f64.cnf.xz,allowable-seqence,SAT,10,0.381,80.791,warmup,0.14,0.17,138303,341944464,28b587cf6ecf,4,200,200000
6f1b15ebd0ac13c05fb052e5b0453f64.cnf.xz,allowable-seqence,SAT,10,0.381,80.791,reorder,0.13,0.16,138303,341944464,28b587cf6ecf,4,200,200000
6f1b15ebd0ac13c05fb052e5b0453f64.cnf.xz,allowable-seqence,SAT,10,0.381,80.791,minimize,0.04,0.05,138303,341944464,28b587cf6ecf,4,200,200000
6f1b15ebd0ac13c05fb052e5b0453f64.cnf.xz,allowable-seqence,SAT,10,0.381,80.791,defrag,0.03,0.04,138303,341944464,28b587cf6ecf,4,200,200000
6f1b15ebd0ac13c05fb052e5b0453f64.cnf.xz,allowable-seqence,SAT,10,0.381,80.791,merge,0.0,0.01,138303,341944464,28b587cf6ecf,4,200,200000
6f1b15ebd0ac13c05fb052e5b0453f64.cnf.xz,allowable-seqence,SAT,10,0.381,80.791,rephase,0.0,0.0,138303,341944464,28b587cf6ecf,4,200,200000
6f1b15ebd0ac13c05fb052e5b0453f64.cnf.xz,allowable-seqence,SAT,10,0.381,80.791,total,80.41,100.0,138303,341944464,28b587cf6ecf,4,200,200000
75429ff7acb5acb597abe01aa745c2a6.cnf.xz,random-graph-xorsat,UNKNOWN,0,0.001,4.765,search,4.38,92.04,200000,11221801,28b587cf6ecf,4,200,200000
75429ff7acb5acb597abe01aa745c2a6.cnf.xz,random-graph-xorsat,UNKNOWN,0,0.001,4.765,propagate,2.67,56.14,200000,11221801,28b587cf6ecf,4,200,200000
75429ff7acb5acb597abe01aa745c2a6.cnf.xz,random-graph-xorsat,UNKNOWN,0,0.001,4.765,focused,2.23,46.82,200000,11221801,28b587cf6ecf,4,200,200000
75429ff7acb5acb597abe01aa745c2a6.cnf.xz,random-graph-xorsat,UNKNOWN,0,0.001,4.765,stable,2.15,45.22,200000,11221801,28b587cf6ecf,4,200,200000
75429ff7acb5acb597abe01aa745c2a6.cnf.xz,random-graph-xorsat,UNKNOWN,0,0.001,4.765,analyze,1.5,31.48,200000,11221801,28b587cf6ecf,4,200,200000
75429ff7acb5acb597abe01aa745c2a6.cnf.xz,random-graph-xorsat,UNKNOWN,0,0.001,4.765,simplify,0.37,7.76,200000,11221801,28b587cf6ecf,4,200,200000
75429ff7acb5acb597abe01aa745c2a6.cnf.xz,random-graph-xorsat,UNKNOWN,0,0.001,4.765,probe,0.36,7.51,200000,11221801,28b587cf6ecf,4,200,200000
75429ff7acb5acb597abe01aa745c2a6.cnf.xz,random-graph-xorsat,UNKNOWN,0,0.001,4.765,deduce,0.33,7.02,200000,11221801,28b587cf6ecf,4,200,200000
75429ff7acb5acb597abe01aa745c2a6.cnf.xz,random-graph-xorsat,UNKNOWN,0,0.001,4.765,vivify,0.31,6.58,200000,11221801,28b587cf6ecf,4,200,200000
75429ff7acb5acb597abe01aa745c2a6.cnf.xz,random-graph-xorsat,UNKNOWN,0,0.001,4.765,bump,0.27,5.76,200000,11221801,28b587cf6ecf,4,200,200000
75429ff7acb5acb597abe01aa745c2a6.cnf.xz,random-graph-xorsat,UNKNOWN,0,0.001,4.765,shrink,0.27,5.61,200000,11221801,28b587cf6ecf,4,200,200000
75429ff7acb5acb597abe01aa745c2a6.cnf.xz,random-graph-xorsat,UNKNOWN,0,0.001,4.765,vivify2,0.2,4.17,200000,11221801,28b587cf6ecf,4,200,200000
75429ff7acb5acb597abe01aa745c2a6.cnf.xz,random-graph-xorsat,UNKNOWN,0,0.001,4.765,sort,0.15,3.21,200000,11221801,28b587cf6ecf,4,200,200000
75429ff7acb5acb597abe01aa745c2a6.cnf.xz,random-graph-xorsat,UNKNOWN,0,0.001,4.765,decide,0.09,1.99,200000,11221801,28b587cf6ecf,4,200,200000
75429ff7acb5acb597abe01aa745c2a6.cnf.xz,random-graph-xorsat,UNKNOWN,0,0.001,4.765,radix,0.09,1.92,200000,11221801,28b587cf6ecf,4,200,200000
75429ff7acb5acb597abe01aa745c2a6.cnf.xz,random-graph-xorsat,UNKNOWN,0,0.001,4.765,vivifysort,0.06,1.27,200000,11221801,28b587cf6ecf,4,200,200000
75429ff7acb5acb597abe01aa745c2a6.cnf.xz,random-graph-xorsat,UNKNOWN,0,0.001,4.765,minimize,0.05,1.12,200000,11221801,28b587cf6ecf,4,200,200000
75429ff7acb5acb597abe01aa745c2a6.cnf.xz,random-graph-xorsat,UNKNOWN,0,0.001,4.765,vivify3,0.05,1.11,200000,11221801,28b587cf6ecf,4,200,200000
75429ff7acb5acb597abe01aa745c2a6.cnf.xz,random-graph-xorsat,UNKNOWN,0,0.001,4.765,vivify1,0.05,1.11,200000,11221801,28b587cf6ecf,4,200,200000
75429ff7acb5acb597abe01aa745c2a6.cnf.xz,random-graph-xorsat,UNKNOWN,0,0.001,4.765,reduce,0.04,0.93,200000,11221801,28b587cf6ecf,4,200,200000
75429ff7acb5acb597abe01aa745c2a6.cnf.xz,random-graph-xorsat,UNKNOWN,0,0.001,4.765,collect,0.04,0.75,200000,11221801,28b587cf6ecf,4,200,200000
75429ff7acb5acb597abe01aa745c2a6.cnf.xz,random-graph-xorsat,UNKNOWN,0,0.001,4.765,sweep,0.03,0.56,200000,11221801,28b587cf6ecf,4,200,200000
75429ff7acb5acb597abe01aa745c2a6.cnf.xz,random-graph-xorsat,UNKNOWN,0,0.001,4.765,walking,0.01,0.31,200000,11221801,28b587cf6ecf,4,200,200000
75429ff7acb5acb597abe01aa745c2a6.cnf.xz,random-graph-xorsat,UNKNOWN,0,0.001,4.765,sweepbackbone,0.01,0.26,200000,11221801,28b587cf6ecf,4,200,200000
75429ff7acb5acb597abe01aa745c2a6.cnf.xz,random-graph-xorsat,UNKNOWN,0,0.001,4.765,substitute,0.01,0.2,200000,11221801,28b587cf6ecf,4,200,200000
75429ff7acb5acb597abe01aa745c2a6.cnf.xz,random-graph-xorsat,UNKNOWN,0,0.001,4.765,vivify0,0.01,0.19,200000,11221801,28b587cf6ecf,4,200,200000
75429ff7acb5acb597abe01aa745c2a6.cnf.xz,random-graph-xorsat,UNKNOWN,0,0.001,4.765,sweepequivalences,0.01,0.18,200000,11221801,28b587cf6ecf,4,200,200000
75429ff7acb5acb597abe01aa745c2a6.cnf.xz,random-graph-xorsat,UNKNOWN,0,0.001,4.765,preprocess,0.01,0.17,200000,11221801,28b587cf6ecf,4,200,200000
75429ff7acb5acb597abe01aa745c2a6.cnf.xz,random-graph-xorsat,UNKNOWN,0,0.001,4.765,eliminate,0.01,0.12,200000,11221801,28b587cf6ecf,4,200,200000
75429ff7acb5acb597abe01aa745c2a6.cnf.xz,random-graph-xorsat,UNKNOWN,0,0.001,4.765,congruence,0.01,0.12,200000,11221801,28b587cf6ecf,4,200,200000
75429ff7acb5acb597abe01aa745c2a6.cnf.xz,random-graph-xorsat,UNKNOWN,0,0.001,4.765,extract,0.01,0.11,200000,11221801,28b587cf6ecf,4,200,200000
75429ff7acb5acb597abe01aa745c2a6.cnf.xz,random-graph-xorsat,UNKNOWN,0,0.001,4.765,extractites,0.0,0.05,200000,11221801,28b587cf6ecf,4,200,200000
75429ff7acb5acb597abe01aa745c2a6.cnf.xz,random-graph-xorsat,UNKNOWN,0,0.001,4.765,extractxors,0.0,0.05,200000,11221801,28b587cf6ecf,4,200,200000
75429ff7acb5acb597abe01aa745c2a6.cnf.xz,random-graph-xorsat,UNKNOWN,0,0.001,4.765,defrag,0.0,0.05,200000,11221801,28b587cf6ecf,4,200,200000
75429ff7acb5acb597abe01aa745c2a6.cnf.xz,random-graph-xorsat,UNKNOWN,0,0.001,4.765,restart,0.0,0.05,200000,11221801,28b587cf6ecf,4,200,200000
75429ff7acb5acb597abe01aa745c2a6.cnf.xz,random-graph-xorsat,UNKNOWN,0,0.001,4.765,definition,0.0,0.03,200000,11221801,28b587cf6ecf,4,200,200000
75429ff7acb5acb597abe01aa745c2a6.cnf.xz,random-graph-xorsat,UNKNOWN,0,0.001,4.765,factor,0.0,0.03,200000,11221801,28b587cf6ecf,4,200,200000
75429ff7acb5acb597abe01aa745c2a6.cnf.xz,random-graph-xorsat,UNKNOWN,0,0.001,4.765,warmup,0.0,0.02,200000,11221801,28b587cf6ecf,4,200,200000
75429ff7acb5acb597abe01aa745c2a6.cnf.xz,random-graph-xorsat,UNKNOWN,0,0.001,4.765,parse,0.0,0.01,200000,11221801,28b587cf6ecf,4,200,200000
75429ff7acb5acb597abe01aa745c2a6.cnf.xz,random-graph-xorsat,UNKNOWN,0,0.001,4.765,subsume,0.0,0.01,200000,11221801,28b587cf6ecf,4,200,200000
75429ff7acb5acb597abe01aa745c2a6.cnf.xz,random-graph-xorsat,UNKNOWN,0,0.001,4.765,reorder,0.0,0.01,200000,11221801,28b587cf6ecf,4,200,200000
75429ff7acb5acb597abe01aa745c2a6.cnf.xz,random-graph-xorsat,UNKNOWN,0,0.001,4.765,forward,0.0,0.01,200000,11221801,28b587cf6ecf,4,200,200000
75429ff7acb5acb597abe01aa745c2a6.cnf.xz,random-graph-xorsat,UNKNOWN,0,0.001,4.765,lucky,0.0,0.01,200000,11221801,28b587cf6ecf,4,200,200000
75429ff7acb5acb597abe01aa745c2a6.cnf.xz,random-graph-xorsat,UNKNOWN,0,0.001,4.765,transitive,0.0,0.01,200000,11221801,28b587cf6ecf,4,200,200000
75429ff7acb5acb597abe01aa745c2a6.cnf.xz,random-graph-xorsat,UNKNOWN,0,0.001,4.765,rephase,0.0,0.0,200000,11221801,28b587cf6ecf,4,200,200000
75429ff7acb5acb597abe01aa745c2a6.cnf.xz,random-graph-xorsat,UNKNOWN,0,0.001,4.765,backbone,0.0,0.0,200000,11221801,28b587cf6ecf,4,200,200000
75429ff7acb5acb597abe01aa745c2a6.cnf.xz,random-graph-xorsat,UNKNOWN,0,0.001,4.765,matching,0.0,0.0,200000,11221801,28b587cf6ecf,4,200,200000
75429ff7acb5acb597abe01aa745c2a6.cnf.xz,random-graph-xorsat,UNKNOWN,0,0.001,4.765,extractbinaries,0.0,0.0,200000,11221801,28b587cf6ecf,4,200,200000
75429ff7acb5acb597abe01aa745c2a6.cnf.xz,random-graph-xorsat,UNKNOWN,0,0.001,4.765,merge,0.0,0.0,200000,11221801,28b587cf6ecf,4,200,200000
75429ff7acb5acb597abe01aa745c2a6.cnf.xz,random-graph-xorsat,UNKNOWN,0,0.001,4.765,extractands,0.0,0.0,200000,11221801,28b587cf6ecf,4,200,200000
75429ff7acb5acb597abe01aa745c2a6.cnf.xz,random-graph-xorsat,UNKNOWN,0,0.001,4.765,total,4.76,100.0,200000,11221801,28b587cf6ecf,4,200,200000
7cbc3ce2052ba7c5b501f75af58ab3c4.cnf.xz,cryptography-simon,SAT,10,0.003,0.008,parse,0.0,74.0,0,8184,28b587cf6ecf,4,200,200000
7cbc3ce2052ba7c5b501f75af58ab3c4.cnf.xz,cryptography-simon,SAT,10,0.003,0.008,propagate,0.0,19.91,0,8184,28b587cf6ecf,4,200,200000
7cbc3ce2052ba7c5b501f75af58ab3c4.cnf.xz,cryptography-simon,SAT,10,0.003,0.008,lucky,0.0,19.57,0,8184,28b587cf6ecf,4,200,200000
7cbc3ce2052ba7c5b501f75af58ab3c4.cnf.xz,cryptography-simon,SAT,10,0.003,0.008,defrag,0.0,5.29,0,8184,28b587cf6ecf,4,200,200000
7cbc3ce2052ba7c5b501f75af58ab3c4.cnf.xz,cryptography-simon,SAT,10,0.003,0.008,radix,0.0,3.95,0,8184,28b587cf6ecf,4,200,200000
7cbc3ce2052ba7c5b501f75af58ab3c4.cnf.xz,cryptography-simon,SAT,10,0.003,0.008,search,0.0,0.0,0,8184,28b587cf6ecf,4,200,200000
7cbc3ce2052ba7c5b501f75af58ab3c4.cnf.xz,cryptography-simon,SAT,10,0.003,0.008,simplify,0.0,0.0,0,8184,28b587cf6ecf,4,200,200000
7cbc3ce2052ba7c5b501f75af58ab3c4.cnf.xz,cryptography-simon,SAT,10,0.003,0.008,total,0.0,100.0,0,8184,28b587cf6ecf,4,200,200000
7fa502dfce37c37c1cafd50b3fba263f.cnf.xz,syndrome-decoding,UNKNOWN,0,0.021,35.155,search,27.37,77.91,200001,364256659,28b587cf6ecf,4,200,200000
7fa502dfce37c37c1cafd50b3fba263f.cnf.xz,syndrome-decoding,UNKNOWN,0,0.021,35.155,propagate,22.01,62.66,200001,364256659,28b587cf6ecf,4,200,200000
7fa502dfce37c37c1cafd50b3fba263f.cnf.xz,syndrome-decoding,UNKNOWN,0,0.021,35.155,stable,13.99,39.84,200001,364256659,28b587cf6ecf,4,200,200000
7fa502dfce37c37c1cafd50b3fba263f.cnf.xz,syndrome-decoding,UNKNOWN,0,0.021,35.155,focused,13.38,38.08,200001,364256659,28b587cf6ecf,4,200,200000
7fa502dfce37c37c1cafd50b3fba263f.cnf.xz,syndrome-decoding,UNKNOWN,0,0.021,35.155,simplify,7.56,21.53,200001,364256659,28b587cf6ecf,4,200,200000
7fa502dfce37c37c1cafd50b3fba263f.cnf.xz,syndrome-decoding,UNKNOWN,0,0.021,35.155,analyze,6.99,19.9,200001,364256659,28b587cf6ecf,4,200,200000
7fa502dfce37c37c1cafd50b3fba263f.cnf.xz,syndrome-decoding,UNKNOWN,0,0.021,35.155,probe,6.37,18.14,200001,364256659,28b587cf6ecf,4,200,200000
7fa502dfce37c37c1cafd50b3fba263f.cnf.xz,syndrome-decoding,UNKNOWN,0,0.021,35.155,vivify,3.91,11.12,200001,364256659,28b587cf6ecf,4,200,200000
7fa502dfce37c37c1cafd50b3fba263f.cnf.xz,syndrome-decoding,UNKNOWN,0,0.021,35.155,shrink,3.61,10.27,200001,364256659,28b587cf6ecf,4,200,200000
7fa502dfce37c37c1cafd50b3fba263f.cnf.xz,syndrome-decoding,UNKNOWN,0,0.021,35.155,sweep,1.53,4.36,200001,364256659,28b587cf6ecf,4,200,200000
7fa502dfce37c37c1cafd50b3fba263f.cnf.xz,syndrome-decoding,UNKNOWN,0,0.021,35.155,eliminate,1.21,3.43,200001,364256659,28b587cf6ecf,4,200,200000
7fa502dfce37c37c1cafd50b3fba263f.cnf.xz,syndrome-decoding,UNKNOWN,0,0.021,35.155,vivify2,1.09,3.11,200001,364256659,28b587cf6ecf,4,200,200000
7fa502dfce37c37c1cafd50b3fba263f.cnf.xz,syndrome-decoding,UNKNOWN,0,0.021,35.155,vivify0,1.02,2.9,200001,364256659,28b587cf6ecf,4,200,200000
7fa502dfce37c37c1cafd50b3fba263f.cnf.xz,syndrome-decoding,UNKNOWN,0,0.021,35.155,vivify1,0.98,2.8,200001,364256659,28b587cf6ecf,4,200,200000
7fa502dfce37c37c1cafd50b3fba263f.cnf.xz,syndrome-decoding,UNKNOWN,0,0.021,35.155,bump,0.91,2.58,200001,364256659,28b587cf6ecf,4,200,200000
7fa502dfce37c37c1cafd50b3fba263f.cnf.xz,syndrome-decoding,UNKNOWN,0,0.021,35.155,deduce,0.88,2.5,200001,364256659,28b587cf6ecf,4,200,200000
7fa502dfce37c37c1cafd50b3fba263f.cnf.xz,syndrome-decoding,UNKNOWN,0,0.021,35.155,sweepbackbone,0.83,2.37,200001,364256659,28b587cf6ecf,4,200,200000
7fa502dfce37c37c1cafd50b3fba263f.cnf.xz,syndrome-decoding,UNKNOWN,0,0.021,35.155,vivify3,0.81,2.31,200001,364256659,28b587cf6ecf,4,200,200000
7fa502dfce37c37c1cafd50b3fba263f.cnf.xz,syndrome-decoding,UNKNOWN,0,0.021,35.155,definition,0.59,1.69,200001,364256659,28b587cf6ecf,4,200,200000
7fa502dfce37c37c1cafd50b3fba263f.cnf.xz,syndrome-decoding,UNKNOWN,0,0.021,35.155,sort,0.43,1.23,200001,364256659,28b587cf6ecf,4,200,200000
7fa502dfce37c37c1cafd50b3fba263f.cnf.xz,syndrome-decoding,UNKNOWN,0,0.021,35.155,sweepequivalences,0.38,1.08,200001,364256659,28b587cf6ecf,4,200,200000
7fa502dfce37c37c1cafd50b3fba263f.cnf.xz,syndrome-decoding,UNKNOWN,0,0.021,35.155,decide,0.37,1.05,200001,364256659,28b587cf6ecf,4,200,200000
7fa502dfce37c37c1cafd50b3fba263f.cnf.xz,syndrome-decoding,UNKNOWN,0,0.021,35.155,radix,0.28,0.81,200001,364256659,28b587cf6ecf,4,200,200000
7fa502dfce37c37c1cafd50b3fba263f.cnf.xz,syndrome-decoding,UNKNOWN,0,0.021,35.155,vivifysort,0.27,0.76,200001,364256659,28b587cf6ecf,4,200,200000
7fa502dfce37c37c1cafd50b3fba263f.cnf.xz,syndrome-decoding,UNKNOWN,0,0.021,35.155,substitute,0.24,0.67,200001,364256659,28b587cf6ecf,4,200,200000
7fa502dfce37c37c1cafd50b3fba263f.cnf.xz,syndrome-decoding,UNKNOWN,0,0.021,35.155,transitive,0.22,0.62,200001,364256659,28b587cf6ecf,4,200,200000
7fa502dfce37c37c1cafd50b3fba263f.cnf.xz,syndrome-decoding,UNKNOWN,0,0.021,35.155,factor,0.2,0.57,200001,364256659,28b587cf6ecf,4,200,200000
7fa502dfce37c37c1cafd50b3fba263f.cnf.xz,syndrome-decoding,UNKNOWN,0,0.021,35.155,congruence,0.18,0.5,200001,364256659,28b587cf6ecf,4,200,200000
7fa502dfce37c37c1cafd50b3fba263f.cnf.xz,syndrome-decoding,UNKNOWN,0,0.021,35.155,extract,0.17,0.47,200001,364256659,28b587cf6ecf,4,200,200000
7fa502dfce37c37c1cafd50b3fba263f.cnf.xz,syndrome-decoding,UNKNOWN,0,0.021,35.155,reduce,0.16,0.44,200001,364256659,28b587cf6ecf,4,200,200000
7fa502dfce37c37c1cafd50b3fba263f.cnf.xz,syndrome-decoding,UNKNOWN,0,0.021,35.155,collect,0.15,0.42,200001,364256659,28b587cf6ecf,4,200,200000
7fa502dfce37c37c1cafd50b3fba263f.cnf.xz,syndrome-decoding,UNKNOWN,0,0.021,35.155,restart,0.11,0.32,200001,364256659,28b587cf6ecf,4,200,200000
7fa502dfce37c37c1cafd50b3fba263f.cnf.xz,syndrome-decoding,UNKNOWN,0,0.021,35.155,backbone,0.1,0.29,200001,364256659,28b587cf6ecf,4,200,200000
7fa502dfce37c37c1cafd50b3fba263f.cnf.xz,syndrome-decoding,UNKNOWN,0,0.021,35.155,lucky,0.1,0.28,200001,364256659,28b587cf6ecf,4,200,200000
7fa502dfce37c37c1cafd50b3fba263f.cnf.xz,syndrome-decoding,UNKNOWN,0,0.021,35.155,subsume,0.1,0.28,200001,364256659,28b587cf6ecf,4,200,200000
7fa502dfce37c37c1cafd50b3fba263f.cnf.xz,syndrome-decoding,UNKNOWN,0,0.021,35.155,forward,0.1,0.28,200001,364256659,28b587cf6ecf,4,200,200000
7fa502dfce37c37c1cafd50b3fba263f.cnf.xz,syndrome-decoding,UNKNOWN,0,0.021,35.155,extractbinaries,0.09,0.26,200001,364256659,28b587cf6ecf,4,200,200000
7fa502dfce37c37c1cafd50b3fba263f.cnf.xz,syndrome-decoding,UNKNOWN,0,0.021,35.155,minimize,0.08,0.24,200001,364256659,28b587cf6ecf,4,200,200000
7fa502dfce37c37c1cafd50b3fba263f.cnf.xz,syndrome-decoding,UNKNOWN,0,0.021,35.155,preprocess,0.08,0.23,200001,364256659,28b587cf6ecf,4,200,200000
7fa502dfce37c37c1cafd50b3fba263f.cnf.xz,syndrome-decoding,UNKNOWN,0,0.021,35.155,walking,0.06,0.18,200001,364256659,28b587cf6ecf,4,200,200000
7fa502dfce37c37c1cafd50b3fba263f.cnf.xz,syndrome-decoding,UNKNOWN,0,0.021,35.155,extractands,0.05,0.14,200001,364256659,28b587cf6ecf,4,200,200000
7fa502dfce37c37c1cafd50b3fba263f.cnf.xz,syndrome-decoding,UNKNOWN,0,0.021,35.155,defrag,0.04,0.11,200001,364256659,28b587cf6ecf,4,200,200000
7fa502dfce37c37c1cafd50b3fba263f.cnf.xz,syndrome-decoding,UNKNOWN,0,0.021,35.155,reorder,0.02,0.07,200001,364256659,28b587cf6ecf,4,200,200000
7fa502dfce37c37c1cafd50b3fba263f.cnf.xz,syndrome-decoding,UNKNOWN,0,0.021,35.155,warmup,0.02,0.06,200001,364256659,28b587cf6ecf,4,200,200000
7fa502dfce37c37c1cafd50b3fba263f.cnf.xz,syndrome-decoding,UNKNOWN,0,0.021,35.155,parse,0.01,0.04,200001,364256659,28b587cf6ecf,4,200,200000
7fa502dfce37c37c1cafd50b3fba263f.cnf.xz,syndrome-decoding,UNKNOWN,0,0.021,35.155,extractxors,0.01,0.02,200001,364256659,28b587cf6ecf,4,200,200000
7fa502dfce37c37c1cafd50b3fba263f.cnf.xz,syndrome-decoding,UNKNOWN,0,0.021,35.155,extractites,0.0,0.01,200001,364256659,28b587cf6ecf,4,200,200000
7fa502dfce37c37c1cafd50b3fba263f.cnf.xz,syndrome-decoding,UNKNOWN,0,0.021,35.155,rephase,0.0,0.0,200001,364256659,28b587cf6ecf,4,200,200000
7fa502dfce37c37c1cafd50b3fba263f.cnf.xz,syndrome-decoding,UNKNOWN,0,0.021,35.155,merge,0.0,0.0,200001,364256659,28b587cf6ecf,4,200,200000
7fa502dfce37c37c1cafd50b3fba263f.cnf.xz,syndrome-decoding,UNKNOWN,0,0.021,35.155,total,35.13,100.0,200001,364256659,28b587cf6ecf,4,200,200000
8db998d5fd64f85a1847115208f73873.cnf.xz,stable-semantics,SAT,10,0.329,0.870,parse,0.53,92.39,0,5442,28b587cf6ecf,4,200,200000
8db998d5fd64f85a1847115208f73873.cnf.xz,stable-semantics,SAT,10,0.329,0.870,lucky,0.04,7.57,0,5442,28b587cf6ecf,4,200,200000
8db998d5fd64f85a1847115208f73873.cnf.xz,stable-semantics,SAT,10,0.329,0.870,propagate,0.04,7.42,0,5442,28b587cf6ecf,4,200,200000
8db998d5fd64f85a1847115208f73873.cnf.xz,stable-semantics,SAT,10,0.329,0.870,defrag,0.01,1.66,0,5442,28b587cf6ecf,4,200,200000
8db998d5fd64f85a1847115208f73873.cnf.xz,stable-semantics,SAT,10,0.329,0.870,radix,0.0,0.03,0,5442,28b587cf6ecf,4,200,200000
8db998d5fd64f85a1847115208f73873.cnf.xz,stable-semantics,SAT,10,0.329,0.870,search,0.0,0.0,0,5442,28b587cf6ecf,4,200,200000
8db998d5fd64f85a1847115208f73873.cnf.xz,stable-semantics,SAT,10,0.329,0.870,simplify,0.0,0.0,0,5442,28b587cf6ecf,4,200,200000
8db998d5fd64f85a1847115208f73873.cnf.xz,stable-semantics,SAT,10,0.329,0.870,total,0.58,100.0,0,5442,28b587cf6ecf,4,200,200000
91860f79f079fede859034c7d76a98a2.cnf.xz,station-repacking,UNKNOWN,0,0.073,8.895,search,4.8,54.37,200002,36399558,28b587cf6ecf,4,200,200000
91860f79f079fede859034c7d76a98a2.cnf.xz,station-repacking,UNKNOWN,0,0.073,8.895,simplify,3.35,37.95,200002,36399558,28b587cf6ecf,4,200,200000
91860f79f079fede859034c7d76a98a2.cnf.xz,station-repacking,UNKNOWN,0,0.073,8.895,focused,3.0,34.06,200002,36399558,28b587cf6ecf,4,200,200000
91860f79f079fede859034c7d76a98a2.cnf.xz,station-repacking,UNKNOWN,0,0.073,8.895,probe,2.66,30.21,200002,36399558,28b587cf6ecf,4,200,200000
91860f79f079fede859034c7d76a98a2.cnf.xz,station-repacking,UNKNOWN,0,0.073,8.895,propagate,2.37,26.88,200002,36399558,28b587cf6ecf,4,200,200000
91860f79f079fede859034c7d76a98a2.cnf.xz,station-repacking,UNKNOWN,0,0.073,8.895,stable,1.79,20.32,200002,36399558,28b587cf6ecf,4,200,200000
91860f79f079fede859034c7d76a98a2.cnf.xz,station-repacking,UNKNOWN,0,0.073,8.895,analyze,1.5,16.98,200002,36399558,28b587cf6ecf,4,200,200000
91860f79f079fede859034c7d76a98a2.cnf.xz,station-repacking,UNKNOWN,0,0.073,8.895,eliminate,1.22,13.8,200002,36399558,28b587cf6ecf,4,200,200000
91860f79f079fede859034c7d76a98a2.cnf.xz,station-repacking,UNKNOWN,0,0.073,8.895,vivify,0.86,9.72,200002,36399558,28b587cf6ecf,4,200,200000
91860f79f079fede859034c7d76a98a2.cnf.xz,station-repacking,UNKNOWN,0,0.073,8.895,factor,0.79,8.97,200002,36399558,28b587cf6ecf,4,200,200000
91860f79f079fede859034c7d76a98a2.cnf.xz,station-repacking,UNKNOWN,0,0.073,8.895,preprocess,0.61,6.88,200002,36399558,28b587cf6ecf,4,200,200000
91860f79f079fede859034c7d76a98a2.cnf.xz,station-repacking,UNKNOWN,0,0.073,8.895,definition,0.52,5.85,200002,36399558,28b587cf6ecf,4,200,200000
91860f79f079fede859034c7d76a98a2.cnf.xz,station-repacking,UNKNOWN,0,0.073,8.895,sort,0.38,4.31,200002,36399558,28b587cf6ecf,4,200,200000
91860f79f079fede859034c7d76a98a2.cnf.xz,station-repacking,UNKNOWN,0,0.073,8.895,decide,0.35,3.94,200002,36399558,28b587cf6ecf,4,200,200000
91860f79f079fede859034c7d76a98a2.cnf.xz,station-repacking,UNKNOWN,0,0.073,8.895,vivify0,0.33,3.73,200002,36399558,28b587cf6ecf,4,200,200000
91860f79f079fede859034c7d76a98a2.cnf.xz,station-repacking,UNKNOWN,0,0.073,8.895,substitute,0.33,3.73,200002,36399558,28b587cf6ecf,4,200,200000
91860f79f079fede859034c7d76a98a2.cnf.xz,station-repacking,UNKNOWN,0,0.073,8.895,shrink,0.32,3.59,200002,36399558,28b587cf6ecf,4,200,200000
91860f79f079fede859034c7d76a98a2.cnf.xz,station-repacking,UNKNOWN,0,0.073,8.895,bump,0.28,3.21,200002,36399558,28b587cf6ecf,4,200,200000
91860f79f079fede859034c7d76a98a2.cnf.xz,station-repacking,UNKNOWN,0,0.073,8.895,congruence,0.24,2.71,200002,36399558,28b587cf6ecf,4,200,200000
91860f79f079fede859034c7d76a98a2.cnf.xz,station-repacking,UNKNOWN,0,0.073,8.895,deduce,0.24,2.7,200002,36399558,28b587cf6ecf,4,200,200000
91860f79f079fede859034c7d76a98a2.cnf.xz,station-repacking,UNKNOWN,0,0.073,8.895,vivify1,0.23,2.61,200002,36399558,28b587cf6ecf,4,200,200000
91860f79f079fede859034c7d76a98a2.cnf.xz,station-repacking,UNKNOWN,0,0.073,8.895,extract,0.22,2.51,200002,36399558,28b587cf6ecf,4,200,200000
91860f79f079fede859034c7d76a98a2.cnf.xz,station-repacking,UNKNOWN,0,0.073,8.895,sweep,0.2,2.28,200002,36399558,28b587cf6ecf,4,200,200000
91860f79f079fede859034c7d76a98a2.cnf.xz,station-repacking,UNKNOWN,0,0.073,8.895,reduce,0.2,2.26,200002,36399558,28b587cf6ecf,4,200,200000
91860f79f079fede859034c7d76a98a2.cnf.xz,station-repacking,UNKNOWN,0,0.073,8.895,collect,0.2,2.22,200002,36399558,28b587cf6ecf,4,200,200000
91860f79f079fede859034c7d76a98a2.cnf.xz,station-repacking,UNKNOWN,0,0.073,8.895,vivify2,0.19,2.19,200002,36399558,28b587cf6ecf,4,200,200000
91860f79f079fede859034c7d76a98a2.cnf.xz,station-repacking,UNKNOWN,0,0.073,8.895,vivifysort,0.17,1.97,200002,36399558,28b587cf6ecf,4,200,200000
91860f79f079fede859034c7d76a98a2.cnf.xz,station-repacking,UNKNOWN,0,0.073,8.895,backbone,0.16,1.83,200002,36399558,28b587cf6ecf,4,200,200000
91860f79f079fede859034c7d76a98a2.cnf.xz,station-repacking,UNKNOWN,0,0.073,8.895,sweepbackbone,0.12,1.38,200002,36399558,28b587cf6ecf,4,200,200000
91860f79f079fede859034c7d76a98a2.cnf.xz,station-repacking,UNKNOWN,0,0.073,8.895,extractbinaries,0.12,1.31,200002,36399558,28b587cf6ecf,4,200,200000
91860f79f079fede859034c7d76a98a2.cnf.xz,station-repacking,UNKNOWN,0,0.073,8.895,radix,0.11,1.23,200002,36399558,28b587cf6ecf,4,200,200000
91860f79f079fede859034c7d76a98a2.cnf.xz,station-repacking,UNKNOWN,0,0.073,8.895,vivify3,0.1,1.19,200002,36399558,28b587cf6ecf,4,200,200000
91860f79f079fede859034c7d76a98a2.cnf.xz,station-repacking,UNKNOWN,0,0.073,8.895,transitive,0.08,0.95,200002,36399558,28b587cf6ecf,4,200,200000
91860f79f079fede859034c7d76a98a2.cnf.xz,station-repacking,UNKNOWN,0,0.073,8.895,subsume,0.08,0.88,200002,36399558,28b587cf6ecf,4,200,200000
91860f79f079fede859034c7d76a98a2.cnf.xz,station-repacking,UNKNOWN,0,0.073,8.895,forward,0.08,0.88,200002,36399558,28b587cf6ecf,4,200,200000
91860f79f079fede859034c7d76a98a2.cnf.xz,station-repacking,UNKNOWN,0,0.073,8.895,extractands,0.07,0.83,200002,36399558,28b587cf6ecf,4,200,200000
91860f79f079fede859034c7d76a98a2.cnf.xz,station-repacking,UNKNOWN,0,0.073,8.895,walking,0.07,0.75,200002,36399558,28b587cf6ecf,4,200,200000
91860f79f079fede859034c7d76a98a2.cnf.xz,station-repacking,UNKNOWN,0,0.073,8.895,warmup,0.06,0.7,200002,36399558,28b587cf6ecf,4,200,200000
91860f79f079fede859034c7d76a98a2.cnf.xz,station-repacking,UNKNOWN,0,0.073,8.895,minimize,0.06,0.66,200002,36399558,28b587cf6ecf,4,200,200000
91860f79f079fede859034c7d76a98a2.cnf.xz,station-repacking,UNKNOWN,0,0.073,8.895,parse,0.05,0.59,200002,36399558,28b587cf6ecf,4,200,200000
91860f79f079fede859034c7d76a98a2.cnf.xz,station-repacking,UNKNOWN,0,0.073,8.895,reorder,0.04,0.51,200002,36399558,28b587cf6ecf,4,200,200000
91860f79f079fede859034c7d76a98a2.cnf.xz,station-repacking,UNKNOWN,0,0.073,8.895,sweepequivalences,0.02,0.22,200002,36399558,28b587cf6ecf,4,200,200000
91860f79f079fede859034c7d76a98a2.cnf.xz,station-repacking,UNKNOWN,0,0.073,8.895,lucky,0.02,0.21,200002,36399558,28b587cf6ecf,4,200,200000
91860f79f079fede859034c7d76a98a2.cnf.xz,station-repacking,UNKNOWN,0,0.073,8.895,restart,0.02,0.2,200002,36399558,28b587cf6ecf,4,200,200000
91860f79f079fede859034c7d76a98a2.cnf.xz,station-repacking,UNKNOWN,0,0.073,8.895,defrag,0.01,0.12,200002,36399558,28b587cf6ecf,4,200,200000
91860f79f079fede859034c7d76a98a2.cnf.xz,station-repacking,UNKNOWN,0,0.073,8.895,extractites,0.0,0.02,200002,36399558,28b587cf6ecf,4,200,200000
91860f79f079fede859034c7d76a98a2.cnf.xz,station-repacking,UNKNOWN,0,0.073,8.895,extractxors,0.0,0.01,200002,36399558,28b587cf6ecf,4,200,200000
91860f79f079fede859034c7d76a98a2.cnf.xz,station-repacking,UNKNOWN,0,0.073,8.895,rephase,0.0,0.01,200002,36399558,28b587cf6ecf,4,200,200000
91860f79f079fede859034c7d76a98a2.cnf.xz,station-repacking,UNKNOWN,0,0.073,8.895,merge,0.0,0.0,200002,36399558,28b587cf6ecf,4,200,200000
91860f79f079fede859034c7d76a98a2.cnf.xz,station-repacking,UNKNOWN,0,0.073,8.895,total,8.82,100.0,200002,36399558,28b587cf6ecf,4,200,200000
9d20bb1bd01838d70177ffd3aa284aeb.cnf.xz,miter,SAT,10,0.148,0.320,parse,0.14,76.73,0,593269,28b587cf6ecf,4,200,200000
9d20bb1bd01838d70177ffd3aa284aeb.cnf.xz,miter,SAT,10,0.148,0.320,lucky,0.04,23.14,0,593269,28b587cf6ecf,4,200,200000
9d20bb1bd01838d70177ffd3aa284aeb.cnf.xz,miter,SAT,10,0.148,0.320,propagate,0.04,20.68,0,593269,28b587cf6ecf,4,200,200000
9d20bb1bd01838d70177ffd3aa284aeb.cnf.xz,miter,SAT,10,0.148,0.320,defrag,0.02,12.57,0,593269,28b587cf6ecf,4,200,200000
9d20bb1bd01838d70177ffd3aa284aeb.cnf.xz,miter,SAT,10,0.148,0.320,radix,0.02,9.5,0,593269,28b587cf6ecf,4,200,200000
9d20bb1bd01838d70177ffd3aa284aeb.cnf.xz,miter,SAT,10,0.148,0.320,search,0.0,0.0,0,593269,28b587cf6ecf,4,200,200000
9d20bb1bd01838d70177ffd3aa284aeb.cnf.xz,miter,SAT,10,0.148,0.320,simplify,0.0,0.0,0,593269,28b587cf6ecf,4,200,200000
9d20bb1bd01838d70177ffd3aa284aeb.cnf.xz,miter,SAT,10,0.148,0.320,total,0.18,100.0,0,593269,28b587cf6ecf,4,200,200000
bbcfd33f07cbf6fefa950d8254aa34ce.cnf.xz,ecc-equivalence-checking,SAT,10,5.520,11.848,parse,5.84,87.37,0,12129449,28b587cf6ecf,4,200,200000
bbcfd33f07cbf6fefa950d8254aa34ce.cnf.xz,ecc-equivalence-checking,SAT,10,5.520,11.848,defrag,1.4,20.91,0,12129449,28b587cf6ecf,4,200,200000
bbcfd33f07cbf6fefa950d8254aa34ce.cnf.xz,ecc-equivalence-checking,SAT,10,5.520,11.848,radix,1.24,18.61,0,12129449,28b587cf6ecf,4,200,200000
bbcfd33f07cbf6fefa950d8254aa34ce.cnf.xz,ecc-equivalence-checking,SAT,10,5.520,11.848,propagate,1.01,15.06,0,12129449,28b587cf6ecf,4,200,200000
bbcfd33f07cbf6fefa950d8254aa34ce.cnf.xz,ecc-equivalence-checking,SAT,10,5.520,11.848,lucky,0.84,12.63,0,12129449,28b587cf6ecf,4,200,200000
bbcfd33f07cbf6fefa950d8254aa34ce.cnf.xz,ecc-equivalence-checking,SAT,10,5.520,11.848,search,0.0,0.0,0,12129449,28b587cf6ecf,4,200,200000
bbcfd33f07cbf6fefa950d8254aa34ce.cnf.xz,ecc-equivalence-checking,SAT,10,5.520,11.848,simplify,0.0,0.0,0,12129449,28b587cf6ecf,4,200,200000
bbcfd33f07cbf6fefa950d8254aa34ce.cnf.xz,ecc-equivalence-checking,SAT,10,5.520,11.848,total,6.68,100.0,0,12129449,28b587cf6ecf,4,200,200000
dc7817dfa2817916b266c1cfacd2ee66.cnf.xz,ramsey,UNKNOWN,0,0.019,9.793,search,6.82,69.78,200000,31565178,28b587cf6ecf,4,200,200000
dc7817dfa2817916b266c1cfacd2ee66.cnf.xz,ramsey,UNKNOWN,0,0.019,9.793,propagate,4.99,51.09,200000,31565178,28b587cf6ecf,4,200,200000
dc7817dfa2817916b266c1cfacd2ee66.cnf.xz,ramsey,UNKNOWN,0,0.019,9.793,focused,3.44,35.2,200000,31565178,28b587cf6ecf,4,200,200000
dc7817dfa2817916b266c1cfacd2ee66.cnf.xz,ramsey,UNKNOWN,0,0.019,9.793,stable,3.38,34.58,200000,31565178,28b587cf6ecf,4,200,200000
dc7817dfa2817916b266c1cfacd2ee66.cnf.xz,ramsey,UNKNOWN,0,0.019,9.793,simplify,2.82,28.85,200000,31565178,28b587cf6ecf,4,200,200000
dc7817dfa2817916b266c1cfacd2ee66.cnf.xz,ramsey,UNKNOWN,0,0.019,9.793,probe,2.07,21.2,200000,31565178,28b587cf6ecf,4,200,200000
dc7817dfa2817916b266c1cfacd2ee66.cnf.xz,ramsey,UNKNOWN,0,0.019,9.793,analyze,1.67,17.07,200000,31565178,28b587cf6ecf,4,200,200000
dc7817dfa2817916b266c1cfacd2ee66.cnf.xz,ramsey,UNKNOWN,0,0.019,9.793,vivify,1.03,10.54,200000,31565178,28b587cf6ecf,4,200,200000
dc7817dfa2817916b266c1cfacd2ee66.cnf.xz,ramsey,UNKNOWN,0,0.019,9.793,eliminate,0.83,8.53,200000,31565178,28b587cf6ecf,4,200,200000
dc7817dfa2817916b266c1cfacd2ee66.cnf.xz,ramsey,UNKNOWN,0,0.019,9.793,sweep,0.55,5.63,200000,31565178,28b587cf6ecf,4,200,200000
dc7817dfa2817916b266c1cfacd2ee66.cnf.xz,ramsey,UNKNOWN,0,0.019,9.793,shrink,0.42,4.25,200000,31565178,28b587cf6ecf,4,200,200000
dc7817dfa2817916b266c1cfacd2ee66.cnf.xz,ramsey,UNKNOWN,0,0.019,9.793,subsume,0.35,3.63,200000,31565178,28b587cf6ecf,4,200,200000
dc7817dfa2817916b266c1cfacd2ee66.cnf.xz,ramsey,UNKNOWN,0,0.019,9.793,forward,0.35,3.63,200000,31565178,28b587cf6ecf,4,200,200000
dc7817dfa2817916b266c1cfacd2ee66.cnf.xz,ramsey,UNKNOWN,0,0.019,9.793,sort,0.3,3.09,200000,31565178,28b587cf6ecf,4,200,200000
dc7817dfa2817916b266c1cfacd2ee66.cnf.xz,ramsey,UNKNOWN,0,0.019,9.793,vivify2,0.3,3.08,200000,31565178,28b587cf6ecf,4,200,200000
dc7817dfa2817916b266c1cfacd2ee66.cnf.xz,ramsey,UNKNOWN,0,0.019,9.793,deduce,0.29,2.94,200000,31565178,28b587cf6ecf,4,200,200000
dc7817dfa2817916b266c1cfacd2ee66.cnf.xz,ramsey,UNKNOWN,0,0.019,9.793,vivify1,0.29,2.93,200000,31565178,28b587cf6ecf,4,200,200000
dc7817dfa2817916b266c1cfacd2ee66.cnf.xz,ramsey,UNKNOWN,0,0.019,9.793,definition,0.27,2.76,200000,31565178,28b587cf6ecf,4,200,200000
dc7817dfa2817916b266c1cfacd2ee66.cnf.xz,ramsey,UNKNOWN,0,0.019,9.793,vivify0,0.26,2.62,200000,31565178,28b587cf6ecf,4,200,200000
dc7817dfa2817916b266c1cfacd2ee66.cnf.xz,ramsey,UNKNOWN,0,0.019,9.793,bump,0.26,2.61,200000,31565178,28b587cf6ecf,4,200,200000
dc7817dfa2817916b266c1cfacd2ee66.cnf.xz,ramsey,UNKNOWN,0,0.019,9.793,vivifysort,0.23,2.32,200000,31565178,28b587cf6ecf,4,200,200000
dc7817dfa2817916b266c1cfacd2ee66.cnf.xz,ramsey,UNKNOWN,0,0.019,9.793,sweepbackbone,0.2,2.0,200000,31565178,28b587cf6ecf,4,200,200000
dc7817dfa2817916b266c1cfacd2ee66.cnf.xz,ramsey,UNKNOWN,0,0.019,9.793,vivify3,0.19,1.91,200000,31565178,28b587cf6ecf,4,200,200000
dc7817dfa2817916b266c1cfacd2ee66.cnf.xz,ramsey,UNKNOWN,0,0.019,9.793,decide,0.18,1.8,200000,31565178,28b587cf6ecf,4,200,200000
dc7817dfa2817916b266c1cfacd2ee66.cnf.xz,ramsey,UNKNOWN,0,0.019,9.793,substitute,0.17,1.69,200000,31565178,28b587cf6ecf,4,200,200000
dc7817dfa2817916b266c1cfacd2ee66.cnf.xz,ramsey,UNKNOWN,0,0.019,9.793,congruence,0.15,1.54,200000,31565178,28b587cf6ecf,4,200,200000
dc7817dfa2817916b266c1cfacd2ee66.cnf.xz,ramsey,UNKNOWN,0,0.019,9.793,sweepequivalences,0.14,1.48,200000,31565178,28b587cf6ecf,4,200,200000
dc7817dfa2817916b266c1cfacd2ee66.cnf.xz,ramsey,UNKNOWN,0,0.019,9.793,factor,0.14,1.42,200000,31565178,28b587cf6ecf,4,200,200000
dc7817dfa2817916b266c1cfacd2ee66.cnf.xz,ramsey,UNKNOWN,0,0.019,9.793,preprocess,0.11,1.12,200000,31565178,28b587cf6ecf,4,200,200000
dc7817dfa2817916b266c1cfacd2ee66.cnf.xz,ramsey,UNKNOWN,0,0.019,9.793,reduce,0.11,1.11,200000,31565178,28b587cf6ecf,4,200,200000
dc7817dfa2817916b266c1cfacd2ee66.cnf.xz,ramsey,UNKNOWN,0,0.019,9.793,collect,0.1,1.07,200000,31565178,28b587cf6ecf,4,200,200000
dc7817dfa2817916b266c1cfacd2ee66.cnf.xz,ramsey,UNKNOWN,0,0.019,9.793,extract,0.1,1.0,200000,31565178,28b587cf6ecf,4,200,200000
dc7817dfa2817916b266c1cfacd2ee66.cnf.xz,ramsey,UNKNOWN,0,0.019,9.793,radix,0.09,0.94,200000,31565178,28b587cf6ecf,4,200,200000
dc7817dfa2817916b266c1cfacd2ee66.cnf.xz,ramsey,UNKNOWN,0,0.019,9.793,minimize,0.06,0.57,200000,31565178,28b587cf6ecf,4,200,200000
dc7817dfa2817916b266c1cfacd2ee66.cnf.xz,ramsey,UNKNOWN,0,0.019,9.793,matching,0.05,0.53,200000,31565178,28b587cf6ecf,4,200,200000
dc7817dfa2817916b266c1cfacd2ee66.cnf.xz,ramsey,UNKNOWN,0,0.019,9.793,extractands,0.04,0.41,200000,31565178,28b587cf6ecf,4,200,200000
dc7817dfa2817916b266c1cfacd2ee66.cnf.xz,ramsey,UNKNOWN,0,0.019,9.793,transitive,0.03,0.26,200000,31565178,28b587cf6ecf,4,200,200000
dc7817dfa2817916b266c1cfacd2ee66.cnf.xz,ramsey,UNKNOWN,0,0.019,9.793,extractites,0.02,0.23,200000,31565178,28b587cf6ecf,4,200,200000
dc7817dfa2817916b266c1cfacd2ee66.cnf.xz,ramsey,UNKNOWN,0,0.019,9.793,parse,0.02,0.21,200000,31565178,28b587cf6ecf,4,200,200000
dc7817dfa2817916b266c1cfacd2ee66.cnf.xz,ramsey,UNKNOWN,0,0.019,9.793,extractbinaries,0.02,0.19,200000,31565178,28b587cf6ecf,4,200,200000
dc7817dfa2817916b266c1cfacd2ee66.cnf.xz,ramsey,UNKNOWN,0,0.019,9.793,walking,0.02,0.18,200000,31565178,28b587cf6ecf,4,200,200000
dc7817dfa2817916b266c1cfacd2ee66.cnf.xz,ramsey,UNKNOWN,0,0.019,9.793,defrag,0.02,0.18,200000,31565178,28b587cf6ecf,4,200,200000
dc7817dfa2817916b266c1cfacd2ee66.cnf.xz,ramsey,UNKNOWN,0,0.019,9.793,backbone,0.01,0.12,200000,31565178,28b587cf6ecf,4,200,200000
dc7817dfa2817916b266c1cfacd2ee66.cnf.xz,ramsey,UNKNOWN,0,0.019,9.793,restart,0.01,0.09,200000,31565178,28b587cf6ecf,4,200,200000
dc7817dfa2817916b266c1cfacd2ee66.cnf.xz,ramsey,UNKNOWN,0,0.019,9.793,warmup,0.01,0.09,200000,31565178,28b587cf6ecf,4,200,200000
dc7817dfa2817916b266c1cfacd2ee66.cnf.xz,ramsey,UNKNOWN,0,0.019,9.793,extractxors,0.01,0.08,200000,31565178,28b587cf6ecf,4,200,200000
dc7817dfa2817916b266c1cfacd2ee66.cnf.xz,ramsey,UNKNOWN,0,0.019,9.793,reorder,0.01,0.08,200000,31565178,28b587cf6ecf,4,200,200000
dc7817dfa2817916b266c1cfacd2ee66.cnf.xz,ramsey,UNKNOWN,0,0.019,9.793,lucky,0.0,0.03,200000,31565178,28b587cf6ecf,4,200,200000
dc7817dfa2817916b266c1cfacd2ee66.cnf.xz,ramsey,UNKNOWN,0,0.019,9.793,rephase,0.0,0.0,200000,31565178,28b587cf6ecf,4,200,200000
dc7817dfa2817916b266c1cfacd2ee66.cnf.xz,ramsey,UNKNOWN,0,0.019,9.793,merge,0.0,0.0,200000,31565178,28b587cf6ecf,4,200,200000
dc7817dfa2817916b266c1cfacd2ee66.cnf.xz,ramsey,UNKNOWN,0,0.019,9.793,total,9.77,100.0,200000,31565178,28b587cf6ecf,4,200,200000
e55a49d8065d65650f24c0f3ecef30b6.cnf.xz,maxsat-optimum,UNKNOWN,0,0.102,28.845,search,21.86,76.04,200000,348589422,28b587cf6ecf,4,200,200000
e55a49d8065d65650f24c0f3ecef30b6.cnf.xz,maxsat-optimum,UNKNOWN,0,0.102,28.845,propagate,19.46,67.69,200000,348589422,28b587cf6ecf,4,200,200000
e55a49d8065d65650f24c0f3ecef30b6.cnf.xz,maxsat-optimum,UNKNOWN,0,0.102,28.845,focused,11.14,38.74,200000,348589422,28b587cf6ecf,4,200,200000
e55a49d8065d65650f24c0f3ecef30b6.cnf.xz,maxsat-optimum,UNKNOWN,0,0.102,28.845,stable,10.72,37.29,200000,348589422,28b587cf6ecf,4,200,200000
e55a49d8065d65650f24c0f3ecef30b6.cnf.xz,maxsat-optimum,UNKNOWN,0,0.102,28.845,simplify,6.35,22.09,200000,348589422,28b587cf6ecf,4,200,200000
e55a49d8065d65650f24c0f3ecef30b6.cnf.xz,maxsat-optimum,UNKNOWN,0,0.102,28.845,probe,6.17,21.48,200000,348589422,28b587cf6ecf,4,200,200000
e55a49d8065d65650f24c0f3ecef30b6.cnf.xz,maxsat-optimum,UNKNOWN,0,0.102,28.845,vivify,3.81,13.26,200000,348589422,28b587cf6ecf,4,200,200000
e55a49d8065d65650f24c0f3ecef30b6.cnf.xz,maxsat-optimum,UNKNOWN,0,0.102,28.845,analyze,3.38,11.76,200000,348589422,28b587cf6ecf,4,200,200000
e55a49d8065d65650f24c0f3ecef30b6.cnf.xz,maxsat-optimum,UNKNOWN,0,0.102,28.845,vivify0,1.45,5.05,200000,348589422,28b587cf6ecf,4,200,200000
e55a49d8065d65650f24c0f3ecef30b6.cnf.xz,maxsat-optimum,UNKNOWN,0,0.102,28.845,vivify2,0.99,3.43,200000,348589422,28b587cf6ecf,4,200,200000
e55a49d8065d65650f24c0f3ecef30b6.cnf.xz,maxsat-optimum,UNKNOWN,0,0.102,28.845,shrink,0.92,3.2,200000,348589422,28b587cf6ecf,4,200,200000
e55a49d8065d65650f24c0f3ecef30b6.cnf.xz,maxsat-optimum,UNKNOWN,0,0.102,28.845,vivify1,0.9,3.14,200000,348589422,28b587cf6ecf,4,200,200000
e55a49d8065d65650f24c0f3ecef30b6.cnf.xz,maxsat-optimum,UNKNOWN,0,0.102,28.845,factor,0.86,2.98,200000,348589422,28b587cf6ecf,4,200,200000
e55a49d8065d65650f24c0f3ecef30b6.cnf.xz,maxsat-optimum,UNKNOWN,0,0.102,28.845,sweep,0.52,1.82,200000,348589422,28b587cf6ecf,4,200,200000
e55a49d8065d65650f24c0f3ecef30b6.cnf.xz,maxsat-optimum,UNKNOWN,0,0.102,28.845,deduce,0.51,1.77,200000,348589422,28b587cf6ecf,4,200,200000
e55a49d8065d65650f24c0f3ecef30b6.cnf.xz,maxsat-optimum,UNKNOWN,0,0.102,28.845,eliminate,0.49,1.69,200000,348589422,28b587cf6ecf,4,200,200000
e55a49d8065d65650f24c0f3ecef30b6.cnf.xz,maxsat-optimum,UNKNOWN,0,0.102,28.845,vivify3,0.47,1.64,200000,348589422,28b587cf6ecf,4,200,200000
e55a49d8065d65650f24c0f3ecef30b6.cnf.xz,maxsat-optimum,UNKNOWN,0,0.102,28.845,sort,0.43,1.51,200000,348589422,28b587cf6ecf,4,200,200000
e55a49d8065d65650f24c0f3ecef30b6.cnf.xz,maxsat-optimum,UNKNOWN,0,0.102,28.845,bump,0.43,1.49,200000,348589422,28b587cf6ecf,4,200,200000
e55a49d8065d65650f24c0f3ecef30b6.cnf.xz,maxsat-optimum,UNKNOWN,0,0.102,28.845,decide,0.4,1.4,200000,348589422,28b587cf6ecf,4,200,200000
e55a49d8065d65650f24c0f3ecef30b6.cnf.xz,maxsat-optimum,UNKNOWN,0,0.102,28.845,substitute,0.4,1.39,200000,348589422,28b587cf6ecf,4,200,200000
e55a49d8065d65650f24c0f3ecef30b6.cnf.xz,maxsat-optimum,UNKNOWN,0,0.102,28.845,preprocess,0.4,1.38,200000,348589422,28b587cf6ecf,4,200,200000
e55a49d8065d65650f24c0f3ecef30b6.cnf.xz,maxsat-optimum,UNKNOWN,0,0.102,28.845,restart,0.23,0.81,200000,348589422,28b587cf6ecf,4,200,200000
e55a49d8065d65650f24c0f3ecef30b6.cnf.xz,maxsat-optimum,UNKNOWN,0,0.102,28.845,reduce,0.22,0.78,200000,348589422,28b587cf6ecf,4,200,200000
e55a49d8065d65650f24c0f3ecef30b6.cnf.xz,maxsat-optimum,UNKNOWN,0,0.102,28.845,collect,0.21,0.74,200000,348589422,28b587cf6ecf,4,200,200000
e55a49d8065d65650f24c0f3ecef30b6.cnf.xz,maxsat-optimum,UNKNOWN,0,0.102,28.845,transitive,0.21,0.73,200000,348589422,28b587cf6ecf,4,200,200000
e55a49d8065d65650f24c0f3ecef30b6.cnf.xz,maxsat-optimum,UNKNOWN,0,0.102,28.845,congruence,0.19,0.67,200000,348589422,28b587cf6ecf,4,200,200000
e55a49d8065d65650f24c0f3ecef30b6.cnf.xz,maxsat-optimum,UNKNOWN,0,0.102,28.845,sweepbackbone,0.19,0.66,200000,348589422,28b587cf6ecf,4,200,200000
e55a49d8065d65650f24c0f3ecef30b6.cnf.xz,maxsat-optimum,UNKNOWN,0,0.102,28.845,vivifysort,0.18,0.64,200000,348589422,28b587cf6ecf,4,200,200000
e55a49d8065d65650f24c0f3ecef30b6.cnf.xz,maxsat-optimum,UNKNOWN,0,0.102,28.845,backbone,0.18,0.63,200000,348589422,28b587cf6ecf,4,200,200000
e55a49d8065d65650f24c0f3ecef30b6.cnf.xz,maxsat-optimum,UNKNOWN,0,0.102,28.845,extract,0.18,0.63,200000,348589422,28b587cf6ecf,4,200,200000
e55a49d8065d65650f24c0f3ecef30b6.cnf.xz,maxsat-optimum,UNKNOWN,0,0.102,28.845,subsume,0.15,0.53,200000,348589422,28b587cf6ecf,4,200,200000
e55a49d8065d65650f24c0f3ecef30b6.cnf.xz,maxsat-optimum,UNKNOWN,0,0.102,28.845,forward,0.15,0.53,200000,348589422,28b587cf6ecf,4,200,200000
e55a49d8065d65650f24c0f3ecef30b6.cnf.xz,maxsat-optimum,UNKNOWN,0,0.102,28.845,definition,0.1,0.34,200000,348589422,28b587cf6ecf,4,200,200000
e55a49d8065d65650f24c0f3ecef30b6.cnf.xz,maxsat-optimum,UNKNOWN,0,0.102,28.845,radix,0.1,0.34,200000,348589422,28b587cf6ecf,4,200,200000
e55a49d8065d65650f24c0f3ecef30b6.cnf.xz,maxsat-optimum,UNKNOWN,0,0.102,28.845,lucky,0.09,0.33,200000,348589422,28b587cf6ecf,4,200,200000
e55a49d8065d65650f24c0f3ecef30b6.cnf.xz,maxsat-optimum,UNKNOWN,0,0.102,28.845,sweepequivalences,0.09,0.32,200000,348589422,28b587cf6ecf,4,200,200000
e55a49d8065d65650f24c0f3ecef30b6.cnf.xz,maxsat-optimum,UNKNOWN,0,0.102,28.845,walking,0.09,0.3,200000,348589422,28b587cf6ecf,4,200,200000
e55a49d8065d65650f24c0f3ecef30b6.cnf.xz,maxsat-optimum,UNKNOWN,0,0.102,28.845,extractbinaries,0.07,0.26,200000,348589422,28b587cf6ecf,4,200,200000
e55a49d8065d65650f24c0f3ecef30b6.cnf.xz,maxsat-optimum,UNKNOWN,0,0.102,28.845,minimize,0.07,0.23,200000,348589422,28b587cf6ecf,4,200,200000
e55a49d8065d65650f24c0f3ecef30b6.cnf.xz,maxsat-optimum,UNKNOWN,0,0.102,28.845,extractands,0.07,0.23,200000,348589422,28b587cf6ecf,4,200,200000
e55a49d8065d65650f24c0f3ecef30b6.cnf.xz,maxsat-optimum,UNKNOWN,0,0.102,28.845,warmup,0.06,0.19,200000,348589422,28b587cf6ecf,4,200,200000
e55a49d8065d65650f24c0f3ecef30b6.cnf.xz,maxsat-optimum,UNKNOWN,0,0.102,28.845,parse,0.05,0.17,200000,348589422,28b587cf6ecf,4,200,200000
e55a49d8065d65650f24c0f3ecef30b6.cnf.xz,maxsat-optimum,UNKNOWN,0,0.102,28.845,reorder,0.04,0.13,200000,348589422,28b587cf6ecf,4,200,200000
e55a49d8065d65650f24c0f3ecef30b6.cnf.xz,maxsat-optimum,UNKNOWN,0,0.102,28.845,defrag,0.01,0.04,200000,348589422,28b587cf6ecf,4,200,200000
e55a49d8065d65650f24c0f3ecef30b6.cnf.xz,maxsat-optimum,UNKNOWN,0,0.102,28.845,extractxors,0.01,0.03,200000,348589422,28b587cf6ecf,4,200,200000
e55a49d8065d65650f24c0f3ecef30b6.cnf.xz,maxsat-optimum,UNKNOWN,0,0.102,28.845,extractites,0.01,0.02,200000,348589422,28b587cf6ecf,4,200,200000
e55a49d8065d65650f24c0f3ecef30b6.cnf.xz,maxsat-optimum,UNKNOWN,0,0.102,28.845,rephase,0.0,0.0,200000,348589422,28b587cf6ecf,4,200,200000
e55a49d8065d65650f24c0f3ecef30b6.cnf.xz,maxsat-optimum,UNKNOWN,0,0.102,28.845,merge,0.0,0.0,200000,348589422,28b587cf6ecf,4,200,200000
e55a49d8065d65650f24c0f3ecef30b6.cnf.xz,maxsat-optimum,UNKNOWN,0,0.102,28.845,total,28.75,100.0,200000,348589422,28b587cf6ecf,4,200,200000
e85fb114c33f450dc2622c78bc6fa019.cnf.xz,miter,ERROR,-6,13.109,52.656,parse,11.25,100.0,0,5921797,28b587cf6ecf,4,200,200000
e85fb114c33f450dc2622c78bc6fa019.cnf.xz,miter,ERROR,-6,13.109,52.656,propagate,1.6,14.24,0,5921797,28b587cf6ecf,4,200,200000
e85fb114c33f450dc2622c78bc6fa019.cnf.xz,miter,ERROR,-6,13.109,52.656,search,0.0,0.0,0,5921797,28b587cf6ecf,4,200,200000
e85fb114c33f450dc2622c78bc6fa019.cnf.xz,miter,ERROR,-6,13.109,52.656,simplify,0.0,0.0,0,5921797,28b587cf6ecf,4,200,200000
e85fb114c33f450dc2622c78bc6fa019.cnf.xz,miter,ERROR,-6,13.109,52.656,total,11.25,100.0,0,5921797,28b587cf6ecf,4,200,200000
f497bda3018958d7ba2d1cd99da3982e.cnf.xz,graph-coloring,UNKNOWN,0,0.003,4.354,search,3.65,84.05,200001,18564554,28b587cf6ecf,4,200,200000
f497bda3018958d7ba2d1cd99da3982e.cnf.xz,graph-coloring,UNKNOWN,0,0.003,4.354,focused,2.08,47.75,200001,18564554,28b587cf6ecf,4,200,200000
f497bda3018958d7ba2d1cd99da3982e.cnf.xz,graph-coloring,UNKNOWN,0,0.003,4.354,propagate,1.97,45.23,200001,18564554,28b587cf6ecf,4,200,200000
f497bda3018958d7ba2d1cd99da3982e.cnf.xz,graph-coloring,UNKNOWN,0,0.003,4.354,stable,1.58,36.3,200001,18564554,28b587cf6ecf,4,200,200000
f497bda3018958d7ba2d1cd99da3982e.cnf.xz,graph-coloring,UNKNOWN,0,0.003,4.354,analyze,1.4,32.12,200001,18564554,28b587cf6ecf,4,200,200000
f497bda3018958d7ba2d1cd99da3982e.cnf.xz,graph-coloring,UNKNOWN,0,0.003,4.354,simplify,0.65,14.96,200001,18564554,28b587cf6ecf,4,200,200000
f497bda3018958d7ba2d1cd99da3982e.cnf.xz,graph-coloring,UNKNOWN,0,0.003,4.354,probe,0.6,13.88,200001,18564554,28b587cf6ecf,4,200,200000
f497bda3018958d7ba2d1cd99da3982e.cnf.xz,graph-coloring,UNKNOWN,0,0.003,4.354,vivify,0.37,8.55,200001,18564554,28b587cf6ecf,4,200,200000
f497bda3018958d7ba2d1cd99da3982e.cnf.xz,graph-coloring,UNKNOWN,0,0.003,4.354,shrink,0.29,6.62,200001,18564554,28b587cf6ecf,4,200,200000
f497bda3018958d7ba2d1cd99da3982e.cnf.xz,graph-coloring,UNKNOWN,0,0.003,4.354,bump,0.27,6.16,200001,18564554,28b587cf6ecf,4,200,200000
f497bda3018958d7ba2d1cd99da3982e.cnf.xz,graph-coloring,UNKNOWN,0,0.003,4.354,deduce,0.22,5.1,200001,18564554,28b587cf6ecf,4,200,200000
f497bda3018958d7ba2d1cd99da3982e.cnf.xz,graph-coloring,UNKNOWN,0,0.003,4.354,sort,0.21,4.77,200001,18564554,28b587cf6ecf,4,200,200000
f497bda3018958d7ba2d1cd99da3982e.cnf.xz,graph-coloring,UNKNOWN,0,0.003,4.354,vivify1,0.17,4.01,200001,18564554,28b587cf6ecf,4,200,200000
f497bda3018958d7ba2d1cd99da3982e.cnf.xz,graph-coloring,UNKNOWN,0,0.003,4.354,vivifysort,0.14,3.13,200001,18564554,28b587cf6ecf,4,200,200000
f497bda3018958d7ba2d1cd99da3982e.cnf.xz,graph-coloring,UNKNOWN,0,0.003,4.354,sweep,0.12,2.83,200001,18564554,28b587cf6ecf,4,200,200000
f497bda3018958d7ba2d1cd99da3982e.cnf.xz,graph-coloring,UNKNOWN,0,0.003,4.354,vivify2,0.12,2.67,200001,18564554,28b587cf6ecf,4,200,200000
f497bda3018958d7ba2d1cd99da3982e.cnf.xz,graph-coloring,UNKNOWN,0,0.003,4.354,radix,0.1,2.35,200001,18564554,28b587cf6ecf,4,200,200000
f497bda3018958d7ba2d1cd99da3982e.cnf.xz,graph-coloring,UNKNOWN,0,0.003,4.354,reduce,0.1,2.22,200001,18564554,28b587cf6ecf,4,200,200000
f497bda3018958d7ba2d1cd99da3982e.cnf.xz,graph-coloring,UNKNOWN,0,0.003,4.354,sweepbackbone,0.09,2.18,200001,18564554,28b587cf6ecf,4,200,200000
f497bda3018958d7ba2d1cd99da3982e.cnf.xz,graph-coloring,UNKNOWN,0,0.003,4.354,decide,0.09,2.06,200001,18564554,28b587cf6ecf,4,200,200000
f497bda3018958d7ba2d1cd99da3982e.cnf.xz,graph-coloring,UNKNOWN,0,0.003,4.354,collect,0.09,2.01,200001,18564554,28b587cf6ecf,4,200,200000
f497bda3018958d7ba2d1cd99da3982e.cnf.xz,graph-coloring,UNKNOWN,0,0.003,4.354,eliminate,0.08,1.77,200001,18564554,28b587cf6ecf,4,200,200000
f497bda3018958d7ba2d1cd99da3982e.cnf.xz,graph-coloring,UNKNOWN,0,0.003,4.354,minimize,0.06,1.33,200001,18564554,28b587cf6ecf,4,200,200000
f497bda3018958d7ba2d1cd99da3982e.cnf.xz,graph-coloring,UNKNOWN,0,0.003,4.354,vivify3,0.05,1.25,200001,18564554,28b587cf6ecf,4,200,200000
f497bda3018958d7ba2d1cd99da3982e.cnf.xz,graph-coloring,UNKNOWN,0,0.003,4.354,preprocess,0.04,0.9,200001,18564554,28b587cf6ecf,4,200,200000
f497bda3018958d7ba2d1cd99da3982e.cnf.xz,graph-coloring,UNKNOWN,0,0.003,4.354,factor,0.04,0.86,200001,18564554,28b587cf6ecf,4,200,200000
f497bda3018958d7ba2d1cd99da3982e.cnf.xz,graph-coloring,UNKNOWN,0,0.003,4.354,definition,0.03,0.79,200001,18564554,28b587cf6ecf,4,200,200000
f497bda3018958d7ba2d1cd99da3982e.cnf.xz,graph-coloring,UNKNOWN,0,0.003,4.354,substitute,0.03,0.72,200001,18564554,28b587cf6ecf,4,200,200000
f497bda3018958d7ba2d1cd99da3982e.cnf.xz,graph-coloring,UNKNOWN,0,0.003,4.354,vivify0,0.03,0.62,200001,18564554,28b587cf6ecf,4,200,200000
f497bda3018958d7ba2d1cd99da3982e.cnf.xz,graph-coloring,UNKNOWN,0,0.003,4.354,transitive,0.02,0.36,200001,18564554,28b587cf6ecf,4,200,200000
f497bda3018958d7ba2d1cd99da3982e.cnf.xz,graph-coloring,UNKNOWN,0,0.003,4.354,backbone,0.01,0.34,200001,18564554,28b587cf6ecf,4,200,200000
f497bda3018958d7ba2d1cd99da3982e.cnf.xz,graph-coloring,UNKNOWN,0,0.003,4.354,congruence,0.01,0.22,200001,18564554,28b587cf6ecf,4,200,200000
f497bda3018958d7ba2d1cd99da3982e.cnf.xz,graph-coloring,UNKNOWN,0,0.003,4.354,walking,0.01,0.21,200001,18564554,28b587cf6ecf,4,200,200000
f497bda3018958d7ba2d1cd99da3982e.cnf.xz,graph-coloring,UNKNOWN,0,0.003,4.354,extract,0.01,0.2,200001,18564554,28b587cf6ecf,4,200,200000
f497bda3018958d7ba2d1cd99da3982e.cnf.xz,graph-coloring,UNKNOWN,0,0.003,4.354,sweepequivalences,0.01,0.17,200001,18564554,28b587cf6ecf,4,200,200000
f497bda3018958d7ba2d1cd99da3982e.cnf.xz,graph-coloring,UNKNOWN,0,0.003,4.354,subsume,0.01,0.14,200001,18564554,28b587cf6ecf,4,200,200000
f497bda3018958d7ba2d1cd99da3982e.cnf.xz,graph-coloring,UNKNOWN,0,0.003,4.354,forward,0.01,0.14,200001,18564554,28b587cf6ecf,4,200,200000
f497bda3018958d7ba2d1cd99da3982e.cnf.xz,graph-coloring,UNKNOWN,0,0.003,4.354,extractbinaries,0.0,0.1,200001,18564554,28b587cf6ecf,4,200,200000
f497bda3018958d7ba2d1cd99da3982e.cnf.xz,graph-coloring,UNKNOWN,0,0.003,4.354,defrag,0.0,0.1,200001,18564554,28b587cf6ecf,4,200,200000
f497bda3018958d7ba2d1cd99da3982e.cnf.xz,graph-coloring,UNKNOWN,0,0.003,4.354,warmup,0.0,0.09,200001,18564554,28b587cf6ecf,4,200,200000
f497bda3018958d7ba2d1cd99da3982e.cnf.xz,graph-coloring,UNKNOWN,0,0.003,4.354,extractands,0.0,0.06,200001,18564554,28b587cf6ecf,4,200,200000
f497bda3018958d7ba2d1cd99da3982e.cnf.xz,graph-coloring,UNKNOWN,0,0.003,4.354,reorder,0.0,0.05,200001,18564554,28b587cf6ecf,4,200,200000
f497bda3018958d7ba2d1cd99da3982e.cnf.xz,graph-coloring,UNKNOWN,0,0.003,4.354,parse,0.0,0.05,200001,18564554,28b587cf6ecf,4,200,200000
f497bda3018958d7ba2d1cd99da3982e.cnf.xz,graph-coloring,UNKNOWN,0,0.003,4.354,lucky,0.0,0.04,200001,18564554,28b587cf6ecf,4,200,200000
f497bda3018958d7ba2d1cd99da3982e.cnf.xz,graph-coloring,UNKNOWN,0,0.003,4.354,restart,0.0,0.04,200001,18564554,28b587cf6ecf,4,200,200000
f497bda3018958d7ba2d1cd99da3982e.cnf.xz,graph-coloring,UNKNOWN,0,0.003,4.354,rephase,0.0,0.0,200001,18564554,28b587cf6ecf,4,200,200000
f497bda3018958d7ba2d1cd99da3982e.cnf.xz,graph-coloring,UNKNOWN,0,0.003,4.354,extractites,0.0,0.0,200001,18564554,28b587cf6ecf,4,200,200000
f497bda3018958d7ba2d1cd99da3982e.cnf.xz,graph-coloring,UNKNOWN,0,0.003,4.354,extractxors,0.0,0.0,200001,18564554,28b587cf6ecf,4,200,200000
f497bda3018958d7ba2d1cd99da3982e.cnf.xz,graph-coloring,UNKNOWN,0,0.003,4.354,merge,0.0,0.0,200001,18564554,28b587cf6ecf,4,200,200000
f497bda3018958d7ba2d1cd99da3982e.cnf.xz,graph-coloring,UNKNOWN,0,0.003,4.354,total,4.35,100.0,200001,18564554,28b587cf6ecf,4,200,200000
