instance,family,status,exit_code,xz_s,wall_s,fase,segundos,porcentaje,conflicts,propagations,kissat_sha1,profile,timeout,conflicts_budget
05ed64e4e6229f446082752936768489.cnf.xz,argumentation,UNSAT,20,0.006,179.214,search,165.07,92.19,4694911,247353652,28b587cf6ecf,3,200,
05ed64e4e6229f446082752936768489.cnf.xz,argumentation,UNSAT,20,0.006,179.214,focused,84.58,47.24,4694911,247353652,28b587cf6ecf,3,200,
05ed64e4e6229f446082752936768489.cnf.xz,argumentation,UNSAT,20,0.006,179.214,stable,80.49,44.96,4694911,247353652,28b587cf6ecf,3,200,
05ed64e4e6229f446082752936768489.cnf.xz,argumentation,UNSAT,20,0.006,179.214,analyze,37.55,20.97,4694911,247353652,28b587cf6ecf,3,200,
05ed64e4e6229f446082752936768489.cnf.xz,argumentation,UNSAT,20,0.006,179.214,simplify,13.94,7.78,4694911,247353652,28b587cf6ecf,3,200,
05ed64e4e6229f446082752936768489.cnf.xz,argumentation,UNSAT,20,0.006,179.214,probe,13.62,7.61,4694911,247353652,28b587cf6ecf,3,200,
05ed64e4e6229f446082752936768489.cnf.xz,argumentation,UNSAT,20,0.006,179.214,vivify,10.21,5.7,4694911,247353652,28b587cf6ecf,3,200,
05ed64e4e6229f446082752936768489.cnf.xz,argumentation,UNSAT,20,0.006,179.214,shrink,9.3,5.19,4694911,247353652,28b587cf6ecf,3,200,
05ed64e4e6229f446082752936768489.cnf.xz,argumentation,UNSAT,20,0.006,179.214,deduce,7.43,4.15,4694911,247353652,28b587cf6ecf,3,200,
05ed64e4e6229f446082752936768489.cnf.xz,argumentation,UNSAT,20,0.006,179.214,bump,6.02,3.36,4694911,247353652,28b587cf6ecf,3,200,
05ed64e4e6229f446082752936768489.cnf.xz,argumentation,UNSAT,20,0.006,179.214,vivify2,4.35,2.43,4694911,247353652,28b587cf6ecf,3,200,
05ed64e4e6229f446082752936768489.cnf.xz,argumentation,UNSAT,20,0.006,179.214,vivify1,3.48,1.95,4694911,247353652,28b587cf6ecf,3,200,
05ed64e4e6229f446082752936768489.cnf.xz,argumentation,UNSAT,20,0.006,179.214,sweep,3.02,1.69,4694911,247353652,28b587cf6ecf,3,200,
05ed64e4e6229f446082752936768489.cnf.xz,argumentation,UNSAT,20,0.006,179.214,vivify3,1.87,1.04,4694911,247353652,28b587cf6ecf,3,200,
05ed64e4e6229f446082752936768489.cnf.xz,argumentation,UNSAT,20,0.006,179.214,reduce,1.83,1.02,4694911,247353652,28b587cf6ecf,3,200,
05ed64e4e6229f446082752936768489.cnf.xz,argumentation,UNSAT,20,0.006,179.214,minimize,1.54,0.86,4694911,247353652,28b587cf6ecf,3,200,
05ed64e4e6229f446082752936768489.cnf.xz,argumentation,UNSAT,20,0.006,179.214,collect,1.53,0.86,4694911,247353652,28b587cf6ecf,3,200,
05ed64e4e6229f446082752936768489.cnf.xz,argumentation,UNSAT,20,0.006,179.214,sweepbackbone,1.31,0.73,4694911,247353652,28b587cf6ecf,3,200,
05ed64e4e6229f446082752936768489.cnf.xz,argumentation,UNSAT,20,0.006,179.214,vivify0,0.5,0.28,4694911,247353652,28b587cf6ecf,3,200,
05ed64e4e6229f446082752936768489.cnf.xz,argumentation,UNSAT,20,0.006,179.214,substitute,0.27,0.15,4694911,247353652,28b587cf6ecf,3,200,
05ed64e4e6229f446082752936768489.cnf.xz,argumentation,UNSAT,20,0.006,179.214,walking,0.19,0.1,4694911,247353652,28b587cf6ecf,3,200,
05ed64e4e6229f446082752936768489.cnf.xz,argumentation,UNSAT,20,0.006,179.214,defrag,0.17,0.1,4694911,247353652,28b587cf6ecf,3,200,
05ed64e4e6229f446082752936768489.cnf.xz,argumentation,UNSAT,20,0.006,179.214,eliminate,0.16,0.09,4694911,247353652,28b587cf6ecf,3,200,
05ed64e4e6229f446082752936768489.cnf.xz,argumentation,UNSAT,20,0.006,179.214,sweepequivalences,0.13,0.07,4694911,247353652,28b587cf6ecf,3,200,
05ed64e4e6229f446082752936768489.cnf.xz,argumentation,UNSAT,20,0.006,179.214,factor,0.06,0.03,4694911,247353652,28b587cf6ecf,3,200,
05ed64e4e6229f446082752936768489.cnf.xz,argumentation,UNSAT,20,0.006,179.214,restart,0.06,0.03,4694911,247353652,28b587cf6ecf,3,200,
05ed64e4e6229f446082752936768489.cnf.xz,argumentation,UNSAT,20,0.006,179.214,definition,0.05,0.03,4694911,247353652,28b587cf6ecf,3,200,
05ed64e4e6229f446082752936768489.cnf.xz,argumentation,UNSAT,20,0.006,179.214,preprocess,0.04,0.02,4694911,247353652,28b587cf6ecf,3,200,
05ed64e4e6229f446082752936768489.cnf.xz,argumentation,UNSAT,20,0.006,179.214,transitive,0.04,0.02,4694911,247353652,28b587cf6ecf,3,200,
05ed64e4e6229f446082752936768489.cnf.xz,argumentation,UNSAT,20,0.006,179.214,subsume,0.03,0.02,4694911,247353652,28b587cf6ecf,3,200,
05ed64e4e6229f446082752936768489.cnf.xz,argumentation,UNSAT,20,0.006,179.214,congruence,0.01,0.01,4694911,247353652,28b587cf6ecf,3,200,
05ed64e4e6229f446082752936768489.cnf.xz,argumentation,UNSAT,20,0.006,179.214,extract,0.01,0.01,4694911,247353652,28b587cf6ecf,3,200,
05ed64e4e6229f446082752936768489.cnf.xz,argumentation,UNSAT,20,0.006,179.214,backbone,0.01,0.01,4694911,247353652,28b587cf6ecf,3,200,
05ed64e4e6229f446082752936768489.cnf.xz,argumentation,UNSAT,20,0.006,179.214,reorder,0.01,0.01,4694911,247353652,28b587cf6ecf,3,200,
05ed64e4e6229f446082752936768489.cnf.xz,argumentation,UNSAT,20,0.006,179.214,warmup,0.01,0.0,4694911,247353652,28b587cf6ecf,3,200,
05ed64e4e6229f446082752936768489.cnf.xz,argumentation,UNSAT,20,0.006,179.214,extractands,0.0,0.0,4694911,247353652,28b587cf6ecf,3,200,
05ed64e4e6229f446082752936768489.cnf.xz,argumentation,UNSAT,20,0.006,179.214,parse,0.0,0.0,4694911,247353652,28b587cf6ecf,3,200,
05ed64e4e6229f446082752936768489.cnf.xz,argumentation,UNSAT,20,0.006,179.214,rephase,0.0,0.0,4694911,247353652,28b587cf6ecf,3,200,
05ed64e4e6229f446082752936768489.cnf.xz,argumentation,UNSAT,20,0.006,179.214,extractbinaries,0.0,0.0,4694911,247353652,28b587cf6ecf,3,200,
05ed64e4e6229f446082752936768489.cnf.xz,argumentation,UNSAT,20,0.006,179.214,extractxors,0.0,0.0,4694911,247353652,28b587cf6ecf,3,200,
05ed64e4e6229f446082752936768489.cnf.xz,argumentation,UNSAT,20,0.006,179.214,extractites,0.0,0.0,4694911,247353652,28b587cf6ecf,3,200,
05ed64e4e6229f446082752936768489.cnf.xz,argumentation,UNSAT,20,0.006,179.214,lucky,0.0,0.0,4694911,247353652,28b587cf6ecf,3,200,
05ed64e4e6229f446082752936768489.cnf.xz,argumentation,UNSAT,20,0.006,179.214,matching,0.0,0.0,4694911,247353652,28b587cf6ecf,3,200,
05ed64e4e6229f446082752936768489.cnf.xz,argumentation,UNSAT,20,0.006,179.214,merge,0.0,0.0,4694911,247353652,28b587cf6ecf,3,200,
05ed64e4e6229f446082752936768489.cnf.xz,argumentation,UNSAT,20,0.006,179.214,total,179.04,100.0,4694911,247353652,28b587cf6ecf,3,200,
05eee75ab69270c322b9ef6bc1ee8604.cnf.xz,cryptography,UNKNOWN,0,0.031,200.017,search,159.7,79.96,2074726,808580750,28b587cf6ecf,3,200,
05eee75ab69270c322b9ef6bc1ee8604.cnf.xz,cryptography,UNKNOWN,0,0.031,200.017,focused,82.32,41.22,2074726,808580750,28b587cf6ecf,3,200,
05eee75ab69270c322b9ef6bc1ee8604.cnf.xz,cryptography,UNKNOWN,0,0.031,200.017,stable,77.39,38.75,2074726,808580750,28b587cf6ecf,3,200,
05eee75ab69270c322b9ef6bc1ee8604.cnf.xz,cryptography,UNKNOWN,0,0.031,200.017,simplify,39.8,19.93,2074726,808580750,28b587cf6ecf,3,200,
05eee75ab69270c322b9ef6bc1ee8604.cnf.xz,cryptography,UNKNOWN,0,0.031,200.017,probe,36.73,18.39,2074726,808580750,28b587cf6ecf,3,200,
05eee75ab69270c322b9ef6bc1ee8604.cnf.xz,cryptography,UNKNOWN,0,0.031,200.017,analyze,31.25,15.65,2074726,808580750,28b587cf6ecf,3,200,
05eee75ab69270c322b9ef6bc1ee8604.cnf.xz,cryptography,UNKNOWN,0,0.031,200.017,vivify,18.07,9.05,2074726,808580750,28b587cf6ecf,3,200,
05eee75ab69270c322b9ef6bc1ee8604.cnf.xz,cryptography,UNKNOWN,0,0.031,200.017,sweep,14.68,7.35,2074726,808580750,28b587cf6ecf,3,200,
05eee75ab69270c322b9ef6bc1ee8604.cnf.xz,cryptography,UNKNOWN,0,0.031,200.017,shrink,9.91,4.96,2074726,808580750,28b587cf6ecf,3,200,
05eee75ab69270c322b9ef6bc1ee8604.cnf.xz,cryptography,UNKNOWN,0,0.031,200.017,sweepbackbone,7.45,3.73,2074726,808580750,28b587cf6ecf,3,200,
05eee75ab69270c322b9ef6bc1ee8604.cnf.xz,cryptography,UNKNOWN,0,0.031,200.017,deduce,5.9,2.96,2074726,808580750,28b587cf6ecf,3,200,
05eee75ab69270c322b9ef6bc1ee8604.cnf.xz,cryptography,UNKNOWN,0,0.031,200.017,vivify0,5.04,2.52,2074726,808580750,28b587cf6ecf,3,200,
05eee75ab69270c322b9ef6bc1ee8604.cnf.xz,cryptography,UNKNOWN,0,0.031,200.017,vivify2,5.01,2.51,2074726,808580750,28b587cf6ecf,3,200,
05eee75ab69270c322b9ef6bc1ee8604.cnf.xz,cryptography,UNKNOWN,0,0.031,200.017,vivify1,4.72,2.36,2074726,808580750,28b587cf6ecf,3,200,
05eee75ab69270c322b9ef6bc1ee8604.cnf.xz,cryptography,UNKNOWN,0,0.031,200.017,bump,4.46,2.23,2074726,808580750,28b587cf6ecf,3,200,
05eee75ab69270c322b9ef6bc1ee8604.cnf.xz,cryptography,UNKNOWN,0,0.031,200.017,sweepequivalences,3.55,1.78,2074726,808580750,28b587cf6ecf,3,200,
05eee75ab69270c322b9ef6bc1ee8604.cnf.xz,cryptography,UNKNOWN,0,0.031,200.017,vivify3,3.29,1.65,2074726,808580750,28b587cf6ecf,3,200,
05eee75ab69270c322b9ef6bc1ee8604.cnf.xz,cryptography,UNKNOWN,0,0.031,200.017,eliminate,3.0,1.5,2074726,808580750,28b587cf6ecf,3,200,
05eee75ab69270c322b9ef6bc1ee8604.cnf.xz,cryptography,UNKNOWN,0,0.031,200.017,factor,1.89,0.95,2074726,808580750,28b587cf6ecf,3,200,
05eee75ab69270c322b9ef6bc1ee8604.cnf.xz,cryptography,UNKNOWN,0,0.031,200.017,reduce,1.48,0.74,2074726,808580750,28b587cf6ecf,3,200,
05eee75ab69270c322b9ef6bc1ee8604.cnf.xz,cryptography,UNKNOWN,0,0.031,200.017,collect,1.3,0.65,2074726,808580750,28b587cf6ecf,3,200,
05eee75ab69270c322b9ef6bc1ee8604.cnf.xz,cryptography,UNKNOWN,0,0.031,200.017,substitute,1.29,0.65,2074726,808580750,28b587cf6ecf,3,200,
05eee75ab69270c322b9ef6bc1ee8604.cnf.xz,cryptography,UNKNOWN,0,0.031,200.017,definition,1.15,0.57,2074726,808580750,28b587cf6ecf,3,200,
05eee75ab69270c322b9ef6bc1ee8604.cnf.xz,cryptography,UNKNOWN,0,0.031,200.017,subsume,0.76,0.38,2074726,808580750,28b587cf6ecf,3,200,
05eee75ab69270c322b9ef6bc1ee8604.cnf.xz,cryptography,UNKNOWN,0,0.031,200.017,minimize,0.76,0.38,2074726,808580750,28b587cf6ecf,3,200,
05eee75ab69270c322b9ef6bc1ee8604.cnf.xz,cryptography,UNKNOWN,0,0.031,200.017,congruence,0.44,0.22,2074726,808580750,28b587cf6ecf,3,200,
05eee75ab69270c322b9ef6bc1ee8604.cnf.xz,cryptography,UNKNOWN,0,0.031,200.017,restart,0.35,0.17,2074726,808580750,28b587cf6ecf,3,200,
05eee75ab69270c322b9ef6bc1ee8604.cnf.xz,cryptography,UNKNOWN,0,0.031,200.017,extract,0.35,0.17,2074726,808580750,28b587cf6ecf,3,200,
05eee75ab69270c322b9ef6bc1ee8604.cnf.xz,cryptography,UNKNOWN,0,0.031,200.017,defrag,0.29,0.14,2074726,808580750,28b587cf6ecf,3,200,
05eee75ab69270c322b9ef6bc1ee8604.cnf.xz,cryptography,UNKNOWN,0,0.031,200.017,transitive,0.24,0.12,2074726,808580750,28b587cf6ecf,3,200,
05eee75ab69270c322b9ef6bc1ee8604.cnf.xz,cryptography,UNKNOWN,0,0.031,200.017,walking,0.23,0.11,2074726,808580750,28b587cf6ecf,3,200,
05eee75ab69270c322b9ef6bc1ee8604.cnf.xz,cryptography,UNKNOWN,0,0.031,200.017,preprocess,0.16,0.08,2074726,808580750,28b587cf6ecf,3,200,
05eee75ab69270c322b9ef6bc1ee8604.cnf.xz,cryptography,UNKNOWN,0,0.031,200.017,backbone,0.13,0.06,2074726,808580750,28b587cf6ecf,3,200,
05eee75ab69270c322b9ef6bc1ee8604.cnf.xz,cryptography,UNKNOWN,0,0.031,200.017,extractxors,0.11,0.05,2074726,808580750,28b587cf6ecf,3,200,
05eee75ab69270c322b9ef6bc1ee8604.cnf.xz,cryptography,UNKNOWN,0,0.031,200.017,extractites,0.09,0.05,2074726,808580750,28b587cf6ecf,3,200,
05eee75ab69270c322b9ef6bc1ee8604.cnf.xz,cryptography,UNKNOWN,0,0.031,200.017,reorder,0.07,0.04,2074726,808580750,28b587cf6ecf,3,200,
05eee75ab69270c322b9ef6bc1ee8604.cnf.xz,cryptography,UNKNOWN,0,0.031,200.017,matching,0.07,0.04,2074726,808580750,28b587cf6ecf,3,200,
05eee75ab69270c322b9ef6bc1ee8604.cnf.xz,cryptography,UNKNOWN,0,0.031,200.017,extractands,0.07,0.03,2074726,808580750,28b587cf6ecf,3,200,
05eee75ab69270c322b9ef6bc1ee8604.cnf.xz,cryptography,UNKNOWN,0,0.031,200.017,warmup,0.04,0.02,2074726,808580750,28b587cf6ecf,3,200,
05eee75ab69270c322b9ef6bc1ee8604.cnf.xz,cryptography,UNKNOWN,0,0.031,200.017,extractbinaries,0.03,0.01,2074726,808580750,28b587cf6ecf,3,200,
05eee75ab69270c322b9ef6bc1ee8604.cnf.xz,cryptography,UNKNOWN,0,0.031,200.017,lucky,0.03,0.01,2074726,808580750,28b587cf6ecf,3,200,
05eee75ab69270c322b9ef6bc1ee8604.cnf.xz,cryptography,UNKNOWN,0,0.031,200.017,parse,0.02,0.01,2074726,808580750,28b587cf6ecf,3,200,
05eee75ab69270c322b9ef6bc1ee8604.cnf.xz,cryptography,UNKNOWN,0,0.031,200.017,merge,0.01,0.0,2074726,808580750,28b587cf6ecf,3,200,
05eee75ab69270c322b9ef6bc1ee8604.cnf.xz,cryptography,UNKNOWN,0,0.031,200.017,rephase,0.0,0.0,2074726,808580750,28b587cf6ecf,3,200,
05eee75ab69270c322b9ef6bc1ee8604.cnf.xz,cryptography,UNKNOWN,0,0.031,200.017,total,199.72,100.0,2074726,808580750,28b587cf6ecf,3,200,
06f538d7af257560476f9100e36d4445.cnf.xz,software-verification,SAT,10,0.075,27.646,search,17.21,62.47,293656,152361918,28b587cf6ecf,3,200,
06f538d7af257560476f9100e36d4445.cnf.xz,software-verification,SAT,10,0.075,27.646,simplify,9.95,36.13,293656,152361918,28b587cf6ecf,3,200,
06f538d7af257560476f9100e36d4445.cnf.xz,software-verification,SAT,10,0.075,27.646,focused,8.82,32.03,293656,152361918,28b587cf6ecf,3,200,
06f538d7af257560476f9100e36d4445.cnf.xz,software-verification,SAT,10,0.075,27.646,probe,8.75,31.78,293656,152361918,28b587cf6ecf,3,200,
06f538d7af257560476f9100e36d4445.cnf.xz,software-verification,SAT,10,0.075,27.646,stable,8.38,30.43,293656,152361918,28b587cf6ecf,3,200,
06f538d7af257560476f9100e36d4445.cnf.xz,software-verification,SAT,10,0.075,27.646,analyze,4.92,17.86,293656,152361918,28b587cf6ecf,3,200,
06f538d7af257560476f9100e36d4445.cnf.xz,software-verification,SAT,10,0.075,27.646,sweep,3.7,13.45,293656,152361918,28b587cf6ecf,3,200,
06f538d7af257560476f9100e36d4445.cnf.xz,software-verification,SAT,10,0.075,27.646,vivify,2.83,10.27,293656,152361918,28b587cf6ecf,3,200,
06f538d7af257560476f9100e36d4445.cnf.xz,software-verification,SAT,10,0.075,27.646,sweepbackbone,1.6,5.81,293656,152361918,28b587cf6ecf,3,200,
06f538d7af257560476f9100e36d4445.cnf.xz,software-verification,SAT,10,0.075,27.646,eliminate,1.38,5.0,293656,152361918,28b587cf6ecf,3,200,
06f538d7af257560476f9100e36d4445.cnf.xz,software-verification,SAT,10,0.075,27.646,shrink,1.34,4.88,293656,152361918,28b587cf6ecf,3,200,
06f538d7af257560476f9100e36d4445.cnf.xz,software-verification,SAT,10,0.075,27.646,sweepequivalences,1.31,4.74,293656,152361918,28b587cf6ecf,3,200,
06f538d7af257560476f9100e36d4445.cnf.xz,software-verification,SAT,10,0.075,27.646,deduce,1.29,4.67,293656,152361918,28b587cf6ecf,3,200,
06f538d7af257560476f9100e36d4445.cnf.xz,software-verification,SAT,10,0.075,27.646,bump,0.99,3.6,293656,152361918,28b587cf6ecf,3,200,
06f538d7af257560476f9100e36d4445.cnf.xz,software-verification,SAT,10,0.075,27.646,vivify2,0.87,3.16,293656,152361918,28b587cf6ecf,3,200,
06f538d7af257560476f9100e36d4445.cnf.xz,software-verification,SAT,10,0.075,27.646,congruence,0.79,2.86,293656,152361918,28b587cf6ecf,3,200,
06f538d7af257560476f9100e36d4445.cnf.xz,software-verification,SAT,10,0.075,27.646,vivify1,0.76,2.77,293656,152361918,28b587cf6ecf,3,200,
06f538d7af257560476f9100e36d4445.cnf.xz,software-verification,SAT,10,0.075,27.646,vivify0,0.69,2.51,293656,152361918,28b587cf6ecf,3,200,
06f538d7af257560476f9100e36d4445.cnf.xz,software-verification,SAT,10,0.075,27.646,substitute,0.57,2.06,293656,152361918,28b587cf6ecf,3,200,
06f538d7af257560476f9100e36d4445.cnf.xz,software-verification,SAT,10,0.075,27.646,factor,0.54,1.95,293656,152361918,28b587cf6ecf,3,200,
06f538d7af257560476f9100e36d4445.cnf.xz,software-verification,SAT,10,0.075,27.646,vivify3,0.5,1.83,293656,152361918,28b587cf6ecf,3,200,
06f538d7af257560476f9100e36d4445.cnf.xz,software-verification,SAT,10,0.075,27.646,extract,0.49,1.77,293656,152361918,28b587cf6ecf,3,200,
06f538d7af257560476f9100e36d4445.cnf.xz,software-verification,SAT,10,0.075,27.646,definition,0.43,1.57,293656,152361918,28b587cf6ecf,3,200,
06f538d7af257560476f9100e36d4445.cnf.xz,software-verification,SAT,10,0.075,27.646,matching,0.27,0.97,293656,152361918,28b587cf6ecf,3,200,
06f538d7af257560476f9100e36d4445.cnf.xz,software-verification,SAT,10,0.075,27.646,preprocess,0.26,0.96,293656,152361918,28b587cf6ecf,3,200,
06f538d7af257560476f9100e36d4445.cnf.xz,software-verification,SAT,10,0.075,27.646,collect,0.23,0.83,293656,152361918,28b587cf6ecf,3,200,
06f538d7af257560476f9100e36d4445.cnf.xz,software-verification,SAT,10,0.075,27.646,reduce,0.23,0.82,293656,152361918,28b587cf6ecf,3,200,
06f538d7af257560476f9100e36d4445.cnf.xz,software-verification,SAT,10,0.075,27.646,backbone,0.2,0.71,293656,152361918,28b587cf6ecf,3,200,
06f538d7af257560476f9100e36d4445.cnf.xz,software-verification,SAT,10,0.075,27.646,subsume,0.19,0.69,293656,152361918,28b587cf6ecf,3,200,
06f538d7af257560476f9100e36d4445.cnf.xz,software-verification,SAT,10,0.075,27.646,extractands,0.19,0.68,293656,152361918,28b587cf6ecf,3,200,
06f538d7af257560476f9100e36d4445.cnf.xz,software-verification,SAT,10,0.075,27.646,transitive,0.13,0.47,293656,152361918,28b587cf6ecf,3,200,
06f538d7af257560476f9100e36d4445.cnf.xz,software-verification,SAT,10,0.075,27.646,extractxors,0.11,0.4,293656,152361918,28b587cf6ecf,3,200,
06f538d7af257560476f9100e36d4445.cnf.xz,software-verification,SAT,10,0.075,27.646,minimize,0.1,0.35,293656,152361918,28b587cf6ecf,3,200,
06f538d7af257560476f9100e36d4445.cnf.xz,software-verification,SAT,10,0.075,27.646,walking,0.07,0.26,293656,152361918,28b587cf6ecf,3,200,
06f538d7af257560476f9100e36d4445.cnf.xz,software-verification,SAT,10,0.075,27.646,lucky,0.07,0.24,293656,152361918,28b587cf6ecf,3,200,
06f538d7af257560476f9100e36d4445.cnf.xz,software-verification,SAT,10,0.075,27.646,extractites,0.06,0.21,293656,152361918,28b587cf6ecf,3,200,
06f538d7af257560476f9100e36d4445.cnf.xz,software-verification,SAT,10,0.075,27.646,parse,0.05,0.2,293656,152361918,28b587cf6ecf,3,200,
06f538d7af257560476f9100e36d4445.cnf.xz,software-verification,SAT,10,0.075,27.646,restart,0.05,0.19,293656,152361918,28b587cf6ecf,3,200,
06f538d7af257560476f9100e36d4445.cnf.xz,software-verification,SAT,10,0.075,27.646,extractbinaries,0.05,0.19,293656,152361918,28b587cf6ecf,3,200,
06f538d7af257560476f9100e36d4445.cnf.xz,software-verification,SAT,10,0.075,27.646,reorder,0.04,0.13,293656,152361918,28b587cf6ecf,3,200,
06f538d7af257560476f9100e36d4445.cnf.xz,software-verification,SAT,10,0.075,27.646,defrag,0.03,0.11,293656,152361918,28b587cf6ecf,3,200,
06f538d7af257560476f9100e36d4445.cnf.xz,software-verification,SAT,10,0.075,27.646,warmup,0.03,0.11,293656,152361918,28b587cf6ecf,3,200,
06f538d7af257560476f9100e36d4445.cnf.xz,software-verification,SAT,10,0.075,27.646,merge,0.0,0.01,293656,152361918,28b587cf6ecf,3,200,
06f538d7af257560476f9100e36d4445.cnf.xz,software-verification,SAT,10,0.075,27.646,rephase,0.0,0.0,293656,152361918,28b587cf6ecf,3,200,
06f538d7af257560476f9100e36d4445.cnf.xz,software-verification,SAT,10,0.075,27.646,total,27.54,100.0,293656,152361918,28b587cf6ecf,3,200,
0855033e761d91ae367e867c5a569f9e.cnf.xz,scheduling,UNSAT,20,0.021,138.380,search,104.77,75.83,1931024,479656461,28b587cf6ecf,3,200,
0855033e761d91ae367e867c5a569f9e.cnf.xz,scheduling,UNSAT,20,0.021,138.380,focused,56.04,40.56,1931024,479656461,28b587cf6ecf,3,200,
0855033e761d91ae367e867c5a569f9e.cnf.xz,scheduling,UNSAT,20,0.021,138.380,stable,48.73,35.27,1931024,479656461,28b587cf6ecf,3,200,
0855033e761d91ae367e867c5a569f9e.cnf.xz,scheduling,UNSAT,20,0.021,138.380,simplify,33.02,23.9,1931024,479656461,28b587cf6ecf,3,200,
0855033e761d91ae367e867c5a569f9e.cnf.xz,scheduling,UNSAT,20,0.021,138.380,probe,32.14,23.26,1931024,479656461,28b587cf6ecf,3,200,
0855033e761d91ae367e867c5a569f9e.cnf.xz,scheduling,UNSAT,20,0.021,138.380,analyze,17.14,12.4,1931024,479656461,28b587cf6ecf,3,200,
0855033e761d91ae367e867c5a569f9e.cnf.xz,scheduling,UNSAT,20,0.021,138.380,sweep,15.59,11.28,1931024,479656461,28b587cf6ecf,3,200,
0855033e761d91ae367e867c5a569f9e.cnf.xz,scheduling,UNSAT,20,0.021,138.380,vivify,13.51,9.78,1931024,479656461,28b587cf6ecf,3,200,
0855033e761d91ae367e867c5a569f9e.cnf.xz,scheduling,UNSAT,20,0.021,138.380,sweepbackbone,6.37,4.61,1931024,479656461,28b587cf6ecf,3,200,
0855033e761d91ae367e867c5a569f9e.cnf.xz,scheduling,UNSAT,20,0.021,138.380,sweepequivalences,6.32,4.57,1931024,479656461,28b587cf6ecf,3,200,
0855033e761d91ae367e867c5a569f9e.cnf.xz,scheduling,UNSAT,20,0.021,138.380,vivify2,4.4,3.18,1931024,479656461,28b587cf6ecf,3,200,
0855033e761d91ae367e867c5a569f9e.cnf.xz,scheduling,UNSAT,20,0.021,138.380,shrink,4.01,2.9,1931024,479656461,28b587cf6ecf,3,200,
0855033e761d91ae367e867c5a569f9e.cnf.xz,scheduling,UNSAT,20,0.021,138.380,vivify1,4.0,2.9,1931024,479656461,28b587cf6ecf,3,200,
0855033e761d91ae367e867c5a569f9e.cnf.xz,scheduling,UNSAT,20,0.021,138.380,deduce,3.55,2.57,1931024,479656461,28b587cf6ecf,3,200,
0855033e761d91ae367e867c5a569f9e.cnf.xz,scheduling,UNSAT,20,0.021,138.380,vivify0,3.07,2.22,1931024,479656461,28b587cf6ecf,3,200,
0855033e761d91ae367e867c5a569f9e.cnf.xz,scheduling,UNSAT,20,0.021,138.380,bump,2.6,1.88,1931024,479656461,28b587cf6ecf,3,200,
0855033e761d91ae367e867c5a569f9e.cnf.xz,scheduling,UNSAT,20,0.021,138.380,vivify3,2.04,1.48,1931024,479656461,28b587cf6ecf,3,200,
0855033e761d91ae367e867c5a569f9e.cnf.xz,scheduling,UNSAT,20,0.021,138.380,factor,1.16,0.84,1931024,479656461,28b587cf6ecf,3,200,
0855033e761d91ae367e867c5a569f9e.cnf.xz,scheduling,UNSAT,20,0.021,138.380,reduce,1.15,0.83,1931024,479656461,28b587cf6ecf,3,200,
0855033e761d91ae367e867c5a569f9e.cnf.xz,scheduling,UNSAT,20,0.021,138.380,substitute,1.07,0.78,1931024,479656461,28b587cf6ecf,3,200,
0855033e761d91ae367e867c5a569f9e.cnf.xz,scheduling,UNSAT,20,0.021,138.380,eliminate,1.01,0.73,1931024,479656461,28b587cf6ecf,3,200,
0855033e761d91ae367e867c5a569f9e.cnf.xz,scheduling,UNSAT,20,0.021,138.380,collect,1.01,0.73,1931024,479656461,28b587cf6ecf,3,200,
0855033e761d91ae367e867c5a569f9e.cnf.xz,scheduling,UNSAT,20,0.021,138.380,minimize,0.64,0.46,1931024,479656461,28b587cf6ecf,3,200,
0855033e761d91ae367e867c5a569f9e.cnf.xz,scheduling,UNSAT,20,0.021,138.380,subsume,0.42,0.3,1931024,479656461,28b587cf6ecf,3,200,
0855033e761d91ae367e867c5a569f9e.cnf.xz,scheduling,UNSAT,20,0.021,138.380,congruence,0.4,0.29,1931024,479656461,28b587cf6ecf,3,200,
0855033e761d91ae367e867c5a569f9e.cnf.xz,scheduling,UNSAT,20,0.021,138.380,preprocess,0.35,0.25,1931024,479656461,28b587cf6ecf,3,200,
0855033e761d91ae367e867c5a569f9e.cnf.xz,scheduling,UNSAT,20,0.021,138.380,transitive,0.27,0.2,1931024,479656461,28b587cf6ecf,3,200,
0855033e761d91ae367e867c5a569f9e.cnf.xz,scheduling,UNSAT,20,0.021,138.380,extract,0.26,0.19,1931024,479656461,28b587cf6ecf,3,200,
0855033e761d91ae367e867c5a569f9e.cnf.xz,scheduling,UNSAT,20,0.021,138.380,walking,0.21,0.15,1931024,479656461,28b587cf6ecf,3,200,
0855033e761d91ae367e867c5a569f9e.cnf.xz,scheduling,UNSAT,20,0.021,138.380,definition,0.17,0.12,1931024,479656461,28b587cf6ecf,3,200,
0855033e761d91ae367e867c5a569f9e.cnf.xz,scheduling,UNSAT,20,0.021,138.380,backbone,0.14,0.1,1931024,479656461,28b587cf6ecf,3,200,
0855033e761d91ae367e867c5a569f9e.cnf.xz,scheduling,UNSAT,20,0.021,138.380,matching,0.13,0.09,1931024,479656461,28b587cf6ecf,3,200,
0855033e761d91ae367e867c5a569f9e.cnf.xz,scheduling,UNSAT,20,0.021,138.380,restart,0.11,0.08,1931024,479656461,28b587cf6ecf,3,200,
0855033e761d91ae367e867c5a569f9e.cnf.xz,scheduling,UNSAT,20,0.021,138.380,defrag,0.11,0.08,1931024,479656461,28b587cf6ecf,3,200,
0855033e761d91ae367e867c5a569f9e.cnf.xz,scheduling,UNSAT,20,0.021,138.380,extractands,0.07,0.05,1931024,479656461,28b587cf6ecf,3,200,
0855033e761d91ae367e867c5a569f9e.cnf.xz,scheduling,UNSAT,20,0.021,138.380,extractxors,0.07,0.05,1931024,479656461,28b587cf6ecf,3,200,
0855033e761d91ae367e867c5a569f9e.cnf.xz,scheduling,UNSAT,20,0.021,138.380,reorder,0.05,0.03,1931024,479656461,28b587cf6ecf,3,200,
0855033e761d91ae367e867c5a569f9e.cnf.xz,scheduling,UNSAT,20,0.021,138.380,extractites,0.03,0.02,1931024,479656461,28b587cf6ecf,3,200,
0855033e761d91ae367e867c5a569f9e.cnf.xz,scheduling,UNSAT,20,0.021,138.380,extractbinaries,0.02,0.02,1931024,479656461,28b587cf6ecf,3,200,
0855033e761d91ae367e867c5a569f9e.cnf.xz,scheduling,UNSAT,20,0.021,138.380,warmup,0.02,0.02,1931024,479656461,28b587cf6ecf,3,200,
0855033e761d91ae367e867c5a569f9e.cnf.xz,scheduling,UNSAT,20,0.021,138.380,parse,0.02,0.02,1931024,479656461,28b587cf6ecf,3,200,
0855033e761d91ae367e867c5a569f9e.cnf.xz,scheduling,UNSAT,20,0.021,138.380,lucky,0.0,0.0,1931024,479656461,28b587cf6ecf,3,200,
0855033e761d91ae367e867c5a569f9e.cnf.xz,scheduling,UNSAT,20,0.021,138.380,rephase,0.0,0.0,1931024,479656461,28b587cf6ecf,3,200,
0855033e761d91ae367e867c5a569f9e.cnf.xz,scheduling,UNSAT,20,0.021,138.380,merge,0.0,0.0,1931024,479656461,28b587cf6ecf,3,200,
0855033e761d91ae367e867c5a569f9e.cnf.xz,scheduling,UNSAT,20,0.021,138.380,total,138.16,100.0,1931024,479656461,28b587cf6ecf,3,200,
151e3f6c15130b20ab695722318e64b3.cnf.xz,bitvector,UNKNOWN,0,0.345,200.032,search,100.81,50.6,618808,649305509,28b587cf6ecf,3,200,
151e3f6c15130b20ab695722318e64b3.cnf.xz,bitvector,UNKNOWN,0,0.345,200.032,simplify,96.55,48.46,618808,649305509,28b587cf6ecf,3,200,
151e3f6c15130b20ab695722318e64b3.cnf.xz,bitvector,UNKNOWN,0,0.345,200.032,probe,71.15,35.72,618808,649305509,28b587cf6ecf,3,200,
151e3f6c15130b20ab695722318e64b3.cnf.xz,bitvector,UNKNOWN,0,0.345,200.032,focused,56.92,28.57,618808,649305509,28b587cf6ecf,3,200,
151e3f6c15130b20ab695722318e64b3.cnf.xz,bitvector,UNKNOWN,0,0.345,200.032,stable,43.89,22.03,618808,649305509,28b587cf6ecf,3,200,
151e3f6c15130b20ab695722318e64b3.cnf.xz,bitvector,UNKNOWN,0,0.345,200.032,eliminate,25.17,12.63,618808,649305509,28b587cf6ecf,3,200,
151e3f6c15130b20ab695722318e64b3.cnf.xz,bitvector,UNKNOWN,0,0.345,200.032,vivify,23.16,11.62,618808,649305509,28b587cf6ecf,3,200,
151e3f6c15130b20ab695722318e64b3.cnf.xz,bitvector,UNKNOWN,0,0.345,200.032,sweep,18.13,9.1,618808,649305509,28b587cf6ecf,3,200,
151e3f6c15130b20ab695722318e64b3.cnf.xz,bitvector,UNKNOWN,0,0.345,200.032,factor,11.12,5.58,618808,649305509,28b587cf6ecf,3,200,
151e3f6c15130b20ab695722318e64b3.cnf.xz,bitvector,UNKNOWN,0,0.345,200.032,substitute,9.87,4.95,618808,649305509,28b587cf6ecf,3,200,
151e3f6c15130b20ab695722318e64b3.cnf.xz,bitvector,UNKNOWN,0,0.345,200.032,analyze,8.22,4.13,618808,649305509,28b587cf6ecf,3,200,
151e3f6c15130b20ab695722318e64b3.cnf.xz,bitvector,UNKNOWN,0,0.345,200.032,definition,7.88,3.96,618808,649305509,28b587cf6ecf,3,200,
151e3f6c15130b20ab695722318e64b3.cnf.xz,bitvector,UNKNOWN,0,0.345,200.032,subsume,6.6,3.31,618808,649305509,28b587cf6ecf,3,200,
151e3f6c15130b20ab695722318e64b3.cnf.xz,bitvector,UNKNOWN,0,0.345,200.032,vivify1,6.47,3.25,618808,649305509,28b587cf6ecf,3,200,
151e3f6c15130b20ab695722318e64b3.cnf.xz,bitvector,UNKNOWN,0,0.345,200.032,sweepbackbone,6.31,3.16,618808,649305509,28b587cf6ecf,3,200,
151e3f6c15130b20ab695722318e64b3.cnf.xz,bitvector,UNKNOWN,0,0.345,200.032,vivify2,6.3,3.16,618808,649305509,28b587cf6ecf,3,200,
151e3f6c15130b20ab695722318e64b3.cnf.xz,bitvector,UNKNOWN,0,0.345,200.032,vivify0,6.15,3.09,618808,649305509,28b587cf6ecf,3,200,
151e3f6c15130b20ab695722318e64b3.cnf.xz,bitvector,UNKNOWN,0,0.345,200.032,congruence,5.44,2.73,618808,649305509,28b587cf6ecf,3,200,
151e3f6c15130b20ab695722318e64b3.cnf.xz,bitvector,UNKNOWN,0,0.345,200.032,vivify3,4.23,2.12,618808,649305509,28b587cf6ecf,3,200,
151e3f6c15130b20ab695722318e64b3.cnf.xz,bitvector,UNKNOWN,0,0.345,200.032,sweepequivalences,4.06,2.04,618808,649305509,28b587cf6ecf,3,200,
151e3f6c15130b20ab695722318e64b3.cnf.xz,bitvector,UNKNOWN,0,0.345,200.032,extract,3.73,1.87,618808,649305509,28b587cf6ecf,3,200,
151e3f6c15130b20ab695722318e64b3.cnf.xz,bitvector,UNKNOWN,0,0.345,200.032,collect,3.28,1.65,618808,649305509,28b587cf6ecf,3,200,
151e3f6c15130b20ab695722318e64b3.cnf.xz,bitvector,UNKNOWN,0,0.345,200.032,reduce,3.13,1.57,618808,649305509,28b587cf6ecf,3,200,
151e3f6c15130b20ab695722318e64b3.cnf.xz,bitvector,UNKNOWN,0,0.345,200.032,shrink,2.22,1.11,618808,649305509,28b587cf6ecf,3,200,
151e3f6c15130b20ab695722318e64b3.cnf.xz,bitvector,UNKNOWN,0,0.345,200.032,transitive,1.9,0.95,618808,649305509,28b587cf6ecf,3,200,
151e3f6c15130b20ab695722318e64b3.cnf.xz,bitvector,UNKNOWN,0,0.345,200.032,walking,1.57,0.79,618808,649305509,28b587cf6ecf,3,200,
151e3f6c15130b20ab695722318e64b3.cnf.xz,bitvector,UNKNOWN,0,0.345,200.032,matching,1.57,0.79,618808,649305509,28b587cf6ecf,3,200,
151e3f6c15130b20ab695722318e64b3.cnf.xz,bitvector,UNKNOWN,0,0.345,200.032,backbone,1.54,0.77,618808,649305509,28b587cf6ecf,3,200,
151e3f6c15130b20ab695722318e64b3.cnf.xz,bitvector,UNKNOWN,0,0.345,200.032,preprocess,1.44,0.72,618808,649305509,28b587cf6ecf,3,200,
151e3f6c15130b20ab695722318e64b3.cnf.xz,bitvector,UNKNOWN,0,0.345,200.032,deduce,1.34,0.67,618808,649305509,28b587cf6ecf,3,200,
151e3f6c15130b20ab695722318e64b3.cnf.xz,bitvector,UNKNOWN,0,0.345,200.032,extractxors,1.34,0.67,618808,649305509,28b587cf6ecf,3,200,
151e3f6c15130b20ab695722318e64b3.cnf.xz,bitvector,UNKNOWN,0,0.345,200.032,restart,1.09,0.55,618808,649305509,28b587cf6ecf,3,200,
151e3f6c15130b20ab695722318e64b3.cnf.xz,bitvector,UNKNOWN,0,0.345,200.032,bump,0.96,0.48,618808,649305509,28b587cf6ecf,3,200,
151e3f6c15130b20ab695722318e64b3.cnf.xz,bitvector,UNKNOWN,0,0.345,200.032,extractands,0.76,0.38,618808,649305509,28b587cf6ecf,3,200,
151e3f6c15130b20ab695722318e64b3.cnf.xz,bitvector,UNKNOWN,0,0.345,200.032,extractites,0.73,0.37,618808,649305509,28b587cf6ecf,3,200,
151e3f6c15130b20ab695722318e64b3.cnf.xz,bitvector,UNKNOWN,0,0.345,200.032,reorder,0.63,0.31,618808,649305509,28b587cf6ecf,3,200,
151e3f6c15130b20ab695722318e64b3.cnf.xz,bitvector,UNKNOWN,0,0.345,200.032,warmup,0.44,0.22,618808,649305509,28b587cf6ecf,3,200,
151e3f6c15130b20ab695722318e64b3.cnf.xz,bitvector,UNKNOWN,0,0.345,200.032,defrag,0.43,0.21,618808,649305509,28b587cf6ecf,3,200,
151e3f6c15130b20ab695722318e64b3.cnf.xz,bitvector,UNKNOWN,0,0.345,200.032,parse,0.38,0.19,618808,649305509,28b587cf6ecf,3,200,
151e3f6c15130b20ab695722318e64b3.cnf.xz,bitvector,UNKNOWN,0,0.345,200.032,extractbinaries,0.21,0.11,618808,649305509,28b587cf6ecf,3,200,
151e3f6c15130b20ab695722318e64b3.cnf.xz,bitvector,UNKNOWN,0,0.345,200.032,minimize,0.19,0.1,618808,649305509,28b587cf6ecf,3,200,
151e3f6c15130b20ab695722318e64b3.cnf.xz,bitvector,UNKNOWN,0,0.345,200.032,lucky,0.04,0.02,618808,649305509,28b587cf6ecf,3,200,
151e3f6c15130b20ab695722318e64b3.cnf.xz,bitvector,UNKNOWN,0,0.345,200.032,rephase,0.0,0.0,618808,649305509,28b587cf6ecf,3,200,
151e3f6c15130b20ab695722318e64b3.cnf.xz,bitvector,UNKNOWN,0,0.345,200.032,merge,0.0,0.0,618808,649305509,28b587cf6ecf,3,200,
151e3f6c15130b20ab695722318e64b3.cnf.xz,bitvector,UNKNOWN,0,0.345,200.032,total,199.21,100.0,618808,649305509,28b587cf6ecf,3,200,
15f12bdf02e43f71b10c20ed256355b9.cnf.xz,station-repacking,UNKNOWN,0,0.099,200.078,search,168.94,84.61,6071287,925268296,28b587cf6ecf,3,200,
15f12bdf02e43f71b10c20ed256355b9.cnf.xz,station-repacking,UNKNOWN,0,0.099,200.078,focused,87.39,43.77,6071287,925268296,28b587cf6ecf,3,200,
15f12bdf02e43f71b10c20ed256355b9.cnf.xz,station-repacking,UNKNOWN,0,0.099,200.078,stable,81.55,40.84,6071287,925268296,28b587cf6ecf,3,200,
15f12bdf02e43f71b10c20ed256355b9.cnf.xz,station-repacking,UNKNOWN,0,0.099,200.078,analyze,56.53,28.31,6071287,925268296,28b587cf6ecf,3,200,
15f12bdf02e43f71b10c20ed256355b9.cnf.xz,station-repacking,UNKNOWN,0,0.099,200.078,simplify,29.7,14.87,6071287,925268296,28b587cf6ecf,3,200,
15f12bdf02e43f71b10c20ed256355b9.cnf.xz,station-repacking,UNKNOWN,0,0.099,200.078,probe,26.37,13.21,6071287,925268296,28b587cf6ecf,3,200,
15f12bdf02e43f71b10c20ed256355b9.cnf.xz,station-repacking,UNKNOWN,0,0.099,200.078,shrink,15.18,7.6,6071287,925268296,28b587cf6ecf,3,200,
15f12bdf02e43f71b10c20ed256355b9.cnf.xz,station-repacking,UNKNOWN,0,0.099,200.078,vivify,14.4,7.21,6071287,925268296,28b587cf6ecf,3,200,
15f12bdf02e43f71b10c20ed256355b9.cnf.xz,station-repacking,UNKNOWN,0,0.099,200.078,deduce,10.43,5.22,6071287,925268296,28b587cf6ecf,3,200,
15f12bdf02e43f71b10c20ed256355b9.cnf.xz,station-repacking,UNKNOWN,0,0.099,200.078,bump,9.04,4.53,6071287,925268296,28b587cf6ecf,3,200,
15f12bdf02e43f71b10c20ed256355b9.cnf.xz,station-repacking,UNKNOWN,0,0.099,200.078,vivify1,5.63,2.82,6071287,925268296,28b587cf6ecf,3,200,
15f12bdf02e43f71b10c20ed256355b9.cnf.xz,station-repacking,UNKNOWN,0,0.099,200.078,reduce,5.15,2.58,6071287,925268296,28b587cf6ecf,3,200,
15f12bdf02e43f71b10c20ed256355b9.cnf.xz,station-repacking,UNKNOWN,0,0.099,200.078,collect,4.49,2.25,6071287,925268296,28b587cf6ecf,3,200,
15f12bdf02e43f71b10c20ed256355b9.cnf.xz,station-repacking,UNKNOWN,0,0.099,200.078,vivify2,4.4,2.2,6071287,925268296,28b587cf6ecf,3,200,
15f12bdf02e43f71b10c20ed256355b9.cnf.xz,station-repacking,UNKNOWN,0,0.099,200.078,eliminate,3.57,1.79,6071287,925268296,28b587cf6ecf,3,200,
15f12bdf02e43f71b10c20ed256355b9.cnf.xz,station-repacking,UNKNOWN,0,0.099,200.078,substitute,2.83,1.42,6071287,925268296,28b587cf6ecf,3,200,
15f12bdf02e43f71b10c20ed256355b9.cnf.xz,station-repacking,UNKNOWN,0,0.099,200.078,sweep,2.77,1.39,6071287,925268296,28b587cf6ecf,3,200,
15f12bdf02e43f71b10c20ed256355b9.cnf.xz,station-repacking,UNKNOWN,0,0.099,200.078,backbone,2.62,1.31,6071287,925268296,28b587cf6ecf,3,200,
15f12bdf02e43f71b10c20ed256355b9.cnf.xz,station-repacking,UNKNOWN,0,0.099,200.078,vivify3,2.56,1.28,6071287,925268296,28b587cf6ecf,3,200,
15f12bdf02e43f71b10c20ed256355b9.cnf.xz,station-repacking,UNKNOWN,0,0.099,200.078,factor,2.34,1.17,6071287,925268296,28b587cf6ecf,3,200,
15f12bdf02e43f71b10c20ed256355b9.cnf.xz,station-repacking,UNKNOWN,0,0.099,200.078,minimize,2.18,1.09,6071287,925268296,28b587cf6ecf,3,200,
15f12bdf02e43f71b10c20ed256355b9.cnf.xz,station-repacking,UNKNOWN,0,0.099,200.078,sweepbackbone,2.09,1.05,6071287,925268296,28b587cf6ecf,3,200,
15f12bdf02e43f71b10c20ed256355b9.cnf.xz,station-repacking,UNKNOWN,0,0.099,200.078,vivify0,1.81,0.91,6071287,925268296,28b587cf6ecf,3,200,
15f12bdf02e43f71b10c20ed256355b9.cnf.xz,station-repacking,UNKNOWN,0,0.099,200.078,definition,1.19,0.6,6071287,925268296,28b587cf6ecf,3,200,
15f12bdf02e43f71b10c20ed256355b9.cnf.xz,station-repacking,UNKNOWN,0,0.099,200.078,transitive,1.06,0.53,6071287,925268296,28b587cf6ecf,3,200,
15f12bdf02e43f71b10c20ed256355b9.cnf.xz,station-repacking,UNKNOWN,0,0.099,200.078,preprocess,0.94,0.47,6071287,925268296,28b587cf6ecf,3,200,
15f12bdf02e43f71b10c20ed256355b9.cnf.xz,station-repacking,UNKNOWN,0,0.099,200.078,walking,0.69,0.34,6071287,925268296,28b587cf6ecf,3,200,
15f12bdf02e43f71b10c20ed256355b9.cnf.xz,station-repacking,UNKNOWN,0,0.099,200.078,restart,0.5,0.25,6071287,925268296,28b587cf6ecf,3,200,
15f12bdf02e43f71b10c20ed256355b9.cnf.xz,station-repacking,UNKNOWN,0,0.099,200.078,subsume,0.39,0.2,6071287,925268296,28b587cf6ecf,3,200,
15f12bdf02e43f71b10c20ed256355b9.cnf.xz,station-repacking,UNKNOWN,0,0.099,200.078,congruence,0.36,0.18,6071287,925268296,28b587cf6ecf,3,200,
15f12bdf02e43f71b10c20ed256355b9.cnf.xz,station-repacking,UNKNOWN,0,0.099,200.078,reorder,0.32,0.16,6071287,925268296,28b587cf6ecf,3,200,
15f12bdf02e43f71b10c20ed256355b9.cnf.xz,station-repacking,UNKNOWN,0,0.099,200.078,extract,0.31,0.16,6071287,925268296,28b587cf6ecf,3,200,
15f12bdf02e43f71b10c20ed256355b9.cnf.xz,station-repacking,UNKNOWN,0,0.099,200.078,defrag,0.19,0.09,6071287,925268296,28b587cf6ecf,3,200,
15f12bdf02e43f71b10c20ed256355b9.cnf.xz,station-repacking,UNKNOWN,0,0.099,200.078,sweepequivalences,0.16,0.08,6071287,925268296,28b587cf6ecf,3,200,
15f12bdf02e43f71b10c20ed256355b9.cnf.xz,station-repacking,UNKNOWN,0,0.099,200.078,extractands,0.16,0.08,6071287,925268296,28b587cf6ecf,3,200,
15f12bdf02e43f71b10c20ed256355b9.cnf.xz,station-repacking,UNKNOWN,0,0.099,200.078,warmup,0.1,0.05,6071287,925268296,28b587cf6ecf,3,200,
15f12bdf02e43f71b10c20ed256355b9.cnf.xz,station-repacking,UNKNOWN,0,0.099,200.078,parse,0.08,0.04,6071287,925268296,28b587cf6ecf,3,200,
15f12bdf02e43f71b10c20ed256355b9.cnf.xz,station-repacking,UNKNOWN,0,0.099,200.078,extractbinaries,0.03,0.02,6071287,925268296,28b587cf6ecf,3,200,
15f12bdf02e43f71b10c20ed256355b9.cnf.xz,station-repacking,UNKNOWN,0,0.099,200.078,lucky,0.01,0.0,6071287,925268296,28b587cf6ecf,3,200,
15f12bdf02e43f71b10c20ed256355b9.cnf.xz,station-repacking,UNKNOWN,0,0.099,200.078,extractxors,0.01,0.0,6071287,925268296,28b587cf6ecf,3,200,
15f12bdf02e43f71b10c20ed256355b9.cnf.xz,station-repacking,UNKNOWN,0,0.099,200.078,extractites,0.0,0.0,6071287,925268296,28b587cf6ecf,3,200,
15f12bdf02e43f71b10c20ed256355b9.cnf.xz,station-repacking,UNKNOWN,0,0.099,200.078,rephase,0.0,0.0,6071287,925268296,28b587cf6ecf,3,200,
15f12bdf02e43f71b10c20ed256355b9.cnf.xz,station-repacking,UNKNOWN,0,0.099,200.078,merge,0.0,0.0,6071287,925268296,28b587cf6ecf,3,200,
15f12bdf02e43f71b10c20ed256355b9.cnf.xz,station-repacking,UNKNOWN,0,0.099,200.078,total,199.67,100.0,6071287,925268296,28b587cf6ecf,3,200,
191f06be45548773cfc64903bfd7dfc4.cnf.xz,software-verification,UNSAT,20,0.009,17.295,search,12.71,73.67,515735,38725069,28b587cf6ecf,3,200,
191f06be45548773cfc64903bfd7dfc4.cnf.xz,software-verification,UNSAT,20,0.009,17.295,stable,7.23,41.88,515735,38725069,28b587cf6ecf,3,200,
191f06be45548773cfc64903bfd7dfc4.cnf.xz,software-verification,UNSAT,20,0.009,17.295,focused,5.48,31.79,515735,38725069,28b587cf6ecf,3,200,
191f06be45548773cfc64903bfd7dfc4.cnf.xz,software-verification,UNSAT,20,0.009,17.295,simplify,4.48,25.95,515735,38725069,28b587cf6ecf,3,200,
191f06be45548773cfc64903bfd7dfc4.cnf.xz,software-verification,UNSAT,20,0.009,17.295,analyze,4.39,25.47,515735,38725069,28b587cf6ecf,3,200,
191f06be45548773cfc64903bfd7dfc4.cnf.xz,software-verification,UNSAT,20,0.009,17.295,probe,4.26,24.71,515735,38725069,28b587cf6ecf,3,200,
191f06be45548773cfc64903bfd7dfc4.cnf.xz,software-verification,UNSAT,20,0.009,17.295,sweep,2.14,12.39,515735,38725069,28b587cf6ecf,3,200,
191f06be45548773cfc64903bfd7dfc4.cnf.xz,software-verification,UNSAT,20,0.009,17.295,vivify,1.62,9.4,515735,38725069,28b587cf6ecf,3,200,
191f06be45548773cfc64903bfd7dfc4.cnf.xz,software-verification,UNSAT,20,0.009,17.295,shrink,1.0,5.78,515735,38725069,28b587cf6ecf,3,200,
191f06be45548773cfc64903bfd7dfc4.cnf.xz,software-verification,UNSAT,20,0.009,17.295,deduce,0.92,5.34,515735,38725069,28b587cf6ecf,3,200,
191f06be45548773cfc64903bfd7dfc4.cnf.xz,software-verification,UNSAT,20,0.009,17.295,sweepbackbone,0.91,5.27,515735,38725069,28b587cf6ecf,3,200,
191f06be45548773cfc64903bfd7dfc4.cnf.xz,software-verification,UNSAT,20,0.009,17.295,sweepequivalences,0.84,4.84,515735,38725069,28b587cf6ecf,3,200,
191f06be45548773cfc64903bfd7dfc4.cnf.xz,software-verification,UNSAT,20,0.009,17.295,bump,0.57,3.29,515735,38725069,28b587cf6ecf,3,200,
191f06be45548773cfc64903bfd7dfc4.cnf.xz,software-verification,UNSAT,20,0.009,17.295,vivify2,0.51,2.96,515735,38725069,28b587cf6ecf,3,200,
191f06be45548773cfc64903bfd7dfc4.cnf.xz,software-verification,UNSAT,20,0.009,17.295,vivify1,0.44,2.53,515735,38725069,28b587cf6ecf,3,200,
191f06be45548773cfc64903bfd7dfc4.cnf.xz,software-verification,UNSAT,20,0.009,17.295,vivify3,0.41,2.36,515735,38725069,28b587cf6ecf,3,200,
191f06be45548773cfc64903bfd7dfc4.cnf.xz,software-verification,UNSAT,20,0.009,17.295,reduce,0.28,1.61,515735,38725069,28b587cf6ecf,3,200,
191f06be45548773cfc64903bfd7dfc4.cnf.xz,software-verification,UNSAT,20,0.009,17.295,vivify0,0.27,1.55,515735,38725069,28b587cf6ecf,3,200,
191f06be45548773cfc64903bfd7dfc4.cnf.xz,software-verification,UNSAT,20,0.009,17.295,eliminate,0.23,1.34,515735,38725069,28b587cf6ecf,3,200,
191f06be45548773cfc64903bfd7dfc4.cnf.xz,software-verification,UNSAT,20,0.009,17.295,collect,0.23,1.34,515735,38725069,28b587cf6ecf,3,200,
191f06be45548773cfc64903bfd7dfc4.cnf.xz,software-verification,UNSAT,20,0.009,17.295,substitute,0.21,1.19,515735,38725069,28b587cf6ecf,3,200,
191f06be45548773cfc64903bfd7dfc4.cnf.xz,software-verification,UNSAT,20,0.009,17.295,minimize,0.19,1.13,515735,38725069,28b587cf6ecf,3,200,
191f06be45548773cfc64903bfd7dfc4.cnf.xz,software-verification,UNSAT,20,0.009,17.295,factor,0.14,0.82,515735,38725069,28b587cf6ecf,3,200,
191f06be45548773cfc64903bfd7dfc4.cnf.xz,software-verification,UNSAT,20,0.009,17.295,congruence,0.12,0.72,515735,38725069,28b587cf6ecf,3,200,
191f06be45548773cfc64903bfd7dfc4.cnf.xz,software-verification,UNSAT,20,0.009,17.295,extract,0.09,0.54,515735,38725069,28b587cf6ecf,3,200,
191f06be45548773cfc64903bfd7dfc4.cnf.xz,software-verification,UNSAT,20,0.009,17.295,definition,0.09,0.53,515735,38725069,28b587cf6ecf,3,200,
191f06be45548773cfc64903bfd7dfc4.cnf.xz,software-verification,UNSAT,20,0.009,17.295,preprocess,0.06,0.32,515735,38725069,28b587cf6ecf,3,200,
191f06be45548773cfc64903bfd7dfc4.cnf.xz,software-verification,UNSAT,20,0.009,17.295,extractxors,0.04,0.22,515735,38725069,28b587cf6ecf,3,200,
191f06be45548773cfc64903bfd7dfc4.cnf.xz,software-verification,UNSAT,20,0.009,17.295,walking,0.04,0.22,515735,38725069,28b587cf6ecf,3,200,
191f06be45548773cfc64903bfd7dfc4.cnf.xz,software-verification,UNSAT,20,0.009,17.295,subsume,0.03,0.2,515735,38725069,28b587cf6ecf,3,200,
191f06be45548773cfc64903bfd7dfc4.cnf.xz,software-verification,UNSAT,20,0.009,17.295,restart,0.03,0.19,515735,38725069,28b587cf6ecf,3,200,
191f06be45548773cfc64903bfd7dfc4.cnf.xz,software-verification,UNSAT,20,0.009,17.295,matching,0.03,0.15,515735,38725069,28b587cf6ecf,3,200,
191f06be45548773cfc64903bfd7dfc4.cnf.xz,software-verification,UNSAT,20,0.009,17.295,defrag,0.02,0.14,515735,38725069,28b587cf6ecf,3,200,
191f06be45548773cfc64903bfd7dfc4.cnf.xz,software-verification,UNSAT,20,0.009,17.295,transitive,0.02,0.13,515735,38725069,28b587cf6ecf,3,200,
191f06be45548773cfc64903bfd7dfc4.cnf.xz,software-verification,UNSAT,20,0.009,17.295,extractites,0.02,0.11,515735,38725069,28b587cf6ecf,3,200,
191f06be45548773cfc64903bfd7dfc4.cnf.xz,software-verification,UNSAT,20,0.009,17.295,extractands,0.01,0.07,515735,38725069,28b587cf6ecf,3,200,
191f06be45548773cfc64903bfd7dfc4.cnf.xz,software-verification,UNSAT,20,0.009,17.295,backbone,0.01,0.06,515735,38725069,28b587cf6ecf,3,200,
191f06be45548773cfc64903bfd7dfc4.cnf.xz,software-verification,UNSAT,20,0.009,17.295,reorder,0.01,0.05,515735,38725069,28b587cf6ecf,3,200,
191f06be45548773cfc64903bfd7dfc4.cnf.xz,software-verification,UNSAT,20,0.009,17.295,extractbinaries,0.01,0.04,515735,38725069,28b587cf6ecf,3,200,
191f06be45548773cfc64903bfd7dfc4.cnf.xz,software-verification,UNSAT,20,0.009,17.295,warmup,0.01,0.04,515735,38725069,28b587cf6ecf,3,200,
191f06be45548773cfc64903bfd7dfc4.cnf.xz,software-verification,UNSAT,20,0.009,17.295,parse,0.01,0.03,515735,38725069,28b587cf6ecf,3,200,
191f06be45548773cfc64903bfd7dfc4.cnf.xz,software-verification,UNSAT,20,0.009,17.295,lucky,0.0,0.02,515735,38725069,28b587cf6ecf,3,200,
191f06be45548773cfc64903bfd7dfc4.cnf.xz,software-verification,UNSAT,20,0.009,17.295,rephase,0.0,0.01,515735,38725069,28b587cf6ecf,3,200,
191f06be45548773cfc64903bfd7dfc4.cnf.xz,software-verification,UNSAT,20,0.009,17.295,merge,0.0,0.0,515735,38725069,28b587cf6ecf,3,200,
191f06be45548773cfc64903bfd7dfc4.cnf.xz,software-verification,UNSAT,20,0.009,17.295,total,17.25,100.0,515735,38725069,28b587cf6ecf,3,200,
1c75c324c67bd3d1017b9445047fac73.cnf.xz,hardware-verification,UNKNOWN,0,0.177,200.013,search,134.05,67.14,1653524,531113780,28b587cf6ecf,3,200,
1c75c324c67bd3d1017b9445047fac73.cnf.xz,hardware-verification,UNKNOWN,0,0.177,200.013,focused,69.87,34.99,1653524,531113780,28b587cf6ecf,3,200,
1c75c324c67bd3d1017b9445047fac73.cnf.xz,hardware-verification,UNKNOWN,0,0.177,200.013,simplify,64.7,32.4,1653524,531113780,28b587cf6ecf,3,200,
1c75c324c67bd3d1017b9445047fac73.cnf.xz,hardware-verification,UNKNOWN,0,0.177,200.013,stable,64.18,32.15,1653524,531113780,28b587cf6ecf,3,200,
1c75c324c67bd3d1017b9445047fac73.cnf.xz,hardware-verification,UNKNOWN,0,0.177,200.013,probe,53.77,26.93,1653524,531113780,28b587cf6ecf,3,200,
1c75c324c67bd3d1017b9445047fac73.cnf.xz,hardware-verification,UNKNOWN,0,0.177,200.013,analyze,21.9,10.97,1653524,531113780,28b587cf6ecf,3,200,
1c75c324c67bd3d1017b9445047fac73.cnf.xz,hardware-verification,UNKNOWN,0,0.177,200.013,sweep,21.34,10.69,1653524,531113780,28b587cf6ecf,3,200,
1c75c324c67bd3d1017b9445047fac73.cnf.xz,hardware-verification,UNKNOWN,0,0.177,200.013,vivify,21.04,10.54,1653524,531113780,28b587cf6ecf,3,200,
1c75c324c67bd3d1017b9445047fac73.cnf.xz,hardware-verification,UNKNOWN,0,0.177,200.013,eliminate,10.85,5.43,1653524,531113780,28b587cf6ecf,3,200,
1c75c324c67bd3d1017b9445047fac73.cnf.xz,hardware-verification,UNKNOWN,0,0.177,200.013,sweepbackbone,10.04,5.03,1653524,531113780,28b587cf6ecf,3,200,
1c75c324c67bd3d1017b9445047fac73.cnf.xz,hardware-verification,UNKNOWN,0,0.177,200.013,shrink,7.34,3.67,1653524,531113780,28b587cf6ecf,3,200,
1c75c324c67bd3d1017b9445047fac73.cnf.xz,hardware-verification,UNKNOWN,0,0.177,200.013,vivify0,6.03,3.02,1653524,531113780,28b587cf6ecf,3,200,
1c75c324c67bd3d1017b9445047fac73.cnf.xz,hardware-verification,UNKNOWN,0,0.177,200.013,vivify1,5.99,3.0,1653524,531113780,28b587cf6ecf,3,200,
1c75c324c67bd3d1017b9445047fac73.cnf.xz,hardware-verification,UNKNOWN,0,0.177,200.013,vivify2,5.89,2.95,1653524,531113780,28b587cf6ecf,3,200,
1c75c324c67bd3d1017b9445047fac73.cnf.xz,hardware-verification,UNKNOWN,0,0.177,200.013,sweepequivalences,4.53,2.27,1653524,531113780,28b587cf6ecf,3,200,
1c75c324c67bd3d1017b9445047fac73.cnf.xz,hardware-verification,UNKNOWN,0,0.177,200.013,substitute,4.09,2.05,1653524,531113780,28b587cf6ecf,3,200,
1c75c324c67bd3d1017b9445047fac73.cnf.xz,hardware-verification,UNKNOWN,0,0.177,200.013,definition,3.78,1.89,1653524,531113780,28b587cf6ecf,3,200,
1c75c324c67bd3d1017b9445047fac73.cnf.xz,hardware-verification,UNKNOWN,0,0.177,200.013,deduce,3.75,1.88,1653524,531113780,28b587cf6ecf,3,200,
1c75c324c67bd3d1017b9445047fac73.cnf.xz,hardware-verification,UNKNOWN,0,0.177,200.013,subsume,3.41,1.71,1653524,531113780,28b587cf6ecf,3,200,
1c75c324c67bd3d1017b9445047fac73.cnf.xz,hardware-verification,UNKNOWN,0,0.177,200.013,factor,3.27,1.64,1653524,531113780,28b587cf6ecf,3,200,
1c75c324c67bd3d1017b9445047fac73.cnf.xz,hardware-verification,UNKNOWN,0,0.177,200.013,vivify3,3.13,1.57,1653524,531113780,28b587cf6ecf,3,200,
1c75c324c67bd3d1017b9445047fac73.cnf.xz,hardware-verification,UNKNOWN,0,0.177,200.013,congruence,2.58,1.29,1653524,531113780,28b587cf6ecf,3,200,
1c75c324c67bd3d1017b9445047fac73.cnf.xz,hardware-verification,UNKNOWN,0,0.177,200.013,bump,2.5,1.25,1653524,531113780,28b587cf6ecf,3,200,
1c75c324c67bd3d1017b9445047fac73.cnf.xz,hardware-verification,UNKNOWN,0,0.177,200.013,reduce,2.05,1.02,1653524,531113780,28b587cf6ecf,3,200,
1c75c324c67bd3d1017b9445047fac73.cnf.xz,hardware-verification,UNKNOWN,0,0.177,200.013,collect,1.97,0.99,1653524,531113780,28b587cf6ecf,3,200,
1c75c324c67bd3d1017b9445047fac73.cnf.xz,hardware-verification,UNKNOWN,0,0.177,200.013,extract,1.64,0.82,1653524,531113780,28b587cf6ecf,3,200,
1c75c324c67bd3d1017b9445047fac73.cnf.xz,hardware-verification,UNKNOWN,0,0.177,200.013,matching,0.84,0.42,1653524,531113780,28b587cf6ecf,3,200,
1c75c324c67bd3d1017b9445047fac73.cnf.xz,hardware-verification,UNKNOWN,0,0.177,200.013,restart,0.83,0.42,1653524,531113780,28b587cf6ecf,3,200,
1c75c324c67bd3d1017b9445047fac73.cnf.xz,hardware-verification,UNKNOWN,0,0.177,200.013,transitive,0.77,0.39,1653524,531113780,28b587cf6ecf,3,200,
1c75c324c67bd3d1017b9445047fac73.cnf.xz,hardware-verification,UNKNOWN,0,0.177,200.013,extractands,0.72,0.36,1653524,531113780,28b587cf6ecf,3,200,
1c75c324c67bd3d1017b9445047fac73.cnf.xz,hardware-verification,UNKNOWN,0,0.177,200.013,backbone,0.68,0.34,1653524,531113780,28b587cf6ecf,3,200,
1c75c324c67bd3d1017b9445047fac73.cnf.xz,hardware-verification,UNKNOWN,0,0.177,200.013,walking,0.67,0.34,1653524,531113780,28b587cf6ecf,3,200,
1c75c324c67bd3d1017b9445047fac73.cnf.xz,hardware-verification,UNKNOWN,0,0.177,200.013,preprocess,0.64,0.32,1653524,531113780,28b587cf6ecf,3,200,
1c75c324c67bd3d1017b9445047fac73.cnf.xz,hardware-verification,UNKNOWN,0,0.177,200.013,minimize,0.59,0.29,1653524,531113780,28b587cf6ecf,3,200,
1c75c324c67bd3d1017b9445047fac73.cnf.xz,hardware-verification,UNKNOWN,0,0.177,200.013,defrag,0.39,0.2,1653524,531113780,28b587cf6ecf,3,200,
1c75c324c67bd3d1017b9445047fac73.cnf.xz,hardware-verification,UNKNOWN,0,0.177,200.013,extractxors,0.29,0.14,1653524,531113780,28b587cf6ecf,3,200,
1c75c324c67bd3d1017b9445047fac73.cnf.xz,hardware-verification,UNKNOWN,0,0.177,200.013,extractites,0.19,0.09,1653524,531113780,28b587cf6ecf,3,200,
1c75c324c67bd3d1017b9445047fac73.cnf.xz,hardware-verification,UNKNOWN,0,0.177,200.013,warmup,0.18,0.09,1653524,531113780,28b587cf6ecf,3,200,
1c75c324c67bd3d1017b9445047fac73.cnf.xz,hardware-verification,UNKNOWN,0,0.177,200.013,reorder,0.18,0.09,1653524,531113780,28b587cf6ecf,3,200,
1c75c324c67bd3d1017b9445047fac73.cnf.xz,hardware-verification,UNKNOWN,0,0.177,200.013,parse,0.18,0.09,1653524,531113780,28b587cf6ecf,3,200,
1c75c324c67bd3d1017b9445047fac73.cnf.xz,hardware-verification,UNKNOWN,0,0.177,200.013,extractbinaries,0.16,0.08,1653524,531113780,28b587cf6ecf,3,200,
1c75c324c67bd3d1017b9445047fac73.cnf.xz,hardware-verification,UNKNOWN,0,0.177,200.013,lucky,0.1,0.05,1653524,531113780,28b587cf6ecf,3,200,
1c75c324c67bd3d1017b9445047fac73.cnf.xz,hardware-verification,UNKNOWN,0,0.177,200.013,merge,0.02,0.01,1653524,531113780,28b587cf6ecf,3,200,
1c75c324c67bd3d1017b9445047fac73.cnf.xz,hardware-verification,UNKNOWN,0,0.177,200.013,rephase,0.0,0.0,1653524,531113780,28b587cf6ecf,3,200,
1c75c324c67bd3d1017b9445047fac73.cnf.xz,hardware-verification,UNKNOWN,0,0.177,200.013,total,199.67,100.0,1653524,531113780,28b587cf6ecf,3,200,
2dfce8dfd050eefb91c57a8f2270cff9.cnf.xz,bitvector,UNKNOWN,0,0.135,200.015,search,134.92,67.54,507793,926076834,28b587cf6ecf,3,200,
2dfce8dfd050eefb91c57a8f2270cff9.cnf.xz,bitvector,UNKNOWN,0,0.135,200.015,stable,68.29,34.18,507793,926076834,28b587cf6ecf,3,200,
2dfce8dfd050eefb91c57a8f2270cff9.cnf.xz,bitvector,UNKNOWN,0,0.135,200.015,focused,66.63,33.35,507793,926076834,28b587cf6ecf,3,200,
2dfce8dfd050eefb91c57a8f2270cff9.cnf.xz,bitvector,UNKNOWN,0,0.135,200.015,simplify,64.25,32.16,507793,926076834,28b587cf6ecf,3,200,
2dfce8dfd050eefb91c57a8f2270cff9.cnf.xz,bitvector,UNKNOWN,0,0.135,200.015,probe,56.04,28.05,507793,926076834,28b587cf6ecf,3,200,
2dfce8dfd050eefb91c57a8f2270cff9.cnf.xz,bitvector,UNKNOWN,0,0.135,200.015,analyze,33.07,16.55,507793,926076834,28b587cf6ecf,3,200,
2dfce8dfd050eefb91c57a8f2270cff9.cnf.xz,bitvector,UNKNOWN,0,0.135,200.015,vivify,24.76,12.39,507793,926076834,28b587cf6ecf,3,200,
2dfce8dfd050eefb91c57a8f2270cff9.cnf.xz,bitvector,UNKNOWN,0,0.135,200.015,sweep,18.57,9.3,507793,926076834,28b587cf6ecf,3,200,
2dfce8dfd050eefb91c57a8f2270cff9.cnf.xz,bitvector,UNKNOWN,0,0.135,200.015,deduce,11.46,5.74,507793,926076834,28b587cf6ecf,3,200,
2dfce8dfd050eefb91c57a8f2270cff9.cnf.xz,bitvector,UNKNOWN,0,0.135,200.015,shrink,10.02,5.02,507793,926076834,28b587cf6ecf,3,200,
2dfce8dfd050eefb91c57a8f2270cff9.cnf.xz,bitvector,UNKNOWN,0,0.135,200.015,eliminate,8.17,4.09,507793,926076834,28b587cf6ecf,3,200,
2dfce8dfd050eefb91c57a8f2270cff9.cnf.xz,bitvector,UNKNOWN,0,0.135,200.015,vivify1,8.09,4.05,507793,926076834,28b587cf6ecf,3,200,
2dfce8dfd050eefb91c57a8f2270cff9.cnf.xz,bitvector,UNKNOWN,0,0.135,200.015,sweepbackbone,7.74,3.87,507793,926076834,28b587cf6ecf,3,200,
2dfce8dfd050eefb91c57a8f2270cff9.cnf.xz,bitvector,UNKNOWN,0,0.135,200.015,vivify2,7.44,3.73,507793,926076834,28b587cf6ecf,3,200,
2dfce8dfd050eefb91c57a8f2270cff9.cnf.xz,bitvector,UNKNOWN,0,0.135,200.015,vivify0,6.18,3.09,507793,926076834,28b587cf6ecf,3,200,
2dfce8dfd050eefb91c57a8f2270cff9.cnf.xz,bitvector,UNKNOWN,0,0.135,200.015,bump,6.03,3.02,507793,926076834,28b587cf6ecf,3,200,
2dfce8dfd050eefb91c57a8f2270cff9.cnf.xz,bitvector,UNKNOWN,0,0.135,200.015,sweepequivalences,5.56,2.78,507793,926076834,28b587cf6ecf,3,200,
2dfce8dfd050eefb91c57a8f2270cff9.cnf.xz,bitvector,UNKNOWN,0,0.135,200.015,factor,5.06,2.53,507793,926076834,28b587cf6ecf,3,200,
2dfce8dfd050eefb91c57a8f2270cff9.cnf.xz,bitvector,UNKNOWN,0,0.135,200.015,substitute,3.81,1.91,507793,926076834,28b587cf6ecf,3,200,
2dfce8dfd050eefb91c57a8f2270cff9.cnf.xz,bitvector,UNKNOWN,0,0.135,200.015,vivify3,3.04,1.52,507793,926076834,28b587cf6ecf,3,200,
2dfce8dfd050eefb91c57a8f2270cff9.cnf.xz,bitvector,UNKNOWN,0,0.135,200.015,definition,2.84,1.42,507793,926076834,28b587cf6ecf,3,200,
2dfce8dfd050eefb91c57a8f2270cff9.cnf.xz,bitvector,UNKNOWN,0,0.135,200.015,congruence,2.1,1.05,507793,926076834,28b587cf6ecf,3,200,
2dfce8dfd050eefb91c57a8f2270cff9.cnf.xz,bitvector,UNKNOWN,0,0.135,200.015,subsume,1.9,0.95,507793,926076834,28b587cf6ecf,3,200,
2dfce8dfd050eefb91c57a8f2270cff9.cnf.xz,bitvector,UNKNOWN,0,0.135,200.015,extract,1.49,0.75,507793,926076834,28b587cf6ecf,3,200,
2dfce8dfd050eefb91c57a8f2270cff9.cnf.xz,bitvector,UNKNOWN,0,0.135,200.015,collect,1.19,0.6,507793,926076834,28b587cf6ecf,3,200,
2dfce8dfd050eefb91c57a8f2270cff9.cnf.xz,bitvector,UNKNOWN,0,0.135,200.015,reduce,1.16,0.58,507793,926076834,28b587cf6ecf,3,200,
2dfce8dfd050eefb91c57a8f2270cff9.cnf.xz,bitvector,UNKNOWN,0,0.135,200.015,transitive,0.97,0.49,507793,926076834,28b587cf6ecf,3,200,
2dfce8dfd050eefb91c57a8f2270cff9.cnf.xz,bitvector,UNKNOWN,0,0.135,200.015,backbone,0.77,0.39,507793,926076834,28b587cf6ecf,3,200,
2dfce8dfd050eefb91c57a8f2270cff9.cnf.xz,bitvector,UNKNOWN,0,0.135,200.015,extractxors,0.62,0.31,507793,926076834,28b587cf6ecf,3,200,
2dfce8dfd050eefb91c57a8f2270cff9.cnf.xz,bitvector,UNKNOWN,0,0.135,200.015,matching,0.54,0.27,507793,926076834,28b587cf6ecf,3,200,
2dfce8dfd050eefb91c57a8f2270cff9.cnf.xz,bitvector,UNKNOWN,0,0.135,200.015,walking,0.48,0.24,507793,926076834,28b587cf6ecf,3,200,
2dfce8dfd050eefb91c57a8f2270cff9.cnf.xz,bitvector,UNKNOWN,0,0.135,200.015,preprocess,0.47,0.24,507793,926076834,28b587cf6ecf,3,200,
2dfce8dfd050eefb91c57a8f2270cff9.cnf.xz,bitvector,UNKNOWN,0,0.135,200.015,restart,0.38,0.19,507793,926076834,28b587cf6ecf,3,200,
2dfce8dfd050eefb91c57a8f2270cff9.cnf.xz,bitvector,UNKNOWN,0,0.135,200.015,extractites,0.36,0.18,507793,926076834,28b587cf6ecf,3,200,
2dfce8dfd050eefb91c57a8f2270cff9.cnf.xz,bitvector,UNKNOWN,0,0.135,200.015,minimize,0.22,0.11,507793,926076834,28b587cf6ecf,3,200,
2dfce8dfd050eefb91c57a8f2270cff9.cnf.xz,bitvector,UNKNOWN,0,0.135,200.015,reorder,0.21,0.11,507793,926076834,28b587cf6ecf,3,200,
2dfce8dfd050eefb91c57a8f2270cff9.cnf.xz,bitvector,UNKNOWN,0,0.135,200.015,extractands,0.17,0.08,507793,926076834,28b587cf6ecf,3,200,
2dfce8dfd050eefb91c57a8f2270cff9.cnf.xz,bitvector,UNKNOWN,0,0.135,200.015,parse,0.13,0.06,507793,926076834,28b587cf6ecf,3,200,
2dfce8dfd050eefb91c57a8f2270cff9.cnf.xz,bitvector,UNKNOWN,0,0.135,200.015,warmup,0.12,0.06,507793,926076834,28b587cf6ecf,3,200,
2dfce8dfd050eefb91c57a8f2270cff9.cnf.xz,bitvector,UNKNOWN,0,0.135,200.015,extractbinaries,0.09,0.05,507793,926076834,28b587cf6ecf,3,200,
2dfce8dfd050eefb91c57a8f2270cff9.cnf.xz,bitvector,UNKNOWN,0,0.135,200.015,defrag,0.07,0.03,507793,926076834,28b587cf6ecf,3,200,
2dfce8dfd050eefb91c57a8f2270cff9.cnf.xz,bitvector,UNKNOWN,0,0.135,200.015,lucky,0.01,0.0,507793,926076834,28b587cf6ecf,3,200,
2dfce8dfd050eefb91c57a8f2270cff9.cnf.xz,bitvector,UNKNOWN,0,0.135,200.015,merge,0.0,0.0,507793,926076834,28b587cf6ecf,3,200,
2dfce8dfd050eefb91c57a8f2270cff9.cnf.xz,bitvector,UNKNOWN,0,0.135,200.015,rephase,0.0,0.0,507793,926076834,28b587cf6ecf,3,200,
2dfce8dfd050eefb91c57a8f2270cff9.cnf.xz,bitvector,UNKNOWN,0,0.135,200.015,total,199.78,100.0,507793,926076834,28b587cf6ecf,3,200,
3198bf396bbf9fbf335513f05293275e.cnf.xz,cryptography,SAT,10,0.037,13.189,search,8.93,67.99,168351,55915673,28b587cf6ecf,3,200,
3198bf396bbf9fbf335513f05293275e.cnf.xz,cryptography,SAT,10,0.037,13.189,focused,4.59,34.95,168351,55915673,28b587cf6ecf,3,200,
3198bf396bbf9fbf335513f05293275e.cnf.xz,cryptography,SAT,10,0.037,13.189,stable,4.34,33.03,168351,55915673,28b587cf6ecf,3,200,
3198bf396bbf9fbf335513f05293275e.cnf.xz,cryptography,SAT,10,0.037,13.189,simplify,3.99,30.37,168351,55915673,28b587cf6ecf,3,200,
3198bf396bbf9fbf335513f05293275e.cnf.xz,cryptography,SAT,10,0.037,13.189,probe,3.51,26.75,168351,55915673,28b587cf6ecf,3,200,
3198bf396bbf9fbf335513f05293275e.cnf.xz,cryptography,SAT,10,0.037,13.189,analyze,2.19,16.64,168351,55915673,28b587cf6ecf,3,200,
3198bf396bbf9fbf335513f05293275e.cnf.xz,cryptography,SAT,10,0.037,13.189,vivify,1.44,10.94,168351,55915673,28b587cf6ecf,3,200,
3198bf396bbf9fbf335513f05293275e.cnf.xz,cryptography,SAT,10,0.037,13.189,sweep,0.98,7.45,168351,55915673,28b587cf6ecf,3,200,
3198bf396bbf9fbf335513f05293275e.cnf.xz,cryptography,SAT,10,0.037,13.189,shrink,0.77,5.83,168351,55915673,28b587cf6ecf,3,200,
3198bf396bbf9fbf335513f05293275e.cnf.xz,cryptography,SAT,10,0.037,13.189,eliminate,0.6,4.58,168351,55915673,28b587cf6ecf,3,200,
3198bf396bbf9fbf335513f05293275e.cnf.xz,cryptography,SAT,10,0.037,13.189,vivify3,0.45,3.41,168351,55915673,28b587cf6ecf,3,200,
3198bf396bbf9fbf335513f05293275e.cnf.xz,cryptography,SAT,10,0.037,13.189,sweepbackbone,0.38,2.93,168351,55915673,28b587cf6ecf,3,200,
3198bf396bbf9fbf335513f05293275e.cnf.xz,cryptography,SAT,10,0.037,13.189,vivify1,0.36,2.75,168351,55915673,28b587cf6ecf,3,200,
3198bf396bbf9fbf335513f05293275e.cnf.xz,cryptography,SAT,10,0.037,13.189,deduce,0.36,2.72,168351,55915673,28b587cf6ecf,3,200,
3198bf396bbf9fbf335513f05293275e.cnf.xz,cryptography,SAT,10,0.037,13.189,factor,0.36,2.72,168351,55915673,28b587cf6ecf,3,200,
3198bf396bbf9fbf335513f05293275e.cnf.xz,cryptography,SAT,10,0.037,13.189,congruence,0.35,2.68,168351,55915673,28b587cf6ecf,3,200,
3198bf396bbf9fbf335513f05293275e.cnf.xz,cryptography,SAT,10,0.037,13.189,vivify0,0.35,2.63,168351,55915673,28b587cf6ecf,3,200,
3198bf396bbf9fbf335513f05293275e.cnf.xz,cryptography,SAT,10,0.037,13.189,sweepequivalences,0.33,2.48,168351,55915673,28b587cf6ecf,3,200,
3198bf396bbf9fbf335513f05293275e.cnf.xz,cryptography,SAT,10,0.037,13.189,substitute,0.3,2.26,168351,55915673,28b587cf6ecf,3,200,
3198bf396bbf9fbf335513f05293275e.cnf.xz,cryptography,SAT,10,0.037,13.189,vivify2,0.28,2.15,168351,55915673,28b587cf6ecf,3,200,
3198bf396bbf9fbf335513f05293275e.cnf.xz,cryptography,SAT,10,0.037,13.189,bump,0.27,2.04,168351,55915673,28b587cf6ecf,3,200,
3198bf396bbf9fbf335513f05293275e.cnf.xz,cryptography,SAT,10,0.037,13.189,extract,0.25,1.89,168351,55915673,28b587cf6ecf,3,200,
3198bf396bbf9fbf335513f05293275e.cnf.xz,cryptography,SAT,10,0.037,13.189,definition,0.2,1.5,168351,55915673,28b587cf6ecf,3,200,
3198bf396bbf9fbf335513f05293275e.cnf.xz,cryptography,SAT,10,0.037,13.189,preprocess,0.19,1.41,168351,55915673,28b587cf6ecf,3,200,
3198bf396bbf9fbf335513f05293275e.cnf.xz,cryptography,SAT,10,0.037,13.189,reduce,0.14,1.05,168351,55915673,28b587cf6ecf,3,200,
3198bf396bbf9fbf335513f05293275e.cnf.xz,cryptography,SAT,10,0.037,13.189,extractxors,0.14,1.03,168351,55915673,28b587cf6ecf,3,200,
3198bf396bbf9fbf335513f05293275e.cnf.xz,cryptography,SAT,10,0.037,13.189,collect,0.14,1.03,168351,55915673,28b587cf6ecf,3,200,
3198bf396bbf9fbf335513f05293275e.cnf.xz,cryptography,SAT,10,0.037,13.189,subsume,0.1,0.76,168351,55915673,28b587cf6ecf,3,200,
3198bf396bbf9fbf335513f05293275e.cnf.xz,cryptography,SAT,10,0.037,13.189,matching,0.08,0.58,168351,55915673,28b587cf6ecf,3,200,
3198bf396bbf9fbf335513f05293275e.cnf.xz,cryptography,SAT,10,0.037,13.189,minimize,0.06,0.44,168351,55915673,28b587cf6ecf,3,200,
3198bf396bbf9fbf335513f05293275e.cnf.xz,cryptography,SAT,10,0.037,13.189,walking,0.05,0.41,168351,55915673,28b587cf6ecf,3,200,
3198bf396bbf9fbf335513f05293275e.cnf.xz,cryptography,SAT,10,0.037,13.189,transitive,0.05,0.41,168351,55915673,28b587cf6ecf,3,200,
3198bf396bbf9fbf335513f05293275e.cnf.xz,cryptography,SAT,10,0.037,13.189,restart,0.05,0.4,168351,55915673,28b587cf6ecf,3,200,
3198bf396bbf9fbf335513f05293275e.cnf.xz,cryptography,SAT,10,0.037,13.189,extractands,0.04,0.29,168351,55915673,28b587cf6ecf,3,200,
3198bf396bbf9fbf335513f05293275e.cnf.xz,cryptography,SAT,10,0.037,13.189,backbone,0.04,0.28,168351,55915673,28b587cf6ecf,3,200,
3198bf396bbf9fbf335513f05293275e.cnf.xz,cryptography,SAT,10,0.037,13.189,extractites,0.03,0.25,168351,55915673,28b587cf6ecf,3,200,
3198bf396bbf9fbf335513f05293275e.cnf.xz,cryptography,SAT,10,0.037,13.189,parse,0.03,0.22,168351,55915673,28b587cf6ecf,3,200,
3198bf396bbf9fbf335513f05293275e.cnf.xz,cryptography,SAT,10,0.037,13.189,reorder,0.02,0.17,168351,55915673,28b587cf6ecf,3,200,
3198bf396bbf9fbf335513f05293275e.cnf.xz,cryptography,SAT,10,0.037,13.189,warmup,0.02,0.15,168351,55915673,28b587cf6ecf,3,200,
3198bf396bbf9fbf335513f05293275e.cnf.xz,cryptography,SAT,10,0.037,13.189,merge,0.01,0.09,168351,55915673,28b587cf6ecf,3,200,
3198bf396bbf9fbf335513f05293275e.cnf.xz,cryptography,SAT,10,0.037,13.189,extractbinaries,0.01,0.09,168351,55915673,28b587cf6ecf,3,200,
3198bf396bbf9fbf335513f05293275e.cnf.xz,cryptography,SAT,10,0.037,13.189,defrag,0.01,0.06,168351,55915673,28b587cf6ecf,3,200,
3198bf396bbf9fbf335513f05293275e.cnf.xz,cryptography,SAT,10,0.037,13.189,lucky,0.0,0.01,168351,55915673,28b587cf6ecf,3,200,
3198bf396bbf9fbf335513f05293275e.cnf.xz,cryptography,SAT,10,0.037,13.189,rephase,0.0,0.0,168351,55915673,28b587cf6ecf,3,200,
3198bf396bbf9fbf335513f05293275e.cnf.xz,cryptography,SAT,10,0.037,13.189,total,13.14,100.0,168351,55915673,28b587cf6ecf,3,200,
3f2a362bb7d5a8ea3076020892cde807.cnf.xz,bitvector,UNKNOWN,0,0.275,200.024,search,129.71,65.03,851303,646111534,28b587cf6ecf,3,200,
3f2a362bb7d5a8ea3076020892cde807.cnf.xz,bitvector,UNKNOWN,0,0.275,200.024,simplify,68.37,34.27,851303,646111534,28b587cf6ecf,3,200,
3f2a362bb7d5a8ea3076020892cde807.cnf.xz,bitvector,UNKNOWN,0,0.275,200.024,focused,67.03,33.6,851303,646111534,28b587cf6ecf,3,200,
3f2a362bb7d5a8ea3076020892cde807.cnf.xz,bitvector,UNKNOWN,0,0.275,200.024,stable,62.69,31.43,851303,646111534,28b587cf6ecf,3,200,
3f2a362bb7d5a8ea3076020892cde807.cnf.xz,bitvector,UNKNOWN,0,0.275,200.024,probe,49.25,24.69,851303,646111534,28b587cf6ecf,3,200,
3f2a362bb7d5a8ea3076020892cde807.cnf.xz,bitvector,UNKNOWN,0,0.275,200.024,vivify,21.09,10.57,851303,646111534,28b587cf6ecf,3,200,
3f2a362bb7d5a8ea3076020892cde807.cnf.xz,bitvector,UNKNOWN,0,0.275,200.024,eliminate,18.95,9.5,851303,646111534,28b587cf6ecf,3,200,
3f2a362bb7d5a8ea3076020892cde807.cnf.xz,bitvector,UNKNOWN,0,0.275,200.024,analyze,16.74,8.39,851303,646111534,28b587cf6ecf,3,200,
3f2a362bb7d5a8ea3076020892cde807.cnf.xz,bitvector,UNKNOWN,0,0.275,200.024,factor,9.11,4.57,851303,646111534,28b587cf6ecf,3,200,
3f2a362bb7d5a8ea3076020892cde807.cnf.xz,bitvector,UNKNOWN,0,0.275,200.024,substitute,7.77,3.9,851303,646111534,28b587cf6ecf,3,200,
3f2a362bb7d5a8ea3076020892cde807.cnf.xz,bitvector,UNKNOWN,0,0.275,200.024,definition,5.98,3.0,851303,646111534,28b587cf6ecf,3,200,
3f2a362bb7d5a8ea3076020892cde807.cnf.xz,bitvector,UNKNOWN,0,0.275,200.024,vivify2,5.91,2.97,851303,646111534,28b587cf6ecf,3,200,
3f2a362bb7d5a8ea3076020892cde807.cnf.xz,bitvector,UNKNOWN,0,0.275,200.024,subsume,5.79,2.9,851303,646111534,28b587cf6ecf,3,200,
3f2a362bb7d5a8ea3076020892cde807.cnf.xz,bitvector,UNKNOWN,0,0.275,200.024,vivify1,5.78,2.9,851303,646111534,28b587cf6ecf,3,200,
3f2a362bb7d5a8ea3076020892cde807.cnf.xz,bitvector,UNKNOWN,0,0.275,200.024,vivify0,5.1,2.56,851303,646111534,28b587cf6ecf,3,200,
3f2a362bb7d5a8ea3076020892cde807.cnf.xz,bitvector,UNKNOWN,0,0.275,200.024,shrink,5.07,2.54,851303,646111534,28b587cf6ecf,3,200,
3f2a362bb7d5a8ea3076020892cde807.cnf.xz,bitvector,UNKNOWN,0,0.275,200.024,sweep,4.92,2.47,851303,646111534,28b587cf6ecf,3,200,
3f2a362bb7d5a8ea3076020892cde807.cnf.xz,bitvector,UNKNOWN,0,0.275,200.024,vivify3,4.29,2.15,851303,646111534,28b587cf6ecf,3,200,
3f2a362bb7d5a8ea3076020892cde807.cnf.xz,bitvector,UNKNOWN,0,0.275,200.024,congruence,3.71,1.86,851303,646111534,28b587cf6ecf,3,200,
3f2a362bb7d5a8ea3076020892cde807.cnf.xz,bitvector,UNKNOWN,0,0.275,200.024,deduce,3.13,1.57,851303,646111534,28b587cf6ecf,3,200,
3f2a362bb7d5a8ea3076020892cde807.cnf.xz,bitvector,UNKNOWN,0,0.275,200.024,collect,3.02,1.51,851303,646111534,28b587cf6ecf,3,200,
3f2a362bb7d5a8ea3076020892cde807.cnf.xz,bitvector,UNKNOWN,0,0.275,200.024,reduce,2.92,1.46,851303,646111534,28b587cf6ecf,3,200,
3f2a362bb7d5a8ea3076020892cde807.cnf.xz,bitvector,UNKNOWN,0,0.275,200.024,extract,2.62,1.31,851303,646111534,28b587cf6ecf,3,200,
3f2a362bb7d5a8ea3076020892cde807.cnf.xz,bitvector,UNKNOWN,0,0.275,200.024,bump,2.55,1.28,851303,646111534,28b587cf6ecf,3,200,
3f2a362bb7d5a8ea3076020892cde807.cnf.xz,bitvector,UNKNOWN,0,0.275,200.024,sweepbackbone,1.86,0.93,851303,646111534,28b587cf6ecf,3,200,
3f2a362bb7d5a8ea3076020892cde807.cnf.xz,bitvector,UNKNOWN,0,0.275,200.024,transitive,1.41,0.71,851303,646111534,28b587cf6ecf,3,200,
3f2a362bb7d5a8ea3076020892cde807.cnf.xz,bitvector,UNKNOWN,0,0.275,200.024,walking,1.24,0.62,851303,646111534,28b587cf6ecf,3,200,
3f2a362bb7d5a8ea3076020892cde807.cnf.xz,bitvector,UNKNOWN,0,0.275,200.024,backbone,1.23,0.62,851303,646111534,28b587cf6ecf,3,200,
3f2a362bb7d5a8ea3076020892cde807.cnf.xz,bitvector,UNKNOWN,0,0.275,200.024,sweepequivalences,1.14,0.57,851303,646111534,28b587cf6ecf,3,200,
3f2a362bb7d5a8ea3076020892cde807.cnf.xz,bitvector,UNKNOWN,0,0.275,200.024,preprocess,1.13,0.57,851303,646111534,28b587cf6ecf,3,200,
3f2a362bb7d5a8ea3076020892cde807.cnf.xz,bitvector,UNKNOWN,0,0.275,200.024,extractxors,0.98,0.49,851303,646111534,28b587cf6ecf,3,200,
3f2a362bb7d5a8ea3076020892cde807.cnf.xz,bitvector,UNKNOWN,0,0.275,200.024,matching,0.98,0.49,851303,646111534,28b587cf6ecf,3,200,
3f2a362bb7d5a8ea3076020892cde807.cnf.xz,bitvector,UNKNOWN,0,0.275,200.024,restart,0.67,0.33,851303,646111534,28b587cf6ecf,3,200,
3f2a362bb7d5a8ea3076020892cde807.cnf.xz,bitvector,UNKNOWN,0,0.275,200.024,extractites,0.58,0.29,851303,646111534,28b587cf6ecf,3,200,
3f2a362bb7d5a8ea3076020892cde807.cnf.xz,bitvector,UNKNOWN,0,0.275,200.024,reorder,0.51,0.25,851303,646111534,28b587cf6ecf,3,200,
3f2a362bb7d5a8ea3076020892cde807.cnf.xz,bitvector,UNKNOWN,0,0.275,200.024,extractands,0.47,0.24,851303,646111534,28b587cf6ecf,3,200,
3f2a362bb7d5a8ea3076020892cde807.cnf.xz,bitvector,UNKNOWN,0,0.275,200.024,warmup,0.4,0.2,851303,646111534,28b587cf6ecf,3,200,
3f2a362bb7d5a8ea3076020892cde807.cnf.xz,bitvector,UNKNOWN,0,0.275,200.024,minimize,0.35,0.17,851303,646111534,28b587cf6ecf,3,200,
3f2a362bb7d5a8ea3076020892cde807.cnf.xz,bitvector,UNKNOWN,0,0.275,200.024,defrag,0.33,0.17,851303,646111534,28b587cf6ecf,3,200,
3f2a362bb7d5a8ea3076020892cde807.cnf.xz,bitvector,UNKNOWN,0,0.275,200.024,parse,0.25,0.12,851303,646111534,28b587cf6ecf,3,200,
3f2a362bb7d5a8ea3076020892cde807.cnf.xz,bitvector,UNKNOWN,0,0.275,200.024,extractbinaries,0.15,0.07,851303,646111534,28b587cf6ecf,3,200,
3f2a362bb7d5a8ea3076020892cde807.cnf.xz,bitvector,UNKNOWN,0,0.275,200.024,lucky,0.02,0.01,851303,646111534,28b587cf6ecf,3,200,
3f2a362bb7d5a8ea3076020892cde807.cnf.xz,bitvector,UNKNOWN,0,0.275,200.024,rephase,0.0,0.0,851303,646111534,28b587cf6ecf,3,200,
3f2a362bb7d5a8ea3076020892cde807.cnf.xz,bitvector,UNKNOWN,0,0.275,200.024,merge,0.0,0.0,851303,646111534,28b587cf6ecf,3,200,
3f2a362bb7d5a8ea3076020892cde807.cnf.xz,bitvector,UNKNOWN,0,0.275,200.024,total,199.47,100.0,851303,646111534,28b587cf6ecf,3,200,
40c14c38362c8a8b8fb9849ecb2fb66e.cnf.xz,planning,SAT,10,0.018,7.961,search,4.81,60.68,194334,27855029,28b587cf6ecf,3,200,
40c14c38362c8a8b8fb9849ecb2fb66e.cnf.xz,planning,SAT,10,0.018,7.961,simplify,2.98,37.57,194334,27855029,28b587cf6ecf,3,200,
40c14c38362c8a8b8fb9849ecb2fb66e.cnf.xz,planning,SAT,10,0.018,7.961,stable,2.61,32.87,194334,27855029,28b587cf6ecf,3,200,
40c14c38362c8a8b8fb9849ecb2fb66e.cnf.xz,planning,SAT,10,0.018,7.961,probe,2.5,31.47,194334,27855029,28b587cf6ecf,3,200,
40c14c38362c8a8b8fb9849ecb2fb66e.cnf.xz,planning,SAT,10,0.018,7.961,focused,2.21,27.81,194334,27855029,28b587cf6ecf,3,200,
40c14c38362c8a8b8fb9849ecb2fb66e.cnf.xz,planning,SAT,10,0.018,7.961,analyze,1.42,17.95,194334,27855029,28b587cf6ecf,3,200,
40c14c38362c8a8b8fb9849ecb2fb66e.cnf.xz,planning,SAT,10,0.018,7.961,sweep,1.06,13.37,194334,27855029,28b587cf6ecf,3,200,
40c14c38362c8a8b8fb9849ecb2fb66e.cnf.xz,planning,SAT,10,0.018,7.961,vivify,0.75,9.47,194334,27855029,28b587cf6ecf,3,200,
40c14c38362c8a8b8fb9849ecb2fb66e.cnf.xz,planning,SAT,10,0.018,7.961,eliminate,0.57,7.23,194334,27855029,28b587cf6ecf,3,200,
40c14c38362c8a8b8fb9849ecb2fb66e.cnf.xz,planning,SAT,10,0.018,7.961,sweepbackbone,0.57,7.15,194334,27855029,28b587cf6ecf,3,200,
40c14c38362c8a8b8fb9849ecb2fb66e.cnf.xz,planning,SAT,10,0.018,7.961,factor,0.33,4.16,194334,27855029,28b587cf6ecf,3,200,
40c14c38362c8a8b8fb9849ecb2fb66e.cnf.xz,planning,SAT,10,0.018,7.961,shrink,0.29,3.65,194334,27855029,28b587cf6ecf,3,200,
40c14c38362c8a8b8fb9849ecb2fb66e.cnf.xz,planning,SAT,10,0.018,7.961,deduce,0.26,3.31,194334,27855029,28b587cf6ecf,3,200,
40c14c38362c8a8b8fb9849ecb2fb66e.cnf.xz,planning,SAT,10,0.018,7.961,sweepequivalences,0.23,2.89,194334,27855029,28b587cf6ecf,3,200,
40c14c38362c8a8b8fb9849ecb2fb66e.cnf.xz,planning,SAT,10,0.018,7.961,vivify0,0.23,2.85,194334,27855029,28b587cf6ecf,3,200,
40c14c38362c8a8b8fb9849ecb2fb66e.cnf.xz,planning,SAT,10,0.018,7.961,definition,0.22,2.75,194334,27855029,28b587cf6ecf,3,200,
40c14c38362c8a8b8fb9849ecb2fb66e.cnf.xz,planning,SAT,10,0.018,7.961,vivify1,0.21,2.7,194334,27855029,28b587cf6ecf,3,200,
40c14c38362c8a8b8fb9849ecb2fb66e.cnf.xz,planning,SAT,10,0.018,7.961,substitute,0.2,2.55,194334,27855029,28b587cf6ecf,3,200,
40c14c38362c8a8b8fb9849ecb2fb66e.cnf.xz,planning,SAT,10,0.018,7.961,vivify2,0.19,2.34,194334,27855029,28b587cf6ecf,3,200,
40c14c38362c8a8b8fb9849ecb2fb66e.cnf.xz,planning,SAT,10,0.018,7.961,bump,0.18,2.27,194334,27855029,28b587cf6ecf,3,200,
40c14c38362c8a8b8fb9849ecb2fb66e.cnf.xz,planning,SAT,10,0.018,7.961,reduce,0.13,1.67,194334,27855029,28b587cf6ecf,3,200,
40c14c38362c8a8b8fb9849ecb2fb66e.cnf.xz,planning,SAT,10,0.018,7.961,vivify3,0.13,1.58,194334,27855029,28b587cf6ecf,3,200,
40c14c38362c8a8b8fb9849ecb2fb66e.cnf.xz,planning,SAT,10,0.018,7.961,collect,0.12,1.53,194334,27855029,28b587cf6ecf,3,200,
40c14c38362c8a8b8fb9849ecb2fb66e.cnf.xz,planning,SAT,10,0.018,7.961,preprocess,0.12,1.52,194334,27855029,28b587cf6ecf,3,200,
40c14c38362c8a8b8fb9849ecb2fb66e.cnf.xz,planning,SAT,10,0.018,7.961,subsume,0.1,1.2,194334,27855029,28b587cf6ecf,3,200,
40c14c38362c8a8b8fb9849ecb2fb66e.cnf.xz,planning,SAT,10,0.018,7.961,congruence,0.07,0.88,194334,27855029,28b587cf6ecf,3,200,
40c14c38362c8a8b8fb9849ecb2fb66e.cnf.xz,planning,SAT,10,0.018,7.961,minimize,0.07,0.87,194334,27855029,28b587cf6ecf,3,200,
40c14c38362c8a8b8fb9849ecb2fb66e.cnf.xz,planning,SAT,10,0.018,7.961,extract,0.05,0.69,194334,27855029,28b587cf6ecf,3,200,
40c14c38362c8a8b8fb9849ecb2fb66e.cnf.xz,planning,SAT,10,0.018,7.961,backbone,0.04,0.52,194334,27855029,28b587cf6ecf,3,200,
40c14c38362c8a8b8fb9849ecb2fb66e.cnf.xz,planning,SAT,10,0.018,7.961,transitive,0.04,0.52,194334,27855029,28b587cf6ecf,3,200,
40c14c38362c8a8b8fb9849ecb2fb66e.cnf.xz,planning,SAT,10,0.018,7.961,walking,0.03,0.35,194334,27855029,28b587cf6ecf,3,200,
40c14c38362c8a8b8fb9849ecb2fb66e.cnf.xz,planning,SAT,10,0.018,7.961,restart,0.03,0.33,194334,27855029,28b587cf6ecf,3,200,
40c14c38362c8a8b8fb9849ecb2fb66e.cnf.xz,planning,SAT,10,0.018,7.961,extractxors,0.02,0.28,194334,27855029,28b587cf6ecf,3,200,
40c14c38362c8a8b8fb9849ecb2fb66e.cnf.xz,planning,SAT,10,0.018,7.961,parse,0.01,0.18,194334,27855029,28b587cf6ecf,3,200,
40c14c38362c8a8b8fb9849ecb2fb66e.cnf.xz,planning,SAT,10,0.018,7.961,reorder,0.01,0.16,194334,27855029,28b587cf6ecf,3,200,
40c14c38362c8a8b8fb9849ecb2fb66e.cnf.xz,planning,SAT,10,0.018,7.961,matching,0.01,0.14,194334,27855029,28b587cf6ecf,3,200,
40c14c38362c8a8b8fb9849ecb2fb66e.cnf.xz,planning,SAT,10,0.018,7.961,extractands,0.01,0.11,194334,27855029,28b587cf6ecf,3,200,
40c14c38362c8a8b8fb9849ecb2fb66e.cnf.xz,planning,SAT,10,0.018,7.961,warmup,0.01,0.11,194334,27855029,28b587cf6ecf,3,200,
40c14c38362c8a8b8fb9849ecb2fb66e.cnf.xz,planning,SAT,10,0.018,7.961,defrag,0.01,0.08,194334,27855029,28b587cf6ecf,3,200,
40c14c38362c8a8b8fb9849ecb2fb66e.cnf.xz,planning,SAT,10,0.018,7.961,extractbinaries,0.01,0.07,194334,27855029,28b587cf6ecf,3,200,
40c14c38362c8a8b8fb9849ecb2fb66e.cnf.xz,planning,SAT,10,0.018,7.961,extractites,0.01,0.07,194334,27855029,28b587cf6ecf,3,200,
40c14c38362c8a8b8fb9849ecb2fb66e.cnf.xz,planning,SAT,10,0.018,7.961,lucky,0.0,0.05,194334,27855029,28b587cf6ecf,3,200,
40c14c38362c8a8b8fb9849ecb2fb66e.cnf.xz,planning,SAT,10,0.018,7.961,rephase,0.0,0.01,194334,27855029,28b587cf6ecf,3,200,
40c14c38362c8a8b8fb9849ecb2fb66e.cnf.xz,planning,SAT,10,0.018,7.961,merge,0.0,0.0,194334,27855029,28b587cf6ecf,3,200,
40c14c38362c8a8b8fb9849ecb2fb66e.cnf.xz,planning,SAT,10,0.018,7.961,total,7.93,100.0,194334,27855029,28b587cf6ecf,3,200,
4452f6e48237a5be57cc2166d290ee85.cnf.xz,cryptography,UNKNOWN,0,0.033,200.008,search,183.19,91.79,2939685,383760296,28b587cf6ecf,3,200,
4452f6e48237a5be57cc2166d290ee85.cnf.xz,cryptography,UNKNOWN,0,0.033,200.008,stable,105.98,53.1,2939685,383760296,28b587cf6ecf,3,200,
4452f6e48237a5be57cc2166d290ee85.cnf.xz,cryptography,UNKNOWN,0,0.033,200.008,focused,77.21,38.69,2939685,383760296,28b587cf6ecf,3,200,
4452f6e48237a5be57cc2166d290ee85.cnf.xz,cryptography,UNKNOWN,0,0.033,200.008,analyze,60.44,30.29,2939685,383760296,28b587cf6ecf,3,200,
4452f6e48237a5be57cc2166d290ee85.cnf.xz,cryptography,UNKNOWN,0,0.033,200.008,shrink,20.93,10.49,2939685,383760296,28b587cf6ecf,3,200,
4452f6e48237a5be57cc2166d290ee85.cnf.xz,cryptography,UNKNOWN,0,0.033,200.008,simplify,16.25,8.14,2939685,383760296,28b587cf6ecf,3,200,
4452f6e48237a5be57cc2166d290ee85.cnf.xz,cryptography,UNKNOWN,0,0.033,200.008,probe,15.31,7.67,2939685,383760296,28b587cf6ecf,3,200,
4452f6e48237a5be57cc2166d290ee85.cnf.xz,cryptography,UNKNOWN,0,0.033,200.008,vivify,12.21,6.12,2939685,383760296,28b587cf6ecf,3,200,
4452f6e48237a5be57cc2166d290ee85.cnf.xz,cryptography,UNKNOWN,0,0.033,200.008,deduce,10.08,5.05,2939685,383760296,28b587cf6ecf,3,200,
4452f6e48237a5be57cc2166d290ee85.cnf.xz,cryptography,UNKNOWN,0,0.033,200.008,bump,6.07,3.04,2939685,383760296,28b587cf6ecf,3,200,
4452f6e48237a5be57cc2166d290ee85.cnf.xz,cryptography,UNKNOWN,0,0.033,200.008,vivify3,5.36,2.69,2939685,383760296,28b587cf6ecf,3,200,
4452f6e48237a5be57cc2166d290ee85.cnf.xz,cryptography,UNKNOWN,0,0.033,200.008,vivify1,3.37,1.69,2939685,383760296,28b587cf6ecf,3,200,
4452f6e48237a5be57cc2166d290ee85.cnf.xz,cryptography,UNKNOWN,0,0.033,200.008,vivify2,2.51,1.26,2939685,383760296,28b587cf6ecf,3,200,
4452f6e48237a5be57cc2166d290ee85.cnf.xz,cryptography,UNKNOWN,0,0.033,200.008,reduce,2.04,1.02,2939685,383760296,28b587cf6ecf,3,200,
4452f6e48237a5be57cc2166d290ee85.cnf.xz,cryptography,UNKNOWN,0,0.033,200.008,sweep,1.93,0.97,2939685,383760296,28b587cf6ecf,3,200,
4452f6e48237a5be57cc2166d290ee85.cnf.xz,cryptography,UNKNOWN,0,0.033,200.008,collect,1.68,0.84,2939685,383760296,28b587cf6ecf,3,200,
4452f6e48237a5be57cc2166d290ee85.cnf.xz,cryptography,UNKNOWN,0,0.033,200.008,minimize,1.31,0.65,2939685,383760296,28b587cf6ecf,3,200,
4452f6e48237a5be57cc2166d290ee85.cnf.xz,cryptography,UNKNOWN,0,0.033,200.008,vivify0,0.96,0.48,2939685,383760296,28b587cf6ecf,3,200,
4452f6e48237a5be57cc2166d290ee85.cnf.xz,cryptography,UNKNOWN,0,0.033,200.008,sweepbackbone,0.79,0.4,2939685,383760296,28b587cf6ecf,3,200,
4452f6e48237a5be57cc2166d290ee85.cnf.xz,cryptography,UNKNOWN,0,0.033,200.008,eliminate,0.77,0.38,2939685,383760296,28b587cf6ecf,3,200,
4452f6e48237a5be57cc2166d290ee85.cnf.xz,cryptography,UNKNOWN,0,0.033,200.008,substitute,0.66,0.33,2939685,383760296,28b587cf6ecf,3,200,
4452f6e48237a5be57cc2166d290ee85.cnf.xz,cryptography,UNKNOWN,0,0.033,200.008,sweepequivalences,0.65,0.33,2939685,383760296,28b587cf6ecf,3,200,
4452f6e48237a5be57cc2166d290ee85.cnf.xz,cryptography,UNKNOWN,0,0.033,200.008,factor,0.36,0.18,2939685,383760296,28b587cf6ecf,3,200,
4452f6e48237a5be57cc2166d290ee85.cnf.xz,cryptography,UNKNOWN,0,0.033,200.008,restart,0.32,0.16,2939685,383760296,28b587cf6ecf,3,200,
4452f6e48237a5be57cc2166d290ee85.cnf.xz,cryptography,UNKNOWN,0,0.033,200.008,defrag,0.29,0.14,2939685,383760296,28b587cf6ecf,3,200,
4452f6e48237a5be57cc2166d290ee85.cnf.xz,cryptography,UNKNOWN,0,0.033,200.008,walking,0.28,0.14,2939685,383760296,28b587cf6ecf,3,200,
4452f6e48237a5be57cc2166d290ee85.cnf.xz,cryptography,UNKNOWN,0,0.033,200.008,definition,0.26,0.13,2939685,383760296,28b587cf6ecf,3,200,
4452f6e48237a5be57cc2166d290ee85.cnf.xz,cryptography,UNKNOWN,0,0.033,200.008,subsume,0.19,0.1,2939685,383760296,28b587cf6ecf,3,200,
4452f6e48237a5be57cc2166d290ee85.cnf.xz,cryptography,UNKNOWN,0,0.033,200.008,preprocess,0.1,0.05,2939685,383760296,28b587cf6ecf,3,200,
4452f6e48237a5be57cc2166d290ee85.cnf.xz,cryptography,UNKNOWN,0,0.033,200.008,congruence,0.08,0.04,2939685,383760296,28b587cf6ecf,3,200,
4452f6e48237a5be57cc2166d290ee85.cnf.xz,cryptography,UNKNOWN,0,0.033,200.008,extract,0.07,0.03,2939685,383760296,28b587cf6ecf,3,200,
4452f6e48237a5be57cc2166d290ee85.cnf.xz,cryptography,UNKNOWN,0,0.033,200.008,transitive,0.05,0.03,2939685,383760296,28b587cf6ecf,3,200,
4452f6e48237a5be57cc2166d290ee85.cnf.xz,cryptography,UNKNOWN,0,0.033,200.008,reorder,0.05,0.03,2939685,383760296,28b587cf6ecf,3,200,
4452f6e48237a5be57cc2166d290ee85.cnf.xz,cryptography,UNKNOWN,0,0.033,200.008,extractxors,0.03,0.02,2939685,383760296,28b587cf6ecf,3,200,
4452f6e48237a5be57cc2166d290ee85.cnf.xz,cryptography,UNKNOWN,0,0.033,200.008,warmup,0.03,0.02,2939685,383760296,28b587cf6ecf,3,200,
4452f6e48237a5be57cc2166d290ee85.cnf.xz,cryptography,UNKNOWN,0,0.033,200.008,parse,0.03,0.01,2939685,383760296,28b587cf6ecf,3,200,
4452f6e48237a5be57cc2166d290ee85.cnf.xz,cryptography,UNKNOWN,0,0.033,200.008,backbone,0.02,0.01,2939685,383760296,28b587cf6ecf,3,200,
4452f6e48237a5be57cc2166d290ee85.cnf.xz,cryptography,UNKNOWN,0,0.033,200.008,matching,0.01,0.0,2939685,383760296,28b587cf6ecf,3,200,
4452f6e48237a5be57cc2166d290ee85.cnf.xz,cryptography,UNKNOWN,0,0.033,200.008,extractites,0.01,0.0,2939685,383760296,28b587cf6ecf,3,200,
4452f6e48237a5be57cc2166d290ee85.cnf.xz,cryptography,UNKNOWN,0,0.033,200.008,extractands,0.01,0.0,2939685,383760296,28b587cf6ecf,3,200,
4452f6e48237a5be57cc2166d290ee85.cnf.xz,cryptography,UNKNOWN,0,0.033,200.008,lucky,0.0,0.0,2939685,383760296,28b587cf6ecf,3,200,
4452f6e48237a5be57cc2166d290ee85.cnf.xz,cryptography,UNKNOWN,0,0.033,200.008,extractbinaries,0.0,0.0,2939685,383760296,28b587cf6ecf,3,200,
4452f6e48237a5be57cc2166d290ee85.cnf.xz,cryptography,UNKNOWN,0,0.033,200.008,rephase,0.0,0.0,2939685,383760296,28b587cf6ecf,3,200,
4452f6e48237a5be57cc2166d290ee85.cnf.xz,cryptography,UNKNOWN,0,0.033,200.008,merge,0.0,0.0,2939685,383760296,28b587cf6ecf,3,200,
4452f6e48237a5be57cc2166d290ee85.cnf.xz,cryptography,UNKNOWN,0,0.033,200.008,total,199.58,100.0,2939685,383760296,28b587cf6ecf,3,200,
445f835be7805993f89cc2b6f3bea065.cnf.xz,bitvector,UNKNOWN,0,0.024,200.006,search,170.52,85.41,2799775,722993397,28b587cf6ecf,3,200,
445f835be7805993f89cc2b6f3bea065.cnf.xz,bitvector,UNKNOWN,0,0.024,200.006,focused,85.4,42.78,2799775,722993397,28b587cf6ecf,3,200,
445f835be7805993f89cc2b6f3bea065.cnf.xz,bitvector,UNKNOWN,0,0.024,200.006,stable,85.12,42.64,2799775,722993397,28b587cf6ecf,3,200,
445f835be7805993f89cc2b6f3bea065.cnf.xz,bitvector,UNKNOWN,0,0.024,200.006,analyze,48.97,24.53,2799775,722993397,28b587cf6ecf,3,200,
445f835be7805993f89cc2b6f3bea065.cnf.xz,bitvector,UNKNOWN,0,0.024,200.006,simplify,29.05,14.55,2799775,722993397,28b587cf6ecf,3,200,
445f835be7805993f89cc2b6f3bea065.cnf.xz,bitvector,UNKNOWN,0,0.024,200.006,probe,28.13,14.09,2799775,722993397,28b587cf6ecf,3,200,
445f835be7805993f89cc2b6f3bea065.cnf.xz,bitvector,UNKNOWN,0,0.024,200.006,shrink,17.65,8.84,2799775,722993397,28b587cf6ecf,3,200,
445f835be7805993f89cc2b6f3bea065.cnf.xz,bitvector,UNKNOWN,0,0.024,200.006,vivify,15.1,7.56,2799775,722993397,28b587cf6ecf,3,200,
445f835be7805993f89cc2b6f3bea065.cnf.xz,bitvector,UNKNOWN,0,0.024,200.006,deduce,11.97,6.0,2799775,722993397,28b587cf6ecf,3,200,
445f835be7805993f89cc2b6f3bea065.cnf.xz,bitvector,UNKNOWN,0,0.024,200.006,sweep,11.77,5.9,2799775,722993397,28b587cf6ecf,3,200,
445f835be7805993f89cc2b6f3bea065.cnf.xz,bitvector,UNKNOWN,0,0.024,200.006,bump,7.42,3.72,2799775,722993397,28b587cf6ecf,3,200,
445f835be7805993f89cc2b6f3bea065.cnf.xz,bitvector,UNKNOWN,0,0.024,200.006,sweepbackbone,6.05,3.03,2799775,722993397,28b587cf6ecf,3,200,
445f835be7805993f89cc2b6f3bea065.cnf.xz,bitvector,UNKNOWN,0,0.024,200.006,vivify2,4.72,2.36,2799775,722993397,28b587cf6ecf,3,200,
445f835be7805993f89cc2b6f3bea065.cnf.xz,bitvector,UNKNOWN,0,0.024,200.006,vivify1,4.7,2.36,2799775,722993397,28b587cf6ecf,3,200,
445f835be7805993f89cc2b6f3bea065.cnf.xz,bitvector,UNKNOWN,0,0.024,200.006,sweepequivalences,3.62,1.82,2799775,722993397,28b587cf6ecf,3,200,
445f835be7805993f89cc2b6f3bea065.cnf.xz,bitvector,UNKNOWN,0,0.024,200.006,vivify0,3.04,1.52,2799775,722993397,28b587cf6ecf,3,200,
445f835be7805993f89cc2b6f3bea065.cnf.xz,bitvector,UNKNOWN,0,0.024,200.006,vivify3,2.63,1.32,2799775,722993397,28b587cf6ecf,3,200,
445f835be7805993f89cc2b6f3bea065.cnf.xz,bitvector,UNKNOWN,0,0.024,200.006,reduce,1.42,0.71,2799775,722993397,28b587cf6ecf,3,200,
445f835be7805993f89cc2b6f3bea065.cnf.xz,bitvector,UNKNOWN,0,0.024,200.006,collect,1.21,0.61,2799775,722993397,28b587cf6ecf,3,200,
445f835be7805993f89cc2b6f3bea065.cnf.xz,bitvector,UNKNOWN,0,0.024,200.006,minimize,0.93,0.47,2799775,722993397,28b587cf6ecf,3,200,
445f835be7805993f89cc2b6f3bea065.cnf.xz,bitvector,UNKNOWN,0,0.024,200.006,eliminate,0.78,0.39,2799775,722993397,28b587cf6ecf,3,200,
445f835be7805993f89cc2b6f3bea065.cnf.xz,bitvector,UNKNOWN,0,0.024,200.006,substitute,0.56,0.28,2799775,722993397,28b587cf6ecf,3,200,
445f835be7805993f89cc2b6f3bea065.cnf.xz,bitvector,UNKNOWN,0,0.024,200.006,factor,0.49,0.25,2799775,722993397,28b587cf6ecf,3,200,
445f835be7805993f89cc2b6f3bea065.cnf.xz,bitvector,UNKNOWN,0,0.024,200.006,definition,0.3,0.15,2799775,722993397,28b587cf6ecf,3,200,
445f835be7805993f89cc2b6f3bea065.cnf.xz,bitvector,UNKNOWN,0,0.024,200.006,restart,0.22,0.11,2799775,722993397,28b587cf6ecf,3,200,
445f835be7805993f89cc2b6f3bea065.cnf.xz,bitvector,UNKNOWN,0,0.024,200.006,defrag,0.21,0.11,2799775,722993397,28b587cf6ecf,3,200,
445f835be7805993f89cc2b6f3bea065.cnf.xz,bitvector,UNKNOWN,0,0.024,200.006,walking,0.18,0.09,2799775,722993397,28b587cf6ecf,3,200,
445f835be7805993f89cc2b6f3bea065.cnf.xz,bitvector,UNKNOWN,0,0.024,200.006,subsume,0.12,0.06,2799775,722993397,28b587cf6ecf,3,200,
445f835be7805993f89cc2b6f3bea065.cnf.xz,bitvector,UNKNOWN,0,0.024,200.006,congruence,0.1,0.05,2799775,722993397,28b587cf6ecf,3,200,
445f835be7805993f89cc2b6f3bea065.cnf.xz,bitvector,UNKNOWN,0,0.024,200.006,extract,0.09,0.04,2799775,722993397,28b587cf6ecf,3,200,
445f835be7805993f89cc2b6f3bea065.cnf.xz,bitvector,UNKNOWN,0,0.024,200.006,transitive,0.08,0.04,2799775,722993397,28b587cf6ecf,3,200,
445f835be7805993f89cc2b6f3bea065.cnf.xz,bitvector,UNKNOWN,0,0.024,200.006,preprocess,0.05,0.02,2799775,722993397,28b587cf6ecf,3,200,
445f835be7805993f89cc2b6f3bea065.cnf.xz,bitvector,UNKNOWN,0,0.024,200.006,extractxors,0.04,0.02,2799775,722993397,28b587cf6ecf,3,200,
445f835be7805993f89cc2b6f3bea065.cnf.xz,bitvector,UNKNOWN,0,0.024,200.006,reorder,0.03,0.02,2799775,722993397,28b587cf6ecf,3,200,
445f835be7805993f89cc2b6f3bea065.cnf.xz,bitvector,UNKNOWN,0,0.024,200.006,backbone,0.03,0.02,2799775,722993397,28b587cf6ecf,3,200,
445f835be7805993f89cc2b6f3bea065.cnf.xz,bitvector,UNKNOWN,0,0.024,200.006,lucky,0.02,0.01,2799775,722993397,28b587cf6ecf,3,200,
445f835be7805993f89cc2b6f3bea065.cnf.xz,bitvector,UNKNOWN,0,0.024,200.006,warmup,0.02,0.01,2799775,722993397,28b587cf6ecf,3,200,
445f835be7805993f89cc2b6f3bea065.cnf.xz,bitvector,UNKNOWN,0,0.024,200.006,extractands,0.02,0.01,2799775,722993397,28b587cf6ecf,3,200,
445f835be7805993f89cc2b6f3bea065.cnf.xz,bitvector,UNKNOWN,0,0.024,200.006,extractites,0.01,0.01,2799775,722993397,28b587cf6ecf,3,200,
445f835be7805993f89cc2b6f3bea065.cnf.xz,bitvector,UNKNOWN,0,0.024,200.006,parse,0.01,0.0,2799775,722993397,28b587cf6ecf,3,200,
445f835be7805993f89cc2b6f3bea065.cnf.xz,bitvector,UNKNOWN,0,0.024,200.006,extractbinaries,0.01,0.0,2799775,722993397,28b587cf6ecf,3,200,
445f835be7805993f89cc2b6f3bea065.cnf.xz,bitvector,UNKNOWN,0,0.024,200.006,matching,0.01,0.0,2799775,722993397,28b587cf6ecf,3,200,
445f835be7805993f89cc2b6f3bea065.cnf.xz,bitvector,UNKNOWN,0,0.024,200.006,rephase,0.0,0.0,2799775,722993397,28b587cf6ecf,3,200,
445f835be7805993f89cc2b6f3bea065.cnf.xz,bitvector,UNKNOWN,0,0.024,200.006,merge,0.0,0.0,2799775,722993397,28b587cf6ecf,3,200,
445f835be7805993f89cc2b6f3bea065.cnf.xz,bitvector,UNKNOWN,0,0.024,200.006,total,199.64,100.0,2799775,722993397,28b587cf6ecf,3,200,
448bc3366a8793b08e67bc5b816eafe8.cnf.xz,scheduling,UNKNOWN,0,0.096,200.015,search,159.09,79.7,1907073,1616714029,28b587cf6ecf,3,200,
448bc3366a8793b08e67bc5b816eafe8.cnf.xz,scheduling,UNKNOWN,0,0.096,200.015,focused,86.66,43.41,1907073,1616714029,28b587cf6ecf,3,200,
448bc3366a8793b08e67bc5b816eafe8.cnf.xz,scheduling,UNKNOWN,0,0.096,200.015,stable,72.44,36.29,1907073,1616714029,28b587cf6ecf,3,200,
448bc3366a8793b08e67bc5b816eafe8.cnf.xz,scheduling,UNKNOWN,0,0.096,200.015,simplify,40.21,20.15,1907073,1616714029,28b587cf6ecf,3,200,
448bc3366a8793b08e67bc5b816eafe8.cnf.xz,scheduling,UNKNOWN,0,0.096,200.015,probe,34.83,17.45,1907073,1616714029,28b587cf6ecf,3,200,
448bc3366a8793b08e67bc5b816eafe8.cnf.xz,scheduling,UNKNOWN,0,0.096,200.015,analyze,23.36,11.7,1907073,1616714029,28b587cf6ecf,3,200,
448bc3366a8793b08e67bc5b816eafe8.cnf.xz,scheduling,UNKNOWN,0,0.096,200.015,vivify,19.12,9.58,1907073,1616714029,28b587cf6ecf,3,200,
448bc3366a8793b08e67bc5b816eafe8.cnf.xz,scheduling,UNKNOWN,0,0.096,200.015,vivify1,7.57,3.79,1907073,1616714029,28b587cf6ecf,3,200,
448bc3366a8793b08e67bc5b816eafe8.cnf.xz,scheduling,UNKNOWN,0,0.096,200.015,vivify2,6.98,3.5,1907073,1616714029,28b587cf6ecf,3,200,
448bc3366a8793b08e67bc5b816eafe8.cnf.xz,scheduling,UNKNOWN,0,0.096,200.015,shrink,6.03,3.02,1907073,1616714029,28b587cf6ecf,3,200,
448bc3366a8793b08e67bc5b816eafe8.cnf.xz,scheduling,UNKNOWN,0,0.096,200.015,eliminate,4.51,2.26,1907073,1616714029,28b587cf6ecf,3,200,
448bc3366a8793b08e67bc5b816eafe8.cnf.xz,scheduling,UNKNOWN,0,0.096,200.015,deduce,3.82,1.91,1907073,1616714029,28b587cf6ecf,3,200,
448bc3366a8793b08e67bc5b816eafe8.cnf.xz,scheduling,UNKNOWN,0,0.096,200.015,sweep,3.38,1.69,1907073,1616714029,28b587cf6ecf,3,200,
448bc3366a8793b08e67bc5b816eafe8.cnf.xz,scheduling,UNKNOWN,0,0.096,200.015,factor,3.36,1.68,1907073,1616714029,28b587cf6ecf,3,200,
448bc3366a8793b08e67bc5b816eafe8.cnf.xz,scheduling,UNKNOWN,0,0.096,200.015,substitute,3.3,1.65,1907073,1616714029,28b587cf6ecf,3,200,
448bc3366a8793b08e67bc5b816eafe8.cnf.xz,scheduling,UNKNOWN,0,0.096,200.015,bump,3.12,1.57,1907073,1616714029,28b587cf6ecf,3,200,
448bc3366a8793b08e67bc5b816eafe8.cnf.xz,scheduling,UNKNOWN,0,0.096,200.015,vivify3,3.1,1.55,1907073,1616714029,28b587cf6ecf,3,200,
448bc3366a8793b08e67bc5b816eafe8.cnf.xz,scheduling,UNKNOWN,0,0.096,200.015,reduce,2.63,1.32,1907073,1616714029,28b587cf6ecf,3,200,
448bc3366a8793b08e67bc5b816eafe8.cnf.xz,scheduling,UNKNOWN,0,0.096,200.015,transitive,2.57,1.29,1907073,1616714029,28b587cf6ecf,3,200,
448bc3366a8793b08e67bc5b816eafe8.cnf.xz,scheduling,UNKNOWN,0,0.096,200.015,collect,2.53,1.27,1907073,1616714029,28b587cf6ecf,3,200,
448bc3366a8793b08e67bc5b816eafe8.cnf.xz,scheduling,UNKNOWN,0,0.096,200.015,backbone,2.26,1.13,1907073,1616714029,28b587cf6ecf,3,200,
448bc3366a8793b08e67bc5b816eafe8.cnf.xz,scheduling,UNKNOWN,0,0.096,200.015,restart,1.55,0.78,1907073,1616714029,28b587cf6ecf,3,200,
448bc3366a8793b08e67bc5b816eafe8.cnf.xz,scheduling,UNKNOWN,0,0.096,200.015,sweepbackbone,1.52,0.76,1907073,1616714029,28b587cf6ecf,3,200,
448bc3366a8793b08e67bc5b816eafe8.cnf.xz,scheduling,UNKNOWN,0,0.096,200.015,vivify0,1.47,0.74,1907073,1616714029,28b587cf6ecf,3,200,
448bc3366a8793b08e67bc5b816eafe8.cnf.xz,scheduling,UNKNOWN,0,0.096,200.015,definition,1.4,0.7,1907073,1616714029,28b587cf6ecf,3,200,
448bc3366a8793b08e67bc5b816eafe8.cnf.xz,scheduling,UNKNOWN,0,0.096,200.015,sweepequivalences,1.19,0.6,1907073,1616714029,28b587cf6ecf,3,200,
448bc3366a8793b08e67bc5b816eafe8.cnf.xz,scheduling,UNKNOWN,0,0.096,200.015,walking,1.01,0.51,1907073,1616714029,28b587cf6ecf,3,200,
448bc3366a8793b08e67bc5b816eafe8.cnf.xz,scheduling,UNKNOWN,0,0.096,200.015,congruence,0.85,0.42,1907073,1616714029,28b587cf6ecf,3,200,
448bc3366a8793b08e67bc5b816eafe8.cnf.xz,scheduling,UNKNOWN,0,0.096,200.015,extract,0.77,0.39,1907073,1616714029,28b587cf6ecf,3,200,
448bc3366a8793b08e67bc5b816eafe8.cnf.xz,scheduling,UNKNOWN,0,0.096,200.015,subsume,0.72,0.36,1907073,1616714029,28b587cf6ecf,3,200,
448bc3366a8793b08e67bc5b816eafe8.cnf.xz,scheduling,UNKNOWN,0,0.096,200.015,minimize,0.62,0.31,1907073,1616714029,28b587cf6ecf,3,200,
448bc3366a8793b08e67bc5b816eafe8.cnf.xz,scheduling,UNKNOWN,0,0.096,200.015,reorder,0.28,0.14,1907073,1616714029,28b587cf6ecf,3,200,
448bc3366a8793b08e67bc5b816eafe8.cnf.xz,scheduling,UNKNOWN,0,0.096,200.015,extractxors,0.23,0.12,1907073,1616714029,28b587cf6ecf,3,200,
448bc3366a8793b08e67bc5b816eafe8.cnf.xz,scheduling,UNKNOWN,0,0.096,200.015,extractands,0.18,0.09,1907073,1616714029,28b587cf6ecf,3,200,
448bc3366a8793b08e67bc5b816eafe8.cnf.xz,scheduling,UNKNOWN,0,0.096,200.015,preprocess,0.17,0.08,1907073,1616714029,28b587cf6ecf,3,200,
448bc3366a8793b08e67bc5b816eafe8.cnf.xz,scheduling,UNKNOWN,0,0.096,200.015,warmup,0.13,0.07,1907073,1616714029,28b587cf6ecf,3,200,
448bc3366a8793b08e67bc5b816eafe8.cnf.xz,scheduling,UNKNOWN,0,0.096,200.015,extractites,0.13,0.06,1907073,1616714029,28b587cf6ecf,3,200,
448bc3366a8793b08e67bc5b816eafe8.cnf.xz,scheduling,UNKNOWN,0,0.096,200.015,parse,0.08,0.04,1907073,1616714029,28b587cf6ecf,3,200,
448bc3366a8793b08e67bc5b816eafe8.cnf.xz,scheduling,UNKNOWN,0,0.096,200.015,extractbinaries,0.07,0.04,1907073,1616714029,28b587cf6ecf,3,200,
448bc3366a8793b08e67bc5b816eafe8.cnf.xz,scheduling,UNKNOWN,0,0.096,200.015,defrag,0.07,0.03,1907073,1616714029,28b587cf6ecf,3,200,
448bc3366a8793b08e67bc5b816eafe8.cnf.xz,scheduling,UNKNOWN,0,0.096,200.015,lucky,0.06,0.03,1907073,1616714029,28b587cf6ecf,3,200,
448bc3366a8793b08e67bc5b816eafe8.cnf.xz,scheduling,UNKNOWN,0,0.096,200.015,matching,0.02,0.01,1907073,1616714029,28b587cf6ecf,3,200,
448bc3366a8793b08e67bc5b816eafe8.cnf.xz,scheduling,UNKNOWN,0,0.096,200.015,rephase,0.0,0.0,1907073,1616714029,28b587cf6ecf,3,200,
448bc3366a8793b08e67bc5b816eafe8.cnf.xz,scheduling,UNKNOWN,0,0.096,200.015,merge,0.0,0.0,1907073,1616714029,28b587cf6ecf,3,200,
448bc3366a8793b08e67bc5b816eafe8.cnf.xz,scheduling,UNKNOWN,0,0.096,200.015,total,199.61,100.0,1907073,1616714029,28b587cf6ecf,3,200,
44c25de7963c45e92a2407ad839f6e8b.cnf.xz,scheduling,UNKNOWN,0,0.045,200.008,search,165.49,82.83,4197564,2006428567,28b587cf6ecf,3,200,
44c25de7963c45e92a2407ad839f6e8b.cnf.xz,scheduling,UNKNOWN,0,0.045,200.008,focused,84.22,42.15,4197564,2006428567,28b587cf6ecf,3,200,
44c25de7963c45e92a2407ad839f6e8b.cnf.xz,scheduling,UNKNOWN,0,0.045,200.008,stable,81.27,40.68,4197564,2006428567,28b587cf6ecf,3,200,
44c25de7963c45e92a2407ad839f6e8b.cnf.xz,scheduling,UNKNOWN,0,0.045,200.008,analyze,55.8,27.93,4197564,2006428567,28b587cf6ecf,3,200,
44c25de7963c45e92a2407ad839f6e8b.cnf.xz,scheduling,UNKNOWN,0,0.045,200.008,simplify,34.06,17.05,4197564,2006428567,28b587cf6ecf,3,200,
44c25de7963c45e92a2407ad839f6e8b.cnf.xz,scheduling,UNKNOWN,0,0.045,200.008,probe,31.27,15.65,4197564,2006428567,28b587cf6ecf,3,200,
44c25de7963c45e92a2407ad839f6e8b.cnf.xz,scheduling,UNKNOWN,0,0.045,200.008,vivify,17.64,8.83,4197564,2006428567,28b587cf6ecf,3,200,
44c25de7963c45e92a2407ad839f6e8b.cnf.xz,scheduling,UNKNOWN,0,0.045,200.008,shrink,16.58,8.3,4197564,2006428567,28b587cf6ecf,3,200,
44c25de7963c45e92a2407ad839f6e8b.cnf.xz,scheduling,UNKNOWN,0,0.045,200.008,deduce,8.95,4.48,4197564,2006428567,28b587cf6ecf,3,200,
44c25de7963c45e92a2407ad839f6e8b.cnf.xz,scheduling,UNKNOWN,0,0.045,200.008,bump,8.94,4.48,4197564,2006428567,28b587cf6ecf,3,200,
44c25de7963c45e92a2407ad839f6e8b.cnf.xz,scheduling,UNKNOWN,0,0.045,200.008,vivify2,7.23,3.62,4197564,2006428567,28b587cf6ecf,3,200,
44c25de7963c45e92a2407ad839f6e8b.cnf.xz,scheduling,UNKNOWN,0,0.045,200.008,vivify1,4.69,2.35,4197564,2006428567,28b587cf6ecf,3,200,
44c25de7963c45e92a2407ad839f6e8b.cnf.xz,scheduling,UNKNOWN,0,0.045,200.008,backbone,4.52,2.26,4197564,2006428567,28b587cf6ecf,3,200,
44c25de7963c45e92a2407ad839f6e8b.cnf.xz,scheduling,UNKNOWN,0,0.045,200.008,vivify3,4.42,2.21,4197564,2006428567,28b587cf6ecf,3,200,
44c25de7963c45e92a2407ad839f6e8b.cnf.xz,scheduling,UNKNOWN,0,0.045,200.008,sweep,4.11,2.06,4197564,2006428567,28b587cf6ecf,3,200,
44c25de7963c45e92a2407ad839f6e8b.cnf.xz,scheduling,UNKNOWN,0,0.045,200.008,reduce,3.28,1.64,4197564,2006428567,28b587cf6ecf,3,200,
44c25de7963c45e92a2407ad839f6e8b.cnf.xz,scheduling,UNKNOWN,0,0.045,200.008,collect,2.86,1.43,4197564,2006428567,28b587cf6ecf,3,200,
44c25de7963c45e92a2407ad839f6e8b.cnf.xz,scheduling,UNKNOWN,0,0.045,200.008,sweepbackbone,2.57,1.29,4197564,2006428567,28b587cf6ecf,3,200,
44c25de7963c45e92a2407ad839f6e8b.cnf.xz,scheduling,UNKNOWN,0,0.045,200.008,eliminate,2.28,1.14,4197564,2006428567,28b587cf6ecf,3,200,
44c25de7963c45e92a2407ad839f6e8b.cnf.xz,scheduling,UNKNOWN,0,0.045,200.008,substitute,2.13,1.07,4197564,2006428567,28b587cf6ecf,3,200,
44c25de7963c45e92a2407ad839f6e8b.cnf.xz,scheduling,UNKNOWN,0,0.045,200.008,transitive,1.77,0.89,4197564,2006428567,28b587cf6ecf,3,200,
44c25de7963c45e92a2407ad839f6e8b.cnf.xz,scheduling,UNKNOWN,0,0.045,200.008,minimize,1.64,0.82,4197564,2006428567,28b587cf6ecf,3,200,
44c25de7963c45e92a2407ad839f6e8b.cnf.xz,scheduling,UNKNOWN,0,0.045,200.008,vivify0,1.3,0.65,4197564,2006428567,28b587cf6ecf,3,200,
44c25de7963c45e92a2407ad839f6e8b.cnf.xz,scheduling,UNKNOWN,0,0.045,200.008,definition,0.94,0.47,4197564,2006428567,28b587cf6ecf,3,200,
44c25de7963c45e92a2407ad839f6e8b.cnf.xz,scheduling,UNKNOWN,0,0.045,200.008,factor,0.89,0.44,4197564,2006428567,28b587cf6ecf,3,200,
44c25de7963c45e92a2407ad839f6e8b.cnf.xz,scheduling,UNKNOWN,0,0.045,200.008,restart,0.77,0.38,4197564,2006428567,28b587cf6ecf,3,200,
44c25de7963c45e92a2407ad839f6e8b.cnf.xz,scheduling,UNKNOWN,0,0.045,200.008,walking,0.69,0.34,4197564,2006428567,28b587cf6ecf,3,200,
44c25de7963c45e92a2407ad839f6e8b.cnf.xz,scheduling,UNKNOWN,0,0.045,200.008,sweepequivalences,0.54,0.27,4197564,2006428567,28b587cf6ecf,3,200,
44c25de7963c45e92a2407ad839f6e8b.cnf.xz,scheduling,UNKNOWN,0,0.045,200.008,congruence,0.21,0.1,4197564,2006428567,28b587cf6ecf,3,200,
44c25de7963c45e92a2407ad839f6e8b.cnf.xz,scheduling,UNKNOWN,0,0.045,200.008,reorder,0.21,0.1,4197564,2006428567,28b587cf6ecf,3,200,
44c25de7963c45e92a2407ad839f6e8b.cnf.xz,scheduling,UNKNOWN,0,0.045,200.008,defrag,0.2,0.1,4197564,2006428567,28b587cf6ecf,3,200,
44c25de7963c45e92a2407ad839f6e8b.cnf.xz,scheduling,UNKNOWN,0,0.045,200.008,preprocess,0.18,0.09,4197564,2006428567,28b587cf6ecf,3,200,
44c25de7963c45e92a2407ad839f6e8b.cnf.xz,scheduling,UNKNOWN,0,0.045,200.008,extract,0.17,0.09,4197564,2006428567,28b587cf6ecf,3,200,
44c25de7963c45e92a2407ad839f6e8b.cnf.xz,scheduling,UNKNOWN,0,0.045,200.008,subsume,0.17,0.08,4197564,2006428567,28b587cf6ecf,3,200,
44c25de7963c45e92a2407ad839f6e8b.cnf.xz,scheduling,UNKNOWN,0,0.045,200.008,warmup,0.09,0.05,4197564,2006428567,28b587cf6ecf,3,200,
44c25de7963c45e92a2407ad839f6e8b.cnf.xz,scheduling,UNKNOWN,0,0.045,200.008,extractands,0.07,0.03,4197564,2006428567,28b587cf6ecf,3,200,
44c25de7963c45e92a2407ad839f6e8b.cnf.xz,scheduling,UNKNOWN,0,0.045,200.008,parse,0.04,0.02,4197564,2006428567,28b587cf6ecf,3,200,
44c25de7963c45e92a2407ad839f6e8b.cnf.xz,scheduling,UNKNOWN,0,0.045,200.008,lucky,0.03,0.01,4197564,2006428567,28b587cf6ecf,3,200,
44c25de7963c45e92a2407ad839f6e8b.cnf.xz,scheduling,UNKNOWN,0,0.045,200.008,extractxors,0.02,0.01,4197564,2006428567,28b587cf6ecf,3,200,
44c25de7963c45e92a2407ad839f6e8b.cnf.xz,scheduling,UNKNOWN,0,0.045,200.008,extractbinaries,0.01,0.01,4197564,2006428567,28b587cf6ecf,3,200,
44c25de7963c45e92a2407ad839f6e8b.cnf.xz,scheduling,UNKNOWN,0,0.045,200.008,extractites,0.01,0.01,4197564,2006428567,28b587cf6ecf,3,200,
44c25de7963c45e92a2407ad839f6e8b.cnf.xz,scheduling,UNKNOWN,0,0.045,200.008,rephase,0.0,0.0,4197564,2006428567,28b587cf6ecf,3,200,
44c25de7963c45e92a2407ad839f6e8b.cnf.xz,scheduling,UNKNOWN,0,0.045,200.008,merge,0.0,0.0,4197564,2006428567,28b587cf6ecf,3,200,
44c25de7963c45e92a2407ad839f6e8b.cnf.xz,scheduling,UNKNOWN,0,0.045,200.008,total,199.79,100.0,4197564,2006428567,28b587cf6ecf,3,200,
4be4ae25aae88528bc10f8369bba86df.cnf.xz,argumentation,UNKNOWN,0,0.010,200.005,search,181.41,90.8,5424299,562210029,28b587cf6ecf,3,200,
4be4ae25aae88528bc10f8369bba86df.cnf.xz,argumentation,UNKNOWN,0,0.010,200.005,focused,96.26,48.18,5424299,562210029,28b587cf6ecf,3,200,
4be4ae25aae88528bc10f8369bba86df.cnf.xz,argumentation,UNKNOWN,0,0.010,200.005,stable,85.15,42.62,5424299,562210029,28b587cf6ecf,3,200,
4be4ae25aae88528bc10f8369bba86df.cnf.xz,argumentation,UNKNOWN,0,0.010,200.005,analyze,49.33,24.69,5424299,562210029,28b587cf6ecf,3,200,
4be4ae25aae88528bc10f8369bba86df.cnf.xz,argumentation,UNKNOWN,0,0.010,200.005,simplify,18.32,9.17,5424299,562210029,28b587cf6ecf,3,200,
4be4ae25aae88528bc10f8369bba86df.cnf.xz,argumentation,UNKNOWN,0,0.010,200.005,probe,17.69,8.85,5424299,562210029,28b587cf6ecf,3,200,
4be4ae25aae88528bc10f8369bba86df.cnf.xz,argumentation,UNKNOWN,0,0.010,200.005,shrink,13.99,7.0,5424299,562210029,28b587cf6ecf,3,200,
4be4ae25aae88528bc10f8369bba86df.cnf.xz,argumentation,UNKNOWN,0,0.010,200.005,vivify,13.73,6.87,5424299,562210029,28b587cf6ecf,3,200,
4be4ae25aae88528bc10f8369bba86df.cnf.xz,argumentation,UNKNOWN,0,0.010,200.005,bump,9.29,4.65,5424299,562210029,28b587cf6ecf,3,200,
4be4ae25aae88528bc10f8369bba86df.cnf.xz,argumentation,UNKNOWN,0,0.010,200.005,deduce,8.23,4.12,5424299,562210029,28b587cf6ecf,3,200,
4be4ae25aae88528bc10f8369bba86df.cnf.xz,argumentation,UNKNOWN,0,0.010,200.005,vivify1,5.61,2.81,5424299,562210029,28b587cf6ecf,3,200,
4be4ae25aae88528bc10f8369bba86df.cnf.xz,argumentation,UNKNOWN,0,0.010,200.005,vivify2,4.1,2.05,5424299,562210029,28b587cf6ecf,3,200,
4be4ae25aae88528bc10f8369bba86df.cnf.xz,argumentation,UNKNOWN,0,0.010,200.005,reduce,3.93,1.97,5424299,562210029,28b587cf6ecf,3,200,
4be4ae25aae88528bc10f8369bba86df.cnf.xz,argumentation,UNKNOWN,0,0.010,200.005,collect,3.43,1.72,5424299,562210029,28b587cf6ecf,3,200,
4be4ae25aae88528bc10f8369bba86df.cnf.xz,argumentation,UNKNOWN,0,0.010,200.005,sweep,2.46,1.23,5424299,562210029,28b587cf6ecf,3,200,
4be4ae25aae88528bc10f8369bba86df.cnf.xz,argumentation,UNKNOWN,0,0.010,200.005,vivify3,2.03,1.01,5424299,562210029,28b587cf6ecf,3,200,
4be4ae25aae88528bc10f8369bba86df.cnf.xz,argumentation,UNKNOWN,0,0.010,200.005,vivify0,1.99,1.0,5424299,562210029,28b587cf6ecf,3,200,
4be4ae25aae88528bc10f8369bba86df.cnf.xz,argumentation,UNKNOWN,0,0.010,200.005,minimize,1.94,0.97,5424299,562210029,28b587cf6ecf,3,200,
4be4ae25aae88528bc10f8369bba86df.cnf.xz,argumentation,UNKNOWN,0,0.010,200.005,sweepbackbone,1.82,0.91,5424299,562210029,28b587cf6ecf,3,200,
4be4ae25aae88528bc10f8369bba86df.cnf.xz,argumentation,UNKNOWN,0,0.010,200.005,substitute,0.74,0.37,5424299,562210029,28b587cf6ecf,3,200,
4be4ae25aae88528bc10f8369bba86df.cnf.xz,argumentation,UNKNOWN,0,0.010,200.005,eliminate,0.56,0.28,5424299,562210029,28b587cf6ecf,3,200,
4be4ae25aae88528bc10f8369bba86df.cnf.xz,argumentation,UNKNOWN,0,0.010,200.005,transitive,0.41,0.21,5424299,562210029,28b587cf6ecf,3,200,
4be4ae25aae88528bc10f8369bba86df.cnf.xz,argumentation,UNKNOWN,0,0.010,200.005,factor,0.27,0.13,5424299,562210029,28b587cf6ecf,3,200,
4be4ae25aae88528bc10f8369bba86df.cnf.xz,argumentation,UNKNOWN,0,0.010,200.005,definition,0.21,0.1,5424299,562210029,28b587cf6ecf,3,200,
4be4ae25aae88528bc10f8369bba86df.cnf.xz,argumentation,UNKNOWN,0,0.010,200.005,sweepequivalences,0.16,0.08,5424299,562210029,28b587cf6ecf,3,200,
4be4ae25aae88528bc10f8369bba86df.cnf.xz,argumentation,UNKNOWN,0,0.010,200.005,walking,0.13,0.06,5424299,562210029,28b587cf6ecf,3,200,
4be4ae25aae88528bc10f8369bba86df.cnf.xz,argumentation,UNKNOWN,0,0.010,200.005,defrag,0.12,0.06,5424299,562210029,28b587cf6ecf,3,200,
4be4ae25aae88528bc10f8369bba86df.cnf.xz,argumentation,UNKNOWN,0,0.010,200.005,subsume,0.11,0.05,5424299,562210029,28b587cf6ecf,3,200,
4be4ae25aae88528bc10f8369bba86df.cnf.xz,argumentation,UNKNOWN,0,0.010,200.005,restart,0.1,0.05,5424299,562210029,28b587cf6ecf,3,200,
4be4ae25aae88528bc10f8369bba86df.cnf.xz,argumentation,UNKNOWN,0,0.010,200.005,preprocess,0.05,0.03,5424299,562210029,28b587cf6ecf,3,200,
4be4ae25aae88528bc10f8369bba86df.cnf.xz,argumentation,UNKNOWN,0,0.010,200.005,backbone,0.05,0.03,5424299,562210029,28b587cf6ecf,3,200,
4be4ae25aae88528bc10f8369bba86df.cnf.xz,argumentation,UNKNOWN,0,0.010,200.005,congruence,0.02,0.01,5424299,562210029,28b587cf6ecf,3,200,
4be4ae25aae88528bc10f8369bba86df.cnf.xz,argumentation,UNKNOWN,0,0.010,200.005,reorder,0.02,0.01,5424299,562210029,28b587cf6ecf,3,200,
4be4ae25aae88528bc10f8369bba86df.cnf.xz,argumentation,UNKNOWN,0,0.010,200.005,extract,0.02,0.01,5424299,562210029,28b587cf6ecf,3,200,
4be4ae25aae88528bc10f8369bba86df.cnf.xz,argumentation,UNKNOWN,0,0.010,200.005,warmup,0.01,0.0,5424299,562210029,28b587cf6ecf,3,200,
4be4ae25aae88528bc10f8369bba86df.cnf.xz,argumentation,UNKNOWN,0,0.010,200.005,extractands,0.01,0.0,5424299,562210029,28b587cf6ecf,3,200,
4be4ae25aae88528bc10f8369bba86df.cnf.xz,argumentation,UNKNOWN,0,0.010,200.005,parse,0.0,0.0,5424299,562210029,28b587cf6ecf,3,200,
4be4ae25aae88528bc10f8369bba86df.cnf.xz,argumentation,UNKNOWN,0,0.010,200.005,extractbinaries,0.0,0.0,5424299,562210029,28b587cf6ecf,3,200,
4be4ae25aae88528bc10f8369bba86df.cnf.xz,argumentation,UNKNOWN,0,0.010,200.005,rephase,0.0,0.0,5424299,562210029,28b587cf6ecf,3,200,
4be4ae25aae88528bc10f8369bba86df.cnf.xz,argumentation,UNKNOWN,0,0.010,200.005,lucky,0.0,0.0,5424299,562210029,28b587cf6ecf,3,200,
4be4ae25aae88528bc10f8369bba86df.cnf.xz,argumentation,UNKNOWN,0,0.010,200.005,extractxors,0.0,0.0,5424299,562210029,28b587cf6ecf,3,200,
4be4ae25aae88528bc10f8369bba86df.cnf.xz,argumentation,UNKNOWN,0,0.010,200.005,extractites,0.0,0.0,5424299,562210029,28b587cf6ecf,3,200,
4be4ae25aae88528bc10f8369bba86df.cnf.xz,argumentation,UNKNOWN,0,0.010,200.005,merge,0.0,0.0,5424299,562210029,28b587cf6ecf,3,200,
4be4ae25aae88528bc10f8369bba86df.cnf.xz,argumentation,UNKNOWN,0,0.010,200.005,total,199.79,100.0,5424299,562210029,28b587cf6ecf,3,200,
4c5d4cce5ac439c0540b76bbf3e9b44c.cnf.xz,planning,SAT,10,1.172,73.354,search,47.41,65.83,66128,803615077,28b587cf6ecf,3,200,
4c5d4cce5ac439c0540b76bbf3e9b44c.cnf.xz,planning,SAT,10,1.172,73.354,focused,27.65,38.39,66128,803615077,28b587cf6ecf,3,200,
4c5d4cce5ac439c0540b76bbf3e9b44c.cnf.xz,planning,SAT,10,1.172,73.354,simplify,21.93,30.45,66128,803615077,28b587cf6ecf,3,200,
4c5d4cce5ac439c0540b76bbf3e9b44c.cnf.xz,planning,SAT,10,1.172,73.354,probe,20.69,28.73,66128,803615077,28b587cf6ecf,3,200,
4c5d4cce5ac439c0540b76bbf3e9b44c.cnf.xz,planning,SAT,10,1.172,73.354,stable,19.76,27.44,66128,803615077,28b587cf6ecf,3,200,
4c5d4cce5ac439c0540b76bbf3e9b44c.cnf.xz,planning,SAT,10,1.172,73.354,analyze,13.81,19.18,66128,803615077,28b587cf6ecf,3,200,
4c5d4cce5ac439c0540b76bbf3e9b44c.cnf.xz,planning,SAT,10,1.172,73.354,vivify,8.07,11.21,66128,803615077,28b587cf6ecf,3,200,
4c5d4cce5ac439c0540b76bbf3e9b44c.cnf.xz,planning,SAT,10,1.172,73.354,shrink,6.05,8.41,66128,803615077,28b587cf6ecf,3,200,
4c5d4cce5ac439c0540b76bbf3e9b44c.cnf.xz,planning,SAT,10,1.172,73.354,substitute,2.85,3.96,66128,803615077,28b587cf6ecf,3,200,
4c5d4cce5ac439c0540b76bbf3e9b44c.cnf.xz,planning,SAT,10,1.172,73.354,backbone,2.57,3.56,66128,803615077,28b587cf6ecf,3,200,
4c5d4cce5ac439c0540b76bbf3e9b44c.cnf.xz,planning,SAT,10,1.172,73.354,vivify2,2.51,3.48,66128,803615077,28b587cf6ecf,3,200,
4c5d4cce5ac439c0540b76bbf3e9b44c.cnf.xz,planning,SAT,10,1.172,73.354,factor,2.43,3.37,66128,803615077,28b587cf6ecf,3,200,
4c5d4cce5ac439c0540b76bbf3e9b44c.cnf.xz,planning,SAT,10,1.172,73.354,vivify0,2.32,3.22,66128,803615077,28b587cf6ecf,3,200,
4c5d4cce5ac439c0540b76bbf3e9b44c.cnf.xz,planning,SAT,10,1.172,73.354,congruence,2.17,3.01,66128,803615077,28b587cf6ecf,3,200,
4c5d4cce5ac439c0540b76bbf3e9b44c.cnf.xz,planning,SAT,10,1.172,73.354,bump,2.07,2.88,66128,803615077,28b587cf6ecf,3,200,
4c5d4cce5ac439c0540b76bbf3e9b44c.cnf.xz,planning,SAT,10,1.172,73.354,sweep,1.94,2.7,66128,803615077,28b587cf6ecf,3,200,
4c5d4cce5ac439c0540b76bbf3e9b44c.cnf.xz,planning,SAT,10,1.172,73.354,vivify1,1.85,2.57,66128,803615077,28b587cf6ecf,3,200,
4c5d4cce5ac439c0540b76bbf3e9b44c.cnf.xz,planning,SAT,10,1.172,73.354,deduce,1.61,2.24,66128,803615077,28b587cf6ecf,3,200,
4c5d4cce5ac439c0540b76bbf3e9b44c.cnf.xz,planning,SAT,10,1.172,73.354,preprocess,1.49,2.07,66128,803615077,28b587cf6ecf,3,200,
4c5d4cce5ac439c0540b76bbf3e9b44c.cnf.xz,planning,SAT,10,1.172,73.354,eliminate,1.4,1.94,66128,803615077,28b587cf6ecf,3,200,
4c5d4cce5ac439c0540b76bbf3e9b44c.cnf.xz,planning,SAT,10,1.172,73.354,vivify3,1.39,1.94,66128,803615077,28b587cf6ecf,3,200,
4c5d4cce5ac439c0540b76bbf3e9b44c.cnf.xz,planning,SAT,10,1.172,73.354,extract,1.25,1.74,66128,803615077,28b587cf6ecf,3,200,
4c5d4cce5ac439c0540b76bbf3e9b44c.cnf.xz,planning,SAT,10,1.172,73.354,walking,1.22,1.69,66128,803615077,28b587cf6ecf,3,200,
4c5d4cce5ac439c0540b76bbf3e9b44c.cnf.xz,planning,SAT,10,1.172,73.354,parse,0.9,1.25,66128,803615077,28b587cf6ecf,3,200,
4c5d4cce5ac439c0540b76bbf3e9b44c.cnf.xz,planning,SAT,10,1.172,73.354,collect,0.89,1.23,66128,803615077,28b587cf6ecf,3,200,
4c5d4cce5ac439c0540b76bbf3e9b44c.cnf.xz,planning,SAT,10,1.172,73.354,reduce,0.79,1.1,66128,803615077,28b587cf6ecf,3,200,
4c5d4cce5ac439c0540b76bbf3e9b44c.cnf.xz,planning,SAT,10,1.172,73.354,matching,0.74,1.03,66128,803615077,28b587cf6ecf,3,200,
4c5d4cce5ac439c0540b76bbf3e9b44c.cnf.xz,planning,SAT,10,1.172,73.354,restart,0.7,0.97,66128,803615077,28b587cf6ecf,3,200,
4c5d4cce5ac439c0540b76bbf3e9b44c.cnf.xz,planning,SAT,10,1.172,73.354,transitive,0.66,0.91,66128,803615077,28b587cf6ecf,3,200,
4c5d4cce5ac439c0540b76bbf3e9b44c.cnf.xz,planning,SAT,10,1.172,73.354,extractands,0.57,0.79,66128,803615077,28b587cf6ecf,3,200,
4c5d4cce5ac439c0540b76bbf3e9b44c.cnf.xz,planning,SAT,10,1.172,73.354,definition,0.46,0.65,66128,803615077,28b587cf6ecf,3,200,
4c5d4cce5ac439c0540b76bbf3e9b44c.cnf.xz,planning,SAT,10,1.172,73.354,lucky,0.29,0.4,66128,803615077,28b587cf6ecf,3,200,
4c5d4cce5ac439c0540b76bbf3e9b44c.cnf.xz,planning,SAT,10,1.172,73.354,sweepequivalences,0.27,0.37,66128,803615077,28b587cf6ecf,3,200,
4c5d4cce5ac439c0540b76bbf3e9b44c.cnf.xz,planning,SAT,10,1.172,73.354,sweepbackbone,0.26,0.36,66128,803615077,28b587cf6ecf,3,200,
4c5d4cce5ac439c0540b76bbf3e9b44c.cnf.xz,planning,SAT,10,1.172,73.354,subsume,0.23,0.31,66128,803615077,28b587cf6ecf,3,200,
4c5d4cce5ac439c0540b76bbf3e9b44c.cnf.xz,planning,SAT,10,1.172,73.354,extractbinaries,0.21,0.29,66128,803615077,28b587cf6ecf,3,200,
4c5d4cce5ac439c0540b76bbf3e9b44c.cnf.xz,planning,SAT,10,1.172,73.354,defrag,0.18,0.25,66128,803615077,28b587cf6ecf,3,200,
4c5d4cce5ac439c0540b76bbf3e9b44c.cnf.xz,planning,SAT,10,1.172,73.354,warmup,0.17,0.24,66128,803615077,28b587cf6ecf,3,200,
4c5d4cce5ac439c0540b76bbf3e9b44c.cnf.xz,planning,SAT,10,1.172,73.354,reorder,0.16,0.23,66128,803615077,28b587cf6ecf,3,200,
4c5d4cce5ac439c0540b76bbf3e9b44c.cnf.xz,planning,SAT,10,1.172,73.354,minimize,0.09,0.12,66128,803615077,28b587cf6ecf,3,200,
4c5d4cce5ac439c0540b76bbf3e9b44c.cnf.xz,planning,SAT,10,1.172,73.354,extractites,0.02,0.03,66128,803615077,28b587cf6ecf,3,200,
4c5d4cce5ac439c0540b76bbf3e9b44c.cnf.xz,planning,SAT,10,1.172,73.354,extractxors,0.02,0.02,66128,803615077,28b587cf6ecf,3,200,
4c5d4cce5ac439c0540b76bbf3e9b44c.cnf.xz,planning,SAT,10,1.172,73.354,rephase,0.0,0.0,66128,803615077,28b587cf6ecf,3,200,
4c5d4cce5ac439c0540b76bbf3e9b44c.cnf.xz,planning,SAT,10,1.172,73.354,merge,0.0,0.0,66128,803615077,28b587cf6ecf,3,200,
4c5d4cce5ac439c0540b76bbf3e9b44c.cnf.xz,planning,SAT,10,1.172,73.354,total,72.01,100.0,66128,803615077,28b587cf6ecf,3,200,
52aa6129cbf1fc57bd9fce305257d9b9.cnf.xz,miter,UNSAT,20,0.035,123.217,search,89.86,73.01,1842363,466188680,28b587cf6ecf,3,200,
52aa6129cbf1fc57bd9fce305257d9b9.cnf.xz,miter,UNSAT,20,0.035,123.217,stable,45.77,37.19,1842363,466188680,28b587cf6ecf,3,200,
52aa6129cbf1fc57bd9fce305257d9b9.cnf.xz,miter,UNSAT,20,0.035,123.217,focused,44.09,35.82,1842363,466188680,28b587cf6ecf,3,200,
52aa6129cbf1fc57bd9fce305257d9b9.cnf.xz,miter,UNSAT,20,0.035,123.217,simplify,33.08,26.88,1842363,466188680,28b587cf6ecf,3,200,
52aa6129cbf1fc57bd9fce305257d9b9.cnf.xz,miter,UNSAT,20,0.035,123.217,probe,31.81,25.84,1842363,466188680,28b587cf6ecf,3,200,
52aa6129cbf1fc57bd9fce305257d9b9.cnf.xz,miter,UNSAT,20,0.035,123.217,analyze,23.66,19.23,1842363,466188680,28b587cf6ecf,3,200,
52aa6129cbf1fc57bd9fce305257d9b9.cnf.xz,miter,UNSAT,20,0.035,123.217,sweep,17.5,14.22,1842363,466188680,28b587cf6ecf,3,200,
52aa6129cbf1fc57bd9fce305257d9b9.cnf.xz,miter,UNSAT,20,0.035,123.217,vivify,11.88,9.65,1842363,466188680,28b587cf6ecf,3,200,
52aa6129cbf1fc57bd9fce305257d9b9.cnf.xz,miter,UNSAT,20,0.035,123.217,sweepbackbone,8.55,6.94,1842363,466188680,28b587cf6ecf,3,200,
52aa6129cbf1fc57bd9fce305257d9b9.cnf.xz,miter,UNSAT,20,0.035,123.217,shrink,8.34,6.78,1842363,466188680,28b587cf6ecf,3,200,
52aa6129cbf1fc57bd9fce305257d9b9.cnf.xz,miter,UNSAT,20,0.035,123.217,sweepequivalences,6.25,5.08,1842363,466188680,28b587cf6ecf,3,200,
52aa6129cbf1fc57bd9fce305257d9b9.cnf.xz,miter,UNSAT,20,0.035,123.217,deduce,4.76,3.87,1842363,466188680,28b587cf6ecf,3,200,
52aa6129cbf1fc57bd9fce305257d9b9.cnf.xz,miter,UNSAT,20,0.035,123.217,vivify2,3.46,2.81,1842363,466188680,28b587cf6ecf,3,200,
52aa6129cbf1fc57bd9fce305257d9b9.cnf.xz,miter,UNSAT,20,0.035,123.217,bump,3.35,2.73,1842363,466188680,28b587cf6ecf,3,200,
52aa6129cbf1fc57bd9fce305257d9b9.cnf.xz,miter,UNSAT,20,0.035,123.217,vivify1,3.28,2.66,1842363,466188680,28b587cf6ecf,3,200,
52aa6129cbf1fc57bd9fce305257d9b9.cnf.xz,miter,UNSAT,20,0.035,123.217,vivify0,3.26,2.65,1842363,466188680,28b587cf6ecf,3,200,
52aa6129cbf1fc57bd9fce305257d9b9.cnf.xz,miter,UNSAT,20,0.035,123.217,vivify3,1.88,1.53,1842363,466188680,28b587cf6ecf,3,200,
52aa6129cbf1fc57bd9fce305257d9b9.cnf.xz,miter,UNSAT,20,0.035,123.217,eliminate,1.25,1.02,1842363,466188680,28b587cf6ecf,3,200,
52aa6129cbf1fc57bd9fce305257d9b9.cnf.xz,miter,UNSAT,20,0.035,123.217,factor,0.96,0.78,1842363,466188680,28b587cf6ecf,3,200,
52aa6129cbf1fc57bd9fce305257d9b9.cnf.xz,miter,UNSAT,20,0.035,123.217,reduce,0.96,0.78,1842363,466188680,28b587cf6ecf,3,200,
52aa6129cbf1fc57bd9fce305257d9b9.cnf.xz,miter,UNSAT,20,0.035,123.217,substitute,0.84,0.69,1842363,466188680,28b587cf6ecf,3,200,
52aa6129cbf1fc57bd9fce305257d9b9.cnf.xz,miter,UNSAT,20,0.035,123.217,collect,0.84,0.68,1842363,466188680,28b587cf6ecf,3,200,
52aa6129cbf1fc57bd9fce305257d9b9.cnf.xz,miter,UNSAT,20,0.035,123.217,minimize,0.6,0.49,1842363,466188680,28b587cf6ecf,3,200,
52aa6129cbf1fc57bd9fce305257d9b9.cnf.xz,miter,UNSAT,20,0.035,123.217,definition,0.44,0.35,1842363,466188680,28b587cf6ecf,3,200,
52aa6129cbf1fc57bd9fce305257d9b9.cnf.xz,miter,UNSAT,20,0.035,123.217,transitive,0.26,0.21,1842363,466188680,28b587cf6ecf,3,200,
52aa6129cbf1fc57bd9fce305257d9b9.cnf.xz,miter,UNSAT,20,0.035,123.217,subsume,0.25,0.21,1842363,466188680,28b587cf6ecf,3,200,
52aa6129cbf1fc57bd9fce305257d9b9.cnf.xz,miter,UNSAT,20,0.035,123.217,congruence,0.23,0.19,1842363,466188680,28b587cf6ecf,3,200,
52aa6129cbf1fc57bd9fce305257d9b9.cnf.xz,miter,UNSAT,20,0.035,123.217,restart,0.19,0.15,1842363,466188680,28b587cf6ecf,3,200,
52aa6129cbf1fc57bd9fce305257d9b9.cnf.xz,miter,UNSAT,20,0.035,123.217,extract,0.17,0.14,1842363,466188680,28b587cf6ecf,3,200,
52aa6129cbf1fc57bd9fce305257d9b9.cnf.xz,miter,UNSAT,20,0.035,123.217,walking,0.13,0.11,1842363,466188680,28b587cf6ecf,3,200,
52aa6129cbf1fc57bd9fce305257d9b9.cnf.xz,miter,UNSAT,20,0.035,123.217,backbone,0.13,0.1,1842363,466188680,28b587cf6ecf,3,200,
52aa6129cbf1fc57bd9fce305257d9b9.cnf.xz,miter,UNSAT,20,0.035,123.217,preprocess,0.11,0.09,1842363,466188680,28b587cf6ecf,3,200,
52aa6129cbf1fc57bd9fce305257d9b9.cnf.xz,miter,UNSAT,20,0.035,123.217,defrag,0.07,0.06,1842363,466188680,28b587cf6ecf,3,200,
52aa6129cbf1fc57bd9fce305257d9b9.cnf.xz,miter,UNSAT,20,0.035,123.217,matching,0.05,0.04,1842363,466188680,28b587cf6ecf,3,200,
52aa6129cbf1fc57bd9fce305257d9b9.cnf.xz,miter,UNSAT,20,0.035,123.217,extractands,0.05,0.04,1842363,466188680,28b587cf6ecf,3,200,
52aa6129cbf1fc57bd9fce305257d9b9.cnf.xz,miter,UNSAT,20,0.035,123.217,extractxors,0.04,0.03,1842363,466188680,28b587cf6ecf,3,200,
52aa6129cbf1fc57bd9fce305257d9b9.cnf.xz,miter,UNSAT,20,0.035,123.217,reorder,0.03,0.03,1842363,466188680,28b587cf6ecf,3,200,
52aa6129cbf1fc57bd9fce305257d9b9.cnf.xz,miter,UNSAT,20,0.035,123.217,extractites,0.02,0.02,1842363,466188680,28b587cf6ecf,3,200,
52aa6129cbf1fc57bd9fce305257d9b9.cnf.xz,miter,UNSAT,20,0.035,123.217,warmup,0.02,0.02,1842363,466188680,28b587cf6ecf,3,200,
52aa6129cbf1fc57bd9fce305257d9b9.cnf.xz,miter,UNSAT,20,0.035,123.217,extractbinaries,0.02,0.02,1842363,466188680,28b587cf6ecf,3,200,
52aa6129cbf1fc57bd9fce305257d9b9.cnf.xz,miter,UNSAT,20,0.035,123.217,parse,0.02,0.02,1842363,466188680,28b587cf6ecf,3,200,
52aa6129cbf1fc57bd9fce305257d9b9.cnf.xz,miter,UNSAT,20,0.035,123.217,lucky,0.01,0.01,1842363,466188680,28b587cf6ecf,3,200,
52aa6129cbf1fc57bd9fce305257d9b9.cnf.xz,miter,UNSAT,20,0.035,123.217,rephase,0.0,0.0,1842363,466188680,28b587cf6ecf,3,200,
52aa6129cbf1fc57bd9fce305257d9b9.cnf.xz,miter,UNSAT,20,0.035,123.217,merge,0.0,0.0,1842363,466188680,28b587cf6ecf,3,200,
52aa6129cbf1fc57bd9fce305257d9b9.cnf.xz,miter,UNSAT,20,0.035,123.217,total,123.08,100.0,1842363,466188680,28b587cf6ecf,3,200,
585e46bd5dc0c4c9d47ec1aba082f007.cnf.xz,miter,UNKNOWN,0,0.015,200.006,search,187.06,93.71,4757235,228516571,28b587cf6ecf,3,200,
585e46bd5dc0c4c9d47ec1aba082f007.cnf.xz,miter,UNKNOWN,0,0.015,200.006,focused,96.49,48.33,4757235,228516571,28b587cf6ecf,3,200,
585e46bd5dc0c4c9d47ec1aba082f007.cnf.xz,miter,UNKNOWN,0,0.015,200.006,stable,90.57,45.37,4757235,228516571,28b587cf6ecf,3,200,
585e46bd5dc0c4c9d47ec1aba082f007.cnf.xz,miter,UNKNOWN,0,0.015,200.006,analyze,47.15,23.62,4757235,228516571,28b587cf6ecf,3,200,
585e46bd5dc0c4c9d47ec1aba082f007.cnf.xz,miter,UNKNOWN,0,0.015,200.006,shrink,12.99,6.51,4757235,228516571,28b587cf6ecf,3,200,
585e46bd5dc0c4c9d47ec1aba082f007.cnf.xz,miter,UNKNOWN,0,0.015,200.006,simplify,12.51,6.27,4757235,228516571,28b587cf6ecf,3,200,
585e46bd5dc0c4c9d47ec1aba082f007.cnf.xz,miter,UNKNOWN,0,0.015,200.006,probe,12.25,6.14,4757235,228516571,28b587cf6ecf,3,200,
585e46bd5dc0c4c9d47ec1aba082f007.cnf.xz,miter,UNKNOWN,0,0.015,200.006,deduce,10.21,5.12,4757235,228516571,28b587cf6ecf,3,200,
585e46bd5dc0c4c9d47ec1aba082f007.cnf.xz,miter,UNKNOWN,0,0.015,200.006,vivify,9.94,4.98,4757235,228516571,28b587cf6ecf,3,200,
585e46bd5dc0c4c9d47ec1aba082f007.cnf.xz,miter,UNKNOWN,0,0.015,200.006,bump,6.69,3.35,4757235,228516571,28b587cf6ecf,3,200,
585e46bd5dc0c4c9d47ec1aba082f007.cnf.xz,miter,UNKNOWN,0,0.015,200.006,vivify2,4.05,2.03,4757235,228516571,28b587cf6ecf,3,200,
585e46bd5dc0c4c9d47ec1aba082f007.cnf.xz,miter,UNKNOWN,0,0.015,200.006,vivify1,3.28,1.64,4757235,228516571,28b587cf6ecf,3,200,
585e46bd5dc0c4c9d47ec1aba082f007.cnf.xz,miter,UNKNOWN,0,0.015,200.006,vivify3,2.28,1.14,4757235,228516571,28b587cf6ecf,3,200,
585e46bd5dc0c4c9d47ec1aba082f007.cnf.xz,miter,UNKNOWN,0,0.015,200.006,sweep,1.99,1.0,4757235,228516571,28b587cf6ecf,3,200,
585e46bd5dc0c4c9d47ec1aba082f007.cnf.xz,miter,UNKNOWN,0,0.015,200.006,reduce,1.72,0.86,4757235,228516571,28b587cf6ecf,3,200,
585e46bd5dc0c4c9d47ec1aba082f007.cnf.xz,miter,UNKNOWN,0,0.015,200.006,minimize,1.55,0.78,4757235,228516571,28b587cf6ecf,3,200,
585e46bd5dc0c4c9d47ec1aba082f007.cnf.xz,miter,UNKNOWN,0,0.015,200.006,collect,1.38,0.69,4757235,228516571,28b587cf6ecf,3,200,
585e46bd5dc0c4c9d47ec1aba082f007.cnf.xz,miter,UNKNOWN,0,0.015,200.006,sweepbackbone,1.29,0.65,4757235,228516571,28b587cf6ecf,3,200,
585e46bd5dc0c4c9d47ec1aba082f007.cnf.xz,miter,UNKNOWN,0,0.015,200.006,vivify0,0.32,0.16,4757235,228516571,28b587cf6ecf,3,200,
585e46bd5dc0c4c9d47ec1aba082f007.cnf.xz,miter,UNKNOWN,0,0.015,200.006,defrag,0.25,0.12,4757235,228516571,28b587cf6ecf,3,200,
585e46bd5dc0c4c9d47ec1aba082f007.cnf.xz,miter,UNKNOWN,0,0.015,200.006,substitute,0.24,0.12,4757235,228516571,28b587cf6ecf,3,200,
585e46bd5dc0c4c9d47ec1aba082f007.cnf.xz,miter,UNKNOWN,0,0.015,200.006,walking,0.22,0.11,4757235,228516571,28b587cf6ecf,3,200,
585e46bd5dc0c4c9d47ec1aba082f007.cnf.xz,miter,UNKNOWN,0,0.015,200.006,sweepequivalences,0.15,0.07,4757235,228516571,28b587cf6ecf,3,200,
585e46bd5dc0c4c9d47ec1aba082f007.cnf.xz,miter,UNKNOWN,0,0.015,200.006,restart,0.13,0.06,4757235,228516571,28b587cf6ecf,3,200,
585e46bd5dc0c4c9d47ec1aba082f007.cnf.xz,miter,UNKNOWN,0,0.015,200.006,eliminate,0.08,0.04,4757235,228516571,28b587cf6ecf,3,200,
585e46bd5dc0c4c9d47ec1aba082f007.cnf.xz,miter,UNKNOWN,0,0.015,200.006,factor,0.05,0.02,4757235,228516571,28b587cf6ecf,3,200,
585e46bd5dc0c4c9d47ec1aba082f007.cnf.xz,miter,UNKNOWN,0,0.015,200.006,preprocess,0.04,0.02,4757235,228516571,28b587cf6ecf,3,200,
585e46bd5dc0c4c9d47ec1aba082f007.cnf.xz,miter,UNKNOWN,0,0.015,200.006,definition,0.02,0.01,4757235,228516571,28b587cf6ecf,3,200,
585e46bd5dc0c4c9d47ec1aba082f007.cnf.xz,miter,UNKNOWN,0,0.015,200.006,congruence,0.02,0.01,4757235,228516571,28b587cf6ecf,3,200,
585e46bd5dc0c4c9d47ec1aba082f007.cnf.xz,miter,UNKNOWN,0,0.015,200.006,extract,0.02,0.01,4757235,228516571,28b587cf6ecf,3,200,
585e46bd5dc0c4c9d47ec1aba082f007.cnf.xz,miter,UNKNOWN,0,0.015,200.006,transitive,0.01,0.01,4757235,228516571,28b587cf6ecf,3,200,
585e46bd5dc0c4c9d47ec1aba082f007.cnf.xz,miter,UNKNOWN,0,0.015,200.006,subsume,0.01,0.0,4757235,228516571,28b587cf6ecf,3,200,
585e46bd5dc0c4c9d47ec1aba082f007.cnf.xz,miter,UNKNOWN,0,0.015,200.006,reorder,0.01,0.0,4757235,228516571,28b587cf6ecf,3,200,
585e46bd5dc0c4c9d47ec1aba082f007.cnf.xz,miter,UNKNOWN,0,0.015,200.006,warmup,0.01,0.0,4757235,228516571,28b587cf6ecf,3,200,
585e46bd5dc0c4c9d47ec1aba082f007.cnf.xz,miter,UNKNOWN,0,0.015,200.006,parse,0.01,0.0,4757235,228516571,28b587cf6ecf,3,200,
585e46bd5dc0c4c9d47ec1aba082f007.cnf.xz,miter,UNKNOWN,0,0.015,200.006,backbone,0.01,0.0,4757235,228516571,28b587cf6ecf,3,200,
585e46bd5dc0c4c9d47ec1aba082f007.cnf.xz,miter,UNKNOWN,0,0.015,200.006,extractxors,0.01,0.0,4757235,228516571,28b587cf6ecf,3,200,
585e46bd5dc0c4c9d47ec1aba082f007.cnf.xz,miter,UNKNOWN,0,0.015,200.006,extractites,0.0,0.0,4757235,228516571,28b587cf6ecf,3,200,
585e46bd5dc0c4c9d47ec1aba082f007.cnf.xz,miter,UNKNOWN,0,0.015,200.006,extractands,0.0,0.0,4757235,228516571,28b587cf6ecf,3,200,
585e46bd5dc0c4c9d47ec1aba082f007.cnf.xz,miter,UNKNOWN,0,0.015,200.006,rephase,0.0,0.0,4757235,228516571,28b587cf6ecf,3,200,
585e46bd5dc0c4c9d47ec1aba082f007.cnf.xz,miter,UNKNOWN,0,0.015,200.006,extractbinaries,0.0,0.0,4757235,228516571,28b587cf6ecf,3,200,
585e46bd5dc0c4c9d47ec1aba082f007.cnf.xz,miter,UNKNOWN,0,0.015,200.006,matching,0.0,0.0,4757235,228516571,28b587cf6ecf,3,200,
585e46bd5dc0c4c9d47ec1aba082f007.cnf.xz,miter,UNKNOWN,0,0.015,200.006,lucky,0.0,0.0,4757235,228516571,28b587cf6ecf,3,200,
585e46bd5dc0c4c9d47ec1aba082f007.cnf.xz,miter,UNKNOWN,0,0.015,200.006,merge,0.0,0.0,4757235,228516571,28b587cf6ecf,3,200,
585e46bd5dc0c4c9d47ec1aba082f007.cnf.xz,miter,UNKNOWN,0,0.015,200.006,total,199.63,100.0,4757235,228516571,28b587cf6ecf,3,200,
6832fe907740af686fde98518067ea3f.cnf.xz,hardware-verification,SAT,10,0.547,49.232,simplify,28.23,57.88,65379,275916994,28b587cf6ecf,3,200,
6832fe907740af686fde98518067ea3f.cnf.xz,hardware-verification,SAT,10,0.547,49.232,probe,25.79,52.87,65379,275916994,28b587cf6ecf,3,200,
6832fe907740af686fde98518067ea3f.cnf.xz,hardware-verification,SAT,10,0.547,49.232,search,17.6,36.08,65379,275916994,28b587cf6ecf,3,200,
6832fe907740af686fde98518067ea3f.cnf.xz,hardware-verification,SAT,10,0.547,49.232,factor,15.93,32.67,65379,275916994,28b587cf6ecf,3,200,
6832fe907740af686fde98518067ea3f.cnf.xz,hardware-verification,SAT,10,0.547,49.232,stable,10.11,20.73,65379,275916994,28b587cf6ecf,3,200,
6832fe907740af686fde98518067ea3f.cnf.xz,hardware-verification,SAT,10,0.547,49.232,focused,7.49,15.35,65379,275916994,28b587cf6ecf,3,200,
6832fe907740af686fde98518067ea3f.cnf.xz,hardware-verification,SAT,10,0.547,49.232,analyze,4.03,8.25,65379,275916994,28b587cf6ecf,3,200,
6832fe907740af686fde98518067ea3f.cnf.xz,hardware-verification,SAT,10,0.547,49.232,congruence,3.36,6.89,65379,275916994,28b587cf6ecf,3,200,
6832fe907740af686fde98518067ea3f.cnf.xz,hardware-verification,SAT,10,0.547,49.232,eliminate,3.28,6.72,65379,275916994,28b587cf6ecf,3,200,
6832fe907740af686fde98518067ea3f.cnf.xz,hardware-verification,SAT,10,0.547,49.232,extract,3.24,6.64,65379,275916994,28b587cf6ecf,3,200,
6832fe907740af686fde98518067ea3f.cnf.xz,hardware-verification,SAT,10,0.547,49.232,vivify,2.99,6.14,65379,275916994,28b587cf6ecf,3,200,
6832fe907740af686fde98518067ea3f.cnf.xz,hardware-verification,SAT,10,0.547,49.232,extractands,2.44,5.0,65379,275916994,28b587cf6ecf,3,200,
6832fe907740af686fde98518067ea3f.cnf.xz,hardware-verification,SAT,10,0.547,49.232,shrink,2.39,4.9,65379,275916994,28b587cf6ecf,3,200,
6832fe907740af686fde98518067ea3f.cnf.xz,hardware-verification,SAT,10,0.547,49.232,substitute,2.04,4.19,65379,275916994,28b587cf6ecf,3,200,
6832fe907740af686fde98518067ea3f.cnf.xz,hardware-verification,SAT,10,0.547,49.232,preprocess,2.04,4.19,65379,275916994,28b587cf6ecf,3,200,
6832fe907740af686fde98518067ea3f.cnf.xz,hardware-verification,SAT,10,0.547,49.232,vivify2,1.21,2.47,65379,275916994,28b587cf6ecf,3,200,
6832fe907740af686fde98518067ea3f.cnf.xz,hardware-verification,SAT,10,0.547,49.232,walking,1.1,2.26,65379,275916994,28b587cf6ecf,3,200,
6832fe907740af686fde98518067ea3f.cnf.xz,hardware-verification,SAT,10,0.547,49.232,vivify1,0.88,1.81,65379,275916994,28b587cf6ecf,3,200,
6832fe907740af686fde98518067ea3f.cnf.xz,hardware-verification,SAT,10,0.547,49.232,sweep,0.82,1.67,65379,275916994,28b587cf6ecf,3,200,
6832fe907740af686fde98518067ea3f.cnf.xz,hardware-verification,SAT,10,0.547,49.232,collect,0.81,1.66,65379,275916994,28b587cf6ecf,3,200,
6832fe907740af686fde98518067ea3f.cnf.xz,hardware-verification,SAT,10,0.547,49.232,parse,0.73,1.51,65379,275916994,28b587cf6ecf,3,200,
6832fe907740af686fde98518067ea3f.cnf.xz,hardware-verification,SAT,10,0.547,49.232,reduce,0.7,1.43,65379,275916994,28b587cf6ecf,3,200,
6832fe907740af686fde98518067ea3f.cnf.xz,hardware-verification,SAT,10,0.547,49.232,definition,0.68,1.4,65379,275916994,28b587cf6ecf,3,200,
6832fe907740af686fde98518067ea3f.cnf.xz,hardware-verification,SAT,10,0.547,49.232,subsume,0.65,1.32,65379,275916994,28b587cf6ecf,3,200,
6832fe907740af686fde98518067ea3f.cnf.xz,hardware-verification,SAT,10,0.547,49.232,vivify3,0.62,1.28,65379,275916994,28b587cf6ecf,3,200,
6832fe907740af686fde98518067ea3f.cnf.xz,hardware-verification,SAT,10,0.547,49.232,restart,0.41,0.84,65379,275916994,28b587cf6ecf,3,200,
6832fe907740af686fde98518067ea3f.cnf.xz,hardware-verification,SAT,10,0.547,49.232,backbone,0.4,0.83,65379,275916994,28b587cf6ecf,3,200,
6832fe907740af686fde98518067ea3f.cnf.xz,hardware-verification,SAT,10,0.547,49.232,deduce,0.29,0.6,65379,275916994,28b587cf6ecf,3,200,
6832fe907740af686fde98518067ea3f.cnf.xz,hardware-verification,SAT,10,0.547,49.232,vivify0,0.28,0.57,65379,275916994,28b587cf6ecf,3,200,
6832fe907740af686fde98518067ea3f.cnf.xz,hardware-verification,SAT,10,0.547,49.232,transitive,0.24,0.49,65379,275916994,28b587cf6ecf,3,200,
6832fe907740af686fde98518067ea3f.cnf.xz,hardware-verification,SAT,10,0.547,49.232,bump,0.23,0.47,65379,275916994,28b587cf6ecf,3,200,
6832fe907740af686fde98518067ea3f.cnf.xz,hardware-verification,SAT,10,0.547,49.232,sweepbackbone,0.23,0.47,65379,275916994,28b587cf6ecf,3,200,
6832fe907740af686fde98518067ea3f.cnf.xz,hardware-verification,SAT,10,0.547,49.232,extractbinaries,0.18,0.38,65379,275916994,28b587cf6ecf,3,200,
6832fe907740af686fde98518067ea3f.cnf.xz,hardware-verification,SAT,10,0.547,49.232,lucky,0.17,0.35,65379,275916994,28b587cf6ecf,3,200,
6832fe907740af686fde98518067ea3f.cnf.xz,hardware-verification,SAT,10,0.547,49.232,reorder,0.14,0.3,65379,275916994,28b587cf6ecf,3,200,
6832fe907740af686fde98518067ea3f.cnf.xz,hardware-verification,SAT,10,0.547,49.232,extractites,0.13,0.26,65379,275916994,28b587cf6ecf,3,200,
6832fe907740af686fde98518067ea3f.cnf.xz,hardware-verification,SAT,10,0.547,49.232,defrag,0.12,0.24,65379,275916994,28b587cf6ecf,3,200,
6832fe907740af686fde98518067ea3f.cnf.xz,hardware-verification,SAT,10,0.547,49.232,sweepequivalences,0.11,0.22,65379,275916994,28b587cf6ecf,3,200,
6832fe907740af686fde98518067ea3f.cnf.xz,hardware-verification,SAT,10,0.547,49.232,warmup,0.08,0.17,65379,275916994,28b587cf6ecf,3,200,
6832fe907740af686fde98518067ea3f.cnf.xz,hardware-verification,SAT,10,0.547,49.232,extractxors,0.08,0.16,65379,275916994,28b587cf6ecf,3,200,
6832fe907740af686fde98518067ea3f.cnf.xz,hardware-verification,SAT,10,0.547,49.232,minimize,0.04,0.09,65379,275916994,28b587cf6ecf,3,200,
6832fe907740af686fde98518067ea3f.cnf.xz,hardware-verification,SAT,10,0.547,49.232,rephase,0.0,0.0,65379,275916994,28b587cf6ecf,3,200,
6832fe907740af686fde98518067ea3f.cnf.xz,hardware-verification,SAT,10,0.547,49.232,merge,0.0,0.0,65379,275916994,28b587cf6ecf,3,200,
6832fe907740af686fde98518067ea3f.cnf.xz,hardware-verification,SAT,10,0.547,49.232,total,48.78,100.0,65379,275916994,28b587cf6ecf,3,200,
6d6bbc183e9054f627e578db6ade59ec.cnf.xz,planning,UNSAT,20,0.267,9.888,search,5.34,55.4,14548,119244493,28b587cf6ecf,3,200,
6d6bbc183e9054f627e578db6ade59ec.cnf.xz,planning,UNSAT,20,0.267,9.888,probe,3.88,40.18,14548,119244493,28b587cf6ecf,3,200,
6d6bbc183e9054f627e578db6ade59ec.cnf.xz,planning,UNSAT,20,0.267,9.888,simplify,3.48,36.05,14548,119244493,28b587cf6ecf,3,200,
6d6bbc183e9054f627e578db6ade59ec.cnf.xz,planning,UNSAT,20,0.267,9.888,focused,2.91,30.18,14548,119244493,28b587cf6ecf,3,200,
6d6bbc183e9054f627e578db6ade59ec.cnf.xz,planning,UNSAT,20,0.267,9.888,stable,2.43,25.22,14548,119244493,28b587cf6ecf,3,200,
6d6bbc183e9054f627e578db6ade59ec.cnf.xz,planning,UNSAT,20,0.267,9.888,analyze,1.16,11.98,14548,119244493,28b587cf6ecf,3,200,
6d6bbc183e9054f627e578db6ade59ec.cnf.xz,planning,UNSAT,20,0.267,9.888,congruence,0.9,9.31,14548,119244493,28b587cf6ecf,3,200,
6d6bbc183e9054f627e578db6ade59ec.cnf.xz,planning,UNSAT,20,0.267,9.888,vivify,0.89,9.27,14548,119244493,28b587cf6ecf,3,200,
6d6bbc183e9054f627e578db6ade59ec.cnf.xz,planning,UNSAT,20,0.267,9.888,substitute,0.86,8.94,14548,119244493,28b587cf6ecf,3,200,
6d6bbc183e9054f627e578db6ade59ec.cnf.xz,planning,UNSAT,20,0.267,9.888,sweep,0.82,8.48,14548,119244493,28b587cf6ecf,3,200,
6d6bbc183e9054f627e578db6ade59ec.cnf.xz,planning,UNSAT,20,0.267,9.888,preprocess,0.55,5.72,14548,119244493,28b587cf6ecf,3,200,
6d6bbc183e9054f627e578db6ade59ec.cnf.xz,planning,UNSAT,20,0.267,9.888,extract,0.54,5.6,14548,119244493,28b587cf6ecf,3,200,
6d6bbc183e9054f627e578db6ade59ec.cnf.xz,planning,UNSAT,20,0.267,9.888,shrink,0.5,5.16,14548,119244493,28b587cf6ecf,3,200,
6d6bbc183e9054f627e578db6ade59ec.cnf.xz,planning,UNSAT,20,0.267,9.888,backbone,0.3,3.1,14548,119244493,28b587cf6ecf,3,200,
6d6bbc183e9054f627e578db6ade59ec.cnf.xz,planning,UNSAT,20,0.267,9.888,sweepbackbone,0.29,3.0,14548,119244493,28b587cf6ecf,3,200,
6d6bbc183e9054f627e578db6ade59ec.cnf.xz,planning,UNSAT,20,0.267,9.888,matching,0.28,2.93,14548,119244493,28b587cf6ecf,3,200,
6d6bbc183e9054f627e578db6ade59ec.cnf.xz,planning,UNSAT,20,0.267,9.888,vivify2,0.28,2.87,14548,119244493,28b587cf6ecf,3,200,
6d6bbc183e9054f627e578db6ade59ec.cnf.xz,planning,UNSAT,20,0.267,9.888,extractands,0.27,2.84,14548,119244493,28b587cf6ecf,3,200,
6d6bbc183e9054f627e578db6ade59ec.cnf.xz,planning,UNSAT,20,0.267,9.888,vivify1,0.24,2.54,14548,119244493,28b587cf6ecf,3,200,
6d6bbc183e9054f627e578db6ade59ec.cnf.xz,planning,UNSAT,20,0.267,9.888,parse,0.22,2.26,14548,119244493,28b587cf6ecf,3,200,
6d6bbc183e9054f627e578db6ade59ec.cnf.xz,planning,UNSAT,20,0.267,9.888,vivify3,0.2,2.1,14548,119244493,28b587cf6ecf,3,200,
6d6bbc183e9054f627e578db6ade59ec.cnf.xz,planning,UNSAT,20,0.267,9.888,collect,0.18,1.85,14548,119244493,28b587cf6ecf,3,200,
6d6bbc183e9054f627e578db6ade59ec.cnf.xz,planning,UNSAT,20,0.267,9.888,vivify0,0.17,1.77,14548,119244493,28b587cf6ecf,3,200,
6d6bbc183e9054f627e578db6ade59ec.cnf.xz,planning,UNSAT,20,0.267,9.888,deduce,0.17,1.75,14548,119244493,28b587cf6ecf,3,200,
6d6bbc183e9054f627e578db6ade59ec.cnf.xz,planning,UNSAT,20,0.267,9.888,reduce,0.15,1.57,14548,119244493,28b587cf6ecf,3,200,
6d6bbc183e9054f627e578db6ade59ec.cnf.xz,planning,UNSAT,20,0.267,9.888,bump,0.15,1.53,14548,119244493,28b587cf6ecf,3,200,
6d6bbc183e9054f627e578db6ade59ec.cnf.xz,planning,UNSAT,20,0.267,9.888,sweepequivalences,0.14,1.42,14548,119244493,28b587cf6ecf,3,200,
6d6bbc183e9054f627e578db6ade59ec.cnf.xz,planning,UNSAT,20,0.267,9.888,walking,0.12,1.26,14548,119244493,28b587cf6ecf,3,200,
6d6bbc183e9054f627e578db6ade59ec.cnf.xz,planning,UNSAT,20,0.267,9.888,transitive,0.1,1.08,14548,119244493,28b587cf6ecf,3,200,
6d6bbc183e9054f627e578db6ade59ec.cnf.xz,planning,UNSAT,20,0.267,9.888,restart,0.08,0.81,14548,119244493,28b587cf6ecf,3,200,
6d6bbc183e9054f627e578db6ade59ec.cnf.xz,planning,UNSAT,20,0.267,9.888,extractbinaries,0.06,0.63,14548,119244493,28b587cf6ecf,3,200,
6d6bbc183e9054f627e578db6ade59ec.cnf.xz,planning,UNSAT,20,0.267,9.888,lucky,0.06,0.57,14548,119244493,28b587cf6ecf,3,200,
6d6bbc183e9054f627e578db6ade59ec.cnf.xz,planning,UNSAT,20,0.267,9.888,reorder,0.03,0.31,14548,119244493,28b587cf6ecf,3,200,
6d6bbc183e9054f627e578db6ade59ec.cnf.xz,planning,UNSAT,20,0.267,9.888,warmup,0.02,0.22,14548,119244493,28b587cf6ecf,3,200,
6d6bbc183e9054f627e578db6ade59ec.cnf.xz,planning,UNSAT,20,0.267,9.888,defrag,0.01,0.12,14548,119244493,28b587cf6ecf,3,200,
6d6bbc183e9054f627e578db6ade59ec.cnf.xz,planning,UNSAT,20,0.267,9.888,minimize,0.01,0.1,14548,119244493,28b587cf6ecf,3,200,
6d6bbc183e9054f627e578db6ade59ec.cnf.xz,planning,UNSAT,20,0.267,9.888,extractxors,0.01,0.07,14548,119244493,28b587cf6ecf,3,200,
6d6bbc183e9054f627e578db6ade59ec.cnf.xz,planning,UNSAT,20,0.267,9.888,extractites,0.01,0.06,14548,119244493,28b587cf6ecf,3,200,
6d6bbc183e9054f627e578db6ade59ec.cnf.xz,planning,UNSAT,20,0.267,9.888,merge,0.0,0.02,14548,119244493,28b587cf6ecf,3,200,
6d6bbc183e9054f627e578db6ade59ec.cnf.xz,planning,UNSAT,20,0.267,9.888,rephase,0.0,0.0,14548,119244493,28b587cf6ecf,3,200,
6d6bbc183e9054f627e578db6ade59ec.cnf.xz,planning,UNSAT,20,0.267,9.888,total,9.64,100.0,14548,119244493,28b587cf6ecf,3,200,
6dd45cf2d273ca149df4cabd2fea5c70.cnf.xz,argumentation,UNKNOWN,0,0.020,200.005,search,181.86,91.12,2776903,1040692079,28b587cf6ecf,3,200,
6dd45cf2d273ca149df4cabd2fea5c70.cnf.xz,argumentation,UNKNOWN,0,0.020,200.005,focused,93.97,47.08,2776903,1040692079,28b587cf6ecf,3,200,
6dd45cf2d273ca149df4cabd2fea5c70.cnf.xz,argumentation,UNKNOWN,0,0.020,200.005,stable,87.9,44.04,2776903,1040692079,28b587cf6ecf,3,200,
6dd45cf2d273ca149df4cabd2fea5c70.cnf.xz,argumentation,UNKNOWN,0,0.020,200.005,analyze,48.85,24.48,2776903,1040692079,28b587cf6ecf,3,200,
6dd45cf2d273ca149df4cabd2fea5c70.cnf.xz,argumentation,UNKNOWN,0,0.020,200.005,simplify,17.65,8.84,2776903,1040692079,28b587cf6ecf,3,200,
6dd45cf2d273ca149df4cabd2fea5c70.cnf.xz,argumentation,UNKNOWN,0,0.020,200.005,shrink,17.1,8.57,2776903,1040692079,28b587cf6ecf,3,200,
6dd45cf2d273ca149df4cabd2fea5c70.cnf.xz,argumentation,UNKNOWN,0,0.020,200.005,probe,16.63,8.33,2776903,1040692079,28b587cf6ecf,3,200,
6dd45cf2d273ca149df4cabd2fea5c70.cnf.xz,argumentation,UNKNOWN,0,0.020,200.005,vivify,13.57,6.8,2776903,1040692079,28b587cf6ecf,3,200,
6dd45cf2d273ca149df4cabd2fea5c70.cnf.xz,argumentation,UNKNOWN,0,0.020,200.005,bump,9.52,4.77,2776903,1040692079,28b587cf6ecf,3,200,
6dd45cf2d273ca149df4cabd2fea5c70.cnf.xz,argumentation,UNKNOWN,0,0.020,200.005,deduce,8.02,4.02,2776903,1040692079,28b587cf6ecf,3,200,
6dd45cf2d273ca149df4cabd2fea5c70.cnf.xz,argumentation,UNKNOWN,0,0.020,200.005,vivify2,5.8,2.91,2776903,1040692079,28b587cf6ecf,3,200,
6dd45cf2d273ca149df4cabd2fea5c70.cnf.xz,argumentation,UNKNOWN,0,0.020,200.005,vivify1,4.37,2.19,2776903,1040692079,28b587cf6ecf,3,200,
6dd45cf2d273ca149df4cabd2fea5c70.cnf.xz,argumentation,UNKNOWN,0,0.020,200.005,reduce,2.36,1.18,2776903,1040692079,28b587cf6ecf,3,200,
6dd45cf2d273ca149df4cabd2fea5c70.cnf.xz,argumentation,UNKNOWN,0,0.020,200.005,collect,2.02,1.01,2776903,1040692079,28b587cf6ecf,3,200,
6dd45cf2d273ca149df4cabd2fea5c70.cnf.xz,argumentation,UNKNOWN,0,0.020,200.005,vivify3,1.92,0.96,2776903,1040692079,28b587cf6ecf,3,200,
6dd45cf2d273ca149df4cabd2fea5c70.cnf.xz,argumentation,UNKNOWN,0,0.020,200.005,vivify0,1.48,0.74,2776903,1040692079,28b587cf6ecf,3,200,
6dd45cf2d273ca149df4cabd2fea5c70.cnf.xz,argumentation,UNKNOWN,0,0.020,200.005,minimize,1.25,0.62,2776903,1040692079,28b587cf6ecf,3,200,
6dd45cf2d273ca149df4cabd2fea5c70.cnf.xz,argumentation,UNKNOWN,0,0.020,200.005,sweep,1.07,0.54,2776903,1040692079,28b587cf6ecf,3,200,
6dd45cf2d273ca149df4cabd2fea5c70.cnf.xz,argumentation,UNKNOWN,0,0.020,200.005,eliminate,0.8,0.4,2776903,1040692079,28b587cf6ecf,3,200,
6dd45cf2d273ca149df4cabd2fea5c70.cnf.xz,argumentation,UNKNOWN,0,0.020,200.005,substitute,0.64,0.32,2776903,1040692079,28b587cf6ecf,3,200,
6dd45cf2d273ca149df4cabd2fea5c70.cnf.xz,argumentation,UNKNOWN,0,0.020,200.005,transitive,0.59,0.29,2776903,1040692079,28b587cf6ecf,3,200,
6dd45cf2d273ca149df4cabd2fea5c70.cnf.xz,argumentation,UNKNOWN,0,0.020,200.005,factor,0.54,0.27,2776903,1040692079,28b587cf6ecf,3,200,
6dd45cf2d273ca149df4cabd2fea5c70.cnf.xz,argumentation,UNKNOWN,0,0.020,200.005,sweepbackbone,0.53,0.26,2776903,1040692079,28b587cf6ecf,3,200,
6dd45cf2d273ca149df4cabd2fea5c70.cnf.xz,argumentation,UNKNOWN,0,0.020,200.005,walking,0.27,0.14,2776903,1040692079,28b587cf6ecf,3,200,
6dd45cf2d273ca149df4cabd2fea5c70.cnf.xz,argumentation,UNKNOWN,0,0.020,200.005,definition,0.22,0.11,2776903,1040692079,28b587cf6ecf,3,200,
6dd45cf2d273ca149df4cabd2fea5c70.cnf.xz,argumentation,UNKNOWN,0,0.020,200.005,sweepequivalences,0.2,0.1,2776903,1040692079,28b587cf6ecf,3,200,
6dd45cf2d273ca149df4cabd2fea5c70.cnf.xz,argumentation,UNKNOWN,0,0.020,200.005,backbone,0.15,0.08,2776903,1040692079,28b587cf6ecf,3,200,
6dd45cf2d273ca149df4cabd2fea5c70.cnf.xz,argumentation,UNKNOWN,0,0.020,200.005,subsume,0.14,0.07,2776903,1040692079,28b587cf6ecf,3,200,
6dd45cf2d273ca149df4cabd2fea5c70.cnf.xz,argumentation,UNKNOWN,0,0.020,200.005,defrag,0.12,0.06,2776903,1040692079,28b587cf6ecf,3,200,
6dd45cf2d273ca149df4cabd2fea5c70.cnf.xz,argumentation,UNKNOWN,0,0.020,200.005,congruence,0.06,0.03,2776903,1040692079,28b587cf6ecf,3,200,
6dd45cf2d273ca149df4cabd2fea5c70.cnf.xz,argumentation,UNKNOWN,0,0.020,200.005,restart,0.06,0.03,2776903,1040692079,28b587cf6ecf,3,200,
6dd45cf2d273ca149df4cabd2fea5c70.cnf.xz,argumentation,UNKNOWN,0,0.020,200.005,preprocess,0.06,0.03,2776903,1040692079,28b587cf6ecf,3,200,
6dd45cf2d273ca149df4cabd2fea5c70.cnf.xz,argumentation,UNKNOWN,0,0.020,200.005,extract,0.05,0.03,2776903,1040692079,28b587cf6ecf,3,200,
6dd45cf2d273ca149df4cabd2fea5c70.cnf.xz,argumentation,UNKNOWN,0,0.020,200.005,reorder,0.03,0.02,2776903,1040692079,28b587cf6ecf,3,200,
6dd45cf2d273ca149df4cabd2fea5c70.cnf.xz,argumentation,UNKNOWN,0,0.020,200.005,extractands,0.03,0.01,2776903,1040692079,28b587cf6ecf,3,200,
6dd45cf2d273ca149df4cabd2fea5c70.cnf.xz,argumentation,UNKNOWN,0,0.020,200.005,warmup,0.01,0.01,2776903,1040692079,28b587cf6ecf,3,200,
6dd45cf2d273ca149df4cabd2fea5c70.cnf.xz,argumentation,UNKNOWN,0,0.020,200.005,extractbinaries,0.01,0.0,2776903,1040692079,28b587cf6ecf,3,200,
6dd45cf2d273ca149df4cabd2fea5c70.cnf.xz,argumentation,UNKNOWN,0,0.020,200.005,parse,0.01,0.0,2776903,1040692079,28b587cf6ecf,3,200,
6dd45cf2d273ca149df4cabd2fea5c70.cnf.xz,argumentation,UNKNOWN,0,0.020,200.005,lucky,0.0,0.0,2776903,1040692079,28b587cf6ecf,3,200,
6dd45cf2d273ca149df4cabd2fea5c70.cnf.xz,argumentation,UNKNOWN,0,0.020,200.005,extractxors,0.0,0.0,2776903,1040692079,28b587cf6ecf,3,200,
6dd45cf2d273ca149df4cabd2fea5c70.cnf.xz,argumentation,UNKNOWN,0,0.020,200.005,rephase,0.0,0.0,2776903,1040692079,28b587cf6ecf,3,200,
6dd45cf2d273ca149df4cabd2fea5c70.cnf.xz,argumentation,UNKNOWN,0,0.020,200.005,extractites,0.0,0.0,2776903,1040692079,28b587cf6ecf,3,200,
6dd45cf2d273ca149df4cabd2fea5c70.cnf.xz,argumentation,UNKNOWN,0,0.020,200.005,merge,0.0,0.0,2776903,1040692079,28b587cf6ecf,3,200,
6dd45cf2d273ca149df4cabd2fea5c70.cnf.xz,argumentation,UNKNOWN,0,0.020,200.005,total,199.58,100.0,2776903,1040692079,28b587cf6ecf,3,200,
7279929ad5026c568a5477fb144ea5ce.cnf.xz,hardware-verification,UNSAT,20,0.163,60.366,search,32.05,53.5,784687,187483212,28b587cf6ecf,3,200,
7279929ad5026c568a5477fb144ea5ce.cnf.xz,hardware-verification,UNSAT,20,0.163,60.366,simplify,27.04,45.13,784687,187483212,28b587cf6ecf,3,200,
7279929ad5026c568a5477fb144ea5ce.cnf.xz,hardware-verification,UNSAT,20,0.163,60.366,probe,19.91,33.23,784687,187483212,28b587cf6ecf,3,200,
7279929ad5026c568a5477fb144ea5ce.cnf.xz,hardware-verification,UNSAT,20,0.163,60.366,focused,16.24,27.1,784687,187483212,28b587cf6ecf,3,200,
7279929ad5026c568a5477fb144ea5ce.cnf.xz,hardware-verification,UNSAT,20,0.163,60.366,stable,15.82,26.4,784687,187483212,28b587cf6ecf,3,200,
7279929ad5026c568a5477fb144ea5ce.cnf.xz,hardware-verification,UNSAT,20,0.163,60.366,analyze,7.58,12.66,784687,187483212,28b587cf6ecf,3,200,
7279929ad5026c568a5477fb144ea5ce.cnf.xz,hardware-verification,UNSAT,20,0.163,60.366,eliminate,7.31,12.21,784687,187483212,28b587cf6ecf,3,200,
7279929ad5026c568a5477fb144ea5ce.cnf.xz,hardware-verification,UNSAT,20,0.163,60.366,vivify,6.08,10.15,784687,187483212,28b587cf6ecf,3,200,
7279929ad5026c568a5477fb144ea5ce.cnf.xz,hardware-verification,UNSAT,20,0.163,60.366,sweep,6.04,10.07,784687,187483212,28b587cf6ecf,3,200,
7279929ad5026c568a5477fb144ea5ce.cnf.xz,hardware-verification,UNSAT,20,0.163,60.366,definition,2.76,4.61,784687,187483212,28b587cf6ecf,3,200,
7279929ad5026c568a5477fb144ea5ce.cnf.xz,hardware-verification,UNSAT,20,0.163,60.366,substitute,2.68,4.48,784687,187483212,28b587cf6ecf,3,200,
7279929ad5026c568a5477fb144ea5ce.cnf.xz,hardware-verification,UNSAT,20,0.163,60.366,congruence,2.42,4.04,784687,187483212,28b587cf6ecf,3,200,
7279929ad5026c568a5477fb144ea5ce.cnf.xz,hardware-verification,UNSAT,20,0.163,60.366,sweepbackbone,2.31,3.86,784687,187483212,28b587cf6ecf,3,200,
7279929ad5026c568a5477fb144ea5ce.cnf.xz,hardware-verification,UNSAT,20,0.163,60.366,shrink,2.16,3.6,784687,187483212,28b587cf6ecf,3,200,
7279929ad5026c568a5477fb144ea5ce.cnf.xz,hardware-verification,UNSAT,20,0.163,60.366,subsume,1.83,3.06,784687,187483212,28b587cf6ecf,3,200,
7279929ad5026c568a5477fb144ea5ce.cnf.xz,hardware-verification,UNSAT,20,0.163,60.366,factor,1.79,2.98,784687,187483212,28b587cf6ecf,3,200,
7279929ad5026c568a5477fb144ea5ce.cnf.xz,hardware-verification,UNSAT,20,0.163,60.366,vivify0,1.66,2.77,784687,187483212,28b587cf6ecf,3,200,
7279929ad5026c568a5477fb144ea5ce.cnf.xz,hardware-verification,UNSAT,20,0.163,60.366,vivify2,1.64,2.73,784687,187483212,28b587cf6ecf,3,200,
7279929ad5026c568a5477fb144ea5ce.cnf.xz,hardware-verification,UNSAT,20,0.163,60.366,vivify1,1.63,2.72,784687,187483212,28b587cf6ecf,3,200,
7279929ad5026c568a5477fb144ea5ce.cnf.xz,hardware-verification,UNSAT,20,0.163,60.366,extract,1.49,2.49,784687,187483212,28b587cf6ecf,3,200,
7279929ad5026c568a5477fb144ea5ce.cnf.xz,hardware-verification,UNSAT,20,0.163,60.366,deduce,1.36,2.26,784687,187483212,28b587cf6ecf,3,200,
7279929ad5026c568a5477fb144ea5ce.cnf.xz,hardware-verification,UNSAT,20,0.163,60.366,sweepequivalences,1.26,2.1,784687,187483212,28b587cf6ecf,3,200,
7279929ad5026c568a5477fb144ea5ce.cnf.xz,hardware-verification,UNSAT,20,0.163,60.366,vivify3,1.16,1.93,784687,187483212,28b587cf6ecf,3,200,
7279929ad5026c568a5477fb144ea5ce.cnf.xz,hardware-verification,UNSAT,20,0.163,60.366,reduce,0.95,1.58,784687,187483212,28b587cf6ecf,3,200,
7279929ad5026c568a5477fb144ea5ce.cnf.xz,hardware-verification,UNSAT,20,0.163,60.366,collect,0.93,1.56,784687,187483212,28b587cf6ecf,3,200,
7279929ad5026c568a5477fb144ea5ce.cnf.xz,hardware-verification,UNSAT,20,0.163,60.366,bump,0.91,1.52,784687,187483212,28b587cf6ecf,3,200,
7279929ad5026c568a5477fb144ea5ce.cnf.xz,hardware-verification,UNSAT,20,0.163,60.366,matching,0.82,1.37,784687,187483212,28b587cf6ecf,3,200,
7279929ad5026c568a5477fb144ea5ce.cnf.xz,hardware-verification,UNSAT,20,0.163,60.366,preprocess,0.6,1.0,784687,187483212,28b587cf6ecf,3,200,
7279929ad5026c568a5477fb144ea5ce.cnf.xz,hardware-verification,UNSAT,20,0.163,60.366,extractands,0.58,0.96,784687,187483212,28b587cf6ecf,3,200,
7279929ad5026c568a5477fb144ea5ce.cnf.xz,hardware-verification,UNSAT,20,0.163,60.366,backbone,0.46,0.77,784687,187483212,28b587cf6ecf,3,200,
7279929ad5026c568a5477fb144ea5ce.cnf.xz,hardware-verification,UNSAT,20,0.163,60.366,transitive,0.44,0.73,784687,187483212,28b587cf6ecf,3,200,
7279929ad5026c568a5477fb144ea5ce.cnf.xz,hardware-verification,UNSAT,20,0.163,60.366,walking,0.39,0.66,784687,187483212,28b587cf6ecf,3,200,
7279929ad5026c568a5477fb144ea5ce.cnf.xz,hardware-verification,UNSAT,20,0.163,60.366,extractxors,0.3,0.51,784687,187483212,28b587cf6ecf,3,200,
7279929ad5026c568a5477fb144ea5ce.cnf.xz,hardware-verification,UNSAT,20,0.163,60.366,restart,0.3,0.51,784687,187483212,28b587cf6ecf,3,200,
7279929ad5026c568a5477fb144ea5ce.cnf.xz,hardware-verification,UNSAT,20,0.163,60.366,minimize,0.26,0.44,784687,187483212,28b587cf6ecf,3,200,
7279929ad5026c568a5477fb144ea5ce.cnf.xz,hardware-verification,UNSAT,20,0.163,60.366,extractites,0.18,0.31,784687,187483212,28b587cf6ecf,3,200,
7279929ad5026c568a5477fb144ea5ce.cnf.xz,hardware-verification,UNSAT,20,0.163,60.366,parse,0.17,0.29,784687,187483212,28b587cf6ecf,3,200,
7279929ad5026c568a5477fb144ea5ce.cnf.xz,hardware-verification,UNSAT,20,0.163,60.366,warmup,0.16,0.26,784687,187483212,28b587cf6ecf,3,200,
7279929ad5026c568a5477fb144ea5ce.cnf.xz,hardware-verification,UNSAT,20,0.163,60.366,defrag,0.15,0.25,784687,187483212,28b587cf6ecf,3,200,
7279929ad5026c568a5477fb144ea5ce.cnf.xz,hardware-verification,UNSAT,20,0.163,60.366,reorder,0.14,0.24,784687,187483212,28b587cf6ecf,3,200,
7279929ad5026c568a5477fb144ea5ce.cnf.xz,hardware-verification,UNSAT,20,0.163,60.366,extractbinaries,0.14,0.23,784687,187483212,28b587cf6ecf,3,200,
7279929ad5026c568a5477fb144ea5ce.cnf.xz,hardware-verification,UNSAT,20,0.163,60.366,lucky,0.04,0.07,784687,187483212,28b587cf6ecf,3,200,
7279929ad5026c568a5477fb144ea5ce.cnf.xz,hardware-verification,UNSAT,20,0.163,60.366,merge,0.03,0.05,784687,187483212,28b587cf6ecf,3,200,
7279929ad5026c568a5477fb144ea5ce.cnf.xz,hardware-verification,UNSAT,20,0.163,60.366,rephase,0.0,0.0,784687,187483212,28b587cf6ecf,3,200,
7279929ad5026c568a5477fb144ea5ce.cnf.xz,hardware-verification,UNSAT,20,0.163,60.366,total,59.91,100.0,784687,187483212,28b587cf6ecf,3,200,
8012832d327f2989636e949e560cd7dc.cnf.xz,hardware-verification,UNSAT,20,0.009,5.635,search,4.09,72.84,91434,50698104,28b587cf6ecf,3,200,
8012832d327f2989636e949e560cd7dc.cnf.xz,hardware-verification,UNSAT,20,0.009,5.635,stable,2.16,38.45,91434,50698104,28b587cf6ecf,3,200,
8012832d327f2989636e949e560cd7dc.cnf.xz,hardware-verification,UNSAT,20,0.009,5.635,focused,1.93,34.4,91434,50698104,28b587cf6ecf,3,200,
8012832d327f2989636e949e560cd7dc.cnf.xz,hardware-verification,UNSAT,20,0.009,5.635,simplify,1.47,26.29,91434,50698104,28b587cf6ecf,3,200,
8012832d327f2989636e949e560cd7dc.cnf.xz,hardware-verification,UNSAT,20,0.009,5.635,probe,1.4,24.97,91434,50698104,28b587cf6ecf,3,200,
8012832d327f2989636e949e560cd7dc.cnf.xz,hardware-verification,UNSAT,20,0.009,5.635,analyze,0.95,16.9,91434,50698104,28b587cf6ecf,3,200,
8012832d327f2989636e949e560cd7dc.cnf.xz,hardware-verification,UNSAT,20,0.009,5.635,sweep,0.67,11.95,91434,50698104,28b587cf6ecf,3,200,
8012832d327f2989636e949e560cd7dc.cnf.xz,hardware-verification,UNSAT,20,0.009,5.635,vivify,0.58,10.38,91434,50698104,28b587cf6ecf,3,200,
8012832d327f2989636e949e560cd7dc.cnf.xz,hardware-verification,UNSAT,20,0.009,5.635,sweepbackbone,0.34,6.0,91434,50698104,28b587cf6ecf,3,200,
8012832d327f2989636e949e560cd7dc.cnf.xz,hardware-verification,UNSAT,20,0.009,5.635,shrink,0.23,4.02,91434,50698104,28b587cf6ecf,3,200,
8012832d327f2989636e949e560cd7dc.cnf.xz,hardware-verification,UNSAT,20,0.009,5.635,sweepequivalences,0.2,3.63,91434,50698104,28b587cf6ecf,3,200,
8012832d327f2989636e949e560cd7dc.cnf.xz,hardware-verification,UNSAT,20,0.009,5.635,deduce,0.2,3.58,91434,50698104,28b587cf6ecf,3,200,
8012832d327f2989636e949e560cd7dc.cnf.xz,hardware-verification,UNSAT,20,0.009,5.635,vivify2,0.18,3.23,91434,50698104,28b587cf6ecf,3,200,
8012832d327f2989636e949e560cd7dc.cnf.xz,hardware-verification,UNSAT,20,0.009,5.635,vivify3,0.15,2.69,91434,50698104,28b587cf6ecf,3,200,
8012832d327f2989636e949e560cd7dc.cnf.xz,hardware-verification,UNSAT,20,0.009,5.635,bump,0.15,2.65,91434,50698104,28b587cf6ecf,3,200,
8012832d327f2989636e949e560cd7dc.cnf.xz,hardware-verification,UNSAT,20,0.009,5.635,vivify0,0.13,2.34,91434,50698104,28b587cf6ecf,3,200,
8012832d327f2989636e949e560cd7dc.cnf.xz,hardware-verification,UNSAT,20,0.009,5.635,vivify1,0.12,2.12,91434,50698104,28b587cf6ecf,3,200,
8012832d327f2989636e949e560cd7dc.cnf.xz,hardware-verification,UNSAT,20,0.009,5.635,eliminate,0.1,1.84,91434,50698104,28b587cf6ecf,3,200,
8012832d327f2989636e949e560cd7dc.cnf.xz,hardware-verification,UNSAT,20,0.009,5.635,substitute,0.05,0.83,91434,50698104,28b587cf6ecf,3,200,
8012832d327f2989636e949e560cd7dc.cnf.xz,hardware-verification,UNSAT,20,0.009,5.635,preprocess,0.04,0.72,91434,50698104,28b587cf6ecf,3,200,
8012832d327f2989636e949e560cd7dc.cnf.xz,hardware-verification,UNSAT,20,0.009,5.635,factor,0.04,0.71,91434,50698104,28b587cf6ecf,3,200,
8012832d327f2989636e949e560cd7dc.cnf.xz,hardware-verification,UNSAT,20,0.009,5.635,definition,0.04,0.66,91434,50698104,28b587cf6ecf,3,200,
8012832d327f2989636e949e560cd7dc.cnf.xz,hardware-verification,UNSAT,20,0.009,5.635,reduce,0.04,0.65,91434,50698104,28b587cf6ecf,3,200,
8012832d327f2989636e949e560cd7dc.cnf.xz,hardware-verification,UNSAT,20,0.009,5.635,collect,0.03,0.58,91434,50698104,28b587cf6ecf,3,200,
8012832d327f2989636e949e560cd7dc.cnf.xz,hardware-verification,UNSAT,20,0.009,5.635,minimize,0.03,0.54,91434,50698104,28b587cf6ecf,3,200,
8012832d327f2989636e949e560cd7dc.cnf.xz,hardware-verification,UNSAT,20,0.009,5.635,backbone,0.02,0.4,91434,50698104,28b587cf6ecf,3,200,
8012832d327f2989636e949e560cd7dc.cnf.xz,hardware-verification,UNSAT,20,0.009,5.635,transitive,0.02,0.35,91434,50698104,28b587cf6ecf,3,200,
8012832d327f2989636e949e560cd7dc.cnf.xz,hardware-verification,UNSAT,20,0.009,5.635,congruence,0.02,0.34,91434,50698104,28b587cf6ecf,3,200,
8012832d327f2989636e949e560cd7dc.cnf.xz,hardware-verification,UNSAT,20,0.009,5.635,restart,0.02,0.31,91434,50698104,28b587cf6ecf,3,200,
8012832d327f2989636e949e560cd7dc.cnf.xz,hardware-verification,UNSAT,20,0.009,5.635,extract,0.02,0.29,91434,50698104,28b587cf6ecf,3,200,
8012832d327f2989636e949e560cd7dc.cnf.xz,hardware-verification,UNSAT,20,0.009,5.635,subsume,0.02,0.28,91434,50698104,28b587cf6ecf,3,200,
8012832d327f2989636e949e560cd7dc.cnf.xz,hardware-verification,UNSAT,20,0.009,5.635,defrag,0.01,0.2,91434,50698104,28b587cf6ecf,3,200,
8012832d327f2989636e949e560cd7dc.cnf.xz,hardware-verification,UNSAT,20,0.009,5.635,walking,0.01,0.17,91434,50698104,28b587cf6ecf,3,200,
8012832d327f2989636e949e560cd7dc.cnf.xz,hardware-verification,UNSAT,20,0.009,5.635,extractands,0.01,0.14,91434,50698104,28b587cf6ecf,3,200,
8012832d327f2989636e949e560cd7dc.cnf.xz,hardware-verification,UNSAT,20,0.009,5.635,parse,0.01,0.09,91434,50698104,28b587cf6ecf,3,200,
8012832d327f2989636e949e560cd7dc.cnf.xz,hardware-verification,UNSAT,20,0.009,5.635,reorder,0.0,0.06,91434,50698104,28b587cf6ecf,3,200,
8012832d327f2989636e949e560cd7dc.cnf.xz,hardware-verification,UNSAT,20,0.009,5.635,lucky,0.0,0.05,91434,50698104,28b587cf6ecf,3,200,
8012832d327f2989636e949e560cd7dc.cnf.xz,hardware-verification,UNSAT,20,0.009,5.635,extractxors,0.0,0.03,91434,50698104,28b587cf6ecf,3,200,
8012832d327f2989636e949e560cd7dc.cnf.xz,hardware-verification,UNSAT,20,0.009,5.635,extractbinaries,0.0,0.03,91434,50698104,28b587cf6ecf,3,200,
8012832d327f2989636e949e560cd7dc.cnf.xz,hardware-verification,UNSAT,20,0.009,5.635,extractites,0.0,0.02,91434,50698104,28b587cf6ecf,3,200,
8012832d327f2989636e949e560cd7dc.cnf.xz,hardware-verification,UNSAT,20,0.009,5.635,warmup,0.0,0.02,91434,50698104,28b587cf6ecf,3,200,
8012832d327f2989636e949e560cd7dc.cnf.xz,hardware-verification,UNSAT,20,0.009,5.635,rephase,0.0,0.01,91434,50698104,28b587cf6ecf,3,200,
8012832d327f2989636e949e560cd7dc.cnf.xz,hardware-verification,UNSAT,20,0.009,5.635,total,5.61,100.0,91434,50698104,28b587cf6ecf,3,200,
92a730305d3ebc88e06cdf74deb5e484.cnf.xz,argumentation,UNKNOWN,0,0.031,200.006,search,180.29,90.39,4027853,304267258,28b587cf6ecf,3,200,
92a730305d3ebc88e06cdf74deb5e484.cnf.xz,argumentation,UNKNOWN,0,0.031,200.006,focused,94.75,47.5,4027853,304267258,28b587cf6ecf,3,200,
92a730305d3ebc88e06cdf74deb5e484.cnf.xz,argumentation,UNKNOWN,0,0.031,200.006,stable,85.54,42.89,4027853,304267258,28b587cf6ecf,3,200,
92a730305d3ebc88e06cdf74deb5e484.cnf.xz,argumentation,UNKNOWN,0,0.031,200.006,analyze,52.6,26.37,4027853,304267258,28b587cf6ecf,3,200,
92a730305d3ebc88e06cdf74deb5e484.cnf.xz,argumentation,UNKNOWN,0,0.031,200.006,simplify,19.08,9.56,4027853,304267258,28b587cf6ecf,3,200,
92a730305d3ebc88e06cdf74deb5e484.cnf.xz,argumentation,UNKNOWN,0,0.031,200.006,probe,18.55,9.3,4027853,304267258,28b587cf6ecf,3,200,
92a730305d3ebc88e06cdf74deb5e484.cnf.xz,argumentation,UNKNOWN,0,0.031,200.006,shrink,16.42,8.23,4027853,304267258,28b587cf6ecf,3,200,
92a730305d3ebc88e06cdf74deb5e484.cnf.xz,argumentation,UNKNOWN,0,0.031,200.006,vivify,14.86,7.45,4027853,304267258,28b587cf6ecf,3,200,
92a730305d3ebc88e06cdf74deb5e484.cnf.xz,argumentation,UNKNOWN,0,0.031,200.006,bump,10.29,5.16,4027853,304267258,28b587cf6ecf,3,200,
92a730305d3ebc88e06cdf74deb5e484.cnf.xz,argumentation,UNKNOWN,0,0.031,200.006,deduce,8.32,4.17,4027853,304267258,28b587cf6ecf,3,200,
92a730305d3ebc88e06cdf74deb5e484.cnf.xz,argumentation,UNKNOWN,0,0.031,200.006,vivify1,7.1,3.56,4027853,304267258,28b587cf6ecf,3,200,
92a730305d3ebc88e06cdf74deb5e484.cnf.xz,argumentation,UNKNOWN,0,0.031,200.006,reduce,5.03,2.52,4027853,304267258,28b587cf6ecf,3,200,
92a730305d3ebc88e06cdf74deb5e484.cnf.xz,argumentation,UNKNOWN,0,0.031,200.006,vivify2,4.84,2.43,4027853,304267258,28b587cf6ecf,3,200,
92a730305d3ebc88e06cdf74deb5e484.cnf.xz,argumentation,UNKNOWN,0,0.031,200.006,collect,4.33,2.17,4027853,304267258,28b587cf6ecf,3,200,
92a730305d3ebc88e06cdf74deb5e484.cnf.xz,argumentation,UNKNOWN,0,0.031,200.006,vivify3,2.78,1.4,4027853,304267258,28b587cf6ecf,3,200,
92a730305d3ebc88e06cdf74deb5e484.cnf.xz,argumentation,UNKNOWN,0,0.031,200.006,sweep,2.22,1.11,4027853,304267258,28b587cf6ecf,3,200,
92a730305d3ebc88e06cdf74deb5e484.cnf.xz,argumentation,UNKNOWN,0,0.031,200.006,minimize,1.87,0.94,4027853,304267258,28b587cf6ecf,3,200,
92a730305d3ebc88e06cdf74deb5e484.cnf.xz,argumentation,UNKNOWN,0,0.031,200.006,sweepbackbone,1.61,0.81,4027853,304267258,28b587cf6ecf,3,200,
92a730305d3ebc88e06cdf74deb5e484.cnf.xz,argumentation,UNKNOWN,0,0.031,200.006,substitute,0.94,0.47,4027853,304267258,28b587cf6ecf,3,200,
92a730305d3ebc88e06cdf74deb5e484.cnf.xz,argumentation,UNKNOWN,0,0.031,200.006,walking,0.32,0.16,4027853,304267258,28b587cf6ecf,3,200,
92a730305d3ebc88e06cdf74deb5e484.cnf.xz,argumentation,UNKNOWN,0,0.031,200.006,eliminate,0.29,0.15,4027853,304267258,28b587cf6ecf,3,200,
92a730305d3ebc88e06cdf74deb5e484.cnf.xz,argumentation,UNKNOWN,0,0.031,200.006,transitive,0.26,0.13,4027853,304267258,28b587cf6ecf,3,200,
92a730305d3ebc88e06cdf74deb5e484.cnf.xz,argumentation,UNKNOWN,0,0.031,200.006,factor,0.15,0.07,4027853,304267258,28b587cf6ecf,3,200,
92a730305d3ebc88e06cdf74deb5e484.cnf.xz,argumentation,UNKNOWN,0,0.031,200.006,vivify0,0.13,0.07,4027853,304267258,28b587cf6ecf,3,200,
92a730305d3ebc88e06cdf74deb5e484.cnf.xz,argumentation,UNKNOWN,0,0.031,200.006,definition,0.13,0.06,4027853,304267258,28b587cf6ecf,3,200,
92a730305d3ebc88e06cdf74deb5e484.cnf.xz,argumentation,UNKNOWN,0,0.031,200.006,defrag,0.12,0.06,4027853,304267258,28b587cf6ecf,3,200,
92a730305d3ebc88e06cdf74deb5e484.cnf.xz,argumentation,UNKNOWN,0,0.031,200.006,preprocess,0.08,0.04,4027853,304267258,28b587cf6ecf,3,200,
92a730305d3ebc88e06cdf74deb5e484.cnf.xz,argumentation,UNKNOWN,0,0.031,200.006,restart,0.08,0.04,4027853,304267258,28b587cf6ecf,3,200,
92a730305d3ebc88e06cdf74deb5e484.cnf.xz,argumentation,UNKNOWN,0,0.031,200.006,sweepequivalences,0.08,0.04,4027853,304267258,28b587cf6ecf,3,200,
92a730305d3ebc88e06cdf74deb5e484.cnf.xz,argumentation,UNKNOWN,0,0.031,200.006,backbone,0.07,0.04,4027853,304267258,28b587cf6ecf,3,200,
92a730305d3ebc88e06cdf74deb5e484.cnf.xz,argumentation,UNKNOWN,0,0.031,200.006,congruence,0.05,0.03,4027853,304267258,28b587cf6ecf,3,200,
92a730305d3ebc88e06cdf74deb5e484.cnf.xz,argumentation,UNKNOWN,0,0.031,200.006,extract,0.05,0.02,4027853,304267258,28b587cf6ecf,3,200,
92a730305d3ebc88e06cdf74deb5e484.cnf.xz,argumentation,UNKNOWN,0,0.031,200.006,subsume,0.02,0.01,4027853,304267258,28b587cf6ecf,3,200,
92a730305d3ebc88e06cdf74deb5e484.cnf.xz,argumentation,UNKNOWN,0,0.031,200.006,reorder,0.02,0.01,4027853,304267258,28b587cf6ecf,3,200,
92a730305d3ebc88e06cdf74deb5e484.cnf.xz,argumentation,UNKNOWN,0,0.031,200.006,warmup,0.02,0.01,4027853,304267258,28b587cf6ecf,3,200,
92a730305d3ebc88e06cdf74deb5e484.cnf.xz,argumentation,UNKNOWN,0,0.031,200.006,extractands,0.02,0.01,4027853,304267258,28b587cf6ecf,3,200,
92a730305d3ebc88e06cdf74deb5e484.cnf.xz,argumentation,UNKNOWN,0,0.031,200.006,parse,0.01,0.01,4027853,304267258,28b587cf6ecf,3,200,
92a730305d3ebc88e06cdf74deb5e484.cnf.xz,argumentation,UNKNOWN,0,0.031,200.006,extractbinaries,0.0,0.0,4027853,304267258,28b587cf6ecf,3,200,
92a730305d3ebc88e06cdf74deb5e484.cnf.xz,argumentation,UNKNOWN,0,0.031,200.006,matching,0.0,0.0,4027853,304267258,28b587cf6ecf,3,200,
92a730305d3ebc88e06cdf74deb5e484.cnf.xz,argumentation,UNKNOWN,0,0.031,200.006,rephase,0.0,0.0,4027853,304267258,28b587cf6ecf,3,200,
92a730305d3ebc88e06cdf74deb5e484.cnf.xz,argumentation,UNKNOWN,0,0.031,200.006,lucky,0.0,0.0,4027853,304267258,28b587cf6ecf,3,200,
92a730305d3ebc88e06cdf74deb5e484.cnf.xz,argumentation,UNKNOWN,0,0.031,200.006,extractites,0.0,0.0,4027853,304267258,28b587cf6ecf,3,200,
92a730305d3ebc88e06cdf74deb5e484.cnf.xz,argumentation,UNKNOWN,0,0.031,200.006,extractxors,0.0,0.0,4027853,304267258,28b587cf6ecf,3,200,
92a730305d3ebc88e06cdf74deb5e484.cnf.xz,argumentation,UNKNOWN,0,0.031,200.006,merge,0.0,0.0,4027853,304267258,28b587cf6ecf,3,200,
92a730305d3ebc88e06cdf74deb5e484.cnf.xz,argumentation,UNKNOWN,0,0.031,200.006,total,199.47,100.0,4027853,304267258,28b587cf6ecf,3,200,
93be9c580b2c695ee9c9339a62765f87.cnf.xz,planning,SAT,10,0.045,98.954,search,78.3,79.58,2372731,255356851,28b587cf6ecf,3,200,
93be9c580b2c695ee9c9339a62765f87.cnf.xz,planning,SAT,10,0.045,98.954,stable,44.01,44.73,2372731,255356851,28b587cf6ecf,3,200,
93be9c580b2c695ee9c9339a62765f87.cnf.xz,planning,SAT,10,0.045,98.954,focused,34.29,34.85,2372731,255356851,28b587cf6ecf,3,200,
93be9c580b2c695ee9c9339a62765f87.cnf.xz,planning,SAT,10,0.045,98.954,analyze,21.33,21.68,2372731,255356851,28b587cf6ecf,3,200,
93be9c580b2c695ee9c9339a62765f87.cnf.xz,planning,SAT,10,0.045,98.954,simplify,19.82,20.14,2372731,255356851,28b587cf6ecf,3,200,
93be9c580b2c695ee9c9339a62765f87.cnf.xz,planning,SAT,10,0.045,98.954,probe,17.44,17.72,2372731,255356851,28b587cf6ecf,3,200,
93be9c580b2c695ee9c9339a62765f87.cnf.xz,planning,SAT,10,0.045,98.954,vivify,10.42,10.59,2372731,255356851,28b587cf6ecf,3,200,
93be9c580b2c695ee9c9339a62765f87.cnf.xz,planning,SAT,10,0.045,98.954,shrink,4.98,5.06,2372731,255356851,28b587cf6ecf,3,200,
93be9c580b2c695ee9c9339a62765f87.cnf.xz,planning,SAT,10,0.045,98.954,deduce,3.92,3.98,2372731,255356851,28b587cf6ecf,3,200,
93be9c580b2c695ee9c9339a62765f87.cnf.xz,planning,SAT,10,0.045,98.954,vivify1,3.25,3.3,2372731,255356851,28b587cf6ecf,3,200,
93be9c580b2c695ee9c9339a62765f87.cnf.xz,planning,SAT,10,0.045,98.954,vivify0,2.95,3.0,2372731,255356851,28b587cf6ecf,3,200,
93be9c580b2c695ee9c9339a62765f87.cnf.xz,planning,SAT,10,0.045,98.954,sweep,2.71,2.75,2372731,255356851,28b587cf6ecf,3,200,
93be9c580b2c695ee9c9339a62765f87.cnf.xz,planning,SAT,10,0.045,98.954,vivify2,2.71,2.75,2372731,255356851,28b587cf6ecf,3,200,
93be9c580b2c695ee9c9339a62765f87.cnf.xz,planning,SAT,10,0.045,98.954,bump,2.56,2.6,2372731,255356851,28b587cf6ecf,3,200,
93be9c580b2c695ee9c9339a62765f87.cnf.xz,planning,SAT,10,0.045,98.954,eliminate,2.4,2.43,2372731,255356851,28b587cf6ecf,3,200,
93be9c580b2c695ee9c9339a62765f87.cnf.xz,planning,SAT,10,0.045,98.954,reduce,2.38,2.42,2372731,255356851,28b587cf6ecf,3,200,
93be9c580b2c695ee9c9339a62765f87.cnf.xz,planning,SAT,10,0.045,98.954,collect,2.12,2.15,2372731,255356851,28b587cf6ecf,3,200,
93be9c580b2c695ee9c9339a62765f87.cnf.xz,planning,SAT,10,0.045,98.954,factor,2.01,2.05,2372731,255356851,28b587cf6ecf,3,200,
93be9c580b2c695ee9c9339a62765f87.cnf.xz,planning,SAT,10,0.045,98.954,substitute,1.67,1.69,2372731,255356851,28b587cf6ecf,3,200,
93be9c580b2c695ee9c9339a62765f87.cnf.xz,planning,SAT,10,0.045,98.954,vivify3,1.51,1.54,2372731,255356851,28b587cf6ecf,3,200,
93be9c580b2c695ee9c9339a62765f87.cnf.xz,planning,SAT,10,0.045,98.954,sweepbackbone,1.31,1.34,2372731,255356851,28b587cf6ecf,3,200,
93be9c580b2c695ee9c9339a62765f87.cnf.xz,planning,SAT,10,0.045,98.954,minimize,0.87,0.89,2372731,255356851,28b587cf6ecf,3,200,
93be9c580b2c695ee9c9339a62765f87.cnf.xz,planning,SAT,10,0.045,98.954,definition,0.77,0.79,2372731,255356851,28b587cf6ecf,3,200,
93be9c580b2c695ee9c9339a62765f87.cnf.xz,planning,SAT,10,0.045,98.954,sweepequivalences,0.57,0.58,2372731,255356851,28b587cf6ecf,3,200,
93be9c580b2c695ee9c9339a62765f87.cnf.xz,planning,SAT,10,0.045,98.954,subsume,0.5,0.51,2372731,255356851,28b587cf6ecf,3,200,
93be9c580b2c695ee9c9339a62765f87.cnf.xz,planning,SAT,10,0.045,98.954,restart,0.33,0.34,2372731,255356851,28b587cf6ecf,3,200,
93be9c580b2c695ee9c9339a62765f87.cnf.xz,planning,SAT,10,0.045,98.954,preprocess,0.24,0.25,2372731,255356851,28b587cf6ecf,3,200,
93be9c580b2c695ee9c9339a62765f87.cnf.xz,planning,SAT,10,0.045,98.954,transitive,0.24,0.24,2372731,255356851,28b587cf6ecf,3,200,
93be9c580b2c695ee9c9339a62765f87.cnf.xz,planning,SAT,10,0.045,98.954,congruence,0.22,0.22,2372731,255356851,28b587cf6ecf,3,200,
93be9c580b2c695ee9c9339a62765f87.cnf.xz,planning,SAT,10,0.045,98.954,walking,0.22,0.22,2372731,255356851,28b587cf6ecf,3,200,
93be9c580b2c695ee9c9339a62765f87.cnf.xz,planning,SAT,10,0.045,98.954,extract,0.18,0.18,2372731,255356851,28b587cf6ecf,3,200,
93be9c580b2c695ee9c9339a62765f87.cnf.xz,planning,SAT,10,0.045,98.954,backbone,0.16,0.17,2372731,255356851,28b587cf6ecf,3,200,
93be9c580b2c695ee9c9339a62765f87.cnf.xz,planning,SAT,10,0.045,98.954,reorder,0.11,0.11,2372731,255356851,28b587cf6ecf,3,200,
93be9c580b2c695ee9c9339a62765f87.cnf.xz,planning,SAT,10,0.045,98.954,extractxors,0.08,0.08,2372731,255356851,28b587cf6ecf,3,200,
93be9c580b2c695ee9c9339a62765f87.cnf.xz,planning,SAT,10,0.045,98.954,defrag,0.07,0.07,2372731,255356851,28b587cf6ecf,3,200,
93be9c580b2c695ee9c9339a62765f87.cnf.xz,planning,SAT,10,0.045,98.954,warmup,0.06,0.06,2372731,255356851,28b587cf6ecf,3,200,
93be9c580b2c695ee9c9339a62765f87.cnf.xz,planning,SAT,10,0.045,98.954,matching,0.04,0.04,2372731,255356851,28b587cf6ecf,3,200,
93be9c580b2c695ee9c9339a62765f87.cnf.xz,planning,SAT,10,0.045,98.954,parse,0.03,0.03,2372731,255356851,28b587cf6ecf,3,200,
93be9c580b2c695ee9c9339a62765f87.cnf.xz,planning,SAT,10,0.045,98.954,extractites,0.02,0.02,2372731,255356851,28b587cf6ecf,3,200,
93be9c580b2c695ee9c9339a62765f87.cnf.xz,planning,SAT,10,0.045,98.954,extractands,0.02,0.02,2372731,255356851,28b587cf6ecf,3,200,
93be9c580b2c695ee9c9339a62765f87.cnf.xz,planning,SAT,10,0.045,98.954,extractbinaries,0.02,0.02,2372731,255356851,28b587cf6ecf,3,200,
93be9c580b2c695ee9c9339a62765f87.cnf.xz,planning,SAT,10,0.045,98.954,lucky,0.01,0.01,2372731,255356851,28b587cf6ecf,3,200,
93be9c580b2c695ee9c9339a62765f87.cnf.xz,planning,SAT,10,0.045,98.954,rephase,0.0,0.0,2372731,255356851,28b587cf6ecf,3,200,
93be9c580b2c695ee9c9339a62765f87.cnf.xz,planning,SAT,10,0.045,98.954,merge,0.0,0.0,2372731,255356851,28b587cf6ecf,3,200,
93be9c580b2c695ee9c9339a62765f87.cnf.xz,planning,SAT,10,0.045,98.954,total,98.4,100.0,2372731,255356851,28b587cf6ecf,3,200,
9aa75e3cf1beee54793e5a584680ea45.cnf.xz,miter,UNKNOWN,0,0.005,200.007,search,180.32,91.47,1718607,178077507,28b587cf6ecf,3,200,
9aa75e3cf1beee54793e5a584680ea45.cnf.xz,miter,UNKNOWN,0,0.005,200.007,focused,99.41,50.43,1718607,178077507,28b587cf6ecf,3,200,
9aa75e3cf1beee54793e5a584680ea45.cnf.xz,miter,UNKNOWN,0,0.005,200.007,stable,80.91,41.04,1718607,178077507,28b587cf6ecf,3,200,
9aa75e3cf1beee54793e5a584680ea45.cnf.xz,miter,UNKNOWN,0,0.005,200.007,analyze,38.21,19.38,1718607,178077507,28b587cf6ecf,3,200,
9aa75e3cf1beee54793e5a584680ea45.cnf.xz,miter,UNKNOWN,0,0.005,200.007,simplify,16.76,8.5,1718607,178077507,28b587cf6ecf,3,200,
9aa75e3cf1beee54793e5a584680ea45.cnf.xz,miter,UNKNOWN,0,0.005,200.007,probe,16.48,8.36,1718607,178077507,28b587cf6ecf,3,200,
9aa75e3cf1beee54793e5a584680ea45.cnf.xz,miter,UNKNOWN,0,0.005,200.007,vivify,13.07,6.63,1718607,178077507,28b587cf6ecf,3,200,
9aa75e3cf1beee54793e5a584680ea45.cnf.xz,miter,UNKNOWN,0,0.005,200.007,shrink,11.3,5.73,1718607,178077507,28b587cf6ecf,3,200,
9aa75e3cf1beee54793e5a584680ea45.cnf.xz,miter,UNKNOWN,0,0.005,200.007,deduce,8.56,4.34,1718607,178077507,28b587cf6ecf,3,200,
9aa75e3cf1beee54793e5a584680ea45.cnf.xz,miter,UNKNOWN,0,0.005,200.007,bump,6.37,3.23,1718607,178077507,28b587cf6ecf,3,200,
9aa75e3cf1beee54793e5a584680ea45.cnf.xz,miter,UNKNOWN,0,0.005,200.007,vivify2,5.75,2.91,1718607,178077507,28b587cf6ecf,3,200,
9aa75e3cf1beee54793e5a584680ea45.cnf.xz,miter,UNKNOWN,0,0.005,200.007,vivify1,3.52,1.79,1718607,178077507,28b587cf6ecf,3,200,
9aa75e3cf1beee54793e5a584680ea45.cnf.xz,miter,UNKNOWN,0,0.005,200.007,vivify3,3.29,1.67,1718607,178077507,28b587cf6ecf,3,200,
9aa75e3cf1beee54793e5a584680ea45.cnf.xz,miter,UNKNOWN,0,0.005,200.007,sweep,3.05,1.55,1718607,178077507,28b587cf6ecf,3,200,
9aa75e3cf1beee54793e5a584680ea45.cnf.xz,miter,UNKNOWN,0,0.005,200.007,sweepbackbone,1.66,0.84,1718607,178077507,28b587cf6ecf,3,200,
9aa75e3cf1beee54793e5a584680ea45.cnf.xz,miter,UNKNOWN,0,0.005,200.007,reduce,1.24,0.63,1718607,178077507,28b587cf6ecf,3,200,
9aa75e3cf1beee54793e5a584680ea45.cnf.xz,miter,UNKNOWN,0,0.005,200.007,minimize,1.07,0.54,1718607,178077507,28b587cf6ecf,3,200,
9aa75e3cf1beee54793e5a584680ea45.cnf.xz,miter,UNKNOWN,0,0.005,200.007,collect,0.97,0.49,1718607,178077507,28b587cf6ecf,3,200,
9aa75e3cf1beee54793e5a584680ea45.cnf.xz,miter,UNKNOWN,0,0.005,200.007,sweepequivalences,0.69,0.35,1718607,178077507,28b587cf6ecf,3,200,
9aa75e3cf1beee54793e5a584680ea45.cnf.xz,miter,UNKNOWN,0,0.005,200.007,vivify0,0.51,0.26,1718607,178077507,28b587cf6ecf,3,200,
9aa75e3cf1beee54793e5a584680ea45.cnf.xz,miter,UNKNOWN,0,0.005,200.007,defrag,0.36,0.18,1718607,178077507,28b587cf6ecf,3,200,
9aa75e3cf1beee54793e5a584680ea45.cnf.xz,miter,UNKNOWN,0,0.005,200.007,substitute,0.24,0.12,1718607,178077507,28b587cf6ecf,3,200,
9aa75e3cf1beee54793e5a584680ea45.cnf.xz,miter,UNKNOWN,0,0.005,200.007,walking,0.2,0.1,1718607,178077507,28b587cf6ecf,3,200,
9aa75e3cf1beee54793e5a584680ea45.cnf.xz,miter,UNKNOWN,0,0.005,200.007,restart,0.13,0.07,1718607,178077507,28b587cf6ecf,3,200,
9aa75e3cf1beee54793e5a584680ea45.cnf.xz,miter,UNKNOWN,0,0.005,200.007,eliminate,0.13,0.06,1718607,178077507,28b587cf6ecf,3,200,
9aa75e3cf1beee54793e5a584680ea45.cnf.xz,miter,UNKNOWN,0,0.005,200.007,factor,0.06,0.03,1718607,178077507,28b587cf6ecf,3,200,
9aa75e3cf1beee54793e5a584680ea45.cnf.xz,miter,UNKNOWN,0,0.005,200.007,preprocess,0.05,0.02,1718607,178077507,28b587cf6ecf,3,200,
9aa75e3cf1beee54793e5a584680ea45.cnf.xz,miter,UNKNOWN,0,0.005,200.007,definition,0.04,0.02,1718607,178077507,28b587cf6ecf,3,200,
9aa75e3cf1beee54793e5a584680ea45.cnf.xz,miter,UNKNOWN,0,0.005,200.007,congruence,0.03,0.01,1718607,178077507,28b587cf6ecf,3,200,
9aa75e3cf1beee54793e5a584680ea45.cnf.xz,miter,UNKNOWN,0,0.005,200.007,extract,0.02,0.01,1718607,178077507,28b587cf6ecf,3,200,
9aa75e3cf1beee54793e5a584680ea45.cnf.xz,miter,UNKNOWN,0,0.005,200.007,transitive,0.02,0.01,1718607,178077507,28b587cf6ecf,3,200,
9aa75e3cf1beee54793e5a584680ea45.cnf.xz,miter,UNKNOWN,0,0.005,200.007,warmup,0.02,0.01,1718607,178077507,28b587cf6ecf,3,200,
9aa75e3cf1beee54793e5a584680ea45.cnf.xz,miter,UNKNOWN,0,0.005,200.007,subsume,0.01,0.01,1718607,178077507,28b587cf6ecf,3,200,
9aa75e3cf1beee54793e5a584680ea45.cnf.xz,miter,UNKNOWN,0,0.005,200.007,reorder,0.01,0.01,1718607,178077507,28b587cf6ecf,3,200,
9aa75e3cf1beee54793e5a584680ea45.cnf.xz,miter,UNKNOWN,0,0.005,200.007,extractxors,0.01,0.0,1718607,178077507,28b587cf6ecf,3,200,
9aa75e3cf1beee54793e5a584680ea45.cnf.xz,miter,UNKNOWN,0,0.005,200.007,backbone,0.01,0.0,1718607,178077507,28b587cf6ecf,3,200,
9aa75e3cf1beee54793e5a584680ea45.cnf.xz,miter,UNKNOWN,0,0.005,200.007,extractands,0.0,0.0,1718607,178077507,28b587cf6ecf,3,200,
9aa75e3cf1beee54793e5a584680ea45.cnf.xz,miter,UNKNOWN,0,0.005,200.007,parse,0.0,0.0,1718607,178077507,28b587cf6ecf,3,200,
9aa75e3cf1beee54793e5a584680ea45.cnf.xz,miter,UNKNOWN,0,0.005,200.007,rephase,0.0,0.0,1718607,178077507,28b587cf6ecf,3,200,
9aa75e3cf1beee54793e5a584680ea45.cnf.xz,miter,UNKNOWN,0,0.005,200.007,extractites,0.0,0.0,1718607,178077507,28b587cf6ecf,3,200,
9aa75e3cf1beee54793e5a584680ea45.cnf.xz,miter,UNKNOWN,0,0.005,200.007,extractbinaries,0.0,0.0,1718607,178077507,28b587cf6ecf,3,200,
9aa75e3cf1beee54793e5a584680ea45.cnf.xz,miter,UNKNOWN,0,0.005,200.007,matching,0.0,0.0,1718607,178077507,28b587cf6ecf,3,200,
9aa75e3cf1beee54793e5a584680ea45.cnf.xz,miter,UNKNOWN,0,0.005,200.007,lucky,0.0,0.0,1718607,178077507,28b587cf6ecf,3,200,
9aa75e3cf1beee54793e5a584680ea45.cnf.xz,miter,UNKNOWN,0,0.005,200.007,merge,0.0,0.0,1718607,178077507,28b587cf6ecf,3,200,
9aa75e3cf1beee54793e5a584680ea45.cnf.xz,miter,UNKNOWN,0,0.005,200.007,total,197.13,100.0,1718607,178077507,28b587cf6ecf,3,200,
a6e940f95d1dd14227bf121f6a35dd8d.cnf.xz,cryptography,UNKNOWN,0,0.156,200.054,search,142.74,71.89,2109327,315961022,28b587cf6ecf,3,200,
a6e940f95d1dd14227bf121f6a35dd8d.cnf.xz,cryptography,UNKNOWN,0,0.156,200.054,stable,77.0,38.78,2109327,315961022,28b587cf6ecf,3,200,
a6e940f95d1dd14227bf121f6a35dd8d.cnf.xz,cryptography,UNKNOWN,0,0.156,200.054,focused,65.74,33.11,2109327,315961022,28b587cf6ecf,3,200,
a6e940f95d1dd14227bf121f6a35dd8d.cnf.xz,cryptography,UNKNOWN,0,0.156,200.054,simplify,54.79,27.6,2109327,315961022,28b587cf6ecf,3,200,
a6e940f95d1dd14227bf121f6a35dd8d.cnf.xz,cryptography,UNKNOWN,0,0.156,200.054,probe,49.92,25.14,2109327,315961022,28b587cf6ecf,3,200,
a6e940f95d1dd14227bf121f6a35dd8d.cnf.xz,cryptography,UNKNOWN,0,0.156,200.054,analyze,32.44,16.34,2109327,315961022,28b587cf6ecf,3,200,
a6e940f95d1dd14227bf121f6a35dd8d.cnf.xz,cryptography,UNKNOWN,0,0.156,200.054,vivify,26.18,13.19,2109327,315961022,28b587cf6ecf,3,200,
a6e940f95d1dd14227bf121f6a35dd8d.cnf.xz,cryptography,UNKNOWN,0,0.156,200.054,sweep,13.58,6.84,2109327,315961022,28b587cf6ecf,3,200,
a6e940f95d1dd14227bf121f6a35dd8d.cnf.xz,cryptography,UNKNOWN,0,0.156,200.054,shrink,10.62,5.35,2109327,315961022,28b587cf6ecf,3,200,
a6e940f95d1dd14227bf121f6a35dd8d.cnf.xz,cryptography,UNKNOWN,0,0.156,200.054,vivify1,7.8,3.93,2109327,315961022,28b587cf6ecf,3,200,
a6e940f95d1dd14227bf121f6a35dd8d.cnf.xz,cryptography,UNKNOWN,0,0.156,200.054,vivify3,6.78,3.42,2109327,315961022,28b587cf6ecf,3,200,
a6e940f95d1dd14227bf121f6a35dd8d.cnf.xz,cryptography,UNKNOWN,0,0.156,200.054,vivify2,6.41,3.23,2109327,315961022,28b587cf6ecf,3,200,
a6e940f95d1dd14227bf121f6a35dd8d.cnf.xz,cryptography,UNKNOWN,0,0.156,200.054,deduce,5.97,3.01,2109327,315961022,28b587cf6ecf,3,200,
a6e940f95d1dd14227bf121f6a35dd8d.cnf.xz,cryptography,UNKNOWN,0,0.156,200.054,vivify0,5.19,2.61,2109327,315961022,28b587cf6ecf,3,200,
a6e940f95d1dd14227bf121f6a35dd8d.cnf.xz,cryptography,UNKNOWN,0,0.156,200.054,sweepbackbone,5.16,2.6,2109327,315961022,28b587cf6ecf,3,200,
a6e940f95d1dd14227bf121f6a35dd8d.cnf.xz,cryptography,UNKNOWN,0,0.156,200.054,eliminate,5.12,2.58,2109327,315961022,28b587cf6ecf,3,200,
a6e940f95d1dd14227bf121f6a35dd8d.cnf.xz,cryptography,UNKNOWN,0,0.156,200.054,substitute,4.3,2.17,2109327,315961022,28b587cf6ecf,3,200,
a6e940f95d1dd14227bf121f6a35dd8d.cnf.xz,cryptography,UNKNOWN,0,0.156,200.054,sweepequivalences,4.25,2.14,2109327,315961022,28b587cf6ecf,3,200,
a6e940f95d1dd14227bf121f6a35dd8d.cnf.xz,cryptography,UNKNOWN,0,0.156,200.054,factor,3.88,1.95,2109327,315961022,28b587cf6ecf,3,200,
a6e940f95d1dd14227bf121f6a35dd8d.cnf.xz,cryptography,UNKNOWN,0,0.156,200.054,bump,3.88,1.95,2109327,315961022,28b587cf6ecf,3,200,
a6e940f95d1dd14227bf121f6a35dd8d.cnf.xz,cryptography,UNKNOWN,0,0.156,200.054,reduce,2.4,1.21,2109327,315961022,28b587cf6ecf,3,200,
a6e940f95d1dd14227bf121f6a35dd8d.cnf.xz,cryptography,UNKNOWN,0,0.156,200.054,collect,2.22,1.12,2109327,315961022,28b587cf6ecf,3,200,
a6e940f95d1dd14227bf121f6a35dd8d.cnf.xz,cryptography,UNKNOWN,0,0.156,200.054,subsume,1.82,0.92,2109327,315961022,28b587cf6ecf,3,200,
a6e940f95d1dd14227bf121f6a35dd8d.cnf.xz,cryptography,UNKNOWN,0,0.156,200.054,definition,1.45,0.73,2109327,315961022,28b587cf6ecf,3,200,
a6e940f95d1dd14227bf121f6a35dd8d.cnf.xz,cryptography,UNKNOWN,0,0.156,200.054,congruence,1.33,0.67,2109327,315961022,28b587cf6ecf,3,200,
a6e940f95d1dd14227bf121f6a35dd8d.cnf.xz,cryptography,UNKNOWN,0,0.156,200.054,extract,0.93,0.47,2109327,315961022,28b587cf6ecf,3,200,
a6e940f95d1dd14227bf121f6a35dd8d.cnf.xz,cryptography,UNKNOWN,0,0.156,200.054,minimize,0.9,0.45,2109327,315961022,28b587cf6ecf,3,200,
a6e940f95d1dd14227bf121f6a35dd8d.cnf.xz,cryptography,UNKNOWN,0,0.156,200.054,preprocess,0.76,0.38,2109327,315961022,28b587cf6ecf,3,200,
a6e940f95d1dd14227bf121f6a35dd8d.cnf.xz,cryptography,UNKNOWN,0,0.156,200.054,extractxors,0.48,0.24,2109327,315961022,28b587cf6ecf,3,200,
a6e940f95d1dd14227bf121f6a35dd8d.cnf.xz,cryptography,UNKNOWN,0,0.156,200.054,walking,0.48,0.24,2109327,315961022,28b587cf6ecf,3,200,
a6e940f95d1dd14227bf121f6a35dd8d.cnf.xz,cryptography,UNKNOWN,0,0.156,200.054,restart,0.41,0.21,2109327,315961022,28b587cf6ecf,3,200,
a6e940f95d1dd14227bf121f6a35dd8d.cnf.xz,cryptography,UNKNOWN,0,0.156,200.054,transitive,0.4,0.2,2109327,315961022,28b587cf6ecf,3,200,
a6e940f95d1dd14227bf121f6a35dd8d.cnf.xz,cryptography,UNKNOWN,0,0.156,200.054,matching,0.38,0.19,2109327,315961022,28b587cf6ecf,3,200,
a6e940f95d1dd14227bf121f6a35dd8d.cnf.xz,cryptography,UNKNOWN,0,0.156,200.054,backbone,0.24,0.12,2109327,315961022,28b587cf6ecf,3,200,
a6e940f95d1dd14227bf121f6a35dd8d.cnf.xz,cryptography,UNKNOWN,0,0.156,200.054,reorder,0.2,0.1,2109327,315961022,28b587cf6ecf,3,200,
a6e940f95d1dd14227bf121f6a35dd8d.cnf.xz,cryptography,UNKNOWN,0,0.156,200.054,parse,0.18,0.09,2109327,315961022,28b587cf6ecf,3,200,
a6e940f95d1dd14227bf121f6a35dd8d.cnf.xz,cryptography,UNKNOWN,0,0.156,200.054,warmup,0.15,0.07,2109327,315961022,28b587cf6ecf,3,200,
a6e940f95d1dd14227bf121f6a35dd8d.cnf.xz,cryptography,UNKNOWN,0,0.156,200.054,extractites,0.1,0.05,2109327,315961022,28b587cf6ecf,3,200,
a6e940f95d1dd14227bf121f6a35dd8d.cnf.xz,cryptography,UNKNOWN,0,0.156,200.054,defrag,0.09,0.04,2109327,315961022,28b587cf6ecf,3,200,
a6e940f95d1dd14227bf121f6a35dd8d.cnf.xz,cryptography,UNKNOWN,0,0.156,200.054,lucky,0.08,0.04,2109327,315961022,28b587cf6ecf,3,200,
a6e940f95d1dd14227bf121f6a35dd8d.cnf.xz,cryptography,UNKNOWN,0,0.156,200.054,extractands,0.07,0.03,2109327,315961022,28b587cf6ecf,3,200,
a6e940f95d1dd14227bf121f6a35dd8d.cnf.xz,cryptography,UNKNOWN,0,0.156,200.054,extractbinaries,0.05,0.02,2109327,315961022,28b587cf6ecf,3,200,
a6e940f95d1dd14227bf121f6a35dd8d.cnf.xz,cryptography,UNKNOWN,0,0.156,200.054,rephase,0.0,0.0,2109327,315961022,28b587cf6ecf,3,200,
a6e940f95d1dd14227bf121f6a35dd8d.cnf.xz,cryptography,UNKNOWN,0,0.156,200.054,merge,0.0,0.0,2109327,315961022,28b587cf6ecf,3,200,
a6e940f95d1dd14227bf121f6a35dd8d.cnf.xz,cryptography,UNKNOWN,0,0.156,200.054,total,198.55,100.0,2109327,315961022,28b587cf6ecf,3,200,
ae3e774dda19c84566a1ba222bb44bab.cnf.xz,software-verification,UNKNOWN,0,0.136,200.014,search,166.53,84.71,1206893,273200598,28b587cf6ecf,3,200,
ae3e774dda19c84566a1ba222bb44bab.cnf.xz,software-verification,UNKNOWN,0,0.136,200.014,focused,88.58,45.05,1206893,273200598,28b587cf6ecf,3,200,
ae3e774dda19c84566a1ba222bb44bab.cnf.xz,software-verification,UNKNOWN,0,0.136,200.014,stable,77.96,39.65,1206893,273200598,28b587cf6ecf,3,200,
ae3e774dda19c84566a1ba222bb44bab.cnf.xz,software-verification,UNKNOWN,0,0.136,200.014,analyze,41.42,21.07,1206893,273200598,28b587cf6ecf,3,200,
ae3e774dda19c84566a1ba222bb44bab.cnf.xz,software-verification,UNKNOWN,0,0.136,200.014,probe,28.62,14.56,1206893,273200598,28b587cf6ecf,3,200,
ae3e774dda19c84566a1ba222bb44bab.cnf.xz,software-verification,UNKNOWN,0,0.136,200.014,simplify,28.53,14.51,1206893,273200598,28b587cf6ecf,3,200,
ae3e774dda19c84566a1ba222bb44bab.cnf.xz,software-verification,UNKNOWN,0,0.136,200.014,vivify,17.65,8.98,1206893,273200598,28b587cf6ecf,3,200,
ae3e774dda19c84566a1ba222bb44bab.cnf.xz,software-verification,UNKNOWN,0,0.136,200.014,shrink,16.18,8.23,1206893,273200598,28b587cf6ecf,3,200,
ae3e774dda19c84566a1ba222bb44bab.cnf.xz,software-verification,UNKNOWN,0,0.136,200.014,sweep,8.37,4.26,1206893,273200598,28b587cf6ecf,3,200,
ae3e774dda19c84566a1ba222bb44bab.cnf.xz,software-verification,UNKNOWN,0,0.136,200.014,deduce,7.53,3.83,1206893,273200598,28b587cf6ecf,3,200,
ae3e774dda19c84566a1ba222bb44bab.cnf.xz,software-verification,UNKNOWN,0,0.136,200.014,bump,6.38,3.24,1206893,273200598,28b587cf6ecf,3,200,
ae3e774dda19c84566a1ba222bb44bab.cnf.xz,software-verification,UNKNOWN,0,0.136,200.014,vivify2,5.62,2.86,1206893,273200598,28b587cf6ecf,3,200,
ae3e774dda19c84566a1ba222bb44bab.cnf.xz,software-verification,UNKNOWN,0,0.136,200.014,vivify1,5.4,2.75,1206893,273200598,28b587cf6ecf,3,200,
ae3e774dda19c84566a1ba222bb44bab.cnf.xz,software-verification,UNKNOWN,0,0.136,200.014,sweepbackbone,4.15,2.11,1206893,273200598,28b587cf6ecf,3,200,
ae3e774dda19c84566a1ba222bb44bab.cnf.xz,software-verification,UNKNOWN,0,0.136,200.014,vivify0,3.73,1.89,1206893,273200598,28b587cf6ecf,3,200,
ae3e774dda19c84566a1ba222bb44bab.cnf.xz,software-verification,UNKNOWN,0,0.136,200.014,vivify3,2.91,1.48,1206893,273200598,28b587cf6ecf,3,200,
ae3e774dda19c84566a1ba222bb44bab.cnf.xz,software-verification,UNKNOWN,0,0.136,200.014,sweepequivalences,2.07,1.05,1206893,273200598,28b587cf6ecf,3,200,
ae3e774dda19c84566a1ba222bb44bab.cnf.xz,software-verification,UNKNOWN,0,0.136,200.014,preprocess,1.28,0.65,1206893,273200598,28b587cf6ecf,3,200,
ae3e774dda19c84566a1ba222bb44bab.cnf.xz,software-verification,UNKNOWN,0,0.136,200.014,congruence,1.25,0.63,1206893,273200598,28b587cf6ecf,3,200,
ae3e774dda19c84566a1ba222bb44bab.cnf.xz,software-verification,UNKNOWN,0,0.136,200.014,reduce,1.07,0.55,1206893,273200598,28b587cf6ecf,3,200,
ae3e774dda19c84566a1ba222bb44bab.cnf.xz,software-verification,UNKNOWN,0,0.136,200.014,eliminate,1.03,0.52,1206893,273200598,28b587cf6ecf,3,200,
ae3e774dda19c84566a1ba222bb44bab.cnf.xz,software-verification,UNKNOWN,0,0.136,200.014,collect,0.9,0.46,1206893,273200598,28b587cf6ecf,3,200,
ae3e774dda19c84566a1ba222bb44bab.cnf.xz,software-verification,UNKNOWN,0,0.136,200.014,minimize,0.84,0.43,1206893,273200598,28b587cf6ecf,3,200,
ae3e774dda19c84566a1ba222bb44bab.cnf.xz,software-verification,UNKNOWN,0,0.136,200.014,extract,0.84,0.43,1206893,273200598,28b587cf6ecf,3,200,
ae3e774dda19c84566a1ba222bb44bab.cnf.xz,software-verification,UNKNOWN,0,0.136,200.014,substitute,0.72,0.36,1206893,273200598,28b587cf6ecf,3,200,
ae3e774dda19c84566a1ba222bb44bab.cnf.xz,software-verification,UNKNOWN,0,0.136,200.014,extractites,0.57,0.29,1206893,273200598,28b587cf6ecf,3,200,
ae3e774dda19c84566a1ba222bb44bab.cnf.xz,software-verification,UNKNOWN,0,0.136,200.014,factor,0.52,0.26,1206893,273200598,28b587cf6ecf,3,200,
ae3e774dda19c84566a1ba222bb44bab.cnf.xz,software-verification,UNKNOWN,0,0.136,200.014,definition,0.4,0.2,1206893,273200598,28b587cf6ecf,3,200,
ae3e774dda19c84566a1ba222bb44bab.cnf.xz,software-verification,UNKNOWN,0,0.136,200.014,restart,0.25,0.13,1206893,273200598,28b587cf6ecf,3,200,
ae3e774dda19c84566a1ba222bb44bab.cnf.xz,software-verification,UNKNOWN,0,0.136,200.014,matching,0.19,0.1,1206893,273200598,28b587cf6ecf,3,200,
ae3e774dda19c84566a1ba222bb44bab.cnf.xz,software-verification,UNKNOWN,0,0.136,200.014,defrag,0.18,0.09,1206893,273200598,28b587cf6ecf,3,200,
ae3e774dda19c84566a1ba222bb44bab.cnf.xz,software-verification,UNKNOWN,0,0.136,200.014,parse,0.17,0.09,1206893,273200598,28b587cf6ecf,3,200,
ae3e774dda19c84566a1ba222bb44bab.cnf.xz,software-verification,UNKNOWN,0,0.136,200.014,subsume,0.16,0.08,1206893,273200598,28b587cf6ecf,3,200,
ae3e774dda19c84566a1ba222bb44bab.cnf.xz,software-verification,UNKNOWN,0,0.136,200.014,merge,0.15,0.08,1206893,273200598,28b587cf6ecf,3,200,
ae3e774dda19c84566a1ba222bb44bab.cnf.xz,software-verification,UNKNOWN,0,0.136,200.014,extractxors,0.11,0.06,1206893,273200598,28b587cf6ecf,3,200,
ae3e774dda19c84566a1ba222bb44bab.cnf.xz,software-verification,UNKNOWN,0,0.136,200.014,walking,0.1,0.05,1206893,273200598,28b587cf6ecf,3,200,
ae3e774dda19c84566a1ba222bb44bab.cnf.xz,software-verification,UNKNOWN,0,0.136,200.014,lucky,0.09,0.05,1206893,273200598,28b587cf6ecf,3,200,
ae3e774dda19c84566a1ba222bb44bab.cnf.xz,software-verification,UNKNOWN,0,0.136,200.014,transitive,0.07,0.04,1206893,273200598,28b587cf6ecf,3,200,
ae3e774dda19c84566a1ba222bb44bab.cnf.xz,software-verification,UNKNOWN,0,0.136,200.014,extractands,0.06,0.03,1206893,273200598,28b587cf6ecf,3,200,
ae3e774dda19c84566a1ba222bb44bab.cnf.xz,software-verification,UNKNOWN,0,0.136,200.014,backbone,0.04,0.02,1206893,273200598,28b587cf6ecf,3,200,
ae3e774dda19c84566a1ba222bb44bab.cnf.xz,software-verification,UNKNOWN,0,0.136,200.014,reorder,0.03,0.01,1206893,273200598,28b587cf6ecf,3,200,
ae3e774dda19c84566a1ba222bb44bab.cnf.xz,software-verification,UNKNOWN,0,0.136,200.014,extractbinaries,0.02,0.01,1206893,273200598,28b587cf6ecf,3,200,
ae3e774dda19c84566a1ba222bb44bab.cnf.xz,software-verification,UNKNOWN,0,0.136,200.014,warmup,0.02,0.01,1206893,273200598,28b587cf6ecf,3,200,
ae3e774dda19c84566a1ba222bb44bab.cnf.xz,software-verification,UNKNOWN,0,0.136,200.014,rephase,0.0,0.0,1206893,273200598,28b587cf6ecf,3,200,
ae3e774dda19c84566a1ba222bb44bab.cnf.xz,software-verification,UNKNOWN,0,0.136,200.014,total,196.6,100.0,1206893,273200598,28b587cf6ecf,3,200,
b00b555f0d26046e20489338433cc246.cnf.xz,station-repacking,SAT,10,0.155,153.657,search,115.21,75.82,3100529,455133032,28b587cf6ecf,3,200,
b00b555f0d26046e20489338433cc246.cnf.xz,station-repacking,SAT,10,0.155,153.657,focused,62.84,41.36,3100529,455133032,28b587cf6ecf,3,200,
b00b555f0d26046e20489338433cc246.cnf.xz,station-repacking,SAT,10,0.155,153.657,stable,52.37,34.46,3100529,455133032,28b587cf6ecf,3,200,
b00b555f0d26046e20489338433cc246.cnf.xz,station-repacking,SAT,10,0.155,153.657,simplify,34.95,23.0,3100529,455133032,28b587cf6ecf,3,200,
b00b555f0d26046e20489338433cc246.cnf.xz,station-repacking,SAT,10,0.155,153.657,analyze,34.55,22.74,3100529,455133032,28b587cf6ecf,3,200,
b00b555f0d26046e20489338433cc246.cnf.xz,station-repacking,SAT,10,0.155,153.657,probe,28.85,18.98,3100529,455133032,28b587cf6ecf,3,200,
b00b555f0d26046e20489338433cc246.cnf.xz,station-repacking,SAT,10,0.155,153.657,vivify,13.14,8.65,3100529,455133032,28b587cf6ecf,3,200,
b00b555f0d26046e20489338433cc246.cnf.xz,station-repacking,SAT,10,0.155,153.657,shrink,8.5,5.59,3100529,455133032,28b587cf6ecf,3,200,
b00b555f0d26046e20489338433cc246.cnf.xz,station-repacking,SAT,10,0.155,153.657,eliminate,6.92,4.56,3100529,455133032,28b587cf6ecf,3,200,
b00b555f0d26046e20489338433cc246.cnf.xz,station-repacking,SAT,10,0.155,153.657,deduce,6.35,4.18,3100529,455133032,28b587cf6ecf,3,200,
b00b555f0d26046e20489338433cc246.cnf.xz,station-repacking,SAT,10,0.155,153.657,bump,5.39,3.55,3100529,455133032,28b587cf6ecf,3,200,
b00b555f0d26046e20489338433cc246.cnf.xz,station-repacking,SAT,10,0.155,153.657,vivify1,4.23,2.78,3100529,455133032,28b587cf6ecf,3,200,
b00b555f0d26046e20489338433cc246.cnf.xz,station-repacking,SAT,10,0.155,153.657,factor,4.06,2.67,3100529,455133032,28b587cf6ecf,3,200,
b00b555f0d26046e20489338433cc246.cnf.xz,station-repacking,SAT,10,0.155,153.657,substitute,3.96,2.61,3100529,455133032,28b587cf6ecf,3,200,
b00b555f0d26046e20489338433cc246.cnf.xz,station-repacking,SAT,10,0.155,153.657,vivify2,3.86,2.54,3100529,455133032,28b587cf6ecf,3,200,
b00b555f0d26046e20489338433cc246.cnf.xz,station-repacking,SAT,10,0.155,153.657,backbone,3.82,2.52,3100529,455133032,28b587cf6ecf,3,200,
b00b555f0d26046e20489338433cc246.cnf.xz,station-repacking,SAT,10,0.155,153.657,reduce,3.7,2.44,3100529,455133032,28b587cf6ecf,3,200,
b00b555f0d26046e20489338433cc246.cnf.xz,station-repacking,SAT,10,0.155,153.657,collect,3.31,2.18,3100529,455133032,28b587cf6ecf,3,200,
b00b555f0d26046e20489338433cc246.cnf.xz,station-repacking,SAT,10,0.155,153.657,vivify3,2.53,1.66,3100529,455133032,28b587cf6ecf,3,200,
b00b555f0d26046e20489338433cc246.cnf.xz,station-repacking,SAT,10,0.155,153.657,vivify0,2.52,1.66,3100529,455133032,28b587cf6ecf,3,200,
b00b555f0d26046e20489338433cc246.cnf.xz,station-repacking,SAT,10,0.155,153.657,definition,2.42,1.6,3100529,455133032,28b587cf6ecf,3,200,
b00b555f0d26046e20489338433cc246.cnf.xz,station-repacking,SAT,10,0.155,153.657,sweep,2.04,1.34,3100529,455133032,28b587cf6ecf,3,200,
b00b555f0d26046e20489338433cc246.cnf.xz,station-repacking,SAT,10,0.155,153.657,preprocess,1.6,1.05,3100529,455133032,28b587cf6ecf,3,200,
b00b555f0d26046e20489338433cc246.cnf.xz,station-repacking,SAT,10,0.155,153.657,minimize,1.46,0.96,3100529,455133032,28b587cf6ecf,3,200,
b00b555f0d26046e20489338433cc246.cnf.xz,station-repacking,SAT,10,0.155,153.657,sweepbackbone,1.38,0.91,3100529,455133032,28b587cf6ecf,3,200,
b00b555f0d26046e20489338433cc246.cnf.xz,station-repacking,SAT,10,0.155,153.657,transitive,1.14,0.75,3100529,455133032,28b587cf6ecf,3,200,
b00b555f0d26046e20489338433cc246.cnf.xz,station-repacking,SAT,10,0.155,153.657,restart,0.79,0.52,3100529,455133032,28b587cf6ecf,3,200,
b00b555f0d26046e20489338433cc246.cnf.xz,station-repacking,SAT,10,0.155,153.657,subsume,0.79,0.52,3100529,455133032,28b587cf6ecf,3,200,
b00b555f0d26046e20489338433cc246.cnf.xz,station-repacking,SAT,10,0.155,153.657,walking,0.76,0.5,3100529,455133032,28b587cf6ecf,3,200,
b00b555f0d26046e20489338433cc246.cnf.xz,station-repacking,SAT,10,0.155,153.657,congruence,0.67,0.44,3100529,455133032,28b587cf6ecf,3,200,
b00b555f0d26046e20489338433cc246.cnf.xz,station-repacking,SAT,10,0.155,153.657,extract,0.55,0.36,3100529,455133032,28b587cf6ecf,3,200,
b00b555f0d26046e20489338433cc246.cnf.xz,station-repacking,SAT,10,0.155,153.657,reorder,0.32,0.21,3100529,455133032,28b587cf6ecf,3,200,
b00b555f0d26046e20489338433cc246.cnf.xz,station-repacking,SAT,10,0.155,153.657,extractands,0.29,0.19,3100529,455133032,28b587cf6ecf,3,200,
b00b555f0d26046e20489338433cc246.cnf.xz,station-repacking,SAT,10,0.155,153.657,parse,0.17,0.11,3100529,455133032,28b587cf6ecf,3,200,
b00b555f0d26046e20489338433cc246.cnf.xz,station-repacking,SAT,10,0.155,153.657,warmup,0.17,0.11,3100529,455133032,28b587cf6ecf,3,200,
b00b555f0d26046e20489338433cc246.cnf.xz,station-repacking,SAT,10,0.155,153.657,sweepequivalences,0.14,0.09,3100529,455133032,28b587cf6ecf,3,200,
b00b555f0d26046e20489338433cc246.cnf.xz,station-repacking,SAT,10,0.155,153.657,defrag,0.13,0.09,3100529,455133032,28b587cf6ecf,3,200,
b00b555f0d26046e20489338433cc246.cnf.xz,station-repacking,SAT,10,0.155,153.657,extractbinaries,0.04,0.03,3100529,455133032,28b587cf6ecf,3,200,
b00b555f0d26046e20489338433cc246.cnf.xz,station-repacking,SAT,10,0.155,153.657,matching,0.03,0.02,3100529,455133032,28b587cf6ecf,3,200,
b00b555f0d26046e20489338433cc246.cnf.xz,station-repacking,SAT,10,0.155,153.657,lucky,0.02,0.01,3100529,455133032,28b587cf6ecf,3,200,
b00b555f0d26046e20489338433cc246.cnf.xz,station-repacking,SAT,10,0.155,153.657,extractites,0.01,0.01,3100529,455133032,28b587cf6ecf,3,200,
b00b555f0d26046e20489338433cc246.cnf.xz,station-repacking,SAT,10,0.155,153.657,extractxors,0.01,0.01,3100529,455133032,28b587cf6ecf,3,200,
b00b555f0d26046e20489338433cc246.cnf.xz,station-repacking,SAT,10,0.155,153.657,rephase,0.0,0.0,3100529,455133032,28b587cf6ecf,3,200,
b00b555f0d26046e20489338433cc246.cnf.xz,station-repacking,SAT,10,0.155,153.657,merge,0.0,0.0,3100529,455133032,28b587cf6ecf,3,200,
b00b555f0d26046e20489338433cc246.cnf.xz,station-repacking,SAT,10,0.155,153.657,total,151.96,100.0,3100529,455133032,28b587cf6ecf,3,200,
b3233e009976748e3a55d7cd0ea30c41.cnf.xz,software-verification,UNKNOWN,0,2.321,200.136,simplify,103.82,52.62,167173,698329108,28b587cf6ecf,3,200,
b3233e009976748e3a55d7cd0ea30c41.cnf.xz,software-verification,UNKNOWN,0,2.321,200.136,probe,81.93,41.53,167173,698329108,28b587cf6ecf,3,200,
b3233e009976748e3a55d7cd0ea30c41.cnf.xz,software-verification,UNKNOWN,0,2.321,200.136,search,77.3,39.18,167173,698329108,28b587cf6ecf,3,200,
b3233e009976748e3a55d7cd0ea30c41.cnf.xz,software-verification,UNKNOWN,0,2.321,200.136,focused,39.89,20.22,167173,698329108,28b587cf6ecf,3,200,
b3233e009976748e3a55d7cd0ea30c41.cnf.xz,software-verification,UNKNOWN,0,2.321,200.136,stable,37.41,18.96,167173,698329108,28b587cf6ecf,3,200,
b3233e009976748e3a55d7cd0ea30c41.cnf.xz,software-verification,UNKNOWN,0,2.321,200.136,congruence,31.57,16.0,167173,698329108,28b587cf6ecf,3,200,
b3233e009976748e3a55d7cd0ea30c41.cnf.xz,software-verification,UNKNOWN,0,2.321,200.136,eliminate,30.27,15.35,167173,698329108,28b587cf6ecf,3,200,
b3233e009976748e3a55d7cd0ea30c41.cnf.xz,software-verification,UNKNOWN,0,2.321,200.136,extract,20.67,10.48,167173,698329108,28b587cf6ecf,3,200,
b3233e009976748e3a55d7cd0ea30c41.cnf.xz,software-verification,UNKNOWN,0,2.321,200.136,vivify,19.03,9.64,167173,698329108,28b587cf6ecf,3,200,
b3233e009976748e3a55d7cd0ea30c41.cnf.xz,software-verification,UNKNOWN,0,2.321,200.136,sweep,13.4,6.79,167173,698329108,28b587cf6ecf,3,200,
b3233e009976748e3a55d7cd0ea30c41.cnf.xz,software-verification,UNKNOWN,0,2.321,200.136,definition,13.33,6.76,167173,698329108,28b587cf6ecf,3,200,
b3233e009976748e3a55d7cd0ea30c41.cnf.xz,software-verification,UNKNOWN,0,2.321,200.136,analyze,13.03,6.61,167173,698329108,28b587cf6ecf,3,200,
b3233e009976748e3a55d7cd0ea30c41.cnf.xz,software-verification,UNKNOWN,0,2.321,200.136,preprocess,11.27,5.71,167173,698329108,28b587cf6ecf,3,200,
b3233e009976748e3a55d7cd0ea30c41.cnf.xz,software-verification,UNKNOWN,0,2.321,200.136,substitute,9.62,4.87,167173,698329108,28b587cf6ecf,3,200,
b3233e009976748e3a55d7cd0ea30c41.cnf.xz,software-verification,UNKNOWN,0,2.321,200.136,matching,9.09,4.61,167173,698329108,28b587cf6ecf,3,200,
b3233e009976748e3a55d7cd0ea30c41.cnf.xz,software-verification,UNKNOWN,0,2.321,200.136,extractxors,8.36,4.24,167173,698329108,28b587cf6ecf,3,200,
b3233e009976748e3a55d7cd0ea30c41.cnf.xz,software-verification,UNKNOWN,0,2.321,200.136,vivify2,6.88,3.49,167173,698329108,28b587cf6ecf,3,200,
b3233e009976748e3a55d7cd0ea30c41.cnf.xz,software-verification,UNKNOWN,0,2.321,200.136,shrink,6.75,3.42,167173,698329108,28b587cf6ecf,3,200,
b3233e009976748e3a55d7cd0ea30c41.cnf.xz,software-verification,UNKNOWN,0,2.321,200.136,vivify1,6.45,3.27,167173,698329108,28b587cf6ecf,3,200,
b3233e009976748e3a55d7cd0ea30c41.cnf.xz,software-verification,UNKNOWN,0,2.321,200.136,extractites,6.19,3.14,167173,698329108,28b587cf6ecf,3,200,
b3233e009976748e3a55d7cd0ea30c41.cnf.xz,software-verification,UNKNOWN,0,2.321,200.136,factor,4.95,2.51,167173,698329108,28b587cf6ecf,3,200,
b3233e009976748e3a55d7cd0ea30c41.cnf.xz,software-verification,UNKNOWN,0,2.321,200.136,sweepbackbone,4.23,2.14,167173,698329108,28b587cf6ecf,3,200,
b3233e009976748e3a55d7cd0ea30c41.cnf.xz,software-verification,UNKNOWN,0,2.321,200.136,vivify3,3.82,1.94,167173,698329108,28b587cf6ecf,3,200,
b3233e009976748e3a55d7cd0ea30c41.cnf.xz,software-verification,UNKNOWN,0,2.321,200.136,subsume,3.66,1.86,167173,698329108,28b587cf6ecf,3,200,
b3233e009976748e3a55d7cd0ea30c41.cnf.xz,software-verification,UNKNOWN,0,2.321,200.136,collect,3.64,1.84,167173,698329108,28b587cf6ecf,3,200,
b3233e009976748e3a55d7cd0ea30c41.cnf.xz,software-verification,UNKNOWN,0,2.321,200.136,parse,3.37,1.71,167173,698329108,28b587cf6ecf,3,200,
b3233e009976748e3a55d7cd0ea30c41.cnf.xz,software-verification,UNKNOWN,0,2.321,200.136,reduce,3.03,1.54,167173,698329108,28b587cf6ecf,3,200,
b3233e009976748e3a55d7cd0ea30c41.cnf.xz,software-verification,UNKNOWN,0,2.321,200.136,extractands,2.98,1.51,167173,698329108,28b587cf6ecf,3,200,
b3233e009976748e3a55d7cd0ea30c41.cnf.xz,software-verification,UNKNOWN,0,2.321,200.136,sweepequivalences,2.46,1.25,167173,698329108,28b587cf6ecf,3,200,
b3233e009976748e3a55d7cd0ea30c41.cnf.xz,software-verification,UNKNOWN,0,2.321,200.136,walking,2.27,1.15,167173,698329108,28b587cf6ecf,3,200,
b3233e009976748e3a55d7cd0ea30c41.cnf.xz,software-verification,UNKNOWN,0,2.321,200.136,vivify0,1.87,0.95,167173,698329108,28b587cf6ecf,3,200,
b3233e009976748e3a55d7cd0ea30c41.cnf.xz,software-verification,UNKNOWN,0,2.321,200.136,backbone,1.76,0.89,167173,698329108,28b587cf6ecf,3,200,
b3233e009976748e3a55d7cd0ea30c41.cnf.xz,software-verification,UNKNOWN,0,2.321,200.136,transitive,1.6,0.81,167173,698329108,28b587cf6ecf,3,200,
b3233e009976748e3a55d7cd0ea30c41.cnf.xz,software-verification,UNKNOWN,0,2.321,200.136,lucky,1.52,0.77,167173,698329108,28b587cf6ecf,3,200,
b3233e009976748e3a55d7cd0ea30c41.cnf.xz,software-verification,UNKNOWN,0,2.321,200.136,warmup,1.29,0.66,167173,698329108,28b587cf6ecf,3,200,
b3233e009976748e3a55d7cd0ea30c41.cnf.xz,software-verification,UNKNOWN,0,2.321,200.136,restart,1.25,0.63,167173,698329108,28b587cf6ecf,3,200,
b3233e009976748e3a55d7cd0ea30c41.cnf.xz,software-verification,UNKNOWN,0,2.321,200.136,merge,1.21,0.62,167173,698329108,28b587cf6ecf,3,200,
b3233e009976748e3a55d7cd0ea30c41.cnf.xz,software-verification,UNKNOWN,0,2.321,200.136,deduce,1.18,0.6,167173,698329108,28b587cf6ecf,3,200,
b3233e009976748e3a55d7cd0ea30c41.cnf.xz,software-verification,UNKNOWN,0,2.321,200.136,defrag,1.14,0.58,167173,698329108,28b587cf6ecf,3,200,
b3233e009976748e3a55d7cd0ea30c41.cnf.xz,software-verification,UNKNOWN,0,2.321,200.136,extractbinaries,0.98,0.5,167173,698329108,28b587cf6ecf,3,200,
b3233e009976748e3a55d7cd0ea30c41.cnf.xz,software-verification,UNKNOWN,0,2.321,200.136,bump,0.69,0.35,167173,698329108,28b587cf6ecf,3,200,
b3233e009976748e3a55d7cd0ea30c41.cnf.xz,software-verification,UNKNOWN,0,2.321,200.136,reorder,0.65,0.33,167173,698329108,28b587cf6ecf,3,200,
b3233e009976748e3a55d7cd0ea30c41.cnf.xz,software-verification,UNKNOWN,0,2.321,200.136,minimize,0.08,0.04,167173,698329108,28b587cf6ecf,3,200,
b3233e009976748e3a55d7cd0ea30c41.cnf.xz,software-verification,UNKNOWN,0,2.321,200.136,rephase,0.0,0.0,167173,698329108,28b587cf6ecf,3,200,
b3233e009976748e3a55d7cd0ea30c41.cnf.xz,software-verification,UNKNOWN,0,2.321,200.136,total,197.28,100.0,167173,698329108,28b587cf6ecf,3,200,
bb86b80e60493b43cd8770697420b9e7.cnf.xz,miter,UNKNOWN,0,0.005,200.007,search,184.49,92.7,3916716,142604475,28b587cf6ecf,3,200,
bb86b80e60493b43cd8770697420b9e7.cnf.xz,miter,UNKNOWN,0,0.005,200.007,focused,96.4,48.44,3916716,142604475,28b587cf6ecf,3,200,
bb86b80e60493b43cd8770697420b9e7.cnf.xz,miter,UNKNOWN,0,0.005,200.007,stable,88.09,44.26,3916716,142604475,28b587cf6ecf,3,200,
bb86b80e60493b43cd8770697420b9e7.cnf.xz,miter,UNKNOWN,0,0.005,200.007,analyze,39.9,20.05,3916716,142604475,28b587cf6ecf,3,200,
bb86b80e60493b43cd8770697420b9e7.cnf.xz,miter,UNKNOWN,0,0.005,200.007,simplify,14.5,7.28,3916716,142604475,28b587cf6ecf,3,200,
bb86b80e60493b43cd8770697420b9e7.cnf.xz,miter,UNKNOWN,0,0.005,200.007,probe,14.07,7.07,3916716,142604475,28b587cf6ecf,3,200,
bb86b80e60493b43cd8770697420b9e7.cnf.xz,miter,UNKNOWN,0,0.005,200.007,vivify,10.5,5.27,3916716,142604475,28b587cf6ecf,3,200,
bb86b80e60493b43cd8770697420b9e7.cnf.xz,miter,UNKNOWN,0,0.005,200.007,shrink,10.11,5.08,3916716,142604475,28b587cf6ecf,3,200,
bb86b80e60493b43cd8770697420b9e7.cnf.xz,miter,UNKNOWN,0,0.005,200.007,deduce,8.74,4.39,3916716,142604475,28b587cf6ecf,3,200,
bb86b80e60493b43cd8770697420b9e7.cnf.xz,miter,UNKNOWN,0,0.005,200.007,bump,5.81,2.92,3916716,142604475,28b587cf6ecf,3,200,
bb86b80e60493b43cd8770697420b9e7.cnf.xz,miter,UNKNOWN,0,0.005,200.007,vivify2,4.48,2.25,3916716,142604475,28b587cf6ecf,3,200,
bb86b80e60493b43cd8770697420b9e7.cnf.xz,miter,UNKNOWN,0,0.005,200.007,vivify1,3.52,1.77,3916716,142604475,28b587cf6ecf,3,200,
bb86b80e60493b43cd8770697420b9e7.cnf.xz,miter,UNKNOWN,0,0.005,200.007,sweep,3.25,1.63,3916716,142604475,28b587cf6ecf,3,200,
bb86b80e60493b43cd8770697420b9e7.cnf.xz,miter,UNKNOWN,0,0.005,200.007,vivify3,2.08,1.04,3916716,142604475,28b587cf6ecf,3,200,
bb86b80e60493b43cd8770697420b9e7.cnf.xz,miter,UNKNOWN,0,0.005,200.007,reduce,1.92,0.96,3916716,142604475,28b587cf6ecf,3,200,
bb86b80e60493b43cd8770697420b9e7.cnf.xz,miter,UNKNOWN,0,0.005,200.007,collect,1.55,0.78,3916716,142604475,28b587cf6ecf,3,200,
bb86b80e60493b43cd8770697420b9e7.cnf.xz,miter,UNKNOWN,0,0.005,200.007,minimize,1.49,0.75,3916716,142604475,28b587cf6ecf,3,200,
bb86b80e60493b43cd8770697420b9e7.cnf.xz,miter,UNKNOWN,0,0.005,200.007,sweepbackbone,0.75,0.38,3916716,142604475,28b587cf6ecf,3,200,
bb86b80e60493b43cd8770697420b9e7.cnf.xz,miter,UNKNOWN,0,0.005,200.007,sweepequivalences,0.71,0.36,3916716,142604475,28b587cf6ecf,3,200,
bb86b80e60493b43cd8770697420b9e7.cnf.xz,miter,UNKNOWN,0,0.005,200.007,vivify0,0.42,0.21,3916716,142604475,28b587cf6ecf,3,200,
bb86b80e60493b43cd8770697420b9e7.cnf.xz,miter,UNKNOWN,0,0.005,200.007,walking,0.38,0.19,3916716,142604475,28b587cf6ecf,3,200,
bb86b80e60493b43cd8770697420b9e7.cnf.xz,miter,UNKNOWN,0,0.005,200.007,defrag,0.33,0.16,3916716,142604475,28b587cf6ecf,3,200,
bb86b80e60493b43cd8770697420b9e7.cnf.xz,miter,UNKNOWN,0,0.005,200.007,substitute,0.25,0.12,3916716,142604475,28b587cf6ecf,3,200,
bb86b80e60493b43cd8770697420b9e7.cnf.xz,miter,UNKNOWN,0,0.005,200.007,restart,0.11,0.05,3916716,142604475,28b587cf6ecf,3,200,
bb86b80e60493b43cd8770697420b9e7.cnf.xz,miter,UNKNOWN,0,0.005,200.007,eliminate,0.08,0.04,3916716,142604475,28b587cf6ecf,3,200,
bb86b80e60493b43cd8770697420b9e7.cnf.xz,miter,UNKNOWN,0,0.005,200.007,factor,0.05,0.02,3916716,142604475,28b587cf6ecf,3,200,
bb86b80e60493b43cd8770697420b9e7.cnf.xz,miter,UNKNOWN,0,0.005,200.007,preprocess,0.03,0.02,3916716,142604475,28b587cf6ecf,3,200,
bb86b80e60493b43cd8770697420b9e7.cnf.xz,miter,UNKNOWN,0,0.005,200.007,definition,0.02,0.01,3916716,142604475,28b587cf6ecf,3,200,
bb86b80e60493b43cd8770697420b9e7.cnf.xz,miter,UNKNOWN,0,0.005,200.007,congruence,0.01,0.01,3916716,142604475,28b587cf6ecf,3,200,
bb86b80e60493b43cd8770697420b9e7.cnf.xz,miter,UNKNOWN,0,0.005,200.007,extract,0.01,0.01,3916716,142604475,28b587cf6ecf,3,200,
bb86b80e60493b43cd8770697420b9e7.cnf.xz,miter,UNKNOWN,0,0.005,200.007,transitive,0.01,0.01,3916716,142604475,28b587cf6ecf,3,200,
bb86b80e60493b43cd8770697420b9e7.cnf.xz,miter,UNKNOWN,0,0.005,200.007,reorder,0.01,0.0,3916716,142604475,28b587cf6ecf,3,200,
bb86b80e60493b43cd8770697420b9e7.cnf.xz,miter,UNKNOWN,0,0.005,200.007,subsume,0.01,0.0,3916716,142604475,28b587cf6ecf,3,200,
bb86b80e60493b43cd8770697420b9e7.cnf.xz,miter,UNKNOWN,0,0.005,200.007,warmup,0.01,0.0,3916716,142604475,28b587cf6ecf,3,200,
bb86b80e60493b43cd8770697420b9e7.cnf.xz,miter,UNKNOWN,0,0.005,200.007,backbone,0.0,0.0,3916716,142604475,28b587cf6ecf,3,200,
bb86b80e60493b43cd8770697420b9e7.cnf.xz,miter,UNKNOWN,0,0.005,200.007,extractxors,0.0,0.0,3916716,142604475,28b587cf6ecf,3,200,
bb86b80e60493b43cd8770697420b9e7.cnf.xz,miter,UNKNOWN,0,0.005,200.007,extractites,0.0,0.0,3916716,142604475,28b587cf6ecf,3,200,
bb86b80e60493b43cd8770697420b9e7.cnf.xz,miter,UNKNOWN,0,0.005,200.007,rephase,0.0,0.0,3916716,142604475,28b587cf6ecf,3,200,
bb86b80e60493b43cd8770697420b9e7.cnf.xz,miter,UNKNOWN,0,0.005,200.007,parse,0.0,0.0,3916716,142604475,28b587cf6ecf,3,200,
bb86b80e60493b43cd8770697420b9e7.cnf.xz,miter,UNKNOWN,0,0.005,200.007,extractands,0.0,0.0,3916716,142604475,28b587cf6ecf,3,200,
bb86b80e60493b43cd8770697420b9e7.cnf.xz,miter,UNKNOWN,0,0.005,200.007,matching,0.0,0.0,3916716,142604475,28b587cf6ecf,3,200,
bb86b80e60493b43cd8770697420b9e7.cnf.xz,miter,UNKNOWN,0,0.005,200.007,extractbinaries,0.0,0.0,3916716,142604475,28b587cf6ecf,3,200,
bb86b80e60493b43cd8770697420b9e7.cnf.xz,miter,UNKNOWN,0,0.005,200.007,lucky,0.0,0.0,3916716,142604475,28b587cf6ecf,3,200,
bb86b80e60493b43cd8770697420b9e7.cnf.xz,miter,UNKNOWN,0,0.005,200.007,merge,0.0,0.0,3916716,142604475,28b587cf6ecf,3,200,
bb86b80e60493b43cd8770697420b9e7.cnf.xz,miter,UNKNOWN,0,0.005,200.007,total,199.03,100.0,3916716,142604475,28b587cf6ecf,3,200,
bbdc1542ad1cd21301bcb6ab89893615.cnf.xz,software-verification,UNKNOWN,0,2.329,200.443,simplify,96.6,48.79,83831,737659706,28b587cf6ecf,3,200,
bbdc1542ad1cd21301bcb6ab89893615.cnf.xz,software-verification,UNKNOWN,0,2.329,200.443,search,79.63,40.22,83831,737659706,28b587cf6ecf,3,200,
bbdc1542ad1cd21301bcb6ab89893615.cnf.xz,software-verification,UNKNOWN,0,2.329,200.443,probe,72.38,36.56,83831,737659706,28b587cf6ecf,3,200,
bbdc1542ad1cd21301bcb6ab89893615.cnf.xz,software-verification,UNKNOWN,0,2.329,200.443,stable,44.07,22.26,83831,737659706,28b587cf6ecf,3,200,
bbdc1542ad1cd21301bcb6ab89893615.cnf.xz,software-verification,UNKNOWN,0,2.329,200.443,eliminate,38.3,19.34,83831,737659706,28b587cf6ecf,3,200,
bbdc1542ad1cd21301bcb6ab89893615.cnf.xz,software-verification,UNKNOWN,0,2.329,200.443,focused,35.56,17.96,83831,737659706,28b587cf6ecf,3,200,
bbdc1542ad1cd21301bcb6ab89893615.cnf.xz,software-verification,UNKNOWN,0,2.329,200.443,congruence,26.92,13.6,83831,737659706,28b587cf6ecf,3,200,
bbdc1542ad1cd21301bcb6ab89893615.cnf.xz,software-verification,UNKNOWN,0,2.329,200.443,preprocess,17.06,8.62,83831,737659706,28b587cf6ecf,3,200,
bbdc1542ad1cd21301bcb6ab89893615.cnf.xz,software-verification,UNKNOWN,0,2.329,200.443,factor,16.92,8.54,83831,737659706,28b587cf6ecf,3,200,
bbdc1542ad1cd21301bcb6ab89893615.cnf.xz,software-verification,UNKNOWN,0,2.329,200.443,analyze,16.26,8.22,83831,737659706,28b587cf6ecf,3,200,
bbdc1542ad1cd21301bcb6ab89893615.cnf.xz,software-verification,UNKNOWN,0,2.329,200.443,definition,14.31,7.23,83831,737659706,28b587cf6ecf,3,200,
bbdc1542ad1cd21301bcb6ab89893615.cnf.xz,software-verification,UNKNOWN,0,2.329,200.443,extract,14.21,7.18,83831,737659706,28b587cf6ecf,3,200,
bbdc1542ad1cd21301bcb6ab89893615.cnf.xz,software-verification,UNKNOWN,0,2.329,200.443,vivify,11.36,5.74,83831,737659706,28b587cf6ecf,3,200,
bbdc1542ad1cd21301bcb6ab89893615.cnf.xz,software-verification,UNKNOWN,0,2.329,200.443,substitute,8.62,4.35,83831,737659706,28b587cf6ecf,3,200,
bbdc1542ad1cd21301bcb6ab89893615.cnf.xz,software-verification,UNKNOWN,0,2.329,200.443,matching,7.25,3.66,83831,737659706,28b587cf6ecf,3,200,
bbdc1542ad1cd21301bcb6ab89893615.cnf.xz,software-verification,UNKNOWN,0,2.329,200.443,shrink,7.18,3.62,83831,737659706,28b587cf6ecf,3,200,
bbdc1542ad1cd21301bcb6ab89893615.cnf.xz,software-verification,UNKNOWN,0,2.329,200.443,extractxors,5.83,2.94,83831,737659706,28b587cf6ecf,3,200,
bbdc1542ad1cd21301bcb6ab89893615.cnf.xz,software-verification,UNKNOWN,0,2.329,200.443,sweep,5.38,2.72,83831,737659706,28b587cf6ecf,3,200,
bbdc1542ad1cd21301bcb6ab89893615.cnf.xz,software-verification,UNKNOWN,0,2.329,200.443,merge,4.26,2.15,83831,737659706,28b587cf6ecf,3,200,
bbdc1542ad1cd21301bcb6ab89893615.cnf.xz,software-verification,UNKNOWN,0,2.329,200.443,vivify2,3.93,1.99,83831,737659706,28b587cf6ecf,3,200,
bbdc1542ad1cd21301bcb6ab89893615.cnf.xz,software-verification,UNKNOWN,0,2.329,200.443,vivify1,3.63,1.83,83831,737659706,28b587cf6ecf,3,200,
bbdc1542ad1cd21301bcb6ab89893615.cnf.xz,software-verification,UNKNOWN,0,2.329,200.443,extractands,3.58,1.81,83831,737659706,28b587cf6ecf,3,200,
bbdc1542ad1cd21301bcb6ab89893615.cnf.xz,software-verification,UNKNOWN,0,2.329,200.443,collect,3.44,1.74,83831,737659706,28b587cf6ecf,3,200,
bbdc1542ad1cd21301bcb6ab89893615.cnf.xz,software-verification,UNKNOWN,0,2.329,200.443,parse,3.38,1.71,83831,737659706,28b587cf6ecf,3,200,
bbdc1542ad1cd21301bcb6ab89893615.cnf.xz,software-verification,UNKNOWN,0,2.329,200.443,subsume,3.3,1.67,83831,737659706,28b587cf6ecf,3,200,
bbdc1542ad1cd21301bcb6ab89893615.cnf.xz,software-verification,UNKNOWN,0,2.329,200.443,extractites,2.91,1.47,83831,737659706,28b587cf6ecf,3,200,
bbdc1542ad1cd21301bcb6ab89893615.cnf.xz,software-verification,UNKNOWN,0,2.329,200.443,reduce,2.65,1.34,83831,737659706,28b587cf6ecf,3,200,
bbdc1542ad1cd21301bcb6ab89893615.cnf.xz,software-verification,UNKNOWN,0,2.329,200.443,deduce,2.57,1.3,83831,737659706,28b587cf6ecf,3,200,
bbdc1542ad1cd21301bcb6ab89893615.cnf.xz,software-verification,UNKNOWN,0,2.329,200.443,walking,2.22,1.12,83831,737659706,28b587cf6ecf,3,200,
bbdc1542ad1cd21301bcb6ab89893615.cnf.xz,software-verification,UNKNOWN,0,2.329,200.443,backbone,2.17,1.1,83831,737659706,28b587cf6ecf,3,200,
bbdc1542ad1cd21301bcb6ab89893615.cnf.xz,software-verification,UNKNOWN,0,2.329,200.443,vivify3,2.03,1.03,83831,737659706,28b587cf6ecf,3,200,
bbdc1542ad1cd21301bcb6ab89893615.cnf.xz,software-verification,UNKNOWN,0,2.329,200.443,vivify0,1.77,0.89,83831,737659706,28b587cf6ecf,3,200,
bbdc1542ad1cd21301bcb6ab89893615.cnf.xz,software-verification,UNKNOWN,0,2.329,200.443,sweepbackbone,1.39,0.7,83831,737659706,28b587cf6ecf,3,200,
bbdc1542ad1cd21301bcb6ab89893615.cnf.xz,software-verification,UNKNOWN,0,2.329,200.443,lucky,1.32,0.67,83831,737659706,28b587cf6ecf,3,200,
bbdc1542ad1cd21301bcb6ab89893615.cnf.xz,software-verification,UNKNOWN,0,2.329,200.443,bump,1.31,0.66,83831,737659706,28b587cf6ecf,3,200,
bbdc1542ad1cd21301bcb6ab89893615.cnf.xz,software-verification,UNKNOWN,0,2.329,200.443,defrag,1.09,0.55,83831,737659706,28b587cf6ecf,3,200,
bbdc1542ad1cd21301bcb6ab89893615.cnf.xz,software-verification,UNKNOWN,0,2.329,200.443,transitive,1.0,0.5,83831,737659706,28b587cf6ecf,3,200,
bbdc1542ad1cd21301bcb6ab89893615.cnf.xz,software-verification,UNKNOWN,0,2.329,200.443,warmup,0.95,0.48,83831,737659706,28b587cf6ecf,3,200,
bbdc1542ad1cd21301bcb6ab89893615.cnf.xz,software-verification,UNKNOWN,0,2.329,200.443,reorder,0.69,0.35,83831,737659706,28b587cf6ecf,3,200,
bbdc1542ad1cd21301bcb6ab89893615.cnf.xz,software-verification,UNKNOWN,0,2.329,200.443,sweepequivalences,0.64,0.32,83831,737659706,28b587cf6ecf,3,200,
bbdc1542ad1cd21301bcb6ab89893615.cnf.xz,software-verification,UNKNOWN,0,2.329,200.443,extractbinaries,0.51,0.26,83831,737659706,28b587cf6ecf,3,200,
bbdc1542ad1cd21301bcb6ab89893615.cnf.xz,software-verification,UNKNOWN,0,2.329,200.443,restart,0.39,0.2,83831,737659706,28b587cf6ecf,3,200,
bbdc1542ad1cd21301bcb6ab89893615.cnf.xz,software-verification,UNKNOWN,0,2.329,200.443,minimize,0.07,0.03,83831,737659706,28b587cf6ecf,3,200,
bbdc1542ad1cd21301bcb6ab89893615.cnf.xz,software-verification,UNKNOWN,0,2.329,200.443,rephase,0.0,0.0,83831,737659706,28b587cf6ecf,3,200,
bbdc1542ad1cd21301bcb6ab89893615.cnf.xz,software-verification,UNKNOWN,0,2.329,200.443,total,197.99,100.0,83831,737659706,28b587cf6ecf,3,200,
bc5261f21ea0214543370d2278ae6ecf.cnf.xz,miter,UNKNOWN,0,0.003,200.003,search,187.12,93.72,5483896,146469957,28b587cf6ecf,3,200,
bc5261f21ea0214543370d2278ae6ecf.cnf.xz,miter,UNKNOWN,0,0.003,200.003,focused,96.44,48.3,5483896,146469957,28b587cf6ecf,3,200,
bc5261f21ea0214543370d2278ae6ecf.cnf.xz,miter,UNKNOWN,0,0.003,200.003,stable,90.69,45.42,5483896,146469957,28b587cf6ecf,3,200,
bc5261f21ea0214543370d2278ae6ecf.cnf.xz,miter,UNKNOWN,0,0.003,200.003,analyze,38.57,19.32,5483896,146469957,28b587cf6ecf,3,200,
bc5261f21ea0214543370d2278ae6ecf.cnf.xz,miter,UNKNOWN,0,0.003,200.003,simplify,12.52,6.27,5483896,146469957,28b587cf6ecf,3,200,
bc5261f21ea0214543370d2278ae6ecf.cnf.xz,miter,UNKNOWN,0,0.003,200.003,probe,11.91,5.96,5483896,146469957,28b587cf6ecf,3,200,
bc5261f21ea0214543370d2278ae6ecf.cnf.xz,miter,UNKNOWN,0,0.003,200.003,vivify,8.93,4.47,5483896,146469957,28b587cf6ecf,3,200,
bc5261f21ea0214543370d2278ae6ecf.cnf.xz,miter,UNKNOWN,0,0.003,200.003,deduce,8.84,4.43,5483896,146469957,28b587cf6ecf,3,200,
bc5261f21ea0214543370d2278ae6ecf.cnf.xz,miter,UNKNOWN,0,0.003,200.003,shrink,8.13,4.07,5483896,146469957,28b587cf6ecf,3,200,
bc5261f21ea0214543370d2278ae6ecf.cnf.xz,miter,UNKNOWN,0,0.003,200.003,bump,5.35,2.68,5483896,146469957,28b587cf6ecf,3,200,
bc5261f21ea0214543370d2278ae6ecf.cnf.xz,miter,UNKNOWN,0,0.003,200.003,vivify2,4.01,2.01,5483896,146469957,28b587cf6ecf,3,200,
bc5261f21ea0214543370d2278ae6ecf.cnf.xz,miter,UNKNOWN,0,0.003,200.003,vivify1,3.08,1.54,5483896,146469957,28b587cf6ecf,3,200,
bc5261f21ea0214543370d2278ae6ecf.cnf.xz,miter,UNKNOWN,0,0.003,200.003,sweep,2.79,1.4,5483896,146469957,28b587cf6ecf,3,200,
bc5261f21ea0214543370d2278ae6ecf.cnf.xz,miter,UNKNOWN,0,0.003,200.003,reduce,1.76,0.88,5483896,146469957,28b587cf6ecf,3,200,
bc5261f21ea0214543370d2278ae6ecf.cnf.xz,miter,UNKNOWN,0,0.003,200.003,vivify3,1.76,0.88,5483896,146469957,28b587cf6ecf,3,200,
bc5261f21ea0214543370d2278ae6ecf.cnf.xz,miter,UNKNOWN,0,0.003,200.003,minimize,1.64,0.82,5483896,146469957,28b587cf6ecf,3,200,
bc5261f21ea0214543370d2278ae6ecf.cnf.xz,miter,UNKNOWN,0,0.003,200.003,collect,1.44,0.72,5483896,146469957,28b587cf6ecf,3,200,
bc5261f21ea0214543370d2278ae6ecf.cnf.xz,miter,UNKNOWN,0,0.003,200.003,sweepequivalences,0.97,0.49,5483896,146469957,28b587cf6ecf,3,200,
bc5261f21ea0214543370d2278ae6ecf.cnf.xz,miter,UNKNOWN,0,0.003,200.003,sweepbackbone,0.62,0.31,5483896,146469957,28b587cf6ecf,3,200,
bc5261f21ea0214543370d2278ae6ecf.cnf.xz,miter,UNKNOWN,0,0.003,200.003,walking,0.61,0.31,5483896,146469957,28b587cf6ecf,3,200,
bc5261f21ea0214543370d2278ae6ecf.cnf.xz,miter,UNKNOWN,0,0.003,200.003,defrag,0.21,0.11,5483896,146469957,28b587cf6ecf,3,200,
bc5261f21ea0214543370d2278ae6ecf.cnf.xz,miter,UNKNOWN,0,0.003,200.003,substitute,0.17,0.08,5483896,146469957,28b587cf6ecf,3,200,
bc5261f21ea0214543370d2278ae6ecf.cnf.xz,miter,UNKNOWN,0,0.003,200.003,restart,0.08,0.04,5483896,146469957,28b587cf6ecf,3,200,
bc5261f21ea0214543370d2278ae6ecf.cnf.xz,miter,UNKNOWN,0,0.003,200.003,vivify0,0.08,0.04,5483896,146469957,28b587cf6ecf,3,200,
bc5261f21ea0214543370d2278ae6ecf.cnf.xz,miter,UNKNOWN,0,0.003,200.003,eliminate,0.02,0.01,5483896,146469957,28b587cf6ecf,3,200,
bc5261f21ea0214543370d2278ae6ecf.cnf.xz,miter,UNKNOWN,0,0.003,200.003,preprocess,0.01,0.01,5483896,146469957,28b587cf6ecf,3,200,
bc5261f21ea0214543370d2278ae6ecf.cnf.xz,miter,UNKNOWN,0,0.003,200.003,factor,0.01,0.0,5483896,146469957,28b587cf6ecf,3,200,
bc5261f21ea0214543370d2278ae6ecf.cnf.xz,miter,UNKNOWN,0,0.003,200.003,reorder,0.01,0.0,5483896,146469957,28b587cf6ecf,3,200,
bc5261f21ea0214543370d2278ae6ecf.cnf.xz,miter,UNKNOWN,0,0.003,200.003,warmup,0.01,0.0,5483896,146469957,28b587cf6ecf,3,200,
bc5261f21ea0214543370d2278ae6ecf.cnf.xz,miter,UNKNOWN,0,0.003,200.003,congruence,0.01,0.0,5483896,146469957,28b587cf6ecf,3,200,
bc5261f21ea0214543370d2278ae6ecf.cnf.xz,miter,UNKNOWN,0,0.003,200.003,extract,0.0,0.0,5483896,146469957,28b587cf6ecf,3,200,
bc5261f21ea0214543370d2278ae6ecf.cnf.xz,miter,UNKNOWN,0,0.003,200.003,definition,0.0,0.0,5483896,146469957,28b587cf6ecf,3,200,
bc5261f21ea0214543370d2278ae6ecf.cnf.xz,miter,UNKNOWN,0,0.003,200.003,transitive,0.0,0.0,5483896,146469957,28b587cf6ecf,3,200,
bc5261f21ea0214543370d2278ae6ecf.cnf.xz,miter,UNKNOWN,0,0.003,200.003,rephase,0.0,0.0,5483896,146469957,28b587cf6ecf,3,200,
bc5261f21ea0214543370d2278ae6ecf.cnf.xz,miter,UNKNOWN,0,0.003,200.003,extractxors,0.0,0.0,5483896,146469957,28b587cf6ecf,3,200,
bc5261f21ea0214543370d2278ae6ecf.cnf.xz,miter,UNKNOWN,0,0.003,200.003,subsume,0.0,0.0,5483896,146469957,28b587cf6ecf,3,200,
bc5261f21ea0214543370d2278ae6ecf.cnf.xz,miter,UNKNOWN,0,0.003,200.003,backbone,0.0,0.0,5483896,146469957,28b587cf6ecf,3,200,
bc5261f21ea0214543370d2278ae6ecf.cnf.xz,miter,UNKNOWN,0,0.003,200.003,parse,0.0,0.0,5483896,146469957,28b587cf6ecf,3,200,
bc5261f21ea0214543370d2278ae6ecf.cnf.xz,miter,UNKNOWN,0,0.003,200.003,extractites,0.0,0.0,5483896,146469957,28b587cf6ecf,3,200,
bc5261f21ea0214543370d2278ae6ecf.cnf.xz,miter,UNKNOWN,0,0.003,200.003,lucky,0.0,0.0,5483896,146469957,28b587cf6ecf,3,200,
bc5261f21ea0214543370d2278ae6ecf.cnf.xz,miter,UNKNOWN,0,0.003,200.003,extractbinaries,0.0,0.0,5483896,146469957,28b587cf6ecf,3,200,
bc5261f21ea0214543370d2278ae6ecf.cnf.xz,miter,UNKNOWN,0,0.003,200.003,extractands,0.0,0.0,5483896,146469957,28b587cf6ecf,3,200,
bc5261f21ea0214543370d2278ae6ecf.cnf.xz,miter,UNKNOWN,0,0.003,200.003,matching,0.0,0.0,5483896,146469957,28b587cf6ecf,3,200,
bc5261f21ea0214543370d2278ae6ecf.cnf.xz,miter,UNKNOWN,0,0.003,200.003,merge,0.0,0.0,5483896,146469957,28b587cf6ecf,3,200,
bc5261f21ea0214543370d2278ae6ecf.cnf.xz,miter,UNKNOWN,0,0.003,200.003,total,199.66,100.0,5483896,146469957,28b587cf6ecf,3,200,
bf6a49b7bec5f8f6a200485dc938b224.cnf.xz,scheduling,UNKNOWN,0,0.014,200.008,search,182.11,91.2,7082935,1029364817,28b587cf6ecf,3,200,
bf6a49b7bec5f8f6a200485dc938b224.cnf.xz,scheduling,UNKNOWN,0,0.014,200.008,focused,96.26,48.21,7082935,1029364817,28b587cf6ecf,3,200,
bf6a49b7bec5f8f6a200485dc938b224.cnf.xz,scheduling,UNKNOWN,0,0.014,200.008,stable,85.85,42.99,7082935,1029364817,28b587cf6ecf,3,200,
bf6a49b7bec5f8f6a200485dc938b224.cnf.xz,scheduling,UNKNOWN,0,0.014,200.008,analyze,71.97,36.04,7082935,1029364817,28b587cf6ecf,3,200,
bf6a49b7bec5f8f6a200485dc938b224.cnf.xz,scheduling,UNKNOWN,0,0.014,200.008,shrink,19.82,9.92,7082935,1029364817,28b587cf6ecf,3,200,
bf6a49b7bec5f8f6a200485dc938b224.cnf.xz,scheduling,UNKNOWN,0,0.014,200.008,simplify,17.37,8.7,7082935,1029364817,28b587cf6ecf,3,200,
bf6a49b7bec5f8f6a200485dc938b224.cnf.xz,scheduling,UNKNOWN,0,0.014,200.008,probe,16.71,8.37,7082935,1029364817,28b587cf6ecf,3,200,
bf6a49b7bec5f8f6a200485dc938b224.cnf.xz,scheduling,UNKNOWN,0,0.014,200.008,deduce,13.0,6.51,7082935,1029364817,28b587cf6ecf,3,200,
bf6a49b7bec5f8f6a200485dc938b224.cnf.xz,scheduling,UNKNOWN,0,0.014,200.008,vivify,12.68,6.35,7082935,1029364817,28b587cf6ecf,3,200,
bf6a49b7bec5f8f6a200485dc938b224.cnf.xz,scheduling,UNKNOWN,0,0.014,200.008,bump,11.61,5.82,7082935,1029364817,28b587cf6ecf,3,200,
bf6a49b7bec5f8f6a200485dc938b224.cnf.xz,scheduling,UNKNOWN,0,0.014,200.008,reduce,6.07,3.04,7082935,1029364817,28b587cf6ecf,3,200,
bf6a49b7bec5f8f6a200485dc938b224.cnf.xz,scheduling,UNKNOWN,0,0.014,200.008,vivify1,5.87,2.94,7082935,1029364817,28b587cf6ecf,3,200,
bf6a49b7bec5f8f6a200485dc938b224.cnf.xz,scheduling,UNKNOWN,0,0.014,200.008,collect,5.18,2.59,7082935,1029364817,28b587cf6ecf,3,200,
bf6a49b7bec5f8f6a200485dc938b224.cnf.xz,scheduling,UNKNOWN,0,0.014,200.008,vivify2,3.65,1.83,7082935,1029364817,28b587cf6ecf,3,200,
bf6a49b7bec5f8f6a200485dc938b224.cnf.xz,scheduling,UNKNOWN,0,0.014,200.008,minimize,2.68,1.34,7082935,1029364817,28b587cf6ecf,3,200,
bf6a49b7bec5f8f6a200485dc938b224.cnf.xz,scheduling,UNKNOWN,0,0.014,200.008,vivify3,2.36,1.18,7082935,1029364817,28b587cf6ecf,3,200,
bf6a49b7bec5f8f6a200485dc938b224.cnf.xz,scheduling,UNKNOWN,0,0.014,200.008,sweep,1.48,0.74,7082935,1029364817,28b587cf6ecf,3,200,
bf6a49b7bec5f8f6a200485dc938b224.cnf.xz,scheduling,UNKNOWN,0,0.014,200.008,sweepbackbone,1.18,0.59,7082935,1029364817,28b587cf6ecf,3,200,
bf6a49b7bec5f8f6a200485dc938b224.cnf.xz,scheduling,UNKNOWN,0,0.014,200.008,substitute,1.15,0.57,7082935,1029364817,28b587cf6ecf,3,200,
bf6a49b7bec5f8f6a200485dc938b224.cnf.xz,scheduling,UNKNOWN,0,0.014,200.008,vivify0,0.8,0.4,7082935,1029364817,28b587cf6ecf,3,200,
bf6a49b7bec5f8f6a200485dc938b224.cnf.xz,scheduling,UNKNOWN,0,0.014,200.008,eliminate,0.6,0.3,7082935,1029364817,28b587cf6ecf,3,200,
bf6a49b7bec5f8f6a200485dc938b224.cnf.xz,scheduling,UNKNOWN,0,0.014,200.008,transitive,0.56,0.28,7082935,1029364817,28b587cf6ecf,3,200,
bf6a49b7bec5f8f6a200485dc938b224.cnf.xz,scheduling,UNKNOWN,0,0.014,200.008,backbone,0.47,0.24,7082935,1029364817,28b587cf6ecf,3,200,
bf6a49b7bec5f8f6a200485dc938b224.cnf.xz,scheduling,UNKNOWN,0,0.014,200.008,factor,0.34,0.17,7082935,1029364817,28b587cf6ecf,3,200,
bf6a49b7bec5f8f6a200485dc938b224.cnf.xz,scheduling,UNKNOWN,0,0.014,200.008,walking,0.24,0.12,7082935,1029364817,28b587cf6ecf,3,200,
bf6a49b7bec5f8f6a200485dc938b224.cnf.xz,scheduling,UNKNOWN,0,0.014,200.008,definition,0.2,0.1,7082935,1029364817,28b587cf6ecf,3,200,
bf6a49b7bec5f8f6a200485dc938b224.cnf.xz,scheduling,UNKNOWN,0,0.014,200.008,preprocess,0.18,0.09,7082935,1029364817,28b587cf6ecf,3,200,
bf6a49b7bec5f8f6a200485dc938b224.cnf.xz,scheduling,UNKNOWN,0,0.014,200.008,restart,0.15,0.08,7082935,1029364817,28b587cf6ecf,3,200,
bf6a49b7bec5f8f6a200485dc938b224.cnf.xz,scheduling,UNKNOWN,0,0.014,200.008,defrag,0.15,0.07,7082935,1029364817,28b587cf6ecf,3,200,
bf6a49b7bec5f8f6a200485dc938b224.cnf.xz,scheduling,UNKNOWN,0,0.014,200.008,subsume,0.05,0.02,7082935,1029364817,28b587cf6ecf,3,200,
bf6a49b7bec5f8f6a200485dc938b224.cnf.xz,scheduling,UNKNOWN,0,0.014,200.008,reorder,0.05,0.02,7082935,1029364817,28b587cf6ecf,3,200,
bf6a49b7bec5f8f6a200485dc938b224.cnf.xz,scheduling,UNKNOWN,0,0.014,200.008,sweepequivalences,0.04,0.02,7082935,1029364817,28b587cf6ecf,3,200,
bf6a49b7bec5f8f6a200485dc938b224.cnf.xz,scheduling,UNKNOWN,0,0.014,200.008,congruence,0.04,0.02,7082935,1029364817,28b587cf6ecf,3,200,
bf6a49b7bec5f8f6a200485dc938b224.cnf.xz,scheduling,UNKNOWN,0,0.014,200.008,extract,0.03,0.02,7082935,1029364817,28b587cf6ecf,3,200,
bf6a49b7bec5f8f6a200485dc938b224.cnf.xz,scheduling,UNKNOWN,0,0.014,200.008,warmup,0.02,0.01,7082935,1029364817,28b587cf6ecf,3,200,
bf6a49b7bec5f8f6a200485dc938b224.cnf.xz,scheduling,UNKNOWN,0,0.014,200.008,parse,0.01,0.01,7082935,1029364817,28b587cf6ecf,3,200,
bf6a49b7bec5f8f6a200485dc938b224.cnf.xz,scheduling,UNKNOWN,0,0.014,200.008,extractands,0.01,0.01,7082935,1029364817,28b587cf6ecf,3,200,
bf6a49b7bec5f8f6a200485dc938b224.cnf.xz,scheduling,UNKNOWN,0,0.014,200.008,extractbinaries,0.0,0.0,7082935,1029364817,28b587cf6ecf,3,200,
bf6a49b7bec5f8f6a200485dc938b224.cnf.xz,scheduling,UNKNOWN,0,0.014,200.008,rephase,0.0,0.0,7082935,1029364817,28b587cf6ecf,3,200,
bf6a49b7bec5f8f6a200485dc938b224.cnf.xz,scheduling,UNKNOWN,0,0.014,200.008,lucky,0.0,0.0,7082935,1029364817,28b587cf6ecf,3,200,
bf6a49b7bec5f8f6a200485dc938b224.cnf.xz,scheduling,UNKNOWN,0,0.014,200.008,extractites,0.0,0.0,7082935,1029364817,28b587cf6ecf,3,200,
bf6a49b7bec5f8f6a200485dc938b224.cnf.xz,scheduling,UNKNOWN,0,0.014,200.008,extractxors,0.0,0.0,7082935,1029364817,28b587cf6ecf,3,200,
bf6a49b7bec5f8f6a200485dc938b224.cnf.xz,scheduling,UNKNOWN,0,0.014,200.008,merge,0.0,0.0,7082935,1029364817,28b587cf6ecf,3,200,
bf6a49b7bec5f8f6a200485dc938b224.cnf.xz,scheduling,UNKNOWN,0,0.014,200.008,total,199.68,100.0,7082935,1029364817,28b587cf6ecf,3,200,
ca8f36f9c54cb7f5d070abeaeec489fe.cnf.xz,argumentation,UNKNOWN,0,0.008,200.005,search,185.25,92.81,3770344,278533322,28b587cf6ecf,3,200,
ca8f36f9c54cb7f5d070abeaeec489fe.cnf.xz,argumentation,UNKNOWN,0,0.008,200.005,focused,92.85,46.52,3770344,278533322,28b587cf6ecf,3,200,
ca8f36f9c54cb7f5d070abeaeec489fe.cnf.xz,argumentation,UNKNOWN,0,0.008,200.005,stable,92.39,46.29,3770344,278533322,28b587cf6ecf,3,200,
ca8f36f9c54cb7f5d070abeaeec489fe.cnf.xz,argumentation,UNKNOWN,0,0.008,200.005,analyze,41.0,20.54,3770344,278533322,28b587cf6ecf,3,200,
ca8f36f9c54cb7f5d070abeaeec489fe.cnf.xz,argumentation,UNKNOWN,0,0.008,200.005,simplify,14.3,7.16,3770344,278533322,28b587cf6ecf,3,200,
ca8f36f9c54cb7f5d070abeaeec489fe.cnf.xz,argumentation,UNKNOWN,0,0.008,200.005,probe,13.94,6.98,3770344,278533322,28b587cf6ecf,3,200,
ca8f36f9c54cb7f5d070abeaeec489fe.cnf.xz,argumentation,UNKNOWN,0,0.008,200.005,vivify,11.41,5.72,3770344,278533322,28b587cf6ecf,3,200,
ca8f36f9c54cb7f5d070abeaeec489fe.cnf.xz,argumentation,UNKNOWN,0,0.008,200.005,shrink,11.04,5.53,3770344,278533322,28b587cf6ecf,3,200,
ca8f36f9c54cb7f5d070abeaeec489fe.cnf.xz,argumentation,UNKNOWN,0,0.008,200.005,deduce,7.9,3.96,3770344,278533322,28b587cf6ecf,3,200,
ca8f36f9c54cb7f5d070abeaeec489fe.cnf.xz,argumentation,UNKNOWN,0,0.008,200.005,bump,6.65,3.33,3770344,278533322,28b587cf6ecf,3,200,
ca8f36f9c54cb7f5d070abeaeec489fe.cnf.xz,argumentation,UNKNOWN,0,0.008,200.005,vivify2,4.85,2.43,3770344,278533322,28b587cf6ecf,3,200,
ca8f36f9c54cb7f5d070abeaeec489fe.cnf.xz,argumentation,UNKNOWN,0,0.008,200.005,vivify1,3.83,1.92,3770344,278533322,28b587cf6ecf,3,200,
ca8f36f9c54cb7f5d070abeaeec489fe.cnf.xz,argumentation,UNKNOWN,0,0.008,200.005,vivify3,2.28,1.14,3770344,278533322,28b587cf6ecf,3,200,
ca8f36f9c54cb7f5d070abeaeec489fe.cnf.xz,argumentation,UNKNOWN,0,0.008,200.005,reduce,2.08,1.04,3770344,278533322,28b587cf6ecf,3,200,
ca8f36f9c54cb7f5d070abeaeec489fe.cnf.xz,argumentation,UNKNOWN,0,0.008,200.005,sweep,2.06,1.03,3770344,278533322,28b587cf6ecf,3,200,
ca8f36f9c54cb7f5d070abeaeec489fe.cnf.xz,argumentation,UNKNOWN,0,0.008,200.005,collect,1.72,0.86,3770344,278533322,28b587cf6ecf,3,200,
ca8f36f9c54cb7f5d070abeaeec489fe.cnf.xz,argumentation,UNKNOWN,0,0.008,200.005,sweepbackbone,1.66,0.83,3770344,278533322,28b587cf6ecf,3,200,
ca8f36f9c54cb7f5d070abeaeec489fe.cnf.xz,argumentation,UNKNOWN,0,0.008,200.005,minimize,1.44,0.72,3770344,278533322,28b587cf6ecf,3,200,
ca8f36f9c54cb7f5d070abeaeec489fe.cnf.xz,argumentation,UNKNOWN,0,0.008,200.005,vivify0,0.46,0.23,3770344,278533322,28b587cf6ecf,3,200,
ca8f36f9c54cb7f5d070abeaeec489fe.cnf.xz,argumentation,UNKNOWN,0,0.008,200.005,substitute,0.33,0.17,3770344,278533322,28b587cf6ecf,3,200,
ca8f36f9c54cb7f5d070abeaeec489fe.cnf.xz,argumentation,UNKNOWN,0,0.008,200.005,defrag,0.25,0.12,3770344,278533322,28b587cf6ecf,3,200,
ca8f36f9c54cb7f5d070abeaeec489fe.cnf.xz,argumentation,UNKNOWN,0,0.008,200.005,walking,0.23,0.11,3770344,278533322,28b587cf6ecf,3,200,
ca8f36f9c54cb7f5d070abeaeec489fe.cnf.xz,argumentation,UNKNOWN,0,0.008,200.005,eliminate,0.18,0.09,3770344,278533322,28b587cf6ecf,3,200,
ca8f36f9c54cb7f5d070abeaeec489fe.cnf.xz,argumentation,UNKNOWN,0,0.008,200.005,sweepequivalences,0.12,0.06,3770344,278533322,28b587cf6ecf,3,200,
ca8f36f9c54cb7f5d070abeaeec489fe.cnf.xz,argumentation,UNKNOWN,0,0.008,200.005,restart,0.08,0.04,3770344,278533322,28b587cf6ecf,3,200,
ca8f36f9c54cb7f5d070abeaeec489fe.cnf.xz,argumentation,UNKNOWN,0,0.008,200.005,factor,0.07,0.03,3770344,278533322,28b587cf6ecf,3,200,
ca8f36f9c54cb7f5d070abeaeec489fe.cnf.xz,argumentation,UNKNOWN,0,0.008,200.005,definition,0.06,0.03,3770344,278533322,28b587cf6ecf,3,200,
ca8f36f9c54cb7f5d070abeaeec489fe.cnf.xz,argumentation,UNKNOWN,0,0.008,200.005,transitive,0.05,0.02,3770344,278533322,28b587cf6ecf,3,200,
ca8f36f9c54cb7f5d070abeaeec489fe.cnf.xz,argumentation,UNKNOWN,0,0.008,200.005,preprocess,0.04,0.02,3770344,278533322,28b587cf6ecf,3,200,
ca8f36f9c54cb7f5d070abeaeec489fe.cnf.xz,argumentation,UNKNOWN,0,0.008,200.005,subsume,0.03,0.02,3770344,278533322,28b587cf6ecf,3,200,
ca8f36f9c54cb7f5d070abeaeec489fe.cnf.xz,argumentation,UNKNOWN,0,0.008,200.005,backbone,0.01,0.01,3770344,278533322,28b587cf6ecf,3,200,
ca8f36f9c54cb7f5d070abeaeec489fe.cnf.xz,argumentation,UNKNOWN,0,0.008,200.005,reorder,0.01,0.01,3770344,278533322,28b587cf6ecf,3,200,
ca8f36f9c54cb7f5d070abeaeec489fe.cnf.xz,argumentation,UNKNOWN,0,0.008,200.005,congruence,0.01,0.01,3770344,278533322,28b587cf6ecf,3,200,
ca8f36f9c54cb7f5d070abeaeec489fe.cnf.xz,argumentation,UNKNOWN,0,0.008,200.005,extract,0.01,0.0,3770344,278533322,28b587cf6ecf,3,200,
ca8f36f9c54cb7f5d070abeaeec489fe.cnf.xz,argumentation,UNKNOWN,0,0.008,200.005,warmup,0.01,0.0,3770344,278533322,28b587cf6ecf,3,200,
ca8f36f9c54cb7f5d070abeaeec489fe.cnf.xz,argumentation,UNKNOWN,0,0.008,200.005,extractands,0.0,0.0,3770344,278533322,28b587cf6ecf,3,200,
ca8f36f9c54cb7f5d070abeaeec489fe.cnf.xz,argumentation,UNKNOWN,0,0.008,200.005,parse,0.0,0.0,3770344,278533322,28b587cf6ecf,3,200,
ca8f36f9c54cb7f5d070abeaeec489fe.cnf.xz,argumentation,UNKNOWN,0,0.008,200.005,rephase,0.0,0.0,3770344,278533322,28b587cf6ecf,3,200,
ca8f36f9c54cb7f5d070abeaeec489fe.cnf.xz,argumentation,UNKNOWN,0,0.008,200.005,matching,0.0,0.0,3770344,278533322,28b587cf6ecf,3,200,
ca8f36f9c54cb7f5d070abeaeec489fe.cnf.xz,argumentation,UNKNOWN,0,0.008,200.005,extractbinaries,0.0,0.0,3770344,278533322,28b587cf6ecf,3,200,
ca8f36f9c54cb7f5d070abeaeec489fe.cnf.xz,argumentation,UNKNOWN,0,0.008,200.005,lucky,0.0,0.0,3770344,278533322,28b587cf6ecf,3,200,
ca8f36f9c54cb7f5d070abeaeec489fe.cnf.xz,argumentation,UNKNOWN,0,0.008,200.005,extractxors,0.0,0.0,3770344,278533322,28b587cf6ecf,3,200,
ca8f36f9c54cb7f5d070abeaeec489fe.cnf.xz,argumentation,UNKNOWN,0,0.008,200.005,extractites,0.0,0.0,3770344,278533322,28b587cf6ecf,3,200,
ca8f36f9c54cb7f5d070abeaeec489fe.cnf.xz,argumentation,UNKNOWN,0,0.008,200.005,merge,0.0,0.0,3770344,278533322,28b587cf6ecf,3,200,
ca8f36f9c54cb7f5d070abeaeec489fe.cnf.xz,argumentation,UNKNOWN,0,0.008,200.005,total,199.59,100.0,3770344,278533322,28b587cf6ecf,3,200,
cca1774ad0e4c13ddfeca49c75d75d29.cnf.xz,bitvector,UNKNOWN,0,0.174,200.018,search,132.08,66.43,700670,7359816066,28b587cf6ecf,3,200,
cca1774ad0e4c13ddfeca49c75d75d29.cnf.xz,bitvector,UNKNOWN,0,0.174,200.018,stable,82.65,41.57,700670,7359816066,28b587cf6ecf,3,200,
cca1774ad0e4c13ddfeca49c75d75d29.cnf.xz,bitvector,UNKNOWN,0,0.174,200.018,simplify,53.72,27.02,700670,7359816066,28b587cf6ecf,3,200,
cca1774ad0e4c13ddfeca49c75d75d29.cnf.xz,bitvector,UNKNOWN,0,0.174,200.018,focused,49.43,24.86,700670,7359816066,28b587cf6ecf,3,200,
cca1774ad0e4c13ddfeca49c75d75d29.cnf.xz,bitvector,UNKNOWN,0,0.174,200.018,probe,44.9,22.58,700670,7359816066,28b587cf6ecf,3,200,
cca1774ad0e4c13ddfeca49c75d75d29.cnf.xz,bitvector,UNKNOWN,0,0.174,200.018,analyze,27.65,13.91,700670,7359816066,28b587cf6ecf,3,200,
cca1774ad0e4c13ddfeca49c75d75d29.cnf.xz,bitvector,UNKNOWN,0,0.174,200.018,vivify,25.21,12.68,700670,7359816066,28b587cf6ecf,3,200,
cca1774ad0e4c13ddfeca49c75d75d29.cnf.xz,bitvector,UNKNOWN,0,0.174,200.018,lucky,12.17,6.12,700670,7359816066,28b587cf6ecf,3,200,
cca1774ad0e4c13ddfeca49c75d75d29.cnf.xz,bitvector,UNKNOWN,0,0.174,200.018,vivify1,11.61,5.84,700670,7359816066,28b587cf6ecf,3,200,
cca1774ad0e4c13ddfeca49c75d75d29.cnf.xz,bitvector,UNKNOWN,0,0.174,200.018,vivify0,8.97,4.51,700670,7359816066,28b587cf6ecf,3,200,
cca1774ad0e4c13ddfeca49c75d75d29.cnf.xz,bitvector,UNKNOWN,0,0.174,200.018,eliminate,8.96,4.51,700670,7359816066,28b587cf6ecf,3,200,
cca1774ad0e4c13ddfeca49c75d75d29.cnf.xz,bitvector,UNKNOWN,0,0.174,200.018,sweep,6.77,3.41,700670,7359816066,28b587cf6ecf,3,200,
cca1774ad0e4c13ddfeca49c75d75d29.cnf.xz,bitvector,UNKNOWN,0,0.174,200.018,shrink,4.14,2.08,700670,7359816066,28b587cf6ecf,3,200,
cca1774ad0e4c13ddfeca49c75d75d29.cnf.xz,bitvector,UNKNOWN,0,0.174,200.018,substitute,4.06,2.04,700670,7359816066,28b587cf6ecf,3,200,
cca1774ad0e4c13ddfeca49c75d75d29.cnf.xz,bitvector,UNKNOWN,0,0.174,200.018,factor,3.74,1.88,700670,7359816066,28b587cf6ecf,3,200,
cca1774ad0e4c13ddfeca49c75d75d29.cnf.xz,bitvector,UNKNOWN,0,0.174,200.018,definition,3.08,1.55,700670,7359816066,28b587cf6ecf,3,200,
cca1774ad0e4c13ddfeca49c75d75d29.cnf.xz,bitvector,UNKNOWN,0,0.174,200.018,vivify2,2.71,1.36,700670,7359816066,28b587cf6ecf,3,200,
cca1774ad0e4c13ddfeca49c75d75d29.cnf.xz,bitvector,UNKNOWN,0,0.174,200.018,sweepequivalences,2.38,1.2,700670,7359816066,28b587cf6ecf,3,200,
cca1774ad0e4c13ddfeca49c75d75d29.cnf.xz,bitvector,UNKNOWN,0,0.174,200.018,sweepbackbone,2.36,1.19,700670,7359816066,28b587cf6ecf,3,200,
cca1774ad0e4c13ddfeca49c75d75d29.cnf.xz,bitvector,UNKNOWN,0,0.174,200.018,transitive,2.22,1.11,700670,7359816066,28b587cf6ecf,3,200,
cca1774ad0e4c13ddfeca49c75d75d29.cnf.xz,bitvector,UNKNOWN,0,0.174,200.018,vivify3,1.92,0.96,700670,7359816066,28b587cf6ecf,3,200,
cca1774ad0e4c13ddfeca49c75d75d29.cnf.xz,bitvector,UNKNOWN,0,0.174,200.018,congruence,1.89,0.95,700670,7359816066,28b587cf6ecf,3,200,
cca1774ad0e4c13ddfeca49c75d75d29.cnf.xz,bitvector,UNKNOWN,0,0.174,200.018,collect,1.56,0.78,700670,7359816066,28b587cf6ecf,3,200,
cca1774ad0e4c13ddfeca49c75d75d29.cnf.xz,bitvector,UNKNOWN,0,0.174,200.018,reduce,1.54,0.77,700670,7359816066,28b587cf6ecf,3,200,
cca1774ad0e4c13ddfeca49c75d75d29.cnf.xz,bitvector,UNKNOWN,0,0.174,200.018,deduce,1.51,0.76,700670,7359816066,28b587cf6ecf,3,200,
cca1774ad0e4c13ddfeca49c75d75d29.cnf.xz,bitvector,UNKNOWN,0,0.174,200.018,extract,1.27,0.64,700670,7359816066,28b587cf6ecf,3,200,
cca1774ad0e4c13ddfeca49c75d75d29.cnf.xz,bitvector,UNKNOWN,0,0.174,200.018,bump,1.14,0.57,700670,7359816066,28b587cf6ecf,3,200,
cca1774ad0e4c13ddfeca49c75d75d29.cnf.xz,bitvector,UNKNOWN,0,0.174,200.018,subsume,1.04,0.52,700670,7359816066,28b587cf6ecf,3,200,
cca1774ad0e4c13ddfeca49c75d75d29.cnf.xz,bitvector,UNKNOWN,0,0.174,200.018,backbone,1.01,0.51,700670,7359816066,28b587cf6ecf,3,200,
cca1774ad0e4c13ddfeca49c75d75d29.cnf.xz,bitvector,UNKNOWN,0,0.174,200.018,preprocess,0.69,0.35,700670,7359816066,28b587cf6ecf,3,200,
cca1774ad0e4c13ddfeca49c75d75d29.cnf.xz,bitvector,UNKNOWN,0,0.174,200.018,restart,0.51,0.26,700670,7359816066,28b587cf6ecf,3,200,
cca1774ad0e4c13ddfeca49c75d75d29.cnf.xz,bitvector,UNKNOWN,0,0.174,200.018,walking,0.51,0.26,700670,7359816066,28b587cf6ecf,3,200,
cca1774ad0e4c13ddfeca49c75d75d29.cnf.xz,bitvector,UNKNOWN,0,0.174,200.018,matching,0.43,0.21,700670,7359816066,28b587cf6ecf,3,200,
cca1774ad0e4c13ddfeca49c75d75d29.cnf.xz,bitvector,UNKNOWN,0,0.174,200.018,extractxors,0.41,0.2,700670,7359816066,28b587cf6ecf,3,200,
cca1774ad0e4c13ddfeca49c75d75d29.cnf.xz,bitvector,UNKNOWN,0,0.174,200.018,extractands,0.4,0.2,700670,7359816066,28b587cf6ecf,3,200,
cca1774ad0e4c13ddfeca49c75d75d29.cnf.xz,bitvector,UNKNOWN,0,0.174,200.018,reorder,0.29,0.14,700670,7359816066,28b587cf6ecf,3,200,
cca1774ad0e4c13ddfeca49c75d75d29.cnf.xz,bitvector,UNKNOWN,0,0.174,200.018,minimize,0.2,0.1,700670,7359816066,28b587cf6ecf,3,200,
cca1774ad0e4c13ddfeca49c75d75d29.cnf.xz,bitvector,UNKNOWN,0,0.174,200.018,warmup,0.19,0.1,700670,7359816066,28b587cf6ecf,3,200,
cca1774ad0e4c13ddfeca49c75d75d29.cnf.xz,bitvector,UNKNOWN,0,0.174,200.018,parse,0.17,0.09,700670,7359816066,28b587cf6ecf,3,200,
cca1774ad0e4c13ddfeca49c75d75d29.cnf.xz,bitvector,UNKNOWN,0,0.174,200.018,extractites,0.11,0.06,700670,7359816066,28b587cf6ecf,3,200,
cca1774ad0e4c13ddfeca49c75d75d29.cnf.xz,bitvector,UNKNOWN,0,0.174,200.018,defrag,0.11,0.06,700670,7359816066,28b587cf6ecf,3,200,
cca1774ad0e4c13ddfeca49c75d75d29.cnf.xz,bitvector,UNKNOWN,0,0.174,200.018,extractbinaries,0.05,0.02,700670,7359816066,28b587cf6ecf,3,200,
cca1774ad0e4c13ddfeca49c75d75d29.cnf.xz,bitvector,UNKNOWN,0,0.174,200.018,rephase,0.0,0.0,700670,7359816066,28b587cf6ecf,3,200,
cca1774ad0e4c13ddfeca49c75d75d29.cnf.xz,bitvector,UNKNOWN,0,0.174,200.018,merge,0.0,0.0,700670,7359816066,28b587cf6ecf,3,200,
cca1774ad0e4c13ddfeca49c75d75d29.cnf.xz,bitvector,UNKNOWN,0,0.174,200.018,total,198.83,100.0,700670,7359816066,28b587cf6ecf,3,200,
d28981444ef65f40d521d743831ccb31.cnf.xz,planning,UNKNOWN,0,0.256,200.021,search,131.77,66.16,170772,980570644,28b587cf6ecf,3,200,
d28981444ef65f40d521d743831ccb31.cnf.xz,planning,UNKNOWN,0,0.256,200.021,focused,66.58,33.43,170772,980570644,28b587cf6ecf,3,200,
d28981444ef65f40d521d743831ccb31.cnf.xz,planning,UNKNOWN,0,0.256,200.021,simplify,65.4,32.84,170772,980570644,28b587cf6ecf,3,200,
d28981444ef65f40d521d743831ccb31.cnf.xz,planning,UNKNOWN,0,0.256,200.021,stable,65.19,32.73,170772,980570644,28b587cf6ecf,3,200,
d28981444ef65f40d521d743831ccb31.cnf.xz,planning,UNKNOWN,0,0.256,200.021,probe,55.75,27.99,170772,980570644,28b587cf6ecf,3,200,
d28981444ef65f40d521d743831ccb31.cnf.xz,planning,UNKNOWN,0,0.256,200.021,vivify,21.76,10.92,170772,980570644,28b587cf6ecf,3,200,
d28981444ef65f40d521d743831ccb31.cnf.xz,planning,UNKNOWN,0,0.256,200.021,sweep,17.41,8.74,170772,980570644,28b587cf6ecf,3,200,
d28981444ef65f40d521d743831ccb31.cnf.xz,planning,UNKNOWN,0,0.256,200.021,analyze,15.31,7.69,170772,980570644,28b587cf6ecf,3,200,
d28981444ef65f40d521d743831ccb31.cnf.xz,planning,UNKNOWN,0,0.256,200.021,eliminate,9.98,5.01,170772,980570644,28b587cf6ecf,3,200,
d28981444ef65f40d521d743831ccb31.cnf.xz,planning,UNKNOWN,0,0.256,200.021,vivify0,6.69,3.36,170772,980570644,28b587cf6ecf,3,200,
d28981444ef65f40d521d743831ccb31.cnf.xz,planning,UNKNOWN,0,0.256,200.021,vivify2,6.21,3.12,170772,980570644,28b587cf6ecf,3,200,
d28981444ef65f40d521d743831ccb31.cnf.xz,planning,UNKNOWN,0,0.256,200.021,sweepbackbone,6.15,3.09,170772,980570644,28b587cf6ecf,3,200,
d28981444ef65f40d521d743831ccb31.cnf.xz,planning,UNKNOWN,0,0.256,200.021,vivify1,6.13,3.08,170772,980570644,28b587cf6ecf,3,200,
d28981444ef65f40d521d743831ccb31.cnf.xz,planning,UNKNOWN,0,0.256,200.021,factor,5.25,2.63,170772,980570644,28b587cf6ecf,3,200,
d28981444ef65f40d521d743831ccb31.cnf.xz,planning,UNKNOWN,0,0.256,200.021,backbone,4.1,2.06,170772,980570644,28b587cf6ecf,3,200,
d28981444ef65f40d521d743831ccb31.cnf.xz,planning,UNKNOWN,0,0.256,200.021,shrink,4.05,2.03,170772,980570644,28b587cf6ecf,3,200,
d28981444ef65f40d521d743831ccb31.cnf.xz,planning,UNKNOWN,0,0.256,200.021,sweepequivalences,3.84,1.93,170772,980570644,28b587cf6ecf,3,200,
d28981444ef65f40d521d743831ccb31.cnf.xz,planning,UNKNOWN,0,0.256,200.021,substitute,3.62,1.82,170772,980570644,28b587cf6ecf,3,200,
d28981444ef65f40d521d743831ccb31.cnf.xz,planning,UNKNOWN,0,0.256,200.021,definition,2.94,1.48,170772,980570644,28b587cf6ecf,3,200,
d28981444ef65f40d521d743831ccb31.cnf.xz,planning,UNKNOWN,0,0.256,200.021,vivify3,2.72,1.37,170772,980570644,28b587cf6ecf,3,200,
d28981444ef65f40d521d743831ccb31.cnf.xz,planning,UNKNOWN,0,0.256,200.021,subsume,2.71,1.36,170772,980570644,28b587cf6ecf,3,200,
d28981444ef65f40d521d743831ccb31.cnf.xz,planning,UNKNOWN,0,0.256,200.021,restart,2.6,1.31,170772,980570644,28b587cf6ecf,3,200,
d28981444ef65f40d521d743831ccb31.cnf.xz,planning,UNKNOWN,0,0.256,200.021,deduce,2.59,1.3,170772,980570644,28b587cf6ecf,3,200,
d28981444ef65f40d521d743831ccb31.cnf.xz,planning,UNKNOWN,0,0.256,200.021,congruence,2.5,1.26,170772,980570644,28b587cf6ecf,3,200,
d28981444ef65f40d521d743831ccb31.cnf.xz,planning,UNKNOWN,0,0.256,200.021,extract,1.59,0.8,170772,980570644,28b587cf6ecf,3,200,
d28981444ef65f40d521d743831ccb31.cnf.xz,planning,UNKNOWN,0,0.256,200.021,bump,1.28,0.64,170772,980570644,28b587cf6ecf,3,200,
d28981444ef65f40d521d743831ccb31.cnf.xz,planning,UNKNOWN,0,0.256,200.021,preprocess,1.17,0.59,170772,980570644,28b587cf6ecf,3,200,
d28981444ef65f40d521d743831ccb31.cnf.xz,planning,UNKNOWN,0,0.256,200.021,transitive,1.1,0.55,170772,980570644,28b587cf6ecf,3,200,
d28981444ef65f40d521d743831ccb31.cnf.xz,planning,UNKNOWN,0,0.256,200.021,collect,0.99,0.5,170772,980570644,28b587cf6ecf,3,200,
d28981444ef65f40d521d743831ccb31.cnf.xz,planning,UNKNOWN,0,0.256,200.021,reduce,0.88,0.44,170772,980570644,28b587cf6ecf,3,200,
d28981444ef65f40d521d743831ccb31.cnf.xz,planning,UNKNOWN,0,0.256,200.021,matching,0.82,0.41,170772,980570644,28b587cf6ecf,3,200,
d28981444ef65f40d521d743831ccb31.cnf.xz,planning,UNKNOWN,0,0.256,200.021,extractands,0.82,0.41,170772,980570644,28b587cf6ecf,3,200,
d28981444ef65f40d521d743831ccb31.cnf.xz,planning,UNKNOWN,0,0.256,200.021,walking,0.76,0.38,170772,980570644,28b587cf6ecf,3,200,
d28981444ef65f40d521d743831ccb31.cnf.xz,planning,UNKNOWN,0,0.256,200.021,lucky,0.56,0.28,170772,980570644,28b587cf6ecf,3,200,
d28981444ef65f40d521d743831ccb31.cnf.xz,planning,UNKNOWN,0,0.256,200.021,parse,0.27,0.13,170772,980570644,28b587cf6ecf,3,200,
d28981444ef65f40d521d743831ccb31.cnf.xz,planning,UNKNOWN,0,0.256,200.021,extractxors,0.25,0.12,170772,980570644,28b587cf6ecf,3,200,
d28981444ef65f40d521d743831ccb31.cnf.xz,planning,UNKNOWN,0,0.256,200.021,defrag,0.23,0.11,170772,980570644,28b587cf6ecf,3,200,
d28981444ef65f40d521d743831ccb31.cnf.xz,planning,UNKNOWN,0,0.256,200.021,reorder,0.2,0.1,170772,980570644,28b587cf6ecf,3,200,
d28981444ef65f40d521d743831ccb31.cnf.xz,planning,UNKNOWN,0,0.256,200.021,extractbinaries,0.18,0.09,170772,980570644,28b587cf6ecf,3,200,
d28981444ef65f40d521d743831ccb31.cnf.xz,planning,UNKNOWN,0,0.256,200.021,warmup,0.16,0.08,170772,980570644,28b587cf6ecf,3,200,
d28981444ef65f40d521d743831ccb31.cnf.xz,planning,UNKNOWN,0,0.256,200.021,minimize,0.09,0.04,170772,980570644,28b587cf6ecf,3,200,
d28981444ef65f40d521d743831ccb31.cnf.xz,planning,UNKNOWN,0,0.256,200.021,extractites,0.08,0.04,170772,980570644,28b587cf6ecf,3,200,
d28981444ef65f40d521d743831ccb31.cnf.xz,planning,UNKNOWN,0,0.256,200.021,merge,0.01,0.0,170772,980570644,28b587cf6ecf,3,200,
d28981444ef65f40d521d743831ccb31.cnf.xz,planning,UNKNOWN,0,0.256,200.021,rephase,0.0,0.0,170772,980570644,28b587cf6ecf,3,200,
d28981444ef65f40d521d743831ccb31.cnf.xz,planning,UNKNOWN,0,0.256,200.021,total,199.17,100.0,170772,980570644,28b587cf6ecf,3,200,
d712442cd23dd64defa214d126148e2f.cnf.xz,station-repacking,SAT,10,0.087,40.404,search,25.31,62.85,974673,141632002,28b587cf6ecf,3,200,
d712442cd23dd64defa214d126148e2f.cnf.xz,station-repacking,SAT,10,0.087,40.404,simplify,13.85,34.4,974673,141632002,28b587cf6ecf,3,200,
d712442cd23dd64defa214d126148e2f.cnf.xz,station-repacking,SAT,10,0.087,40.404,focused,13.81,34.29,974673,141632002,28b587cf6ecf,3,200,
d712442cd23dd64defa214d126148e2f.cnf.xz,station-repacking,SAT,10,0.087,40.404,stable,11.5,28.56,974673,141632002,28b587cf6ecf,3,200,
d712442cd23dd64defa214d126148e2f.cnf.xz,station-repacking,SAT,10,0.087,40.404,probe,10.57,26.26,974673,141632002,28b587cf6ecf,3,200,
d712442cd23dd64defa214d126148e2f.cnf.xz,station-repacking,SAT,10,0.087,40.404,analyze,9.62,23.89,974673,141632002,28b587cf6ecf,3,200,
d712442cd23dd64defa214d126148e2f.cnf.xz,station-repacking,SAT,10,0.087,40.404,eliminate,3.98,9.89,974673,141632002,28b587cf6ecf,3,200,
d712442cd23dd64defa214d126148e2f.cnf.xz,station-repacking,SAT,10,0.087,40.404,vivify,3.84,9.54,974673,141632002,28b587cf6ecf,3,200,
d712442cd23dd64defa214d126148e2f.cnf.xz,station-repacking,SAT,10,0.087,40.404,shrink,2.36,5.85,974673,141632002,28b587cf6ecf,3,200,
d712442cd23dd64defa214d126148e2f.cnf.xz,station-repacking,SAT,10,0.087,40.404,factor,2.29,5.7,974673,141632002,28b587cf6ecf,3,200,
d712442cd23dd64defa214d126148e2f.cnf.xz,station-repacking,SAT,10,0.087,40.404,deduce,1.74,4.31,974673,141632002,28b587cf6ecf,3,200,
d712442cd23dd64defa214d126148e2f.cnf.xz,station-repacking,SAT,10,0.087,40.404,substitute,1.63,4.04,974673,141632002,28b587cf6ecf,3,200,
d712442cd23dd64defa214d126148e2f.cnf.xz,station-repacking,SAT,10,0.087,40.404,bump,1.56,3.87,974673,141632002,28b587cf6ecf,3,200,
d712442cd23dd64defa214d126148e2f.cnf.xz,station-repacking,SAT,10,0.087,40.404,definition,1.49,3.7,974673,141632002,28b587cf6ecf,3,200,
d712442cd23dd64defa214d126148e2f.cnf.xz,station-repacking,SAT,10,0.087,40.404,backbone,1.42,3.52,974673,141632002,28b587cf6ecf,3,200,
d712442cd23dd64defa214d126148e2f.cnf.xz,station-repacking,SAT,10,0.087,40.404,reduce,1.28,3.17,974673,141632002,28b587cf6ecf,3,200,
d712442cd23dd64defa214d126148e2f.cnf.xz,station-repacking,SAT,10,0.087,40.404,vivify1,1.25,3.1,974673,141632002,28b587cf6ecf,3,200,
d712442cd23dd64defa214d126148e2f.cnf.xz,station-repacking,SAT,10,0.087,40.404,collect,1.17,2.9,974673,141632002,28b587cf6ecf,3,200,
d712442cd23dd64defa214d126148e2f.cnf.xz,station-repacking,SAT,10,0.087,40.404,preprocess,0.99,2.46,974673,141632002,28b587cf6ecf,3,200,
d712442cd23dd64defa214d126148e2f.cnf.xz,station-repacking,SAT,10,0.087,40.404,vivify2,0.98,2.44,974673,141632002,28b587cf6ecf,3,200,
d712442cd23dd64defa214d126148e2f.cnf.xz,station-repacking,SAT,10,0.087,40.404,vivify0,0.97,2.42,974673,141632002,28b587cf6ecf,3,200,
d712442cd23dd64defa214d126148e2f.cnf.xz,station-repacking,SAT,10,0.087,40.404,sweep,0.68,1.7,974673,141632002,28b587cf6ecf,3,200,
d712442cd23dd64defa214d126148e2f.cnf.xz,station-repacking,SAT,10,0.087,40.404,vivify3,0.63,1.57,974673,141632002,28b587cf6ecf,3,200,
d712442cd23dd64defa214d126148e2f.cnf.xz,station-repacking,SAT,10,0.087,40.404,sweepbackbone,0.43,1.06,974673,141632002,28b587cf6ecf,3,200,
d712442cd23dd64defa214d126148e2f.cnf.xz,station-repacking,SAT,10,0.087,40.404,subsume,0.42,1.04,974673,141632002,28b587cf6ecf,3,200,
d712442cd23dd64defa214d126148e2f.cnf.xz,station-repacking,SAT,10,0.087,40.404,minimize,0.4,1.0,974673,141632002,28b587cf6ecf,3,200,
d712442cd23dd64defa214d126148e2f.cnf.xz,station-repacking,SAT,10,0.087,40.404,transitive,0.38,0.96,974673,141632002,28b587cf6ecf,3,200,
d712442cd23dd64defa214d126148e2f.cnf.xz,station-repacking,SAT,10,0.087,40.404,congruence,0.33,0.82,974673,141632002,28b587cf6ecf,3,200,
d712442cd23dd64defa214d126148e2f.cnf.xz,station-repacking,SAT,10,0.087,40.404,extract,0.28,0.7,974673,141632002,28b587cf6ecf,3,200,
d712442cd23dd64defa214d126148e2f.cnf.xz,station-repacking,SAT,10,0.087,40.404,walking,0.27,0.67,974673,141632002,28b587cf6ecf,3,200,
d712442cd23dd64defa214d126148e2f.cnf.xz,station-repacking,SAT,10,0.087,40.404,restart,0.14,0.36,974673,141632002,28b587cf6ecf,3,200,
d712442cd23dd64defa214d126148e2f.cnf.xz,station-repacking,SAT,10,0.087,40.404,extractands,0.14,0.35,974673,141632002,28b587cf6ecf,3,200,
d712442cd23dd64defa214d126148e2f.cnf.xz,station-repacking,SAT,10,0.087,40.404,reorder,0.14,0.35,974673,141632002,28b587cf6ecf,3,200,
d712442cd23dd64defa214d126148e2f.cnf.xz,station-repacking,SAT,10,0.087,40.404,parse,0.1,0.26,974673,141632002,28b587cf6ecf,3,200,
d712442cd23dd64defa214d126148e2f.cnf.xz,station-repacking,SAT,10,0.087,40.404,warmup,0.07,0.17,974673,141632002,28b587cf6ecf,3,200,
d712442cd23dd64defa214d126148e2f.cnf.xz,station-repacking,SAT,10,0.087,40.404,sweepequivalences,0.05,0.13,974673,141632002,28b587cf6ecf,3,200,
d712442cd23dd64defa214d126148e2f.cnf.xz,station-repacking,SAT,10,0.087,40.404,defrag,0.04,0.11,974673,141632002,28b587cf6ecf,3,200,
d712442cd23dd64defa214d126148e2f.cnf.xz,station-repacking,SAT,10,0.087,40.404,extractbinaries,0.03,0.07,974673,141632002,28b587cf6ecf,3,200,
d712442cd23dd64defa214d126148e2f.cnf.xz,station-repacking,SAT,10,0.087,40.404,lucky,0.01,0.03,974673,141632002,28b587cf6ecf,3,200,
d712442cd23dd64defa214d126148e2f.cnf.xz,station-repacking,SAT,10,0.087,40.404,extractxors,0.01,0.01,974673,141632002,28b587cf6ecf,3,200,
d712442cd23dd64defa214d126148e2f.cnf.xz,station-repacking,SAT,10,0.087,40.404,extractites,0.0,0.01,974673,141632002,28b587cf6ecf,3,200,
d712442cd23dd64defa214d126148e2f.cnf.xz,station-repacking,SAT,10,0.087,40.404,rephase,0.0,0.0,974673,141632002,28b587cf6ecf,3,200,
d712442cd23dd64defa214d126148e2f.cnf.xz,station-repacking,SAT,10,0.087,40.404,merge,0.0,0.0,974673,141632002,28b587cf6ecf,3,200,
d712442cd23dd64defa214d126148e2f.cnf.xz,station-repacking,SAT,10,0.087,40.404,total,40.26,100.0,974673,141632002,28b587cf6ecf,3,200,
db480ef956c6e29f7aa1b4ba155cfa75.cnf.xz,hardware-verification,UNKNOWN,0,0.184,200.012,search,148.4,74.33,1097874,1791660045,28b587cf6ecf,3,200,
db480ef956c6e29f7aa1b4ba155cfa75.cnf.xz,hardware-verification,UNKNOWN,0,0.184,200.012,stable,74.69,37.41,1097874,1791660045,28b587cf6ecf,3,200,
db480ef956c6e29f7aa1b4ba155cfa75.cnf.xz,hardware-verification,UNKNOWN,0,0.184,200.012,focused,73.71,36.92,1097874,1791660045,28b587cf6ecf,3,200,
db480ef956c6e29f7aa1b4ba155cfa75.cnf.xz,hardware-verification,UNKNOWN,0,0.184,200.012,simplify,47.31,23.7,1097874,1791660045,28b587cf6ecf,3,200,
db480ef956c6e29f7aa1b4ba155cfa75.cnf.xz,hardware-verification,UNKNOWN,0,0.184,200.012,analyze,40.69,20.38,1097874,1791660045,28b587cf6ecf,3,200,
db480ef956c6e29f7aa1b4ba155cfa75.cnf.xz,hardware-verification,UNKNOWN,0,0.184,200.012,probe,32.69,16.37,1097874,1791660045,28b587cf6ecf,3,200,
db480ef956c6e29f7aa1b4ba155cfa75.cnf.xz,hardware-verification,UNKNOWN,0,0.184,200.012,eliminate,17.6,8.82,1097874,1791660045,28b587cf6ecf,3,200,
db480ef956c6e29f7aa1b4ba155cfa75.cnf.xz,hardware-verification,UNKNOWN,0,0.184,200.012,shrink,17.22,8.63,1097874,1791660045,28b587cf6ecf,3,200,
db480ef956c6e29f7aa1b4ba155cfa75.cnf.xz,hardware-verification,UNKNOWN,0,0.184,200.012,vivify,16.17,8.1,1097874,1791660045,28b587cf6ecf,3,200,
db480ef956c6e29f7aa1b4ba155cfa75.cnf.xz,hardware-verification,UNKNOWN,0,0.184,200.012,definition,7.62,3.81,1097874,1791660045,28b587cf6ecf,3,200,
db480ef956c6e29f7aa1b4ba155cfa75.cnf.xz,hardware-verification,UNKNOWN,0,0.184,200.012,deduce,6.67,3.34,1097874,1791660045,28b587cf6ecf,3,200,
db480ef956c6e29f7aa1b4ba155cfa75.cnf.xz,hardware-verification,UNKNOWN,0,0.184,200.012,vivify1,5.96,2.98,1097874,1791660045,28b587cf6ecf,3,200,
db480ef956c6e29f7aa1b4ba155cfa75.cnf.xz,hardware-verification,UNKNOWN,0,0.184,200.012,vivify2,5.86,2.94,1097874,1791660045,28b587cf6ecf,3,200,
db480ef956c6e29f7aa1b4ba155cfa75.cnf.xz,hardware-verification,UNKNOWN,0,0.184,200.012,factor,4.72,2.37,1097874,1791660045,28b587cf6ecf,3,200,
db480ef956c6e29f7aa1b4ba155cfa75.cnf.xz,hardware-verification,UNKNOWN,0,0.184,200.012,sweep,4.4,2.2,1097874,1791660045,28b587cf6ecf,3,200,
db480ef956c6e29f7aa1b4ba155cfa75.cnf.xz,hardware-verification,UNKNOWN,0,0.184,200.012,bump,3.97,1.99,1097874,1791660045,28b587cf6ecf,3,200,
db480ef956c6e29f7aa1b4ba155cfa75.cnf.xz,hardware-verification,UNKNOWN,0,0.184,200.012,subsume,3.75,1.88,1097874,1791660045,28b587cf6ecf,3,200,
db480ef956c6e29f7aa1b4ba155cfa75.cnf.xz,hardware-verification,UNKNOWN,0,0.184,200.012,preprocess,3.57,1.79,1097874,1791660045,28b587cf6ecf,3,200,
db480ef956c6e29f7aa1b4ba155cfa75.cnf.xz,hardware-verification,UNKNOWN,0,0.184,200.012,substitute,2.78,1.39,1097874,1791660045,28b587cf6ecf,3,200,
db480ef956c6e29f7aa1b4ba155cfa75.cnf.xz,hardware-verification,UNKNOWN,0,0.184,200.012,backbone,2.63,1.32,1097874,1791660045,28b587cf6ecf,3,200,
db480ef956c6e29f7aa1b4ba155cfa75.cnf.xz,hardware-verification,UNKNOWN,0,0.184,200.012,restart,2.4,1.2,1097874,1791660045,28b587cf6ecf,3,200,
db480ef956c6e29f7aa1b4ba155cfa75.cnf.xz,hardware-verification,UNKNOWN,0,0.184,200.012,vivify0,2.35,1.18,1097874,1791660045,28b587cf6ecf,3,200,
db480ef956c6e29f7aa1b4ba155cfa75.cnf.xz,hardware-verification,UNKNOWN,0,0.184,200.012,vivify3,2.0,1.0,1097874,1791660045,28b587cf6ecf,3,200,
db480ef956c6e29f7aa1b4ba155cfa75.cnf.xz,hardware-verification,UNKNOWN,0,0.184,200.012,sweepbackbone,1.66,0.83,1097874,1791660045,28b587cf6ecf,3,200,
db480ef956c6e29f7aa1b4ba155cfa75.cnf.xz,hardware-verification,UNKNOWN,0,0.184,200.012,reduce,1.51,0.75,1097874,1791660045,28b587cf6ecf,3,200,
db480ef956c6e29f7aa1b4ba155cfa75.cnf.xz,hardware-verification,UNKNOWN,0,0.184,200.012,collect,1.45,0.73,1097874,1791660045,28b587cf6ecf,3,200,
db480ef956c6e29f7aa1b4ba155cfa75.cnf.xz,hardware-verification,UNKNOWN,0,0.184,200.012,transitive,1.1,0.55,1097874,1791660045,28b587cf6ecf,3,200,
db480ef956c6e29f7aa1b4ba155cfa75.cnf.xz,hardware-verification,UNKNOWN,0,0.184,200.012,congruence,0.88,0.44,1097874,1791660045,28b587cf6ecf,3,200,
db480ef956c6e29f7aa1b4ba155cfa75.cnf.xz,hardware-verification,UNKNOWN,0,0.184,200.012,extract,0.77,0.38,1097874,1791660045,28b587cf6ecf,3,200,
db480ef956c6e29f7aa1b4ba155cfa75.cnf.xz,hardware-verification,UNKNOWN,0,0.184,200.012,minimize,0.6,0.3,1097874,1791660045,28b587cf6ecf,3,200,
db480ef956c6e29f7aa1b4ba155cfa75.cnf.xz,hardware-verification,UNKNOWN,0,0.184,200.012,walking,0.56,0.28,1097874,1791660045,28b587cf6ecf,3,200,
db480ef956c6e29f7aa1b4ba155cfa75.cnf.xz,hardware-verification,UNKNOWN,0,0.184,200.012,extractands,0.52,0.26,1097874,1791660045,28b587cf6ecf,3,200,
db480ef956c6e29f7aa1b4ba155cfa75.cnf.xz,hardware-verification,UNKNOWN,0,0.184,200.012,sweepequivalences,0.47,0.24,1097874,1791660045,28b587cf6ecf,3,200,
db480ef956c6e29f7aa1b4ba155cfa75.cnf.xz,hardware-verification,UNKNOWN,0,0.184,200.012,defrag,0.35,0.18,1097874,1791660045,28b587cf6ecf,3,200,
db480ef956c6e29f7aa1b4ba155cfa75.cnf.xz,hardware-verification,UNKNOWN,0,0.184,200.012,parse,0.3,0.15,1097874,1791660045,28b587cf6ecf,3,200,
db480ef956c6e29f7aa1b4ba155cfa75.cnf.xz,hardware-verification,UNKNOWN,0,0.184,200.012,reorder,0.22,0.11,1097874,1791660045,28b587cf6ecf,3,200,
db480ef956c6e29f7aa1b4ba155cfa75.cnf.xz,hardware-verification,UNKNOWN,0,0.184,200.012,warmup,0.13,0.06,1097874,1791660045,28b587cf6ecf,3,200,
db480ef956c6e29f7aa1b4ba155cfa75.cnf.xz,hardware-verification,UNKNOWN,0,0.184,200.012,lucky,0.08,0.04,1097874,1791660045,28b587cf6ecf,3,200,
db480ef956c6e29f7aa1b4ba155cfa75.cnf.xz,hardware-verification,UNKNOWN,0,0.184,200.012,extractbinaries,0.06,0.03,1097874,1791660045,28b587cf6ecf,3,200,
db480ef956c6e29f7aa1b4ba155cfa75.cnf.xz,hardware-verification,UNKNOWN,0,0.184,200.012,matching,0.05,0.02,1097874,1791660045,28b587cf6ecf,3,200,
db480ef956c6e29f7aa1b4ba155cfa75.cnf.xz,hardware-verification,UNKNOWN,0,0.184,200.012,extractxors,0.03,0.02,1097874,1791660045,28b587cf6ecf,3,200,
db480ef956c6e29f7aa1b4ba155cfa75.cnf.xz,hardware-verification,UNKNOWN,0,0.184,200.012,extractites,0.03,0.01,1097874,1791660045,28b587cf6ecf,3,200,
db480ef956c6e29f7aa1b4ba155cfa75.cnf.xz,hardware-verification,UNKNOWN,0,0.184,200.012,rephase,0.0,0.0,1097874,1791660045,28b587cf6ecf,3,200,
db480ef956c6e29f7aa1b4ba155cfa75.cnf.xz,hardware-verification,UNKNOWN,0,0.184,200.012,merge,0.0,0.0,1097874,1791660045,28b587cf6ecf,3,200,
db480ef956c6e29f7aa1b4ba155cfa75.cnf.xz,hardware-verification,UNKNOWN,0,0.184,200.012,total,199.66,100.0,1097874,1791660045,28b587cf6ecf,3,200,
eae918cf9ef468beb4ea91aafbbc9708.cnf.xz,scheduling,UNKNOWN,0,0.217,200.379,search,147.38,73.75,282418,681991311,28b587cf6ecf,3,200,
eae918cf9ef468beb4ea91aafbbc9708.cnf.xz,scheduling,UNKNOWN,0,0.217,200.379,focused,78.33,39.2,282418,681991311,28b587cf6ecf,3,200,
eae918cf9ef468beb4ea91aafbbc9708.cnf.xz,scheduling,UNKNOWN,0,0.217,200.379,stable,69.05,34.55,282418,681991311,28b587cf6ecf,3,200,
eae918cf9ef468beb4ea91aafbbc9708.cnf.xz,scheduling,UNKNOWN,0,0.217,200.379,simplify,51.76,25.9,282418,681991311,28b587cf6ecf,3,200,
eae918cf9ef468beb4ea91aafbbc9708.cnf.xz,scheduling,UNKNOWN,0,0.217,200.379,probe,43.31,21.67,282418,681991311,28b587cf6ecf,3,200,
eae918cf9ef468beb4ea91aafbbc9708.cnf.xz,scheduling,UNKNOWN,0,0.217,200.379,vivify,23.45,11.73,282418,681991311,28b587cf6ecf,3,200,
eae918cf9ef468beb4ea91aafbbc9708.cnf.xz,scheduling,UNKNOWN,0,0.217,200.379,analyze,17.44,8.73,282418,681991311,28b587cf6ecf,3,200,
eae918cf9ef468beb4ea91aafbbc9708.cnf.xz,scheduling,UNKNOWN,0,0.217,200.379,vivify2,8.57,4.29,282418,681991311,28b587cf6ecf,3,200,
eae918cf9ef468beb4ea91aafbbc9708.cnf.xz,scheduling,UNKNOWN,0,0.217,200.379,vivify1,8.06,4.03,282418,681991311,28b587cf6ecf,3,200,
eae918cf9ef468beb4ea91aafbbc9708.cnf.xz,scheduling,UNKNOWN,0,0.217,200.379,shrink,7.37,3.69,282418,681991311,28b587cf6ecf,3,200,
eae918cf9ef468beb4ea91aafbbc9708.cnf.xz,scheduling,UNKNOWN,0,0.217,200.379,eliminate,7.06,3.53,282418,681991311,28b587cf6ecf,3,200,
eae918cf9ef468beb4ea91aafbbc9708.cnf.xz,scheduling,UNKNOWN,0,0.217,200.379,factor,5.49,2.75,282418,681991311,28b587cf6ecf,3,200,
eae918cf9ef468beb4ea91aafbbc9708.cnf.xz,scheduling,UNKNOWN,0,0.217,200.379,substitute,4.51,2.26,282418,681991311,28b587cf6ecf,3,200,
eae918cf9ef468beb4ea91aafbbc9708.cnf.xz,scheduling,UNKNOWN,0,0.217,200.379,sweep,4.34,2.17,282418,681991311,28b587cf6ecf,3,200,
eae918cf9ef468beb4ea91aafbbc9708.cnf.xz,scheduling,UNKNOWN,0,0.217,200.379,vivify3,3.6,1.8,282418,681991311,28b587cf6ecf,3,200,
eae918cf9ef468beb4ea91aafbbc9708.cnf.xz,scheduling,UNKNOWN,0,0.217,200.379,vivify0,3.22,1.61,282418,681991311,28b587cf6ecf,3,200,
eae918cf9ef468beb4ea91aafbbc9708.cnf.xz,scheduling,UNKNOWN,0,0.217,200.379,bump,2.82,1.41,282418,681991311,28b587cf6ecf,3,200,
eae918cf9ef468beb4ea91aafbbc9708.cnf.xz,scheduling,UNKNOWN,0,0.217,200.379,backbone,2.63,1.32,282418,681991311,28b587cf6ecf,3,200,
eae918cf9ef468beb4ea91aafbbc9708.cnf.xz,scheduling,UNKNOWN,0,0.217,200.379,deduce,2.5,1.25,282418,681991311,28b587cf6ecf,3,200,
eae918cf9ef468beb4ea91aafbbc9708.cnf.xz,scheduling,UNKNOWN,0,0.217,200.379,definition,2.38,1.19,282418,681991311,28b587cf6ecf,3,200,
eae918cf9ef468beb4ea91aafbbc9708.cnf.xz,scheduling,UNKNOWN,0,0.217,200.379,walking,1.81,0.91,282418,681991311,28b587cf6ecf,3,200,
eae918cf9ef468beb4ea91aafbbc9708.cnf.xz,scheduling,UNKNOWN,0,0.217,200.379,sweepbackbone,1.81,0.9,282418,681991311,28b587cf6ecf,3,200,
eae918cf9ef468beb4ea91aafbbc9708.cnf.xz,scheduling,UNKNOWN,0,0.217,200.379,congruence,1.59,0.8,282418,681991311,28b587cf6ecf,3,200,
eae918cf9ef468beb4ea91aafbbc9708.cnf.xz,scheduling,UNKNOWN,0,0.217,200.379,extract,1.44,0.72,282418,681991311,28b587cf6ecf,3,200,
eae918cf9ef468beb4ea91aafbbc9708.cnf.xz,scheduling,UNKNOWN,0,0.217,200.379,transitive,1.3,0.65,282418,681991311,28b587cf6ecf,3,200,
eae918cf9ef468beb4ea91aafbbc9708.cnf.xz,scheduling,UNKNOWN,0,0.217,200.379,sweepequivalences,1.28,0.64,282418,681991311,28b587cf6ecf,3,200,
eae918cf9ef468beb4ea91aafbbc9708.cnf.xz,scheduling,UNKNOWN,0,0.217,200.379,collect,1.16,0.58,282418,681991311,28b587cf6ecf,3,200,
eae918cf9ef468beb4ea91aafbbc9708.cnf.xz,scheduling,UNKNOWN,0,0.217,200.379,subsume,1.15,0.58,282418,681991311,28b587cf6ecf,3,200,
eae918cf9ef468beb4ea91aafbbc9708.cnf.xz,scheduling,UNKNOWN,0,0.217,200.379,reduce,1.11,0.56,282418,681991311,28b587cf6ecf,3,200,
eae918cf9ef468beb4ea91aafbbc9708.cnf.xz,scheduling,UNKNOWN,0,0.217,200.379,restart,0.64,0.32,282418,681991311,28b587cf6ecf,3,200,
eae918cf9ef468beb4ea91aafbbc9708.cnf.xz,scheduling,UNKNOWN,0,0.217,200.379,extractxors,0.63,0.31,282418,681991311,28b587cf6ecf,3,200,
eae918cf9ef468beb4ea91aafbbc9708.cnf.xz,scheduling,UNKNOWN,0,0.217,200.379,preprocess,0.42,0.21,282418,681991311,28b587cf6ecf,3,200,
eae918cf9ef468beb4ea91aafbbc9708.cnf.xz,scheduling,UNKNOWN,0,0.217,200.379,reorder,0.26,0.13,282418,681991311,28b587cf6ecf,3,200,
eae918cf9ef468beb4ea91aafbbc9708.cnf.xz,scheduling,UNKNOWN,0,0.217,200.379,warmup,0.24,0.12,282418,681991311,28b587cf6ecf,3,200,
eae918cf9ef468beb4ea91aafbbc9708.cnf.xz,scheduling,UNKNOWN,0,0.217,200.379,parse,0.22,0.11,282418,681991311,28b587cf6ecf,3,200,
eae918cf9ef468beb4ea91aafbbc9708.cnf.xz,scheduling,UNKNOWN,0,0.217,200.379,extractands,0.2,0.1,282418,681991311,28b587cf6ecf,3,200,
eae918cf9ef468beb4ea91aafbbc9708.cnf.xz,scheduling,UNKNOWN,0,0.217,200.379,extractites,0.19,0.1,282418,681991311,28b587cf6ecf,3,200,
eae918cf9ef468beb4ea91aafbbc9708.cnf.xz,scheduling,UNKNOWN,0,0.217,200.379,minimize,0.15,0.07,282418,681991311,28b587cf6ecf,3,200,
eae918cf9ef468beb4ea91aafbbc9708.cnf.xz,scheduling,UNKNOWN,0,0.217,200.379,matching,0.08,0.04,282418,681991311,28b587cf6ecf,3,200,
eae918cf9ef468beb4ea91aafbbc9708.cnf.xz,scheduling,UNKNOWN,0,0.217,200.379,extractbinaries,0.07,0.04,282418,681991311,28b587cf6ecf,3,200,
eae918cf9ef468beb4ea91aafbbc9708.cnf.xz,scheduling,UNKNOWN,0,0.217,200.379,lucky,0.06,0.03,282418,681991311,28b587cf6ecf,3,200,
eae918cf9ef468beb4ea91aafbbc9708.cnf.xz,scheduling,UNKNOWN,0,0.217,200.379,defrag,0.02,0.01,282418,681991311,28b587cf6ecf,3,200,
eae918cf9ef468beb4ea91aafbbc9708.cnf.xz,scheduling,UNKNOWN,0,0.217,200.379,rephase,0.0,0.0,282418,681991311,28b587cf6ecf,3,200,
eae918cf9ef468beb4ea91aafbbc9708.cnf.xz,scheduling,UNKNOWN,0,0.217,200.379,merge,0.0,0.0,282418,681991311,28b587cf6ecf,3,200,
eae918cf9ef468beb4ea91aafbbc9708.cnf.xz,scheduling,UNKNOWN,0,0.217,200.379,total,199.83,100.0,282418,681991311,28b587cf6ecf,3,200,
eb064256d3bb89c433a4ade5ff1c8805.cnf.xz,station-repacking,UNKNOWN,0,0.153,200.013,search,153.23,76.84,3041004,533330717,28b587cf6ecf,3,200,
eb064256d3bb89c433a4ade5ff1c8805.cnf.xz,station-repacking,UNKNOWN,0,0.153,200.013,focused,87.52,43.89,3041004,533330717,28b587cf6ecf,3,200,
eb064256d3bb89c433a4ade5ff1c8805.cnf.xz,station-repacking,UNKNOWN,0,0.153,200.013,stable,65.71,32.95,3041004,533330717,28b587cf6ecf,3,200,
eb064256d3bb89c433a4ade5ff1c8805.cnf.xz,station-repacking,UNKNOWN,0,0.153,200.013,simplify,44.45,22.29,3041004,533330717,28b587cf6ecf,3,200,
eb064256d3bb89c433a4ade5ff1c8805.cnf.xz,station-repacking,UNKNOWN,0,0.153,200.013,analyze,42.07,21.1,3041004,533330717,28b587cf6ecf,3,200,
eb064256d3bb89c433a4ade5ff1c8805.cnf.xz,station-repacking,UNKNOWN,0,0.153,200.013,probe,38.61,19.36,3041004,533330717,28b587cf6ecf,3,200,
eb064256d3bb89c433a4ade5ff1c8805.cnf.xz,station-repacking,UNKNOWN,0,0.153,200.013,vivify,17.15,8.6,3041004,533330717,28b587cf6ecf,3,200,
eb064256d3bb89c433a4ade5ff1c8805.cnf.xz,station-repacking,UNKNOWN,0,0.153,200.013,shrink,10.38,5.21,3041004,533330717,28b587cf6ecf,3,200,
eb064256d3bb89c433a4ade5ff1c8805.cnf.xz,station-repacking,UNKNOWN,0,0.153,200.013,deduce,7.79,3.91,3041004,533330717,28b587cf6ecf,3,200,
eb064256d3bb89c433a4ade5ff1c8805.cnf.xz,station-repacking,UNKNOWN,0,0.153,200.013,sweep,7.05,3.53,3041004,533330717,28b587cf6ecf,3,200,
eb064256d3bb89c433a4ade5ff1c8805.cnf.xz,station-repacking,UNKNOWN,0,0.153,200.013,bump,6.77,3.39,3041004,533330717,28b587cf6ecf,3,200,
eb064256d3bb89c433a4ade5ff1c8805.cnf.xz,station-repacking,UNKNOWN,0,0.153,200.013,eliminate,6.53,3.27,3041004,533330717,28b587cf6ecf,3,200,
eb064256d3bb89c433a4ade5ff1c8805.cnf.xz,station-repacking,UNKNOWN,0,0.153,200.013,vivify2,5.69,2.86,3041004,533330717,28b587cf6ecf,3,200,
eb064256d3bb89c433a4ade5ff1c8805.cnf.xz,station-repacking,UNKNOWN,0,0.153,200.013,vivify1,5.28,2.65,3041004,533330717,28b587cf6ecf,3,200,
eb064256d3bb89c433a4ade5ff1c8805.cnf.xz,station-repacking,UNKNOWN,0,0.153,200.013,sweepbackbone,5.26,2.64,3041004,533330717,28b587cf6ecf,3,200,
eb064256d3bb89c433a4ade5ff1c8805.cnf.xz,station-repacking,UNKNOWN,0,0.153,200.013,backbone,4.56,2.29,3041004,533330717,28b587cf6ecf,3,200,
eb064256d3bb89c433a4ade5ff1c8805.cnf.xz,station-repacking,UNKNOWN,0,0.153,200.013,factor,3.95,1.98,3041004,533330717,28b587cf6ecf,3,200,
eb064256d3bb89c433a4ade5ff1c8805.cnf.xz,station-repacking,UNKNOWN,0,0.153,200.013,reduce,3.94,1.97,3041004,533330717,28b587cf6ecf,3,200,
eb064256d3bb89c433a4ade5ff1c8805.cnf.xz,station-repacking,UNKNOWN,0,0.153,200.013,substitute,3.93,1.97,3041004,533330717,28b587cf6ecf,3,200,
eb064256d3bb89c433a4ade5ff1c8805.cnf.xz,station-repacking,UNKNOWN,0,0.153,200.013,collect,3.6,1.81,3041004,533330717,28b587cf6ecf,3,200,
eb064256d3bb89c433a4ade5ff1c8805.cnf.xz,station-repacking,UNKNOWN,0,0.153,200.013,vivify0,3.36,1.69,3041004,533330717,28b587cf6ecf,3,200,
eb064256d3bb89c433a4ade5ff1c8805.cnf.xz,station-repacking,UNKNOWN,0,0.153,200.013,vivify3,2.82,1.41,3041004,533330717,28b587cf6ecf,3,200,
eb064256d3bb89c433a4ade5ff1c8805.cnf.xz,station-repacking,UNKNOWN,0,0.153,200.013,definition,2.37,1.19,3041004,533330717,28b587cf6ecf,3,200,
eb064256d3bb89c433a4ade5ff1c8805.cnf.xz,station-repacking,UNKNOWN,0,0.153,200.013,minimize,1.71,0.86,3041004,533330717,28b587cf6ecf,3,200,
eb064256d3bb89c433a4ade5ff1c8805.cnf.xz,station-repacking,UNKNOWN,0,0.153,200.013,preprocess,1.56,0.78,3041004,533330717,28b587cf6ecf,3,200,
eb064256d3bb89c433a4ade5ff1c8805.cnf.xz,station-repacking,UNKNOWN,0,0.153,200.013,transitive,1.44,0.72,3041004,533330717,28b587cf6ecf,3,200,
eb064256d3bb89c433a4ade5ff1c8805.cnf.xz,station-repacking,UNKNOWN,0,0.153,200.013,walking,0.86,0.43,3041004,533330717,28b587cf6ecf,3,200,
eb064256d3bb89c433a4ade5ff1c8805.cnf.xz,station-repacking,UNKNOWN,0,0.153,200.013,restart,0.86,0.43,3041004,533330717,28b587cf6ecf,3,200,
eb064256d3bb89c433a4ade5ff1c8805.cnf.xz,station-repacking,UNKNOWN,0,0.153,200.013,subsume,0.72,0.36,3041004,533330717,28b587cf6ecf,3,200,
eb064256d3bb89c433a4ade5ff1c8805.cnf.xz,station-repacking,UNKNOWN,0,0.153,200.013,congruence,0.53,0.26,3041004,533330717,28b587cf6ecf,3,200,
eb064256d3bb89c433a4ade5ff1c8805.cnf.xz,station-repacking,UNKNOWN,0,0.153,200.013,extract,0.44,0.22,3041004,533330717,28b587cf6ecf,3,200,
eb064256d3bb89c433a4ade5ff1c8805.cnf.xz,station-repacking,UNKNOWN,0,0.153,200.013,sweepequivalences,0.36,0.18,3041004,533330717,28b587cf6ecf,3,200,
eb064256d3bb89c433a4ade5ff1c8805.cnf.xz,station-repacking,UNKNOWN,0,0.153,200.013,reorder,0.35,0.18,3041004,533330717,28b587cf6ecf,3,200,
eb064256d3bb89c433a4ade5ff1c8805.cnf.xz,station-repacking,UNKNOWN,0,0.153,200.013,extractands,0.23,0.12,3041004,533330717,28b587cf6ecf,3,200,
eb064256d3bb89c433a4ade5ff1c8805.cnf.xz,station-repacking,UNKNOWN,0,0.153,200.013,warmup,0.15,0.08,3041004,533330717,28b587cf6ecf,3,200,
eb064256d3bb89c433a4ade5ff1c8805.cnf.xz,station-repacking,UNKNOWN,0,0.153,200.013,parse,0.15,0.08,3041004,533330717,28b587cf6ecf,3,200,
eb064256d3bb89c433a4ade5ff1c8805.cnf.xz,station-repacking,UNKNOWN,0,0.153,200.013,defrag,0.13,0.06,3041004,533330717,28b587cf6ecf,3,200,
eb064256d3bb89c433a4ade5ff1c8805.cnf.xz,station-repacking,UNKNOWN,0,0.153,200.013,extractbinaries,0.05,0.03,3041004,533330717,28b587cf6ecf,3,200,
eb064256d3bb89c433a4ade5ff1c8805.cnf.xz,station-repacking,UNKNOWN,0,0.153,200.013,lucky,0.02,0.01,3041004,533330717,28b587cf6ecf,3,200,
eb064256d3bb89c433a4ade5ff1c8805.cnf.xz,station-repacking,UNKNOWN,0,0.153,200.013,extractxors,0.01,0.0,3041004,533330717,28b587cf6ecf,3,200,
eb064256d3bb89c433a4ade5ff1c8805.cnf.xz,station-repacking,UNKNOWN,0,0.153,200.013,extractites,0.01,0.0,3041004,533330717,28b587cf6ecf,3,200,
eb064256d3bb89c433a4ade5ff1c8805.cnf.xz,station-repacking,UNKNOWN,0,0.153,200.013,rephase,0.0,0.0,3041004,533330717,28b587cf6ecf,3,200,
eb064256d3bb89c433a4ade5ff1c8805.cnf.xz,station-repacking,UNKNOWN,0,0.153,200.013,merge,0.0,0.0,3041004,533330717,28b587cf6ecf,3,200,
eb064256d3bb89c433a4ade5ff1c8805.cnf.xz,station-repacking,UNKNOWN,0,0.153,200.013,total,199.41,100.0,3041004,533330717,28b587cf6ecf,3,200,
fbc694fc1c89942c03419264d204185c.cnf.xz,cryptography,UNKNOWN,0,0.226,200.019,search,155.63,78.42,1324182,293613600,28b587cf6ecf,3,200,
fbc694fc1c89942c03419264d204185c.cnf.xz,cryptography,UNKNOWN,0,0.226,200.019,stable,79.49,40.05,1324182,293613600,28b587cf6ecf,3,200,
fbc694fc1c89942c03419264d204185c.cnf.xz,cryptography,UNKNOWN,0,0.226,200.019,focused,76.15,38.37,1324182,293613600,28b587cf6ecf,3,200,
fbc694fc1c89942c03419264d204185c.cnf.xz,cryptography,UNKNOWN,0,0.226,200.019,simplify,41.57,20.95,1324182,293613600,28b587cf6ecf,3,200,
fbc694fc1c89942c03419264d204185c.cnf.xz,cryptography,UNKNOWN,0,0.226,200.019,analyze,38.66,19.48,1324182,293613600,28b587cf6ecf,3,200,
fbc694fc1c89942c03419264d204185c.cnf.xz,cryptography,UNKNOWN,0,0.226,200.019,probe,34.56,17.42,1324182,293613600,28b587cf6ecf,3,200,
fbc694fc1c89942c03419264d204185c.cnf.xz,cryptography,UNKNOWN,0,0.226,200.019,vivify,19.55,9.85,1324182,293613600,28b587cf6ecf,3,200,
fbc694fc1c89942c03419264d204185c.cnf.xz,cryptography,UNKNOWN,0,0.226,200.019,shrink,16.44,8.28,1324182,293613600,28b587cf6ecf,3,200,
fbc694fc1c89942c03419264d204185c.cnf.xz,cryptography,UNKNOWN,0,0.226,200.019,eliminate,6.95,3.5,1324182,293613600,28b587cf6ecf,3,200,
fbc694fc1c89942c03419264d204185c.cnf.xz,cryptography,UNKNOWN,0,0.226,200.019,deduce,6.01,3.03,1324182,293613600,28b587cf6ecf,3,200,
fbc694fc1c89942c03419264d204185c.cnf.xz,cryptography,UNKNOWN,0,0.226,200.019,vivify3,5.73,2.89,1324182,293613600,28b587cf6ecf,3,200,
fbc694fc1c89942c03419264d204185c.cnf.xz,cryptography,UNKNOWN,0,0.226,200.019,vivify1,5.3,2.67,1324182,293613600,28b587cf6ecf,3,200,
fbc694fc1c89942c03419264d204185c.cnf.xz,cryptography,UNKNOWN,0,0.226,200.019,substitute,4.62,2.33,1324182,293613600,28b587cf6ecf,3,200,
fbc694fc1c89942c03419264d204185c.cnf.xz,cryptography,UNKNOWN,0,0.226,200.019,vivify2,4.57,2.3,1324182,293613600,28b587cf6ecf,3,200,
fbc694fc1c89942c03419264d204185c.cnf.xz,cryptography,UNKNOWN,0,0.226,200.019,factor,4.3,2.17,1324182,293613600,28b587cf6ecf,3,200,
fbc694fc1c89942c03419264d204185c.cnf.xz,cryptography,UNKNOWN,0,0.226,200.019,bump,4.17,2.1,1324182,293613600,28b587cf6ecf,3,200,
fbc694fc1c89942c03419264d204185c.cnf.xz,cryptography,UNKNOWN,0,0.226,200.019,vivify0,3.95,1.99,1324182,293613600,28b587cf6ecf,3,200,
fbc694fc1c89942c03419264d204185c.cnf.xz,cryptography,UNKNOWN,0,0.226,200.019,sweep,3.72,1.88,1324182,293613600,28b587cf6ecf,3,200,
fbc694fc1c89942c03419264d204185c.cnf.xz,cryptography,UNKNOWN,0,0.226,200.019,reduce,2.72,1.37,1324182,293613600,28b587cf6ecf,3,200,
fbc694fc1c89942c03419264d204185c.cnf.xz,cryptography,UNKNOWN,0,0.226,200.019,collect,2.63,1.33,1324182,293613600,28b587cf6ecf,3,200,
fbc694fc1c89942c03419264d204185c.cnf.xz,cryptography,UNKNOWN,0,0.226,200.019,subsume,2.15,1.08,1324182,293613600,28b587cf6ecf,3,200,
fbc694fc1c89942c03419264d204185c.cnf.xz,cryptography,UNKNOWN,0,0.226,200.019,definition,2.0,1.01,1324182,293613600,28b587cf6ecf,3,200,
fbc694fc1c89942c03419264d204185c.cnf.xz,cryptography,UNKNOWN,0,0.226,200.019,congruence,1.33,0.67,1324182,293613600,28b587cf6ecf,3,200,
fbc694fc1c89942c03419264d204185c.cnf.xz,cryptography,UNKNOWN,0,0.226,200.019,sweepbackbone,1.31,0.66,1324182,293613600,28b587cf6ecf,3,200,
fbc694fc1c89942c03419264d204185c.cnf.xz,cryptography,UNKNOWN,0,0.226,200.019,sweepequivalences,1.15,0.58,1324182,293613600,28b587cf6ecf,3,200,
fbc694fc1c89942c03419264d204185c.cnf.xz,cryptography,UNKNOWN,0,0.226,200.019,extract,1.03,0.52,1324182,293613600,28b587cf6ecf,3,200,
fbc694fc1c89942c03419264d204185c.cnf.xz,cryptography,UNKNOWN,0,0.226,200.019,walking,0.9,0.45,1324182,293613600,28b587cf6ecf,3,200,
fbc694fc1c89942c03419264d204185c.cnf.xz,cryptography,UNKNOWN,0,0.226,200.019,preprocess,0.88,0.45,1324182,293613600,28b587cf6ecf,3,200,
fbc694fc1c89942c03419264d204185c.cnf.xz,cryptography,UNKNOWN,0,0.226,200.019,minimize,0.82,0.41,1324182,293613600,28b587cf6ecf,3,200,
fbc694fc1c89942c03419264d204185c.cnf.xz,cryptography,UNKNOWN,0,0.226,200.019,restart,0.64,0.32,1324182,293613600,28b587cf6ecf,3,200,
fbc694fc1c89942c03419264d204185c.cnf.xz,cryptography,UNKNOWN,0,0.226,200.019,transitive,0.62,0.31,1324182,293613600,28b587cf6ecf,3,200,
fbc694fc1c89942c03419264d204185c.cnf.xz,cryptography,UNKNOWN,0,0.226,200.019,extractxors,0.54,0.27,1324182,293613600,28b587cf6ecf,3,200,
fbc694fc1c89942c03419264d204185c.cnf.xz,cryptography,UNKNOWN,0,0.226,200.019,backbone,0.41,0.21,1324182,293613600,28b587cf6ecf,3,200,
fbc694fc1c89942c03419264d204185c.cnf.xz,cryptography,UNKNOWN,0,0.226,200.019,reorder,0.36,0.18,1324182,293613600,28b587cf6ecf,3,200,
fbc694fc1c89942c03419264d204185c.cnf.xz,cryptography,UNKNOWN,0,0.226,200.019,warmup,0.28,0.14,1324182,293613600,28b587cf6ecf,3,200,
fbc694fc1c89942c03419264d204185c.cnf.xz,cryptography,UNKNOWN,0,0.226,200.019,parse,0.27,0.13,1324182,293613600,28b587cf6ecf,3,200,
fbc694fc1c89942c03419264d204185c.cnf.xz,cryptography,UNKNOWN,0,0.226,200.019,matching,0.25,0.13,1324182,293613600,28b587cf6ecf,3,200,
fbc694fc1c89942c03419264d204185c.cnf.xz,cryptography,UNKNOWN,0,0.226,200.019,extractites,0.16,0.08,1324182,293613600,28b587cf6ecf,3,200,
fbc694fc1c89942c03419264d204185c.cnf.xz,cryptography,UNKNOWN,0,0.226,200.019,defrag,0.15,0.07,1324182,293613600,28b587cf6ecf,3,200,
fbc694fc1c89942c03419264d204185c.cnf.xz,cryptography,UNKNOWN,0,0.226,200.019,lucky,0.1,0.05,1324182,293613600,28b587cf6ecf,3,200,
fbc694fc1c89942c03419264d204185c.cnf.xz,cryptography,UNKNOWN,0,0.226,200.019,extractands,0.06,0.03,1324182,293613600,28b587cf6ecf,3,200,
fbc694fc1c89942c03419264d204185c.cnf.xz,cryptography,UNKNOWN,0,0.226,200.019,extractbinaries,0.04,0.02,1324182,293613600,28b587cf6ecf,3,200,
fbc694fc1c89942c03419264d204185c.cnf.xz,cryptography,UNKNOWN,0,0.226,200.019,rephase,0.0,0.0,1324182,293613600,28b587cf6ecf,3,200,
fbc694fc1c89942c03419264d204185c.cnf.xz,cryptography,UNKNOWN,0,0.226,200.019,merge,0.0,0.0,1324182,293613600,28b587cf6ecf,3,200,
fbc694fc1c89942c03419264d204185c.cnf.xz,cryptography,UNKNOWN,0,0.226,200.019,total,198.45,100.0,1324182,293613600,28b587cf6ecf,3,200,
feb7f4a9414a3c92ddd2effa30bae801.cnf.xz,station-repacking,SAT,10,0.146,97.930,search,71.78,73.43,1898258,270330856,28b587cf6ecf,3,200,
feb7f4a9414a3c92ddd2effa30bae801.cnf.xz,station-repacking,SAT,10,0.146,97.930,focused,38.77,39.66,1898258,270330856,28b587cf6ecf,3,200,
feb7f4a9414a3c92ddd2effa30bae801.cnf.xz,station-repacking,SAT,10,0.146,97.930,stable,33.01,33.77,1898258,270330856,28b587cf6ecf,3,200,
feb7f4a9414a3c92ddd2effa30bae801.cnf.xz,station-repacking,SAT,10,0.146,97.930,analyze,27.16,27.78,1898258,270330856,28b587cf6ecf,3,200,
feb7f4a9414a3c92ddd2effa30bae801.cnf.xz,station-repacking,SAT,10,0.146,97.930,simplify,24.45,25.01,1898258,270330856,28b587cf6ecf,3,200,
feb7f4a9414a3c92ddd2effa30bae801.cnf.xz,station-repacking,SAT,10,0.146,97.930,probe,19.57,20.02,1898258,270330856,28b587cf6ecf,3,200,
feb7f4a9414a3c92ddd2effa30bae801.cnf.xz,station-repacking,SAT,10,0.146,97.930,vivify,8.07,8.26,1898258,270330856,28b587cf6ecf,3,200,
feb7f4a9414a3c92ddd2effa30bae801.cnf.xz,station-repacking,SAT,10,0.146,97.930,shrink,6.81,6.97,1898258,270330856,28b587cf6ecf,3,200,
feb7f4a9414a3c92ddd2effa30bae801.cnf.xz,station-repacking,SAT,10,0.146,97.930,eliminate,5.72,5.85,1898258,270330856,28b587cf6ecf,3,200,
feb7f4a9414a3c92ddd2effa30bae801.cnf.xz,station-repacking,SAT,10,0.146,97.930,deduce,4.96,5.08,1898258,270330856,28b587cf6ecf,3,200,
feb7f4a9414a3c92ddd2effa30bae801.cnf.xz,station-repacking,SAT,10,0.146,97.930,bump,4.44,4.55,1898258,270330856,28b587cf6ecf,3,200,
feb7f4a9414a3c92ddd2effa30bae801.cnf.xz,station-repacking,SAT,10,0.146,97.930,factor,3.32,3.39,1898258,270330856,28b587cf6ecf,3,200,
feb7f4a9414a3c92ddd2effa30bae801.cnf.xz,station-repacking,SAT,10,0.146,97.930,backbone,2.88,2.95,1898258,270330856,28b587cf6ecf,3,200,
feb7f4a9414a3c92ddd2effa30bae801.cnf.xz,station-repacking,SAT,10,0.146,97.930,substitute,2.59,2.65,1898258,270330856,28b587cf6ecf,3,200,
feb7f4a9414a3c92ddd2effa30bae801.cnf.xz,station-repacking,SAT,10,0.146,97.930,vivify2,2.34,2.39,1898258,270330856,28b587cf6ecf,3,200,
feb7f4a9414a3c92ddd2effa30bae801.cnf.xz,station-repacking,SAT,10,0.146,97.930,vivify1,2.34,2.39,1898258,270330856,28b587cf6ecf,3,200,
feb7f4a9414a3c92ddd2effa30bae801.cnf.xz,station-repacking,SAT,10,0.146,97.930,reduce,2.27,2.32,1898258,270330856,28b587cf6ecf,3,200,
feb7f4a9414a3c92ddd2effa30bae801.cnf.xz,station-repacking,SAT,10,0.146,97.930,definition,2.16,2.21,1898258,270330856,28b587cf6ecf,3,200,
feb7f4a9414a3c92ddd2effa30bae801.cnf.xz,station-repacking,SAT,10,0.146,97.930,collect,2.09,2.14,1898258,270330856,28b587cf6ecf,3,200,
feb7f4a9414a3c92ddd2effa30bae801.cnf.xz,station-repacking,SAT,10,0.146,97.930,vivify0,2.02,2.06,1898258,270330856,28b587cf6ecf,3,200,
feb7f4a9414a3c92ddd2effa30bae801.cnf.xz,station-repacking,SAT,10,0.146,97.930,sweep,1.48,1.52,1898258,270330856,28b587cf6ecf,3,200,
feb7f4a9414a3c92ddd2effa30bae801.cnf.xz,station-repacking,SAT,10,0.146,97.930,preprocess,1.38,1.41,1898258,270330856,28b587cf6ecf,3,200,
feb7f4a9414a3c92ddd2effa30bae801.cnf.xz,station-repacking,SAT,10,0.146,97.930,vivify3,1.37,1.4,1898258,270330856,28b587cf6ecf,3,200,
feb7f4a9414a3c92ddd2effa30bae801.cnf.xz,station-repacking,SAT,10,0.146,97.930,minimize,1.11,1.14,1898258,270330856,28b587cf6ecf,3,200,
feb7f4a9414a3c92ddd2effa30bae801.cnf.xz,station-repacking,SAT,10,0.146,97.930,sweepbackbone,1.02,1.04,1898258,270330856,28b587cf6ecf,3,200,
feb7f4a9414a3c92ddd2effa30bae801.cnf.xz,station-repacking,SAT,10,0.146,97.930,transitive,0.78,0.8,1898258,270330856,28b587cf6ecf,3,200,
feb7f4a9414a3c92ddd2effa30bae801.cnf.xz,station-repacking,SAT,10,0.146,97.930,subsume,0.61,0.62,1898258,270330856,28b587cf6ecf,3,200,
feb7f4a9414a3c92ddd2effa30bae801.cnf.xz,station-repacking,SAT,10,0.146,97.930,walking,0.52,0.53,1898258,270330856,28b587cf6ecf,3,200,
feb7f4a9414a3c92ddd2effa30bae801.cnf.xz,station-repacking,SAT,10,0.146,97.930,congruence,0.45,0.46,1898258,270330856,28b587cf6ecf,3,200,
feb7f4a9414a3c92ddd2effa30bae801.cnf.xz,station-repacking,SAT,10,0.146,97.930,extract,0.38,0.39,1898258,270330856,28b587cf6ecf,3,200,
feb7f4a9414a3c92ddd2effa30bae801.cnf.xz,station-repacking,SAT,10,0.146,97.930,restart,0.26,0.26,1898258,270330856,28b587cf6ecf,3,200,
feb7f4a9414a3c92ddd2effa30bae801.cnf.xz,station-repacking,SAT,10,0.146,97.930,reorder,0.25,0.25,1898258,270330856,28b587cf6ecf,3,200,
feb7f4a9414a3c92ddd2effa30bae801.cnf.xz,station-repacking,SAT,10,0.146,97.930,extractands,0.21,0.21,1898258,270330856,28b587cf6ecf,3,200,
feb7f4a9414a3c92ddd2effa30bae801.cnf.xz,station-repacking,SAT,10,0.146,97.930,parse,0.13,0.14,1898258,270330856,28b587cf6ecf,3,200,
feb7f4a9414a3c92ddd2effa30bae801.cnf.xz,station-repacking,SAT,10,0.146,97.930,sweepequivalences,0.11,0.11,1898258,270330856,28b587cf6ecf,3,200,
feb7f4a9414a3c92ddd2effa30bae801.cnf.xz,station-repacking,SAT,10,0.146,97.930,warmup,0.1,0.1,1898258,270330856,28b587cf6ecf,3,200,
feb7f4a9414a3c92ddd2effa30bae801.cnf.xz,station-repacking,SAT,10,0.146,97.930,defrag,0.08,0.08,1898258,270330856,28b587cf6ecf,3,200,
feb7f4a9414a3c92ddd2effa30bae801.cnf.xz,station-repacking,SAT,10,0.146,97.930,extractbinaries,0.04,0.04,1898258,270330856,28b587cf6ecf,3,200,
feb7f4a9414a3c92ddd2effa30bae801.cnf.xz,station-repacking,SAT,10,0.146,97.930,lucky,0.01,0.01,1898258,270330856,28b587cf6ecf,3,200,
feb7f4a9414a3c92ddd2effa30bae801.cnf.xz,station-repacking,SAT,10,0.146,97.930,extractxors,0.01,0.01,1898258,270330856,28b587cf6ecf,3,200,
feb7f4a9414a3c92ddd2effa30bae801.cnf.xz,station-repacking,SAT,10,0.146,97.930,extractites,0.01,0.01,1898258,270330856,28b587cf6ecf,3,200,
feb7f4a9414a3c92ddd2effa30bae801.cnf.xz,station-repacking,SAT,10,0.146,97.930,rephase,0.0,0.0,1898258,270330856,28b587cf6ecf,3,200,
feb7f4a9414a3c92ddd2effa30bae801.cnf.xz,station-repacking,SAT,10,0.146,97.930,merge,0.0,0.0,1898258,270330856,28b587cf6ecf,3,200,
feb7f4a9414a3c92ddd2effa30bae801.cnf.xz,station-repacking,SAT,10,0.146,97.930,total,97.75,100.0,1898258,270330856,28b587cf6ecf,3,200,
09637d3bd641b4d733666a862e8918ea.cnf.xz,planning,SAT,10,0.029,45.967,search,32.13,69.99,762526,68691815,28b587cf6ecf,3,200,
09637d3bd641b4d733666a862e8918ea.cnf.xz,planning,SAT,10,0.029,45.967,stable,18.08,39.39,762526,68691815,28b587cf6ecf,3,200,
09637d3bd641b4d733666a862e8918ea.cnf.xz,planning,SAT,10,0.029,45.967,focused,14.05,30.6,762526,68691815,28b587cf6ecf,3,200,
09637d3bd641b4d733666a862e8918ea.cnf.xz,planning,SAT,10,0.029,45.967,simplify,13.55,29.52,762526,68691815,28b587cf6ecf,3,200,
09637d3bd641b4d733666a862e8918ea.cnf.xz,planning,SAT,10,0.029,45.967,probe,12.12,26.39,762526,68691815,28b587cf6ecf,3,200,
09637d3bd641b4d733666a862e8918ea.cnf.xz,planning,SAT,10,0.029,45.967,analyze,9.73,21.21,762526,68691815,28b587cf6ecf,3,200,
09637d3bd641b4d733666a862e8918ea.cnf.xz,planning,SAT,10,0.029,45.967,sweep,4.92,10.72,762526,68691815,28b587cf6ecf,3,200,
09637d3bd641b4d733666a862e8918ea.cnf.xz,planning,SAT,10,0.029,45.967,vivify,4.81,10.47,762526,68691815,28b587cf6ecf,3,200,
09637d3bd641b4d733666a862e8918ea.cnf.xz,planning,SAT,10,0.029,45.967,sweepbackbone,2.67,5.82,762526,68691815,28b587cf6ecf,3,200,
09637d3bd641b4d733666a862e8918ea.cnf.xz,planning,SAT,10,0.029,45.967,shrink,2.21,4.81,762526,68691815,28b587cf6ecf,3,200,
09637d3bd641b4d733666a862e8918ea.cnf.xz,planning,SAT,10,0.029,45.967,deduce,1.84,4.01,762526,68691815,28b587cf6ecf,3,200,
09637d3bd641b4d733666a862e8918ea.cnf.xz,planning,SAT,10,0.029,45.967,eliminate,1.53,3.33,762526,68691815,28b587cf6ecf,3,200,
09637d3bd641b4d733666a862e8918ea.cnf.xz,planning,SAT,10,0.029,45.967,vivify0,1.43,3.11,762526,68691815,28b587cf6ecf,3,200,
09637d3bd641b4d733666a862e8918ea.cnf.xz,planning,SAT,10,0.029,45.967,vivify1,1.37,2.98,762526,68691815,28b587cf6ecf,3,200,
09637d3bd641b4d733666a862e8918ea.cnf.xz,planning,SAT,10,0.029,45.967,vivify2,1.29,2.81,762526,68691815,28b587cf6ecf,3,200,
09637d3bd641b4d733666a862e8918ea.cnf.xz,planning,SAT,10,0.029,45.967,bump,1.22,2.66,762526,68691815,28b587cf6ecf,3,200,
09637d3bd641b4d733666a862e8918ea.cnf.xz,planning,SAT,10,0.029,45.967,factor,1.21,2.63,762526,68691815,28b587cf6ecf,3,200,
09637d3bd641b4d733666a862e8918ea.cnf.xz,planning,SAT,10,0.029,45.967,sweepequivalences,1.07,2.33,762526,68691815,28b587cf6ecf,3,200,
09637d3bd641b4d733666a862e8918ea.cnf.xz,planning,SAT,10,0.029,45.967,substitute,0.76,1.66,762526,68691815,28b587cf6ecf,3,200,
09637d3bd641b4d733666a862e8918ea.cnf.xz,planning,SAT,10,0.029,45.967,reduce,0.75,1.63,762526,68691815,28b587cf6ecf,3,200,
09637d3bd641b4d733666a862e8918ea.cnf.xz,planning,SAT,10,0.029,45.967,vivify3,0.72,1.57,762526,68691815,28b587cf6ecf,3,200,
09637d3bd641b4d733666a862e8918ea.cnf.xz,planning,SAT,10,0.029,45.967,collect,0.65,1.42,762526,68691815,28b587cf6ecf,3,200,
09637d3bd641b4d733666a862e8918ea.cnf.xz,planning,SAT,10,0.029,45.967,definition,0.52,1.14,762526,68691815,28b587cf6ecf,3,200,
09637d3bd641b4d733666a862e8918ea.cnf.xz,planning,SAT,10,0.029,45.967,minimize,0.42,0.92,762526,68691815,28b587cf6ecf,3,200,
09637d3bd641b4d733666a862e8918ea.cnf.xz,planning,SAT,10,0.029,45.967,subsume,0.33,0.71,762526,68691815,28b587cf6ecf,3,200,
09637d3bd641b4d733666a862e8918ea.cnf.xz,planning,SAT,10,0.029,45.967,preprocess,0.19,0.42,762526,68691815,28b587cf6ecf,3,200,
09637d3bd641b4d733666a862e8918ea.cnf.xz,planning,SAT,10,0.029,45.967,congruence,0.18,0.39,762526,68691815,28b587cf6ecf,3,200,
09637d3bd641b4d733666a862e8918ea.cnf.xz,planning,SAT,10,0.029,45.967,extract,0.14,0.31,762526,68691815,28b587cf6ecf,3,200,
09637d3bd641b4d733666a862e8918ea.cnf.xz,planning,SAT,10,0.029,45.967,transitive,0.13,0.28,762526,68691815,28b587cf6ecf,3,200,
09637d3bd641b4d733666a862e8918ea.cnf.xz,planning,SAT,10,0.029,45.967,backbone,0.11,0.23,762526,68691815,28b587cf6ecf,3,200,
09637d3bd641b4d733666a862e8918ea.cnf.xz,planning,SAT,10,0.029,45.967,restart,0.1,0.21,762526,68691815,28b587cf6ecf,3,200,
09637d3bd641b4d733666a862e8918ea.cnf.xz,planning,SAT,10,0.029,45.967,walking,0.09,0.21,762526,68691815,28b587cf6ecf,3,200,
09637d3bd641b4d733666a862e8918ea.cnf.xz,planning,SAT,10,0.029,45.967,extractxors,0.06,0.12,762526,68691815,28b587cf6ecf,3,200,
09637d3bd641b4d733666a862e8918ea.cnf.xz,planning,SAT,10,0.029,45.967,reorder,0.04,0.09,762526,68691815,28b587cf6ecf,3,200,
09637d3bd641b4d733666a862e8918ea.cnf.xz,planning,SAT,10,0.029,45.967,defrag,0.03,0.07,762526,68691815,28b587cf6ecf,3,200,
09637d3bd641b4d733666a862e8918ea.cnf.xz,planning,SAT,10,0.029,45.967,matching,0.03,0.07,762526,68691815,28b587cf6ecf,3,200,
09637d3bd641b4d733666a862e8918ea.cnf.xz,planning,SAT,10,0.029,45.967,warmup,0.03,0.05,762526,68691815,28b587cf6ecf,3,200,
09637d3bd641b4d733666a862e8918ea.cnf.xz,planning,SAT,10,0.029,45.967,parse,0.02,0.05,762526,68691815,28b587cf6ecf,3,200,
09637d3bd641b4d733666a862e8918ea.cnf.xz,planning,SAT,10,0.029,45.967,extractands,0.02,0.05,762526,68691815,28b587cf6ecf,3,200,
09637d3bd641b4d733666a862e8918ea.cnf.xz,planning,SAT,10,0.029,45.967,extractbinaries,0.02,0.03,762526,68691815,28b587cf6ecf,3,200,
09637d3bd641b4d733666a862e8918ea.cnf.xz,planning,SAT,10,0.029,45.967,extractites,0.01,0.03,762526,68691815,28b587cf6ecf,3,200,
09637d3bd641b4d733666a862e8918ea.cnf.xz,planning,SAT,10,0.029,45.967,lucky,0.01,0.01,762526,68691815,28b587cf6ecf,3,200,
09637d3bd641b4d733666a862e8918ea.cnf.xz,planning,SAT,10,0.029,45.967,rephase,0.0,0.0,762526,68691815,28b587cf6ecf,3,200,
09637d3bd641b4d733666a862e8918ea.cnf.xz,planning,SAT,10,0.029,45.967,merge,0.0,0.0,762526,68691815,28b587cf6ecf,3,200,
09637d3bd641b4d733666a862e8918ea.cnf.xz,planning,SAT,10,0.029,45.967,total,45.91,100.0,762526,68691815,28b587cf6ecf,3,200,
09e0775d2b51c49ec1ec4d214ee7c8c8.cnf.xz,ntil,UNKNOWN,0,0.056,200.012,search,152.13,76.24,2282603,92384357,28b587cf6ecf,3,200,
09e0775d2b51c49ec1ec4d214ee7c8c8.cnf.xz,ntil,UNKNOWN,0,0.056,200.012,focused,83.18,41.68,2282603,92384357,28b587cf6ecf,3,200,
09e0775d2b51c49ec1ec4d214ee7c8c8.cnf.xz,ntil,UNKNOWN,0,0.056,200.012,stable,68.95,34.55,2282603,92384357,28b587cf6ecf,3,200,
09e0775d2b51c49ec1ec4d214ee7c8c8.cnf.xz,ntil,UNKNOWN,0,0.056,200.012,probe,40.89,20.49,2282603,92384357,28b587cf6ecf,3,200,
09e0775d2b51c49ec1ec4d214ee7c8c8.cnf.xz,ntil,UNKNOWN,0,0.056,200.012,simplify,38.94,19.51,2282603,92384357,28b587cf6ecf,3,200,
09e0775d2b51c49ec1ec4d214ee7c8c8.cnf.xz,ntil,UNKNOWN,0,0.056,200.012,analyze,29.87,14.97,2282603,92384357,28b587cf6ecf,3,200,
09e0775d2b51c49ec1ec4d214ee7c8c8.cnf.xz,ntil,UNKNOWN,0,0.056,200.012,vivify,23.05,11.55,2282603,92384357,28b587cf6ecf,3,200,
09e0775d2b51c49ec1ec4d214ee7c8c8.cnf.xz,ntil,UNKNOWN,0,0.056,200.012,factor,13.35,6.69,2282603,92384357,28b587cf6ecf,3,200,
09e0775d2b51c49ec1ec4d214ee7c8c8.cnf.xz,ntil,UNKNOWN,0,0.056,200.012,vivify1,10.37,5.2,2282603,92384357,28b587cf6ecf,3,200,
09e0775d2b51c49ec1ec4d214ee7c8c8.cnf.xz,ntil,UNKNOWN,0,0.056,200.012,vivify2,8.5,4.26,2282603,92384357,28b587cf6ecf,3,200,
09e0775d2b51c49ec1ec4d214ee7c8c8.cnf.xz,ntil,UNKNOWN,0,0.056,200.012,preprocess,8.38,4.2,2282603,92384357,28b587cf6ecf,3,200,
09e0775d2b51c49ec1ec4d214ee7c8c8.cnf.xz,ntil,UNKNOWN,0,0.056,200.012,shrink,8.34,4.18,2282603,92384357,28b587cf6ecf,3,200,
09e0775d2b51c49ec1ec4d214ee7c8c8.cnf.xz,ntil,UNKNOWN,0,0.056,200.012,eliminate,6.12,3.07,2282603,92384357,28b587cf6ecf,3,200,
09e0775d2b51c49ec1ec4d214ee7c8c8.cnf.xz,ntil,UNKNOWN,0,0.056,200.012,subsume,5.51,2.76,2282603,92384357,28b587cf6ecf,3,200,
09e0775d2b51c49ec1ec4d214ee7c8c8.cnf.xz,ntil,UNKNOWN,0,0.056,200.012,deduce,5.1,2.56,2282603,92384357,28b587cf6ecf,3,200,
09e0775d2b51c49ec1ec4d214ee7c8c8.cnf.xz,ntil,UNKNOWN,0,0.056,200.012,bump,4.98,2.5,2282603,92384357,28b587cf6ecf,3,200,
09e0775d2b51c49ec1ec4d214ee7c8c8.cnf.xz,ntil,UNKNOWN,0,0.056,200.012,reduce,4.13,2.07,2282603,92384357,28b587cf6ecf,3,200,
09e0775d2b51c49ec1ec4d214ee7c8c8.cnf.xz,ntil,UNKNOWN,0,0.056,200.012,collect,3.77,1.89,2282603,92384357,28b587cf6ecf,3,200,
09e0775d2b51c49ec1ec4d214ee7c8c8.cnf.xz,ntil,UNKNOWN,0,0.056,200.012,vivify3,3.45,1.73,2282603,92384357,28b587cf6ecf,3,200,
09e0775d2b51c49ec1ec4d214ee7c8c8.cnf.xz,ntil,UNKNOWN,0,0.056,200.012,substitute,2.18,1.09,2282603,92384357,28b587cf6ecf,3,200,
09e0775d2b51c49ec1ec4d214ee7c8c8.cnf.xz,ntil,UNKNOWN,0,0.056,200.012,sweep,1.69,0.85,2282603,92384357,28b587cf6ecf,3,200,
09e0775d2b51c49ec1ec4d214ee7c8c8.cnf.xz,ntil,UNKNOWN,0,0.056,200.012,minimize,1.16,0.58,2282603,92384357,28b587cf6ecf,3,200,
09e0775d2b51c49ec1ec4d214ee7c8c8.cnf.xz,ntil,UNKNOWN,0,0.056,200.012,vivify0,0.73,0.36,2282603,92384357,28b587cf6ecf,3,200,
09e0775d2b51c49ec1ec4d214ee7c8c8.cnf.xz,ntil,UNKNOWN,0,0.056,200.012,congruence,0.5,0.25,2282603,92384357,28b587cf6ecf,3,200,
09e0775d2b51c49ec1ec4d214ee7c8c8.cnf.xz,ntil,UNKNOWN,0,0.056,200.012,extract,0.5,0.25,2282603,92384357,28b587cf6ecf,3,200,
09e0775d2b51c49ec1ec4d214ee7c8c8.cnf.xz,ntil,UNKNOWN,0,0.056,200.012,sweepbackbone,0.38,0.19,2282603,92384357,28b587cf6ecf,3,200,
09e0775d2b51c49ec1ec4d214ee7c8c8.cnf.xz,ntil,UNKNOWN,0,0.056,200.012,walking,0.31,0.15,2282603,92384357,28b587cf6ecf,3,200,
09e0775d2b51c49ec1ec4d214ee7c8c8.cnf.xz,ntil,UNKNOWN,0,0.056,200.012,extractbinaries,0.23,0.11,2282603,92384357,28b587cf6ecf,3,200,
09e0775d2b51c49ec1ec4d214ee7c8c8.cnf.xz,ntil,UNKNOWN,0,0.056,200.012,sweepequivalences,0.22,0.11,2282603,92384357,28b587cf6ecf,3,200,
09e0775d2b51c49ec1ec4d214ee7c8c8.cnf.xz,ntil,UNKNOWN,0,0.056,200.012,extractxors,0.14,0.07,2282603,92384357,28b587cf6ecf,3,200,
09e0775d2b51c49ec1ec4d214ee7c8c8.cnf.xz,ntil,UNKNOWN,0,0.056,200.012,reorder,0.12,0.06,2282603,92384357,28b587cf6ecf,3,200,
09e0775d2b51c49ec1ec4d214ee7c8c8.cnf.xz,ntil,UNKNOWN,0,0.056,200.012,transitive,0.12,0.06,2282603,92384357,28b587cf6ecf,3,200,
09e0775d2b51c49ec1ec4d214ee7c8c8.cnf.xz,ntil,UNKNOWN,0,0.056,200.012,parse,0.09,0.04,2282603,92384357,28b587cf6ecf,3,200,
09e0775d2b51c49ec1ec4d214ee7c8c8.cnf.xz,ntil,UNKNOWN,0,0.056,200.012,restart,0.06,0.03,2282603,92384357,28b587cf6ecf,3,200,
09e0775d2b51c49ec1ec4d214ee7c8c8.cnf.xz,ntil,UNKNOWN,0,0.056,200.012,defrag,0.05,0.03,2282603,92384357,28b587cf6ecf,3,200,
09e0775d2b51c49ec1ec4d214ee7c8c8.cnf.xz,ntil,UNKNOWN,0,0.056,200.012,extractites,0.04,0.02,2282603,92384357,28b587cf6ecf,3,200,
09e0775d2b51c49ec1ec4d214ee7c8c8.cnf.xz,ntil,UNKNOWN,0,0.056,200.012,definition,0.03,0.02,2282603,92384357,28b587cf6ecf,3,200,
09e0775d2b51c49ec1ec4d214ee7c8c8.cnf.xz,ntil,UNKNOWN,0,0.056,200.012,extractands,0.02,0.01,2282603,92384357,28b587cf6ecf,3,200,
09e0775d2b51c49ec1ec4d214ee7c8c8.cnf.xz,ntil,UNKNOWN,0,0.056,200.012,warmup,0.02,0.01,2282603,92384357,28b587cf6ecf,3,200,
09e0775d2b51c49ec1ec4d214ee7c8c8.cnf.xz,ntil,UNKNOWN,0,0.056,200.012,lucky,0.01,0.01,2282603,92384357,28b587cf6ecf,3,200,
09e0775d2b51c49ec1ec4d214ee7c8c8.cnf.xz,ntil,UNKNOWN,0,0.056,200.012,backbone,0.01,0.01,2282603,92384357,28b587cf6ecf,3,200,
09e0775d2b51c49ec1ec4d214ee7c8c8.cnf.xz,ntil,UNKNOWN,0,0.056,200.012,rephase,0.0,0.0,2282603,92384357,28b587cf6ecf,3,200,
09e0775d2b51c49ec1ec4d214ee7c8c8.cnf.xz,ntil,UNKNOWN,0,0.056,200.012,merge,0.0,0.0,2282603,92384357,28b587cf6ecf,3,200,
09e0775d2b51c49ec1ec4d214ee7c8c8.cnf.xz,ntil,UNKNOWN,0,0.056,200.012,total,199.55,100.0,2282603,92384357,28b587cf6ecf,3,200,
0be1e12a8e7282d1a4e389bb90f6dbc7.cnf.xz,or_randxor,UNSAT,20,0.004,14.564,search,13.32,91.51,498745,28250944,28b587cf6ecf,3,200,
0be1e12a8e7282d1a4e389bb90f6dbc7.cnf.xz,or_randxor,UNSAT,20,0.004,14.564,focused,7.06,48.47,498745,28250944,28b587cf6ecf,3,200,
0be1e12a8e7282d1a4e389bb90f6dbc7.cnf.xz,or_randxor,UNSAT,20,0.004,14.564,stable,6.27,43.04,498745,28250944,28b587cf6ecf,3,200,
0be1e12a8e7282d1a4e389bb90f6dbc7.cnf.xz,or_randxor,UNSAT,20,0.004,14.564,analyze,4.06,27.89,498745,28250944,28b587cf6ecf,3,200,
0be1e12a8e7282d1a4e389bb90f6dbc7.cnf.xz,or_randxor,UNSAT,20,0.004,14.564,simplify,1.2,8.21,498745,28250944,28b587cf6ecf,3,200,
0be1e12a8e7282d1a4e389bb90f6dbc7.cnf.xz,or_randxor,UNSAT,20,0.004,14.564,probe,1.18,8.1,498745,28250944,28b587cf6ecf,3,200,
0be1e12a8e7282d1a4e389bb90f6dbc7.cnf.xz,or_randxor,UNSAT,20,0.004,14.564,deduce,1.01,6.94,498745,28250944,28b587cf6ecf,3,200,
0be1e12a8e7282d1a4e389bb90f6dbc7.cnf.xz,or_randxor,UNSAT,20,0.004,14.564,shrink,0.78,5.34,498745,28250944,28b587cf6ecf,3,200,
0be1e12a8e7282d1a4e389bb90f6dbc7.cnf.xz,or_randxor,UNSAT,20,0.004,14.564,vivify,0.71,4.86,498745,28250944,28b587cf6ecf,3,200,
0be1e12a8e7282d1a4e389bb90f6dbc7.cnf.xz,or_randxor,UNSAT,20,0.004,14.564,bump,0.67,4.59,498745,28250944,28b587cf6ecf,3,200,
0be1e12a8e7282d1a4e389bb90f6dbc7.cnf.xz,or_randxor,UNSAT,20,0.004,14.564,vivify2,0.47,3.23,498745,28250944,28b587cf6ecf,3,200,
0be1e12a8e7282d1a4e389bb90f6dbc7.cnf.xz,or_randxor,UNSAT,20,0.004,14.564,sweep,0.42,2.86,498745,28250944,28b587cf6ecf,3,200,
0be1e12a8e7282d1a4e389bb90f6dbc7.cnf.xz,or_randxor,UNSAT,20,0.004,14.564,minimize,0.18,1.21,498745,28250944,28b587cf6ecf,3,200,
0be1e12a8e7282d1a4e389bb90f6dbc7.cnf.xz,or_randxor,UNSAT,20,0.004,14.564,vivify3,0.16,1.08,498745,28250944,28b587cf6ecf,3,200,
0be1e12a8e7282d1a4e389bb90f6dbc7.cnf.xz,or_randxor,UNSAT,20,0.004,14.564,reduce,0.12,0.82,498745,28250944,28b587cf6ecf,3,200,
0be1e12a8e7282d1a4e389bb90f6dbc7.cnf.xz,or_randxor,UNSAT,20,0.004,14.564,sweepbackbone,0.1,0.65,498745,28250944,28b587cf6ecf,3,200,
0be1e12a8e7282d1a4e389bb90f6dbc7.cnf.xz,or_randxor,UNSAT,20,0.004,14.564,collect,0.09,0.59,498745,28250944,28b587cf6ecf,3,200,
0be1e12a8e7282d1a4e389bb90f6dbc7.cnf.xz,or_randxor,UNSAT,20,0.004,14.564,sweepequivalences,0.07,0.49,498745,28250944,28b587cf6ecf,3,200,
0be1e12a8e7282d1a4e389bb90f6dbc7.cnf.xz,or_randxor,UNSAT,20,0.004,14.564,vivify1,0.07,0.46,498745,28250944,28b587cf6ecf,3,200,
0be1e12a8e7282d1a4e389bb90f6dbc7.cnf.xz,or_randxor,UNSAT,20,0.004,14.564,preprocess,0.04,0.25,498745,28250944,28b587cf6ecf,3,200,
0be1e12a8e7282d1a4e389bb90f6dbc7.cnf.xz,or_randxor,UNSAT,20,0.004,14.564,eliminate,0.03,0.21,498745,28250944,28b587cf6ecf,3,200,
0be1e12a8e7282d1a4e389bb90f6dbc7.cnf.xz,or_randxor,UNSAT,20,0.004,14.564,substitute,0.03,0.19,498745,28250944,28b587cf6ecf,3,200,
0be1e12a8e7282d1a4e389bb90f6dbc7.cnf.xz,or_randxor,UNSAT,20,0.004,14.564,walking,0.02,0.16,498745,28250944,28b587cf6ecf,3,200,
0be1e12a8e7282d1a4e389bb90f6dbc7.cnf.xz,or_randxor,UNSAT,20,0.004,14.564,factor,0.02,0.13,498745,28250944,28b587cf6ecf,3,200,
0be1e12a8e7282d1a4e389bb90f6dbc7.cnf.xz,or_randxor,UNSAT,20,0.004,14.564,vivify0,0.01,0.09,498745,28250944,28b587cf6ecf,3,200,
0be1e12a8e7282d1a4e389bb90f6dbc7.cnf.xz,or_randxor,UNSAT,20,0.004,14.564,definition,0.01,0.08,498745,28250944,28b587cf6ecf,3,200,
0be1e12a8e7282d1a4e389bb90f6dbc7.cnf.xz,or_randxor,UNSAT,20,0.004,14.564,restart,0.01,0.05,498745,28250944,28b587cf6ecf,3,200,
0be1e12a8e7282d1a4e389bb90f6dbc7.cnf.xz,or_randxor,UNSAT,20,0.004,14.564,defrag,0.01,0.05,498745,28250944,28b587cf6ecf,3,200,
0be1e12a8e7282d1a4e389bb90f6dbc7.cnf.xz,or_randxor,UNSAT,20,0.004,14.564,congruence,0.01,0.04,498745,28250944,28b587cf6ecf,3,200,
0be1e12a8e7282d1a4e389bb90f6dbc7.cnf.xz,or_randxor,UNSAT,20,0.004,14.564,extract,0.01,0.04,498745,28250944,28b587cf6ecf,3,200,
0be1e12a8e7282d1a4e389bb90f6dbc7.cnf.xz,or_randxor,UNSAT,20,0.004,14.564,subsume,0.0,0.02,498745,28250944,28b587cf6ecf,3,200,
0be1e12a8e7282d1a4e389bb90f6dbc7.cnf.xz,or_randxor,UNSAT,20,0.004,14.564,extractxors,0.0,0.02,498745,28250944,28b587cf6ecf,3,200,
0be1e12a8e7282d1a4e389bb90f6dbc7.cnf.xz,or_randxor,UNSAT,20,0.004,14.564,reorder,0.0,0.01,498745,28250944,28b587cf6ecf,3,200,
0be1e12a8e7282d1a4e389bb90f6dbc7.cnf.xz,or_randxor,UNSAT,20,0.004,14.564,parse,0.0,0.01,498745,28250944,28b587cf6ecf,3,200,
0be1e12a8e7282d1a4e389bb90f6dbc7.cnf.xz,or_randxor,UNSAT,20,0.004,14.564,warmup,0.0,0.01,498745,28250944,28b587cf6ecf,3,200,
0be1e12a8e7282d1a4e389bb90f6dbc7.cnf.xz,or_randxor,UNSAT,20,0.004,14.564,transitive,0.0,0.01,498745,28250944,28b587cf6ecf,3,200,
0be1e12a8e7282d1a4e389bb90f6dbc7.cnf.xz,or_randxor,UNSAT,20,0.004,14.564,backbone,0.0,0.01,498745,28250944,28b587cf6ecf,3,200,
0be1e12a8e7282d1a4e389bb90f6dbc7.cnf.xz,or_randxor,UNSAT,20,0.004,14.564,extractites,0.0,0.01,498745,28250944,28b587cf6ecf,3,200,
0be1e12a8e7282d1a4e389bb90f6dbc7.cnf.xz,or_randxor,UNSAT,20,0.004,14.564,rephase,0.0,0.0,498745,28250944,28b587cf6ecf,3,200,
0be1e12a8e7282d1a4e389bb90f6dbc7.cnf.xz,or_randxor,UNSAT,20,0.004,14.564,lucky,0.0,0.0,498745,28250944,28b587cf6ecf,3,200,
0be1e12a8e7282d1a4e389bb90f6dbc7.cnf.xz,or_randxor,UNSAT,20,0.004,14.564,extractbinaries,0.0,0.0,498745,28250944,28b587cf6ecf,3,200,
0be1e12a8e7282d1a4e389bb90f6dbc7.cnf.xz,or_randxor,UNSAT,20,0.004,14.564,extractands,0.0,0.0,498745,28250944,28b587cf6ecf,3,200,
0be1e12a8e7282d1a4e389bb90f6dbc7.cnf.xz,or_randxor,UNSAT,20,0.004,14.564,merge,0.0,0.0,498745,28250944,28b587cf6ecf,3,200,
0be1e12a8e7282d1a4e389bb90f6dbc7.cnf.xz,or_randxor,UNSAT,20,0.004,14.564,total,14.56,100.0,498745,28250944,28b587cf6ecf,3,200,
0c9da400944b002f90fd385d4fdab385.cnf.xz,subsumptiontest,SAT,10,0.525,28.045,search,17.09,62.55,124276,1460208,28b587cf6ecf,3,200,
0c9da400944b002f90fd385d4fdab385.cnf.xz,subsumptiontest,SAT,10,0.525,28.045,simplify,9.53,34.88,124276,1460208,28b587cf6ecf,3,200,
0c9da400944b002f90fd385d4fdab385.cnf.xz,subsumptiontest,SAT,10,0.525,28.045,focused,9.08,33.23,124276,1460208,28b587cf6ecf,3,200,
0c9da400944b002f90fd385d4fdab385.cnf.xz,subsumptiontest,SAT,10,0.525,28.045,stable,8.01,29.32,124276,1460208,28b587cf6ecf,3,200,
0c9da400944b002f90fd385d4fdab385.cnf.xz,subsumptiontest,SAT,10,0.525,28.045,probe,7.01,25.67,124276,1460208,28b587cf6ecf,3,200,
0c9da400944b002f90fd385d4fdab385.cnf.xz,subsumptiontest,SAT,10,0.525,28.045,vivify,3.85,14.1,124276,1460208,28b587cf6ecf,3,200,
0c9da400944b002f90fd385d4fdab385.cnf.xz,subsumptiontest,SAT,10,0.525,28.045,eliminate,2.39,8.74,124276,1460208,28b587cf6ecf,3,200,
0c9da400944b002f90fd385d4fdab385.cnf.xz,subsumptiontest,SAT,10,0.525,28.045,sweep,1.83,6.69,124276,1460208,28b587cf6ecf,3,200,
0c9da400944b002f90fd385d4fdab385.cnf.xz,subsumptiontest,SAT,10,0.525,28.045,vivify0,1.24,4.55,124276,1460208,28b587cf6ecf,3,200,
0c9da400944b002f90fd385d4fdab385.cnf.xz,subsumptiontest,SAT,10,0.525,28.045,substitute,1.06,3.89,124276,1460208,28b587cf6ecf,3,200,
0c9da400944b002f90fd385d4fdab385.cnf.xz,subsumptiontest,SAT,10,0.525,28.045,vivify1,1.06,3.87,124276,1460208,28b587cf6ecf,3,200,
0c9da400944b002f90fd385d4fdab385.cnf.xz,subsumptiontest,SAT,10,0.525,28.045,vivify2,1.04,3.81,124276,1460208,28b587cf6ecf,3,200,
0c9da400944b002f90fd385d4fdab385.cnf.xz,subsumptiontest,SAT,10,0.525,28.045,subsume,1.02,3.74,124276,1460208,28b587cf6ecf,3,200,
0c9da400944b002f90fd385d4fdab385.cnf.xz,subsumptiontest,SAT,10,0.525,28.045,sweepbackbone,0.97,3.56,124276,1460208,28b587cf6ecf,3,200,
0c9da400944b002f90fd385d4fdab385.cnf.xz,subsumptiontest,SAT,10,0.525,28.045,analyze,0.69,2.51,124276,1460208,28b587cf6ecf,3,200,
0c9da400944b002f90fd385d4fdab385.cnf.xz,subsumptiontest,SAT,10,0.525,28.045,vivify3,0.51,1.86,124276,1460208,28b587cf6ecf,3,200,
0c9da400944b002f90fd385d4fdab385.cnf.xz,subsumptiontest,SAT,10,0.525,28.045,walking,0.32,1.16,124276,1460208,28b587cf6ecf,3,200,
0c9da400944b002f90fd385d4fdab385.cnf.xz,subsumptiontest,SAT,10,0.525,28.045,parse,0.26,0.94,124276,1460208,28b587cf6ecf,3,200,
0c9da400944b002f90fd385d4fdab385.cnf.xz,subsumptiontest,SAT,10,0.525,28.045,lucky,0.26,0.94,124276,1460208,28b587cf6ecf,3,200,
0c9da400944b002f90fd385d4fdab385.cnf.xz,subsumptiontest,SAT,10,0.525,28.045,deduce,0.22,0.82,124276,1460208,28b587cf6ecf,3,200,
0c9da400944b002f90fd385d4fdab385.cnf.xz,subsumptiontest,SAT,10,0.525,28.045,collect,0.2,0.75,124276,1460208,28b587cf6ecf,3,200,
0c9da400944b002f90fd385d4fdab385.cnf.xz,subsumptiontest,SAT,10,0.525,28.045,congruence,0.2,0.73,124276,1460208,28b587cf6ecf,3,200,
0c9da400944b002f90fd385d4fdab385.cnf.xz,subsumptiontest,SAT,10,0.525,28.045,extract,0.2,0.73,124276,1460208,28b587cf6ecf,3,200,
0c9da400944b002f90fd385d4fdab385.cnf.xz,subsumptiontest,SAT,10,0.525,28.045,preprocess,0.19,0.69,124276,1460208,28b587cf6ecf,3,200,
0c9da400944b002f90fd385d4fdab385.cnf.xz,subsumptiontest,SAT,10,0.525,28.045,reduce,0.17,0.63,124276,1460208,28b587cf6ecf,3,200,
0c9da400944b002f90fd385d4fdab385.cnf.xz,subsumptiontest,SAT,10,0.525,28.045,warmup,0.1,0.37,124276,1460208,28b587cf6ecf,3,200,
0c9da400944b002f90fd385d4fdab385.cnf.xz,subsumptiontest,SAT,10,0.525,28.045,defrag,0.09,0.34,124276,1460208,28b587cf6ecf,3,200,
0c9da400944b002f90fd385d4fdab385.cnf.xz,subsumptiontest,SAT,10,0.525,28.045,bump,0.07,0.26,124276,1460208,28b587cf6ecf,3,200,
0c9da400944b002f90fd385d4fdab385.cnf.xz,subsumptiontest,SAT,10,0.525,28.045,sweepequivalences,0.07,0.26,124276,1460208,28b587cf6ecf,3,200,
0c9da400944b002f90fd385d4fdab385.cnf.xz,subsumptiontest,SAT,10,0.525,28.045,reorder,0.07,0.24,124276,1460208,28b587cf6ecf,3,200,
0c9da400944b002f90fd385d4fdab385.cnf.xz,subsumptiontest,SAT,10,0.525,28.045,transitive,0.04,0.13,124276,1460208,28b587cf6ecf,3,200,
0c9da400944b002f90fd385d4fdab385.cnf.xz,subsumptiontest,SAT,10,0.525,28.045,extractxors,0.03,0.12,124276,1460208,28b587cf6ecf,3,200,
0c9da400944b002f90fd385d4fdab385.cnf.xz,subsumptiontest,SAT,10,0.525,28.045,factor,0.03,0.11,124276,1460208,28b587cf6ecf,3,200,
0c9da400944b002f90fd385d4fdab385.cnf.xz,subsumptiontest,SAT,10,0.525,28.045,shrink,0.03,0.11,124276,1460208,28b587cf6ecf,3,200,
0c9da400944b002f90fd385d4fdab385.cnf.xz,subsumptiontest,SAT,10,0.525,28.045,extractbinaries,0.03,0.09,124276,1460208,28b587cf6ecf,3,200,
0c9da400944b002f90fd385d4fdab385.cnf.xz,subsumptiontest,SAT,10,0.525,28.045,extractands,0.02,0.09,124276,1460208,28b587cf6ecf,3,200,
0c9da400944b002f90fd385d4fdab385.cnf.xz,subsumptiontest,SAT,10,0.525,28.045,extractites,0.02,0.07,124276,1460208,28b587cf6ecf,3,200,
0c9da400944b002f90fd385d4fdab385.cnf.xz,subsumptiontest,SAT,10,0.525,28.045,minimize,0.02,0.07,124276,1460208,28b587cf6ecf,3,200,
0c9da400944b002f90fd385d4fdab385.cnf.xz,subsumptiontest,SAT,10,0.525,28.045,backbone,0.0,0.01,124276,1460208,28b587cf6ecf,3,200,
0c9da400944b002f90fd385d4fdab385.cnf.xz,subsumptiontest,SAT,10,0.525,28.045,restart,0.0,0.0,124276,1460208,28b587cf6ecf,3,200,
0c9da400944b002f90fd385d4fdab385.cnf.xz,subsumptiontest,SAT,10,0.525,28.045,rephase,0.0,0.0,124276,1460208,28b587cf6ecf,3,200,
0c9da400944b002f90fd385d4fdab385.cnf.xz,subsumptiontest,SAT,10,0.525,28.045,merge,0.0,0.0,124276,1460208,28b587cf6ecf,3,200,
0c9da400944b002f90fd385d4fdab385.cnf.xz,subsumptiontest,SAT,10,0.525,28.045,total,27.32,100.0,124276,1460208,28b587cf6ecf,3,200,
12cd0c3196589ac8105653cbfe613fc6.cnf.xz,hardware-verification,UNSAT,20,0.011,3.127,search,2.17,69.57,86194,33393140,28b587cf6ecf,3,200,
12cd0c3196589ac8105653cbfe613fc6.cnf.xz,hardware-verification,UNSAT,20,0.011,3.127,focused,1.17,37.58,86194,33393140,28b587cf6ecf,3,200,
12cd0c3196589ac8105653cbfe613fc6.cnf.xz,hardware-verification,UNSAT,20,0.011,3.127,stable,1.0,31.99,86194,33393140,28b587cf6ecf,3,200,
12cd0c3196589ac8105653cbfe613fc6.cnf.xz,hardware-verification,UNSAT,20,0.011,3.127,simplify,0.86,27.58,86194,33393140,28b587cf6ecf,3,200,
12cd0c3196589ac8105653cbfe613fc6.cnf.xz,hardware-verification,UNSAT,20,0.011,3.127,analyze,0.79,25.23,86194,33393140,28b587cf6ecf,3,200,
12cd0c3196589ac8105653cbfe613fc6.cnf.xz,hardware-verification,UNSAT,20,0.011,3.127,probe,0.69,22.22,86194,33393140,28b587cf6ecf,3,200,
12cd0c3196589ac8105653cbfe613fc6.cnf.xz,hardware-verification,UNSAT,20,0.011,3.127,sweep,0.27,8.83,86194,33393140,28b587cf6ecf,3,200,
12cd0c3196589ac8105653cbfe613fc6.cnf.xz,hardware-verification,UNSAT,20,0.011,3.127,vivify,0.23,7.53,86194,33393140,28b587cf6ecf,3,200,
12cd0c3196589ac8105653cbfe613fc6.cnf.xz,hardware-verification,UNSAT,20,0.011,3.127,eliminate,0.23,7.49,86194,33393140,28b587cf6ecf,3,200,
12cd0c3196589ac8105653cbfe613fc6.cnf.xz,hardware-verification,UNSAT,20,0.011,3.127,shrink,0.2,6.55,86194,33393140,28b587cf6ecf,3,200,
12cd0c3196589ac8105653cbfe613fc6.cnf.xz,hardware-verification,UNSAT,20,0.011,3.127,deduce,0.15,4.81,86194,33393140,28b587cf6ecf,3,200,
12cd0c3196589ac8105653cbfe613fc6.cnf.xz,hardware-verification,UNSAT,20,0.011,3.127,sweepbackbone,0.14,4.39,86194,33393140,28b587cf6ecf,3,200,
12cd0c3196589ac8105653cbfe613fc6.cnf.xz,hardware-verification,UNSAT,20,0.011,3.127,bump,0.12,3.88,86194,33393140,28b587cf6ecf,3,200,
12cd0c3196589ac8105653cbfe613fc6.cnf.xz,hardware-verification,UNSAT,20,0.011,3.127,definition,0.11,3.41,86194,33393140,28b587cf6ecf,3,200,
12cd0c3196589ac8105653cbfe613fc6.cnf.xz,hardware-verification,UNSAT,20,0.011,3.127,vivify2,0.08,2.51,86194,33393140,28b587cf6ecf,3,200,
12cd0c3196589ac8105653cbfe613fc6.cnf.xz,hardware-verification,UNSAT,20,0.011,3.127,preprocess,0.08,2.43,86194,33393140,28b587cf6ecf,3,200,
12cd0c3196589ac8105653cbfe613fc6.cnf.xz,hardware-verification,UNSAT,20,0.011,3.127,factor,0.06,1.92,86194,33393140,28b587cf6ecf,3,200,
12cd0c3196589ac8105653cbfe613fc6.cnf.xz,hardware-verification,UNSAT,20,0.011,3.127,vivify1,0.06,1.9,86194,33393140,28b587cf6ecf,3,200,
12cd0c3196589ac8105653cbfe613fc6.cnf.xz,hardware-verification,UNSAT,20,0.011,3.127,substitute,0.05,1.73,86194,33393140,28b587cf6ecf,3,200,
12cd0c3196589ac8105653cbfe613fc6.cnf.xz,hardware-verification,UNSAT,20,0.011,3.127,vivify0,0.05,1.62,86194,33393140,28b587cf6ecf,3,200,
12cd0c3196589ac8105653cbfe613fc6.cnf.xz,hardware-verification,UNSAT,20,0.011,3.127,vivify3,0.05,1.49,86194,33393140,28b587cf6ecf,3,200,
12cd0c3196589ac8105653cbfe613fc6.cnf.xz,hardware-verification,UNSAT,20,0.011,3.127,reduce,0.04,1.37,86194,33393140,28b587cf6ecf,3,200,
12cd0c3196589ac8105653cbfe613fc6.cnf.xz,hardware-verification,UNSAT,20,0.011,3.127,sweepequivalences,0.04,1.29,86194,33393140,28b587cf6ecf,3,200,
12cd0c3196589ac8105653cbfe613fc6.cnf.xz,hardware-verification,UNSAT,20,0.011,3.127,collect,0.04,1.22,86194,33393140,28b587cf6ecf,3,200,
12cd0c3196589ac8105653cbfe613fc6.cnf.xz,hardware-verification,UNSAT,20,0.011,3.127,minimize,0.03,0.89,86194,33393140,28b587cf6ecf,3,200,
12cd0c3196589ac8105653cbfe613fc6.cnf.xz,hardware-verification,UNSAT,20,0.011,3.127,subsume,0.03,0.86,86194,33393140,28b587cf6ecf,3,200,
12cd0c3196589ac8105653cbfe613fc6.cnf.xz,hardware-verification,UNSAT,20,0.011,3.127,backbone,0.02,0.77,86194,33393140,28b587cf6ecf,3,200,
12cd0c3196589ac8105653cbfe613fc6.cnf.xz,hardware-verification,UNSAT,20,0.011,3.127,congruence,0.02,0.72,86194,33393140,28b587cf6ecf,3,200,
12cd0c3196589ac8105653cbfe613fc6.cnf.xz,hardware-verification,UNSAT,20,0.011,3.127,transitive,0.02,0.71,86194,33393140,28b587cf6ecf,3,200,
12cd0c3196589ac8105653cbfe613fc6.cnf.xz,hardware-verification,UNSAT,20,0.011,3.127,extract,0.02,0.59,86194,33393140,28b587cf6ecf,3,200,
12cd0c3196589ac8105653cbfe613fc6.cnf.xz,hardware-verification,UNSAT,20,0.011,3.127,extractands,0.01,0.36,86194,33393140,28b587cf6ecf,3,200,
12cd0c3196589ac8105653cbfe613fc6.cnf.xz,hardware-verification,UNSAT,20,0.011,3.127,restart,0.01,0.34,86194,33393140,28b587cf6ecf,3,200,
12cd0c3196589ac8105653cbfe613fc6.cnf.xz,hardware-verification,UNSAT,20,0.011,3.127,parse,0.01,0.33,86194,33393140,28b587cf6ecf,3,200,
12cd0c3196589ac8105653cbfe613fc6.cnf.xz,hardware-verification,UNSAT,20,0.011,3.127,defrag,0.01,0.33,86194,33393140,28b587cf6ecf,3,200,
12cd0c3196589ac8105653cbfe613fc6.cnf.xz,hardware-verification,UNSAT,20,0.011,3.127,walking,0.01,0.27,86194,33393140,28b587cf6ecf,3,200,
12cd0c3196589ac8105653cbfe613fc6.cnf.xz,hardware-verification,UNSAT,20,0.011,3.127,reorder,0.0,0.12,86194,33393140,28b587cf6ecf,3,200,
12cd0c3196589ac8105653cbfe613fc6.cnf.xz,hardware-verification,UNSAT,20,0.011,3.127,warmup,0.0,0.11,86194,33393140,28b587cf6ecf,3,200,
12cd0c3196589ac8105653cbfe613fc6.cnf.xz,hardware-verification,UNSAT,20,0.011,3.127,lucky,0.0,0.07,86194,33393140,28b587cf6ecf,3,200,
12cd0c3196589ac8105653cbfe613fc6.cnf.xz,hardware-verification,UNSAT,20,0.011,3.127,matching,0.0,0.04,86194,33393140,28b587cf6ecf,3,200,
12cd0c3196589ac8105653cbfe613fc6.cnf.xz,hardware-verification,UNSAT,20,0.011,3.127,extractbinaries,0.0,0.04,86194,33393140,28b587cf6ecf,3,200,
12cd0c3196589ac8105653cbfe613fc6.cnf.xz,hardware-verification,UNSAT,20,0.011,3.127,extractxors,0.0,0.03,86194,33393140,28b587cf6ecf,3,200,
12cd0c3196589ac8105653cbfe613fc6.cnf.xz,hardware-verification,UNSAT,20,0.011,3.127,extractites,0.0,0.03,86194,33393140,28b587cf6ecf,3,200,
12cd0c3196589ac8105653cbfe613fc6.cnf.xz,hardware-verification,UNSAT,20,0.011,3.127,rephase,0.0,0.01,86194,33393140,28b587cf6ecf,3,200,
12cd0c3196589ac8105653cbfe613fc6.cnf.xz,hardware-verification,UNSAT,20,0.011,3.127,merge,0.0,0.0,86194,33393140,28b587cf6ecf,3,200,
12cd0c3196589ac8105653cbfe613fc6.cnf.xz,hardware-verification,UNSAT,20,0.011,3.127,total,3.11,100.0,86194,33393140,28b587cf6ecf,3,200,
15456f0d13b26f0b4b21525ef7d0d711.cnf.xz,clique-formulas,UNSAT,20,0.003,17.093,search,15.73,92.08,750179,20446946,28b587cf6ecf,3,200,
15456f0d13b26f0b4b21525ef7d0d711.cnf.xz,clique-formulas,UNSAT,20,0.003,17.093,focused,8.31,48.66,750179,20446946,28b587cf6ecf,3,200,
15456f0d13b26f0b4b21525ef7d0d711.cnf.xz,clique-formulas,UNSAT,20,0.003,17.093,stable,7.42,43.42,750179,20446946,28b587cf6ecf,3,200,
15456f0d13b26f0b4b21525ef7d0d711.cnf.xz,clique-formulas,UNSAT,20,0.003,17.093,analyze,6.4,37.46,750179,20446946,28b587cf6ecf,3,200,
15456f0d13b26f0b4b21525ef7d0d711.cnf.xz,clique-formulas,UNSAT,20,0.003,17.093,shrink,1.47,8.62,750179,20446946,28b587cf6ecf,3,200,
15456f0d13b26f0b4b21525ef7d0d711.cnf.xz,clique-formulas,UNSAT,20,0.003,17.093,simplify,1.3,7.62,750179,20446946,28b587cf6ecf,3,200,
15456f0d13b26f0b4b21525ef7d0d711.cnf.xz,clique-formulas,UNSAT,20,0.003,17.093,probe,1.26,7.36,750179,20446946,28b587cf6ecf,3,200,
15456f0d13b26f0b4b21525ef7d0d711.cnf.xz,clique-formulas,UNSAT,20,0.003,17.093,deduce,1.2,7.0,750179,20446946,28b587cf6ecf,3,200,
15456f0d13b26f0b4b21525ef7d0d711.cnf.xz,clique-formulas,UNSAT,20,0.003,17.093,bump,1.03,6.03,750179,20446946,28b587cf6ecf,3,200,
15456f0d13b26f0b4b21525ef7d0d711.cnf.xz,clique-formulas,UNSAT,20,0.003,17.093,vivify,0.85,5.0,750179,20446946,28b587cf6ecf,3,200,
15456f0d13b26f0b4b21525ef7d0d711.cnf.xz,clique-formulas,UNSAT,20,0.003,17.093,reduce,0.43,2.5,750179,20446946,28b587cf6ecf,3,200,
15456f0d13b26f0b4b21525ef7d0d711.cnf.xz,clique-formulas,UNSAT,20,0.003,17.093,collect,0.36,2.12,750179,20446946,28b587cf6ecf,3,200,
15456f0d13b26f0b4b21525ef7d0d711.cnf.xz,clique-formulas,UNSAT,20,0.003,17.093,minimize,0.32,1.89,750179,20446946,28b587cf6ecf,3,200,
15456f0d13b26f0b4b21525ef7d0d711.cnf.xz,clique-formulas,UNSAT,20,0.003,17.093,vivify1,0.32,1.87,750179,20446946,28b587cf6ecf,3,200,
15456f0d13b26f0b4b21525ef7d0d711.cnf.xz,clique-formulas,UNSAT,20,0.003,17.093,vivify2,0.32,1.85,750179,20446946,28b587cf6ecf,3,200,
15456f0d13b26f0b4b21525ef7d0d711.cnf.xz,clique-formulas,UNSAT,20,0.003,17.093,sweep,0.28,1.64,750179,20446946,28b587cf6ecf,3,200,
15456f0d13b26f0b4b21525ef7d0d711.cnf.xz,clique-formulas,UNSAT,20,0.003,17.093,sweepbackbone,0.22,1.29,750179,20446946,28b587cf6ecf,3,200,
15456f0d13b26f0b4b21525ef7d0d711.cnf.xz,clique-formulas,UNSAT,20,0.003,17.093,vivify3,0.16,0.93,750179,20446946,28b587cf6ecf,3,200,
15456f0d13b26f0b4b21525ef7d0d711.cnf.xz,clique-formulas,UNSAT,20,0.003,17.093,substitute,0.07,0.43,750179,20446946,28b587cf6ecf,3,200,
15456f0d13b26f0b4b21525ef7d0d711.cnf.xz,clique-formulas,UNSAT,20,0.003,17.093,vivify0,0.06,0.34,750179,20446946,28b587cf6ecf,3,200,
15456f0d13b26f0b4b21525ef7d0d711.cnf.xz,clique-formulas,UNSAT,20,0.003,17.093,eliminate,0.05,0.31,750179,20446946,28b587cf6ecf,3,200,
15456f0d13b26f0b4b21525ef7d0d711.cnf.xz,clique-formulas,UNSAT,20,0.003,17.093,preprocess,0.05,0.29,750179,20446946,28b587cf6ecf,3,200,
15456f0d13b26f0b4b21525ef7d0d711.cnf.xz,clique-formulas,UNSAT,20,0.003,17.093,walking,0.04,0.23,750179,20446946,28b587cf6ecf,3,200,
15456f0d13b26f0b4b21525ef7d0d711.cnf.xz,clique-formulas,UNSAT,20,0.003,17.093,factor,0.03,0.17,750179,20446946,28b587cf6ecf,3,200,
15456f0d13b26f0b4b21525ef7d0d711.cnf.xz,clique-formulas,UNSAT,20,0.003,17.093,sweepequivalences,0.02,0.11,750179,20446946,28b587cf6ecf,3,200,
15456f0d13b26f0b4b21525ef7d0d711.cnf.xz,clique-formulas,UNSAT,20,0.003,17.093,definition,0.02,0.09,750179,20446946,28b587cf6ecf,3,200,
15456f0d13b26f0b4b21525ef7d0d711.cnf.xz,clique-formulas,UNSAT,20,0.003,17.093,defrag,0.01,0.08,750179,20446946,28b587cf6ecf,3,200,
15456f0d13b26f0b4b21525ef7d0d711.cnf.xz,clique-formulas,UNSAT,20,0.003,17.093,restart,0.01,0.07,750179,20446946,28b587cf6ecf,3,200,
15456f0d13b26f0b4b21525ef7d0d711.cnf.xz,clique-formulas,UNSAT,20,0.003,17.093,transitive,0.01,0.06,750179,20446946,28b587cf6ecf,3,200,
15456f0d13b26f0b4b21525ef7d0d711.cnf.xz,clique-formulas,UNSAT,20,0.003,17.093,backbone,0.01,0.04,750179,20446946,28b587cf6ecf,3,200,
15456f0d13b26f0b4b21525ef7d0d711.cnf.xz,clique-formulas,UNSAT,20,0.003,17.093,congruence,0.0,0.03,750179,20446946,28b587cf6ecf,3,200,
15456f0d13b26f0b4b21525ef7d0d711.cnf.xz,clique-formulas,UNSAT,20,0.003,17.093,extract,0.0,0.03,750179,20446946,28b587cf6ecf,3,200,
15456f0d13b26f0b4b21525ef7d0d711.cnf.xz,clique-formulas,UNSAT,20,0.003,17.093,subsume,0.0,0.02,750179,20446946,28b587cf6ecf,3,200,
15456f0d13b26f0b4b21525ef7d0d711.cnf.xz,clique-formulas,UNSAT,20,0.003,17.093,reorder,0.0,0.02,750179,20446946,28b587cf6ecf,3,200,
15456f0d13b26f0b4b21525ef7d0d711.cnf.xz,clique-formulas,UNSAT,20,0.003,17.093,warmup,0.0,0.02,750179,20446946,28b587cf6ecf,3,200,
15456f0d13b26f0b4b21525ef7d0d711.cnf.xz,clique-formulas,UNSAT,20,0.003,17.093,parse,0.0,0.02,750179,20446946,28b587cf6ecf,3,200,
15456f0d13b26f0b4b21525ef7d0d711.cnf.xz,clique-formulas,UNSAT,20,0.003,17.093,extractands,0.0,0.01,750179,20446946,28b587cf6ecf,3,200,
15456f0d13b26f0b4b21525ef7d0d711.cnf.xz,clique-formulas,UNSAT,20,0.003,17.093,rephase,0.0,0.01,750179,20446946,28b587cf6ecf,3,200,
15456f0d13b26f0b4b21525ef7d0d711.cnf.xz,clique-formulas,UNSAT,20,0.003,17.093,extractbinaries,0.0,0.0,750179,20446946,28b587cf6ecf,3,200,
15456f0d13b26f0b4b21525ef7d0d711.cnf.xz,clique-formulas,UNSAT,20,0.003,17.093,lucky,0.0,0.0,750179,20446946,28b587cf6ecf,3,200,
15456f0d13b26f0b4b21525ef7d0d711.cnf.xz,clique-formulas,UNSAT,20,0.003,17.093,extractxors,0.0,0.0,750179,20446946,28b587cf6ecf,3,200,
15456f0d13b26f0b4b21525ef7d0d711.cnf.xz,clique-formulas,UNSAT,20,0.003,17.093,extractites,0.0,0.0,750179,20446946,28b587cf6ecf,3,200,
15456f0d13b26f0b4b21525ef7d0d711.cnf.xz,clique-formulas,UNSAT,20,0.003,17.093,merge,0.0,0.0,750179,20446946,28b587cf6ecf,3,200,
15456f0d13b26f0b4b21525ef7d0d711.cnf.xz,clique-formulas,UNSAT,20,0.003,17.093,total,17.08,100.0,750179,20446946,28b587cf6ecf,3,200,
15e666a42158e3304fc3979de28a5e44.cnf.xz,graph-coloring,UNSAT,20,0.007,21.613,search,18.45,85.46,781576,55778412,28b587cf6ecf,3,200,
15e666a42158e3304fc3979de28a5e44.cnf.xz,graph-coloring,UNSAT,20,0.007,21.613,focused,9.69,44.87,781576,55778412,28b587cf6ecf,3,200,
15e666a42158e3304fc3979de28a5e44.cnf.xz,graph-coloring,UNSAT,20,0.007,21.613,stable,8.76,40.59,781576,55778412,28b587cf6ecf,3,200,
15e666a42158e3304fc3979de28a5e44.cnf.xz,graph-coloring,UNSAT,20,0.007,21.613,analyze,6.36,29.46,781576,55778412,28b587cf6ecf,3,200,
15e666a42158e3304fc3979de28a5e44.cnf.xz,graph-coloring,UNSAT,20,0.007,21.613,simplify,3.07,14.21,781576,55778412,28b587cf6ecf,3,200,
15e666a42158e3304fc3979de28a5e44.cnf.xz,graph-coloring,UNSAT,20,0.007,21.613,probe,2.34,10.82,781576,55778412,28b587cf6ecf,3,200,
15e666a42158e3304fc3979de28a5e44.cnf.xz,graph-coloring,UNSAT,20,0.007,21.613,vivify,1.42,6.56,781576,55778412,28b587cf6ecf,3,200,
15e666a42158e3304fc3979de28a5e44.cnf.xz,graph-coloring,UNSAT,20,0.007,21.613,shrink,1.4,6.49,781576,55778412,28b587cf6ecf,3,200,
15e666a42158e3304fc3979de28a5e44.cnf.xz,graph-coloring,UNSAT,20,0.007,21.613,deduce,1.18,5.46,781576,55778412,28b587cf6ecf,3,200,
15e666a42158e3304fc3979de28a5e44.cnf.xz,graph-coloring,UNSAT,20,0.007,21.613,bump,1.0,4.61,781576,55778412,28b587cf6ecf,3,200,
15e666a42158e3304fc3979de28a5e44.cnf.xz,graph-coloring,UNSAT,20,0.007,21.613,eliminate,0.76,3.52,781576,55778412,28b587cf6ecf,3,200,
15e666a42158e3304fc3979de28a5e44.cnf.xz,graph-coloring,UNSAT,20,0.007,21.613,vivify1,0.56,2.61,781576,55778412,28b587cf6ecf,3,200,
15e666a42158e3304fc3979de28a5e44.cnf.xz,graph-coloring,UNSAT,20,0.007,21.613,vivify2,0.55,2.55,781576,55778412,28b587cf6ecf,3,200,
15e666a42158e3304fc3979de28a5e44.cnf.xz,graph-coloring,UNSAT,20,0.007,21.613,reduce,0.43,1.99,781576,55778412,28b587cf6ecf,3,200,
15e666a42158e3304fc3979de28a5e44.cnf.xz,graph-coloring,UNSAT,20,0.007,21.613,definition,0.41,1.9,781576,55778412,28b587cf6ecf,3,200,
15e666a42158e3304fc3979de28a5e44.cnf.xz,graph-coloring,UNSAT,20,0.007,21.613,sweep,0.4,1.87,781576,55778412,28b587cf6ecf,3,200,
15e666a42158e3304fc3979de28a5e44.cnf.xz,graph-coloring,UNSAT,20,0.007,21.613,collect,0.37,1.71,781576,55778412,28b587cf6ecf,3,200,
15e666a42158e3304fc3979de28a5e44.cnf.xz,graph-coloring,UNSAT,20,0.007,21.613,minimize,0.32,1.46,781576,55778412,28b587cf6ecf,3,200,
15e666a42158e3304fc3979de28a5e44.cnf.xz,graph-coloring,UNSAT,20,0.007,21.613,sweepbackbone,0.26,1.22,781576,55778412,28b587cf6ecf,3,200,
15e666a42158e3304fc3979de28a5e44.cnf.xz,graph-coloring,UNSAT,20,0.007,21.613,vivify3,0.23,1.05,781576,55778412,28b587cf6ecf,3,200,
15e666a42158e3304fc3979de28a5e44.cnf.xz,graph-coloring,UNSAT,20,0.007,21.613,factor,0.19,0.9,781576,55778412,28b587cf6ecf,3,200,
15e666a42158e3304fc3979de28a5e44.cnf.xz,graph-coloring,UNSAT,20,0.007,21.613,substitute,0.16,0.72,781576,55778412,28b587cf6ecf,3,200,
15e666a42158e3304fc3979de28a5e44.cnf.xz,graph-coloring,UNSAT,20,0.007,21.613,subsume,0.08,0.38,781576,55778412,28b587cf6ecf,3,200,
15e666a42158e3304fc3979de28a5e44.cnf.xz,graph-coloring,UNSAT,20,0.007,21.613,transitive,0.08,0.36,781576,55778412,28b587cf6ecf,3,200,
15e666a42158e3304fc3979de28a5e44.cnf.xz,graph-coloring,UNSAT,20,0.007,21.613,vivify0,0.07,0.34,781576,55778412,28b587cf6ecf,3,200,
15e666a42158e3304fc3979de28a5e44.cnf.xz,graph-coloring,UNSAT,20,0.007,21.613,preprocess,0.07,0.3,781576,55778412,28b587cf6ecf,3,200,
15e666a42158e3304fc3979de28a5e44.cnf.xz,graph-coloring,UNSAT,20,0.007,21.613,backbone,0.06,0.27,781576,55778412,28b587cf6ecf,3,200,
15e666a42158e3304fc3979de28a5e44.cnf.xz,graph-coloring,UNSAT,20,0.007,21.613,walking,0.04,0.18,781576,55778412,28b587cf6ecf,3,200,
15e666a42158e3304fc3979de28a5e44.cnf.xz,graph-coloring,UNSAT,20,0.007,21.613,sweepequivalences,0.04,0.16,781576,55778412,28b587cf6ecf,3,200,
15e666a42158e3304fc3979de28a5e44.cnf.xz,graph-coloring,UNSAT,20,0.007,21.613,congruence,0.03,0.13,781576,55778412,28b587cf6ecf,3,200,
15e666a42158e3304fc3979de28a5e44.cnf.xz,graph-coloring,UNSAT,20,0.007,21.613,extract,0.02,0.11,781576,55778412,28b587cf6ecf,3,200,
15e666a42158e3304fc3979de28a5e44.cnf.xz,graph-coloring,UNSAT,20,0.007,21.613,defrag,0.02,0.08,781576,55778412,28b587cf6ecf,3,200,
15e666a42158e3304fc3979de28a5e44.cnf.xz,graph-coloring,UNSAT,20,0.007,21.613,reorder,0.01,0.07,781576,55778412,28b587cf6ecf,3,200,
15e666a42158e3304fc3979de28a5e44.cnf.xz,graph-coloring,UNSAT,20,0.007,21.613,extractands,0.01,0.06,781576,55778412,28b587cf6ecf,3,200,
15e666a42158e3304fc3979de28a5e44.cnf.xz,graph-coloring,UNSAT,20,0.007,21.613,restart,0.01,0.05,781576,55778412,28b587cf6ecf,3,200,
15e666a42158e3304fc3979de28a5e44.cnf.xz,graph-coloring,UNSAT,20,0.007,21.613,warmup,0.01,0.04,781576,55778412,28b587cf6ecf,3,200,
15e666a42158e3304fc3979de28a5e44.cnf.xz,graph-coloring,UNSAT,20,0.007,21.613,parse,0.0,0.02,781576,55778412,28b587cf6ecf,3,200,
15e666a42158e3304fc3979de28a5e44.cnf.xz,graph-coloring,UNSAT,20,0.007,21.613,extractbinaries,0.0,0.01,781576,55778412,28b587cf6ecf,3,200,
15e666a42158e3304fc3979de28a5e44.cnf.xz,graph-coloring,UNSAT,20,0.007,21.613,lucky,0.0,0.01,781576,55778412,28b587cf6ecf,3,200,
15e666a42158e3304fc3979de28a5e44.cnf.xz,graph-coloring,UNSAT,20,0.007,21.613,rephase,0.0,0.0,781576,55778412,28b587cf6ecf,3,200,
15e666a42158e3304fc3979de28a5e44.cnf.xz,graph-coloring,UNSAT,20,0.007,21.613,extractxors,0.0,0.0,781576,55778412,28b587cf6ecf,3,200,
15e666a42158e3304fc3979de28a5e44.cnf.xz,graph-coloring,UNSAT,20,0.007,21.613,extractites,0.0,0.0,781576,55778412,28b587cf6ecf,3,200,
15e666a42158e3304fc3979de28a5e44.cnf.xz,graph-coloring,UNSAT,20,0.007,21.613,merge,0.0,0.0,781576,55778412,28b587cf6ecf,3,200,
15e666a42158e3304fc3979de28a5e44.cnf.xz,graph-coloring,UNSAT,20,0.007,21.613,total,21.59,100.0,781576,55778412,28b587cf6ecf,3,200,
1890f49a43a94b97828528b68c32b78e.cnf.xz,fpga-routing,UNSAT,20,0.003,92.697,search,85.81,92.8,4082349,75184720,28b587cf6ecf,3,200,
1890f49a43a94b97828528b68c32b78e.cnf.xz,fpga-routing,UNSAT,20,0.003,92.697,focused,48.24,52.17,4082349,75184720,28b587cf6ecf,3,200,
1890f49a43a94b97828528b68c32b78e.cnf.xz,fpga-routing,UNSAT,20,0.003,92.697,stable,37.57,40.63,4082349,75184720,28b587cf6ecf,3,200,
1890f49a43a94b97828528b68c32b78e.cnf.xz,fpga-routing,UNSAT,20,0.003,92.697,analyze,30.78,33.29,4082349,75184720,28b587cf6ecf,3,200,
1890f49a43a94b97828528b68c32b78e.cnf.xz,fpga-routing,UNSAT,20,0.003,92.697,simplify,6.64,7.18,4082349,75184720,28b587cf6ecf,3,200,
1890f49a43a94b97828528b68c32b78e.cnf.xz,fpga-routing,UNSAT,20,0.003,92.697,shrink,6.61,7.15,4082349,75184720,28b587cf6ecf,3,200,
1890f49a43a94b97828528b68c32b78e.cnf.xz,fpga-routing,UNSAT,20,0.003,92.697,probe,6.51,7.04,4082349,75184720,28b587cf6ecf,3,200,
1890f49a43a94b97828528b68c32b78e.cnf.xz,fpga-routing,UNSAT,20,0.003,92.697,deduce,5.7,6.17,4082349,75184720,28b587cf6ecf,3,200,
1890f49a43a94b97828528b68c32b78e.cnf.xz,fpga-routing,UNSAT,20,0.003,92.697,bump,5.07,5.48,4082349,75184720,28b587cf6ecf,3,200,
1890f49a43a94b97828528b68c32b78e.cnf.xz,fpga-routing,UNSAT,20,0.003,92.697,vivify,4.66,5.04,4082349,75184720,28b587cf6ecf,3,200,
1890f49a43a94b97828528b68c32b78e.cnf.xz,fpga-routing,UNSAT,20,0.003,92.697,reduce,2.41,2.6,4082349,75184720,28b587cf6ecf,3,200,
1890f49a43a94b97828528b68c32b78e.cnf.xz,fpga-routing,UNSAT,20,0.003,92.697,vivify1,2.17,2.34,4082349,75184720,28b587cf6ecf,3,200,
1890f49a43a94b97828528b68c32b78e.cnf.xz,fpga-routing,UNSAT,20,0.003,92.697,collect,1.99,2.15,4082349,75184720,28b587cf6ecf,3,200,
1890f49a43a94b97828528b68c32b78e.cnf.xz,fpga-routing,UNSAT,20,0.003,92.697,vivify2,1.62,1.75,4082349,75184720,28b587cf6ecf,3,200,
1890f49a43a94b97828528b68c32b78e.cnf.xz,fpga-routing,UNSAT,20,0.003,92.697,minimize,1.61,1.74,4082349,75184720,28b587cf6ecf,3,200,
1890f49a43a94b97828528b68c32b78e.cnf.xz,fpga-routing,UNSAT,20,0.003,92.697,sweep,1.44,1.56,4082349,75184720,28b587cf6ecf,3,200,
1890f49a43a94b97828528b68c32b78e.cnf.xz,fpga-routing,UNSAT,20,0.003,92.697,vivify3,0.77,0.83,4082349,75184720,28b587cf6ecf,3,200,
1890f49a43a94b97828528b68c32b78e.cnf.xz,fpga-routing,UNSAT,20,0.003,92.697,substitute,0.33,0.36,4082349,75184720,28b587cf6ecf,3,200,
1890f49a43a94b97828528b68c32b78e.cnf.xz,fpga-routing,UNSAT,20,0.003,92.697,vivify0,0.11,0.12,4082349,75184720,28b587cf6ecf,3,200,
1890f49a43a94b97828528b68c32b78e.cnf.xz,fpga-routing,UNSAT,20,0.003,92.697,walking,0.08,0.09,4082349,75184720,28b587cf6ecf,3,200,
1890f49a43a94b97828528b68c32b78e.cnf.xz,fpga-routing,UNSAT,20,0.003,92.697,restart,0.07,0.07,4082349,75184720,28b587cf6ecf,3,200,
1890f49a43a94b97828528b68c32b78e.cnf.xz,fpga-routing,UNSAT,20,0.003,92.697,eliminate,0.06,0.07,4082349,75184720,28b587cf6ecf,3,200,
1890f49a43a94b97828528b68c32b78e.cnf.xz,fpga-routing,UNSAT,20,0.003,92.697,sweepbackbone,0.05,0.06,4082349,75184720,28b587cf6ecf,3,200,
1890f49a43a94b97828528b68c32b78e.cnf.xz,fpga-routing,UNSAT,20,0.003,92.697,factor,0.05,0.05,4082349,75184720,28b587cf6ecf,3,200,
1890f49a43a94b97828528b68c32b78e.cnf.xz,fpga-routing,UNSAT,20,0.003,92.697,defrag,0.04,0.05,4082349,75184720,28b587cf6ecf,3,200,
1890f49a43a94b97828528b68c32b78e.cnf.xz,fpga-routing,UNSAT,20,0.003,92.697,preprocess,0.02,0.02,4082349,75184720,28b587cf6ecf,3,200,
1890f49a43a94b97828528b68c32b78e.cnf.xz,fpga-routing,UNSAT,20,0.003,92.697,reorder,0.01,0.01,4082349,75184720,28b587cf6ecf,3,200,
1890f49a43a94b97828528b68c32b78e.cnf.xz,fpga-routing,UNSAT,20,0.003,92.697,transitive,0.01,0.01,4082349,75184720,28b587cf6ecf,3,200,
1890f49a43a94b97828528b68c32b78e.cnf.xz,fpga-routing,UNSAT,20,0.003,92.697,congruence,0.01,0.01,4082349,75184720,28b587cf6ecf,3,200,
1890f49a43a94b97828528b68c32b78e.cnf.xz,fpga-routing,UNSAT,20,0.003,92.697,extract,0.01,0.01,4082349,75184720,28b587cf6ecf,3,200,
1890f49a43a94b97828528b68c32b78e.cnf.xz,fpga-routing,UNSAT,20,0.003,92.697,definition,0.01,0.01,4082349,75184720,28b587cf6ecf,3,200,
1890f49a43a94b97828528b68c32b78e.cnf.xz,fpga-routing,UNSAT,20,0.003,92.697,warmup,0.01,0.01,4082349,75184720,28b587cf6ecf,3,200,
1890f49a43a94b97828528b68c32b78e.cnf.xz,fpga-routing,UNSAT,20,0.003,92.697,sweepequivalences,0.0,0.0,4082349,75184720,28b587cf6ecf,3,200,
1890f49a43a94b97828528b68c32b78e.cnf.xz,fpga-routing,UNSAT,20,0.003,92.697,subsume,0.0,0.0,4082349,75184720,28b587cf6ecf,3,200,
1890f49a43a94b97828528b68c32b78e.cnf.xz,fpga-routing,UNSAT,20,0.003,92.697,backbone,0.0,0.0,4082349,75184720,28b587cf6ecf,3,200,
1890f49a43a94b97828528b68c32b78e.cnf.xz,fpga-routing,UNSAT,20,0.003,92.697,extractands,0.0,0.0,4082349,75184720,28b587cf6ecf,3,200,
1890f49a43a94b97828528b68c32b78e.cnf.xz,fpga-routing,UNSAT,20,0.003,92.697,rephase,0.0,0.0,4082349,75184720,28b587cf6ecf,3,200,
1890f49a43a94b97828528b68c32b78e.cnf.xz,fpga-routing,UNSAT,20,0.003,92.697,parse,0.0,0.0,4082349,75184720,28b587cf6ecf,3,200,
1890f49a43a94b97828528b68c32b78e.cnf.xz,fpga-routing,UNSAT,20,0.003,92.697,extractbinaries,0.0,0.0,4082349,75184720,28b587cf6ecf,3,200,
1890f49a43a94b97828528b68c32b78e.cnf.xz,fpga-routing,UNSAT,20,0.003,92.697,extractxors,0.0,0.0,4082349,75184720,28b587cf6ecf,3,200,
1890f49a43a94b97828528b68c32b78e.cnf.xz,fpga-routing,UNSAT,20,0.003,92.697,extractites,0.0,0.0,4082349,75184720,28b587cf6ecf,3,200,
1890f49a43a94b97828528b68c32b78e.cnf.xz,fpga-routing,UNSAT,20,0.003,92.697,lucky,0.0,0.0,4082349,75184720,28b587cf6ecf,3,200,
1890f49a43a94b97828528b68c32b78e.cnf.xz,fpga-routing,UNSAT,20,0.003,92.697,merge,0.0,0.0,4082349,75184720,28b587cf6ecf,3,200,
1890f49a43a94b97828528b68c32b78e.cnf.xz,fpga-routing,UNSAT,20,0.003,92.697,total,92.47,100.0,4082349,75184720,28b587cf6ecf,3,200,
1bb9fe12b4fb50e98903ee87a51d6472.cnf.xz,miter,UNSAT,20,0.016,18.945,search,12.78,68.41,165204,104850360,28b587cf6ecf,3,200,
1bb9fe12b4fb50e98903ee87a51d6472.cnf.xz,miter,UNSAT,20,0.016,18.945,stable,6.98,37.35,165204,104850360,28b587cf6ecf,3,200,
1bb9fe12b4fb50e98903ee87a51d6472.cnf.xz,miter,UNSAT,20,0.016,18.945,focused,5.8,31.05,165204,104850360,28b587cf6ecf,3,200,
1bb9fe12b4fb50e98903ee87a51d6472.cnf.xz,miter,UNSAT,20,0.016,18.945,simplify,5.65,30.27,165204,104850360,28b587cf6ecf,3,200,
1bb9fe12b4fb50e98903ee87a51d6472.cnf.xz,miter,UNSAT,20,0.016,18.945,probe,5.49,29.38,165204,104850360,28b587cf6ecf,3,200,
1bb9fe12b4fb50e98903ee87a51d6472.cnf.xz,miter,UNSAT,20,0.016,18.945,sweep,2.67,14.3,165204,104850360,28b587cf6ecf,3,200,
1bb9fe12b4fb50e98903ee87a51d6472.cnf.xz,miter,UNSAT,20,0.016,18.945,analyze,2.47,13.21,165204,104850360,28b587cf6ecf,3,200,
1bb9fe12b4fb50e98903ee87a51d6472.cnf.xz,miter,UNSAT,20,0.016,18.945,vivify,1.84,9.83,165204,104850360,28b587cf6ecf,3,200,
1bb9fe12b4fb50e98903ee87a51d6472.cnf.xz,miter,UNSAT,20,0.016,18.945,sweepbackbone,1.43,7.63,165204,104850360,28b587cf6ecf,3,200,
1bb9fe12b4fb50e98903ee87a51d6472.cnf.xz,miter,UNSAT,20,0.016,18.945,shrink,0.93,4.98,165204,104850360,28b587cf6ecf,3,200,
1bb9fe12b4fb50e98903ee87a51d6472.cnf.xz,miter,UNSAT,20,0.016,18.945,sweepequivalences,0.71,3.81,165204,104850360,28b587cf6ecf,3,200,
1bb9fe12b4fb50e98903ee87a51d6472.cnf.xz,miter,UNSAT,20,0.016,18.945,vivify2,0.64,3.43,165204,104850360,28b587cf6ecf,3,200,
1bb9fe12b4fb50e98903ee87a51d6472.cnf.xz,miter,UNSAT,20,0.016,18.945,vivify1,0.59,3.18,165204,104850360,28b587cf6ecf,3,200,
1bb9fe12b4fb50e98903ee87a51d6472.cnf.xz,miter,UNSAT,20,0.016,18.945,factor,0.55,2.94,165204,104850360,28b587cf6ecf,3,200,
1bb9fe12b4fb50e98903ee87a51d6472.cnf.xz,miter,UNSAT,20,0.016,18.945,deduce,0.37,2.0,165204,104850360,28b587cf6ecf,3,200,
1bb9fe12b4fb50e98903ee87a51d6472.cnf.xz,miter,UNSAT,20,0.016,18.945,eliminate,0.35,1.89,165204,104850360,28b587cf6ecf,3,200,
1bb9fe12b4fb50e98903ee87a51d6472.cnf.xz,miter,UNSAT,20,0.016,18.945,bump,0.31,1.64,165204,104850360,28b587cf6ecf,3,200,
1bb9fe12b4fb50e98903ee87a51d6472.cnf.xz,miter,UNSAT,20,0.016,18.945,vivify0,0.31,1.63,165204,104850360,28b587cf6ecf,3,200,
1bb9fe12b4fb50e98903ee87a51d6472.cnf.xz,miter,UNSAT,20,0.016,18.945,vivify3,0.3,1.59,165204,104850360,28b587cf6ecf,3,200,
1bb9fe12b4fb50e98903ee87a51d6472.cnf.xz,miter,UNSAT,20,0.016,18.945,substitute,0.24,1.27,165204,104850360,28b587cf6ecf,3,200,
1bb9fe12b4fb50e98903ee87a51d6472.cnf.xz,miter,UNSAT,20,0.016,18.945,preprocess,0.22,1.2,165204,104850360,28b587cf6ecf,3,200,
1bb9fe12b4fb50e98903ee87a51d6472.cnf.xz,miter,UNSAT,20,0.016,18.945,reduce,0.16,0.87,165204,104850360,28b587cf6ecf,3,200,
1bb9fe12b4fb50e98903ee87a51d6472.cnf.xz,miter,UNSAT,20,0.016,18.945,collect,0.15,0.8,165204,104850360,28b587cf6ecf,3,200,
1bb9fe12b4fb50e98903ee87a51d6472.cnf.xz,miter,UNSAT,20,0.016,18.945,definition,0.13,0.68,165204,104850360,28b587cf6ecf,3,200,
1bb9fe12b4fb50e98903ee87a51d6472.cnf.xz,miter,UNSAT,20,0.016,18.945,transitive,0.09,0.47,165204,104850360,28b587cf6ecf,3,200,
1bb9fe12b4fb50e98903ee87a51d6472.cnf.xz,miter,UNSAT,20,0.016,18.945,minimize,0.07,0.36,165204,104850360,28b587cf6ecf,3,200,
1bb9fe12b4fb50e98903ee87a51d6472.cnf.xz,miter,UNSAT,20,0.016,18.945,restart,0.06,0.32,165204,104850360,28b587cf6ecf,3,200,
1bb9fe12b4fb50e98903ee87a51d6472.cnf.xz,miter,UNSAT,20,0.016,18.945,subsume,0.06,0.3,165204,104850360,28b587cf6ecf,3,200,
1bb9fe12b4fb50e98903ee87a51d6472.cnf.xz,miter,UNSAT,20,0.016,18.945,congruence,0.05,0.29,165204,104850360,28b587cf6ecf,3,200,
1bb9fe12b4fb50e98903ee87a51d6472.cnf.xz,miter,UNSAT,20,0.016,18.945,backbone,0.05,0.28,165204,104850360,28b587cf6ecf,3,200,
1bb9fe12b4fb50e98903ee87a51d6472.cnf.xz,miter,UNSAT,20,0.016,18.945,extract,0.05,0.27,165204,104850360,28b587cf6ecf,3,200,
1bb9fe12b4fb50e98903ee87a51d6472.cnf.xz,miter,UNSAT,20,0.016,18.945,walking,0.03,0.16,165204,104850360,28b587cf6ecf,3,200,
1bb9fe12b4fb50e98903ee87a51d6472.cnf.xz,miter,UNSAT,20,0.016,18.945,parse,0.01,0.08,165204,104850360,28b587cf6ecf,3,200,
1bb9fe12b4fb50e98903ee87a51d6472.cnf.xz,miter,UNSAT,20,0.016,18.945,defrag,0.01,0.07,165204,104850360,28b587cf6ecf,3,200,
1bb9fe12b4fb50e98903ee87a51d6472.cnf.xz,miter,UNSAT,20,0.016,18.945,extractxors,0.01,0.06,165204,104850360,28b587cf6ecf,3,200,
1bb9fe12b4fb50e98903ee87a51d6472.cnf.xz,miter,UNSAT,20,0.016,18.945,reorder,0.01,0.05,165204,104850360,28b587cf6ecf,3,200,
1bb9fe12b4fb50e98903ee87a51d6472.cnf.xz,miter,UNSAT,20,0.016,18.945,extractands,0.01,0.05,165204,104850360,28b587cf6ecf,3,200,
1bb9fe12b4fb50e98903ee87a51d6472.cnf.xz,miter,UNSAT,20,0.016,18.945,lucky,0.01,0.05,165204,104850360,28b587cf6ecf,3,200,
1bb9fe12b4fb50e98903ee87a51d6472.cnf.xz,miter,UNSAT,20,0.016,18.945,extractbinaries,0.01,0.05,165204,104850360,28b587cf6ecf,3,200,
1bb9fe12b4fb50e98903ee87a51d6472.cnf.xz,miter,UNSAT,20,0.016,18.945,extractites,0.01,0.04,165204,104850360,28b587cf6ecf,3,200,
1bb9fe12b4fb50e98903ee87a51d6472.cnf.xz,miter,UNSAT,20,0.016,18.945,warmup,0.01,0.04,165204,104850360,28b587cf6ecf,3,200,
1bb9fe12b4fb50e98903ee87a51d6472.cnf.xz,miter,UNSAT,20,0.016,18.945,rephase,0.0,0.0,165204,104850360,28b587cf6ecf,3,200,
1bb9fe12b4fb50e98903ee87a51d6472.cnf.xz,miter,UNSAT,20,0.016,18.945,merge,0.0,0.0,165204,104850360,28b587cf6ecf,3,200,
1bb9fe12b4fb50e98903ee87a51d6472.cnf.xz,miter,UNSAT,20,0.016,18.945,total,18.68,100.0,165204,104850360,28b587cf6ecf,3,200,
1f81f7e009f501014cb23a8c2d41836f.cnf.xz,diagnosis,UNKNOWN,0,0.241,200.012,search,121.31,60.82,363658,1357785734,28b587cf6ecf,3,200,
1f81f7e009f501014cb23a8c2d41836f.cnf.xz,diagnosis,UNKNOWN,0,0.241,200.012,simplify,77.15,38.68,363658,1357785734,28b587cf6ecf,3,200,
1f81f7e009f501014cb23a8c2d41836f.cnf.xz,diagnosis,UNKNOWN,0,0.241,200.012,probe,66.52,33.35,363658,1357785734,28b587cf6ecf,3,200,
1f81f7e009f501014cb23a8c2d41836f.cnf.xz,diagnosis,UNKNOWN,0,0.241,200.012,focused,62.53,31.35,363658,1357785734,28b587cf6ecf,3,200,
1f81f7e009f501014cb23a8c2d41836f.cnf.xz,diagnosis,UNKNOWN,0,0.241,200.012,stable,58.78,29.47,363658,1357785734,28b587cf6ecf,3,200,
1f81f7e009f501014cb23a8c2d41836f.cnf.xz,diagnosis,UNKNOWN,0,0.241,200.012,vivify,21.05,10.55,363658,1357785734,28b587cf6ecf,3,200,
1f81f7e009f501014cb23a8c2d41836f.cnf.xz,diagnosis,UNKNOWN,0,0.241,200.012,sweep,19.85,9.95,363658,1357785734,28b587cf6ecf,3,200,
1f81f7e009f501014cb23a8c2d41836f.cnf.xz,diagnosis,UNKNOWN,0,0.241,200.012,analyze,18.08,9.07,363658,1357785734,28b587cf6ecf,3,200,
1f81f7e009f501014cb23a8c2d41836f.cnf.xz,diagnosis,UNKNOWN,0,0.241,200.012,eliminate,9.87,4.95,363658,1357785734,28b587cf6ecf,3,200,
1f81f7e009f501014cb23a8c2d41836f.cnf.xz,diagnosis,UNKNOWN,0,0.241,200.012,backbone,9.29,4.66,363658,1357785734,28b587cf6ecf,3,200,
1f81f7e009f501014cb23a8c2d41836f.cnf.xz,diagnosis,UNKNOWN,0,0.241,200.012,sweepbackbone,8.82,4.42,363658,1357785734,28b587cf6ecf,3,200,
1f81f7e009f501014cb23a8c2d41836f.cnf.xz,diagnosis,UNKNOWN,0,0.241,200.012,shrink,8.56,4.29,363658,1357785734,28b587cf6ecf,3,200,
1f81f7e009f501014cb23a8c2d41836f.cnf.xz,diagnosis,UNKNOWN,0,0.241,200.012,vivify1,7.06,3.54,363658,1357785734,28b587cf6ecf,3,200,
1f81f7e009f501014cb23a8c2d41836f.cnf.xz,diagnosis,UNKNOWN,0,0.241,200.012,vivify2,6.91,3.47,363658,1357785734,28b587cf6ecf,3,200,
1f81f7e009f501014cb23a8c2d41836f.cnf.xz,diagnosis,UNKNOWN,0,0.241,200.012,factor,6.79,3.4,363658,1357785734,28b587cf6ecf,3,200,
1f81f7e009f501014cb23a8c2d41836f.cnf.xz,diagnosis,UNKNOWN,0,0.241,200.012,sweepequivalences,6.33,3.17,363658,1357785734,28b587cf6ecf,3,200,
1f81f7e009f501014cb23a8c2d41836f.cnf.xz,diagnosis,UNKNOWN,0,0.241,200.012,substitute,4.88,2.45,363658,1357785734,28b587cf6ecf,3,200,
1f81f7e009f501014cb23a8c2d41836f.cnf.xz,diagnosis,UNKNOWN,0,0.241,200.012,vivify0,4.0,2.01,363658,1357785734,28b587cf6ecf,3,200,
1f81f7e009f501014cb23a8c2d41836f.cnf.xz,diagnosis,UNKNOWN,0,0.241,200.012,vivify3,3.07,1.54,363658,1357785734,28b587cf6ecf,3,200,
1f81f7e009f501014cb23a8c2d41836f.cnf.xz,diagnosis,UNKNOWN,0,0.241,200.012,definition,2.81,1.41,363658,1357785734,28b587cf6ecf,3,200,
1f81f7e009f501014cb23a8c2d41836f.cnf.xz,diagnosis,UNKNOWN,0,0.241,200.012,restart,2.62,1.31,363658,1357785734,28b587cf6ecf,3,200,
1f81f7e009f501014cb23a8c2d41836f.cnf.xz,diagnosis,UNKNOWN,0,0.241,200.012,transitive,2.61,1.31,363658,1357785734,28b587cf6ecf,3,200,
1f81f7e009f501014cb23a8c2d41836f.cnf.xz,diagnosis,UNKNOWN,0,0.241,200.012,congruence,2.05,1.03,363658,1357785734,28b587cf6ecf,3,200,
1f81f7e009f501014cb23a8c2d41836f.cnf.xz,diagnosis,UNKNOWN,0,0.241,200.012,deduce,1.83,0.92,363658,1357785734,28b587cf6ecf,3,200,
1f81f7e009f501014cb23a8c2d41836f.cnf.xz,diagnosis,UNKNOWN,0,0.241,200.012,collect,1.71,0.86,363658,1357785734,28b587cf6ecf,3,200,
1f81f7e009f501014cb23a8c2d41836f.cnf.xz,diagnosis,UNKNOWN,0,0.241,200.012,reduce,1.69,0.85,363658,1357785734,28b587cf6ecf,3,200,
1f81f7e009f501014cb23a8c2d41836f.cnf.xz,diagnosis,UNKNOWN,0,0.241,200.012,subsume,1.64,0.82,363658,1357785734,28b587cf6ecf,3,200,
1f81f7e009f501014cb23a8c2d41836f.cnf.xz,diagnosis,UNKNOWN,0,0.241,200.012,bump,1.4,0.7,363658,1357785734,28b587cf6ecf,3,200,
1f81f7e009f501014cb23a8c2d41836f.cnf.xz,diagnosis,UNKNOWN,0,0.241,200.012,extract,1.37,0.68,363658,1357785734,28b587cf6ecf,3,200,
1f81f7e009f501014cb23a8c2d41836f.cnf.xz,diagnosis,UNKNOWN,0,0.241,200.012,walking,1.31,0.66,363658,1357785734,28b587cf6ecf,3,200,
1f81f7e009f501014cb23a8c2d41836f.cnf.xz,diagnosis,UNKNOWN,0,0.241,200.012,preprocess,0.6,0.3,363658,1357785734,28b587cf6ecf,3,200,
1f81f7e009f501014cb23a8c2d41836f.cnf.xz,diagnosis,UNKNOWN,0,0.241,200.012,matching,0.58,0.29,363658,1357785734,28b587cf6ecf,3,200,
1f81f7e009f501014cb23a8c2d41836f.cnf.xz,diagnosis,UNKNOWN,0,0.241,200.012,extractands,0.56,0.28,363658,1357785734,28b587cf6ecf,3,200,
1f81f7e009f501014cb23a8c2d41836f.cnf.xz,diagnosis,UNKNOWN,0,0.241,200.012,parse,0.31,0.16,363658,1357785734,28b587cf6ecf,3,200,
1f81f7e009f501014cb23a8c2d41836f.cnf.xz,diagnosis,UNKNOWN,0,0.241,200.012,reorder,0.28,0.14,363658,1357785734,28b587cf6ecf,3,200,
1f81f7e009f501014cb23a8c2d41836f.cnf.xz,diagnosis,UNKNOWN,0,0.241,200.012,extractxors,0.23,0.11,363658,1357785734,28b587cf6ecf,3,200,
1f81f7e009f501014cb23a8c2d41836f.cnf.xz,diagnosis,UNKNOWN,0,0.241,200.012,warmup,0.2,0.1,363658,1357785734,28b587cf6ecf,3,200,
1f81f7e009f501014cb23a8c2d41836f.cnf.xz,diagnosis,UNKNOWN,0,0.241,200.012,minimize,0.17,0.09,363658,1357785734,28b587cf6ecf,3,200,
1f81f7e009f501014cb23a8c2d41836f.cnf.xz,diagnosis,UNKNOWN,0,0.241,200.012,extractites,0.15,0.08,363658,1357785734,28b587cf6ecf,3,200,
1f81f7e009f501014cb23a8c2d41836f.cnf.xz,diagnosis,UNKNOWN,0,0.241,200.012,defrag,0.12,0.06,363658,1357785734,28b587cf6ecf,3,200,
1f81f7e009f501014cb23a8c2d41836f.cnf.xz,diagnosis,UNKNOWN,0,0.241,200.012,extractbinaries,0.1,0.05,363658,1357785734,28b587cf6ecf,3,200,
1f81f7e009f501014cb23a8c2d41836f.cnf.xz,diagnosis,UNKNOWN,0,0.241,200.012,lucky,0.09,0.05,363658,1357785734,28b587cf6ecf,3,200,
1f81f7e009f501014cb23a8c2d41836f.cnf.xz,diagnosis,UNKNOWN,0,0.241,200.012,rephase,0.0,0.0,363658,1357785734,28b587cf6ecf,3,200,
1f81f7e009f501014cb23a8c2d41836f.cnf.xz,diagnosis,UNKNOWN,0,0.241,200.012,merge,0.0,0.0,363658,1357785734,28b587cf6ecf,3,200,
1f81f7e009f501014cb23a8c2d41836f.cnf.xz,diagnosis,UNKNOWN,0,0.241,200.012,total,199.47,100.0,363658,1357785734,28b587cf6ecf,3,200,
2b8cac8e1f5cad04696004e7fbf5cf2e.cnf.xz,ntil,UNKNOWN,0,0.028,200.010,search,153.47,76.84,2808931,101979401,28b587cf6ecf,3,200,
2b8cac8e1f5cad04696004e7fbf5cf2e.cnf.xz,ntil,UNKNOWN,0,0.028,200.010,focused,81.58,40.85,2808931,101979401,28b587cf6ecf,3,200,
2b8cac8e1f5cad04696004e7fbf5cf2e.cnf.xz,ntil,UNKNOWN,0,0.028,200.010,stable,71.89,35.99,2808931,101979401,28b587cf6ecf,3,200,
2b8cac8e1f5cad04696004e7fbf5cf2e.cnf.xz,ntil,UNKNOWN,0,0.028,200.010,simplify,41.09,20.57,2808931,101979401,28b587cf6ecf,3,200,
2b8cac8e1f5cad04696004e7fbf5cf2e.cnf.xz,ntil,UNKNOWN,0,0.028,200.010,probe,40.66,20.35,2808931,101979401,28b587cf6ecf,3,200,
2b8cac8e1f5cad04696004e7fbf5cf2e.cnf.xz,ntil,UNKNOWN,0,0.028,200.010,analyze,31.06,15.55,2808931,101979401,28b587cf6ecf,3,200,
2b8cac8e1f5cad04696004e7fbf5cf2e.cnf.xz,ntil,UNKNOWN,0,0.028,200.010,vivify,24.83,12.43,2808931,101979401,28b587cf6ecf,3,200,
2b8cac8e1f5cad04696004e7fbf5cf2e.cnf.xz,ntil,UNKNOWN,0,0.028,200.010,vivify1,11.37,5.69,2808931,101979401,28b587cf6ecf,3,200,
2b8cac8e1f5cad04696004e7fbf5cf2e.cnf.xz,ntil,UNKNOWN,0,0.028,200.010,factor,10.12,5.06,2808931,101979401,28b587cf6ecf,3,200,
2b8cac8e1f5cad04696004e7fbf5cf2e.cnf.xz,ntil,UNKNOWN,0,0.028,200.010,vivify2,9.17,4.59,2808931,101979401,28b587cf6ecf,3,200,
2b8cac8e1f5cad04696004e7fbf5cf2e.cnf.xz,ntil,UNKNOWN,0,0.028,200.010,shrink,8.62,4.32,2808931,101979401,28b587cf6ecf,3,200,
2b8cac8e1f5cad04696004e7fbf5cf2e.cnf.xz,ntil,UNKNOWN,0,0.028,200.010,deduce,5.44,2.72,2808931,101979401,28b587cf6ecf,3,200,
2b8cac8e1f5cad04696004e7fbf5cf2e.cnf.xz,ntil,UNKNOWN,0,0.028,200.010,eliminate,5.35,2.68,2808931,101979401,28b587cf6ecf,3,200,
2b8cac8e1f5cad04696004e7fbf5cf2e.cnf.xz,ntil,UNKNOWN,0,0.028,200.010,preprocess,5.13,2.57,2808931,101979401,28b587cf6ecf,3,200,
2b8cac8e1f5cad04696004e7fbf5cf2e.cnf.xz,ntil,UNKNOWN,0,0.028,200.010,bump,5.01,2.51,2808931,101979401,28b587cf6ecf,3,200,
2b8cac8e1f5cad04696004e7fbf5cf2e.cnf.xz,ntil,UNKNOWN,0,0.028,200.010,subsume,4.88,2.44,2808931,101979401,28b587cf6ecf,3,200,
2b8cac8e1f5cad04696004e7fbf5cf2e.cnf.xz,ntil,UNKNOWN,0,0.028,200.010,reduce,4.33,2.17,2808931,101979401,28b587cf6ecf,3,200,
2b8cac8e1f5cad04696004e7fbf5cf2e.cnf.xz,ntil,UNKNOWN,0,0.028,200.010,collect,3.91,1.96,2808931,101979401,28b587cf6ecf,3,200,
2b8cac8e1f5cad04696004e7fbf5cf2e.cnf.xz,ntil,UNKNOWN,0,0.028,200.010,vivify3,3.54,1.77,2808931,101979401,28b587cf6ecf,3,200,
2b8cac8e1f5cad04696004e7fbf5cf2e.cnf.xz,ntil,UNKNOWN,0,0.028,200.010,sweep,3.17,1.59,2808931,101979401,28b587cf6ecf,3,200,
2b8cac8e1f5cad04696004e7fbf5cf2e.cnf.xz,ntil,UNKNOWN,0,0.028,200.010,substitute,2.14,1.07,2808931,101979401,28b587cf6ecf,3,200,
2b8cac8e1f5cad04696004e7fbf5cf2e.cnf.xz,ntil,UNKNOWN,0,0.028,200.010,minimize,1.22,0.61,2808931,101979401,28b587cf6ecf,3,200,
2b8cac8e1f5cad04696004e7fbf5cf2e.cnf.xz,ntil,UNKNOWN,0,0.028,200.010,sweepbackbone,0.92,0.46,2808931,101979401,28b587cf6ecf,3,200,
2b8cac8e1f5cad04696004e7fbf5cf2e.cnf.xz,ntil,UNKNOWN,0,0.028,200.010,vivify0,0.75,0.38,2808931,101979401,28b587cf6ecf,3,200,
2b8cac8e1f5cad04696004e7fbf5cf2e.cnf.xz,ntil,UNKNOWN,0,0.028,200.010,sweepequivalences,0.31,0.16,2808931,101979401,28b587cf6ecf,3,200,
2b8cac8e1f5cad04696004e7fbf5cf2e.cnf.xz,ntil,UNKNOWN,0,0.028,200.010,congruence,0.3,0.15,2808931,101979401,28b587cf6ecf,3,200,
2b8cac8e1f5cad04696004e7fbf5cf2e.cnf.xz,ntil,UNKNOWN,0,0.028,200.010,extract,0.3,0.15,2808931,101979401,28b587cf6ecf,3,200,
2b8cac8e1f5cad04696004e7fbf5cf2e.cnf.xz,ntil,UNKNOWN,0,0.028,200.010,walking,0.21,0.1,2808931,101979401,28b587cf6ecf,3,200,
2b8cac8e1f5cad04696004e7fbf5cf2e.cnf.xz,ntil,UNKNOWN,0,0.028,200.010,extractbinaries,0.12,0.06,2808931,101979401,28b587cf6ecf,3,200,
2b8cac8e1f5cad04696004e7fbf5cf2e.cnf.xz,ntil,UNKNOWN,0,0.028,200.010,transitive,0.09,0.04,2808931,101979401,28b587cf6ecf,3,200,
2b8cac8e1f5cad04696004e7fbf5cf2e.cnf.xz,ntil,UNKNOWN,0,0.028,200.010,reorder,0.09,0.04,2808931,101979401,28b587cf6ecf,3,200,
2b8cac8e1f5cad04696004e7fbf5cf2e.cnf.xz,ntil,UNKNOWN,0,0.028,200.010,extractxors,0.08,0.04,2808931,101979401,28b587cf6ecf,3,200,
2b8cac8e1f5cad04696004e7fbf5cf2e.cnf.xz,ntil,UNKNOWN,0,0.028,200.010,defrag,0.07,0.04,2808931,101979401,28b587cf6ecf,3,200,
2b8cac8e1f5cad04696004e7fbf5cf2e.cnf.xz,ntil,UNKNOWN,0,0.028,200.010,restart,0.06,0.03,2808931,101979401,28b587cf6ecf,3,200,
2b8cac8e1f5cad04696004e7fbf5cf2e.cnf.xz,ntil,UNKNOWN,0,0.028,200.010,definition,0.04,0.02,2808931,101979401,28b587cf6ecf,3,200,
2b8cac8e1f5cad04696004e7fbf5cf2e.cnf.xz,ntil,UNKNOWN,0,0.028,200.010,parse,0.04,0.02,2808931,101979401,28b587cf6ecf,3,200,
2b8cac8e1f5cad04696004e7fbf5cf2e.cnf.xz,ntil,UNKNOWN,0,0.028,200.010,extractites,0.03,0.01,2808931,101979401,28b587cf6ecf,3,200,
2b8cac8e1f5cad04696004e7fbf5cf2e.cnf.xz,ntil,UNKNOWN,0,0.028,200.010,extractands,0.02,0.01,2808931,101979401,28b587cf6ecf,3,200,
2b8cac8e1f5cad04696004e7fbf5cf2e.cnf.xz,ntil,UNKNOWN,0,0.028,200.010,warmup,0.02,0.01,2808931,101979401,28b587cf6ecf,3,200,
2b8cac8e1f5cad04696004e7fbf5cf2e.cnf.xz,ntil,UNKNOWN,0,0.028,200.010,backbone,0.01,0.0,2808931,101979401,28b587cf6ecf,3,200,
2b8cac8e1f5cad04696004e7fbf5cf2e.cnf.xz,ntil,UNKNOWN,0,0.028,200.010,lucky,0.01,0.0,2808931,101979401,28b587cf6ecf,3,200,
2b8cac8e1f5cad04696004e7fbf5cf2e.cnf.xz,ntil,UNKNOWN,0,0.028,200.010,rephase,0.0,0.0,2808931,101979401,28b587cf6ecf,3,200,
2b8cac8e1f5cad04696004e7fbf5cf2e.cnf.xz,ntil,UNKNOWN,0,0.028,200.010,merge,0.0,0.0,2808931,101979401,28b587cf6ecf,3,200,
2b8cac8e1f5cad04696004e7fbf5cf2e.cnf.xz,ntil,UNKNOWN,0,0.028,200.010,total,199.74,100.0,2808931,101979401,28b587cf6ecf,3,200,
365a02a7d781d655bb2a64d2273a2d0c.cnf.xz,argumentation,SAT,10,0.346,1.152,parse,0.8,95.82,0,5428,28b587cf6ecf,3,200,
365a02a7d781d655bb2a64d2273a2d0c.cnf.xz,argumentation,SAT,10,0.346,1.152,lucky,0.03,4.15,0,5428,28b587cf6ecf,3,200,
365a02a7d781d655bb2a64d2273a2d0c.cnf.xz,argumentation,SAT,10,0.346,1.152,defrag,0.01,1.55,0,5428,28b587cf6ecf,3,200,
365a02a7d781d655bb2a64d2273a2d0c.cnf.xz,argumentation,SAT,10,0.346,1.152,search,0.0,0.0,0,5428,28b587cf6ecf,3,200,
365a02a7d781d655bb2a64d2273a2d0c.cnf.xz,argumentation,SAT,10,0.346,1.152,simplify,0.0,0.0,0,5428,28b587cf6ecf,3,200,
365a02a7d781d655bb2a64d2273a2d0c.cnf.xz,argumentation,SAT,10,0.346,1.152,total,0.83,100.0,0,5428,28b587cf6ecf,3,200,
3c4ac805726d78a869ff8116ee3533db.cnf.xz,fpga-routing,UNKNOWN,0,0.002,200.006,search,185.4,92.91,7410728,169021896,28b587cf6ecf,3,200,
3c4ac805726d78a869ff8116ee3533db.cnf.xz,fpga-routing,UNKNOWN,0,0.002,200.006,focused,99.8,50.01,7410728,169021896,28b587cf6ecf,3,200,
3c4ac805726d78a869ff8116ee3533db.cnf.xz,fpga-routing,UNKNOWN,0,0.002,200.006,stable,85.6,42.9,7410728,169021896,28b587cf6ecf,3,200,
3c4ac805726d78a869ff8116ee3533db.cnf.xz,fpga-routing,UNKNOWN,0,0.002,200.006,analyze,62.52,31.33,7410728,169021896,28b587cf6ecf,3,200,
3c4ac805726d78a869ff8116ee3533db.cnf.xz,fpga-routing,UNKNOWN,0,0.002,200.006,shrink,15.18,7.61,7410728,169021896,28b587cf6ecf,3,200,
3c4ac805726d78a869ff8116ee3533db.cnf.xz,fpga-routing,UNKNOWN,0,0.002,200.006,simplify,14.12,7.08,7410728,169021896,28b587cf6ecf,3,200,
3c4ac805726d78a869ff8116ee3533db.cnf.xz,fpga-routing,UNKNOWN,0,0.002,200.006,probe,13.73,6.88,7410728,169021896,28b587cf6ecf,3,200,
3c4ac805726d78a869ff8116ee3533db.cnf.xz,fpga-routing,UNKNOWN,0,0.002,200.006,deduce,11.63,5.83,7410728,169021896,28b587cf6ecf,3,200,
3c4ac805726d78a869ff8116ee3533db.cnf.xz,fpga-routing,UNKNOWN,0,0.002,200.006,vivify,10.7,5.36,7410728,169021896,28b587cf6ecf,3,200,
3c4ac805726d78a869ff8116ee3533db.cnf.xz,fpga-routing,UNKNOWN,0,0.002,200.006,bump,10.36,5.19,7410728,169021896,28b587cf6ecf,3,200,
3c4ac805726d78a869ff8116ee3533db.cnf.xz,fpga-routing,UNKNOWN,0,0.002,200.006,reduce,5.42,2.72,7410728,169021896,28b587cf6ecf,3,200,
3c4ac805726d78a869ff8116ee3533db.cnf.xz,fpga-routing,UNKNOWN,0,0.002,200.006,vivify1,5.07,2.54,7410728,169021896,28b587cf6ecf,3,200,
3c4ac805726d78a869ff8116ee3533db.cnf.xz,fpga-routing,UNKNOWN,0,0.002,200.006,collect,4.54,2.27,7410728,169021896,28b587cf6ecf,3,200,
3c4ac805726d78a869ff8116ee3533db.cnf.xz,fpga-routing,UNKNOWN,0,0.002,200.006,vivify2,3.84,1.93,7410728,169021896,28b587cf6ecf,3,200,
3c4ac805726d78a869ff8116ee3533db.cnf.xz,fpga-routing,UNKNOWN,0,0.002,200.006,minimize,3.01,1.51,7410728,169021896,28b587cf6ecf,3,200,
3c4ac805726d78a869ff8116ee3533db.cnf.xz,fpga-routing,UNKNOWN,0,0.002,200.006,sweep,2.33,1.17,7410728,169021896,28b587cf6ecf,3,200,
3c4ac805726d78a869ff8116ee3533db.cnf.xz,fpga-routing,UNKNOWN,0,0.002,200.006,vivify3,1.68,0.84,7410728,169021896,28b587cf6ecf,3,200,
3c4ac805726d78a869ff8116ee3533db.cnf.xz,fpga-routing,UNKNOWN,0,0.002,200.006,substitute,0.63,0.32,7410728,169021896,28b587cf6ecf,3,200,
3c4ac805726d78a869ff8116ee3533db.cnf.xz,fpga-routing,UNKNOWN,0,0.002,200.006,walking,0.32,0.16,7410728,169021896,28b587cf6ecf,3,200,
3c4ac805726d78a869ff8116ee3533db.cnf.xz,fpga-routing,UNKNOWN,0,0.002,200.006,restart,0.11,0.06,7410728,169021896,28b587cf6ecf,3,200,
3c4ac805726d78a869ff8116ee3533db.cnf.xz,fpga-routing,UNKNOWN,0,0.002,200.006,vivify0,0.1,0.05,7410728,169021896,28b587cf6ecf,3,200,
3c4ac805726d78a869ff8116ee3533db.cnf.xz,fpga-routing,UNKNOWN,0,0.002,200.006,defrag,0.1,0.05,7410728,169021896,28b587cf6ecf,3,200,
3c4ac805726d78a869ff8116ee3533db.cnf.xz,fpga-routing,UNKNOWN,0,0.002,200.006,eliminate,0.1,0.05,7410728,169021896,28b587cf6ecf,3,200,
3c4ac805726d78a869ff8116ee3533db.cnf.xz,fpga-routing,UNKNOWN,0,0.002,200.006,sweepbackbone,0.09,0.04,7410728,169021896,28b587cf6ecf,3,200,
3c4ac805726d78a869ff8116ee3533db.cnf.xz,fpga-routing,UNKNOWN,0,0.002,200.006,preprocess,0.03,0.01,7410728,169021896,28b587cf6ecf,3,200,
3c4ac805726d78a869ff8116ee3533db.cnf.xz,fpga-routing,UNKNOWN,0,0.002,200.006,factor,0.03,0.01,7410728,169021896,28b587cf6ecf,3,200,
3c4ac805726d78a869ff8116ee3533db.cnf.xz,fpga-routing,UNKNOWN,0,0.002,200.006,transitive,0.02,0.01,7410728,169021896,28b587cf6ecf,3,200,
3c4ac805726d78a869ff8116ee3533db.cnf.xz,fpga-routing,UNKNOWN,0,0.002,200.006,reorder,0.02,0.01,7410728,169021896,28b587cf6ecf,3,200,
3c4ac805726d78a869ff8116ee3533db.cnf.xz,fpga-routing,UNKNOWN,0,0.002,200.006,sweepequivalences,0.02,0.01,7410728,169021896,28b587cf6ecf,3,200,
3c4ac805726d78a869ff8116ee3533db.cnf.xz,fpga-routing,UNKNOWN,0,0.002,200.006,warmup,0.02,0.01,7410728,169021896,28b587cf6ecf,3,200,
3c4ac805726d78a869ff8116ee3533db.cnf.xz,fpga-routing,UNKNOWN,0,0.002,200.006,congruence,0.02,0.01,7410728,169021896,28b587cf6ecf,3,200,
3c4ac805726d78a869ff8116ee3533db.cnf.xz,fpga-routing,UNKNOWN,0,0.002,200.006,extract,0.02,0.01,7410728,169021896,28b587cf6ecf,3,200,
3c4ac805726d78a869ff8116ee3533db.cnf.xz,fpga-routing,UNKNOWN,0,0.002,200.006,backbone,0.01,0.0,7410728,169021896,28b587cf6ecf,3,200,
3c4ac805726d78a869ff8116ee3533db.cnf.xz,fpga-routing,UNKNOWN,0,0.002,200.006,definition,0.01,0.0,7410728,169021896,28b587cf6ecf,3,200,
3c4ac805726d78a869ff8116ee3533db.cnf.xz,fpga-routing,UNKNOWN,0,0.002,200.006,subsume,0.0,0.0,7410728,169021896,28b587cf6ecf,3,200,
3c4ac805726d78a869ff8116ee3533db.cnf.xz,fpga-routing,UNKNOWN,0,0.002,200.006,rephase,0.0,0.0,7410728,169021896,28b587cf6ecf,3,200,
3c4ac805726d78a869ff8116ee3533db.cnf.xz,fpga-routing,UNKNOWN,0,0.002,200.006,parse,0.0,0.0,7410728,169021896,28b587cf6ecf,3,200,
3c4ac805726d78a869ff8116ee3533db.cnf.xz,fpga-routing,UNKNOWN,0,0.002,200.006,extractands,0.0,0.0,7410728,169021896,28b587cf6ecf,3,200,
3c4ac805726d78a869ff8116ee3533db.cnf.xz,fpga-routing,UNKNOWN,0,0.002,200.006,lucky,0.0,0.0,7410728,169021896,28b587cf6ecf,3,200,
3c4ac805726d78a869ff8116ee3533db.cnf.xz,fpga-routing,UNKNOWN,0,0.002,200.006,extractbinaries,0.0,0.0,7410728,169021896,28b587cf6ecf,3,200,
3c4ac805726d78a869ff8116ee3533db.cnf.xz,fpga-routing,UNKNOWN,0,0.002,200.006,extractxors,0.0,0.0,7410728,169021896,28b587cf6ecf,3,200,
3c4ac805726d78a869ff8116ee3533db.cnf.xz,fpga-routing,UNKNOWN,0,0.002,200.006,extractites,0.0,0.0,7410728,169021896,28b587cf6ecf,3,200,
3c4ac805726d78a869ff8116ee3533db.cnf.xz,fpga-routing,UNKNOWN,0,0.002,200.006,merge,0.0,0.0,7410728,169021896,28b587cf6ecf,3,200,
3c4ac805726d78a869ff8116ee3533db.cnf.xz,fpga-routing,UNKNOWN,0,0.002,200.006,total,199.55,100.0,7410728,169021896,28b587cf6ecf,3,200,
3e912cd2a499b8f956246b866e2f9f64.cnf.xz,cryptography,UNKNOWN,0,0.007,200.005,search,183.34,91.88,3914075,307423894,28b587cf6ecf,3,200,
3e912cd2a499b8f956246b866e2f9f64.cnf.xz,cryptography,UNKNOWN,0,0.007,200.005,focused,97.83,49.03,3914075,307423894,28b587cf6ecf,3,200,
3e912cd2a499b8f956246b866e2f9f64.cnf.xz,cryptography,UNKNOWN,0,0.007,200.005,stable,85.51,42.85,3914075,307423894,28b587cf6ecf,3,200,
3e912cd2a499b8f956246b866e2f9f64.cnf.xz,cryptography,UNKNOWN,0,0.007,200.005,analyze,35.99,18.04,3914075,307423894,28b587cf6ecf,3,200,
3e912cd2a499b8f956246b866e2f9f64.cnf.xz,cryptography,UNKNOWN,0,0.007,200.005,simplify,16.14,8.09,3914075,307423894,28b587cf6ecf,3,200,
3e912cd2a499b8f956246b866e2f9f64.cnf.xz,cryptography,UNKNOWN,0,0.007,200.005,probe,15.45,7.74,3914075,307423894,28b587cf6ecf,3,200,
3e912cd2a499b8f956246b866e2f9f64.cnf.xz,cryptography,UNKNOWN,0,0.007,200.005,vivify,11.94,5.99,3914075,307423894,28b587cf6ecf,3,200,
3e912cd2a499b8f956246b866e2f9f64.cnf.xz,cryptography,UNKNOWN,0,0.007,200.005,deduce,8.58,4.3,3914075,307423894,28b587cf6ecf,3,200,
3e912cd2a499b8f956246b866e2f9f64.cnf.xz,cryptography,UNKNOWN,0,0.007,200.005,vivify2,7.06,3.54,3914075,307423894,28b587cf6ecf,3,200,
3e912cd2a499b8f956246b866e2f9f64.cnf.xz,cryptography,UNKNOWN,0,0.007,200.005,shrink,6.87,3.44,3914075,307423894,28b587cf6ecf,3,200,
3e912cd2a499b8f956246b866e2f9f64.cnf.xz,cryptography,UNKNOWN,0,0.007,200.005,bump,5.52,2.77,3914075,307423894,28b587cf6ecf,3,200,
3e912cd2a499b8f956246b866e2f9f64.cnf.xz,cryptography,UNKNOWN,0,0.007,200.005,sweep,3.02,1.52,3914075,307423894,28b587cf6ecf,3,200,
3e912cd2a499b8f956246b866e2f9f64.cnf.xz,cryptography,UNKNOWN,0,0.007,200.005,vivify1,2.79,1.4,3914075,307423894,28b587cf6ecf,3,200,
3e912cd2a499b8f956246b866e2f9f64.cnf.xz,cryptography,UNKNOWN,0,0.007,200.005,minimize,1.55,0.78,3914075,307423894,28b587cf6ecf,3,200,
3e912cd2a499b8f956246b866e2f9f64.cnf.xz,cryptography,UNKNOWN,0,0.007,200.005,vivify3,1.45,0.73,3914075,307423894,28b587cf6ecf,3,200,
3e912cd2a499b8f956246b866e2f9f64.cnf.xz,cryptography,UNKNOWN,0,0.007,200.005,reduce,1.42,0.71,3914075,307423894,28b587cf6ecf,3,200,
3e912cd2a499b8f956246b866e2f9f64.cnf.xz,cryptography,UNKNOWN,0,0.007,200.005,sweepbackbone,1.15,0.58,3914075,307423894,28b587cf6ecf,3,200,
3e912cd2a499b8f956246b866e2f9f64.cnf.xz,cryptography,UNKNOWN,0,0.007,200.005,collect,1.14,0.57,3914075,307423894,28b587cf6ecf,3,200,
3e912cd2a499b8f956246b866e2f9f64.cnf.xz,cryptography,UNKNOWN,0,0.007,200.005,sweepequivalences,0.7,0.35,3914075,307423894,28b587cf6ecf,3,200,
3e912cd2a499b8f956246b866e2f9f64.cnf.xz,cryptography,UNKNOWN,0,0.007,200.005,vivify0,0.64,0.32,3914075,307423894,28b587cf6ecf,3,200,
3e912cd2a499b8f956246b866e2f9f64.cnf.xz,cryptography,UNKNOWN,0,0.007,200.005,eliminate,0.52,0.26,3914075,307423894,28b587cf6ecf,3,200,
3e912cd2a499b8f956246b866e2f9f64.cnf.xz,cryptography,UNKNOWN,0,0.007,200.005,defrag,0.33,0.17,3914075,307423894,28b587cf6ecf,3,200,
3e912cd2a499b8f956246b866e2f9f64.cnf.xz,cryptography,UNKNOWN,0,0.007,200.005,substitute,0.31,0.16,3914075,307423894,28b587cf6ecf,3,200,
3e912cd2a499b8f956246b866e2f9f64.cnf.xz,cryptography,UNKNOWN,0,0.007,200.005,walking,0.22,0.11,3914075,307423894,28b587cf6ecf,3,200,
3e912cd2a499b8f956246b866e2f9f64.cnf.xz,cryptography,UNKNOWN,0,0.007,200.005,definition,0.19,0.09,3914075,307423894,28b587cf6ecf,3,200,
3e912cd2a499b8f956246b866e2f9f64.cnf.xz,cryptography,UNKNOWN,0,0.007,200.005,subsume,0.17,0.09,3914075,307423894,28b587cf6ecf,3,200,
3e912cd2a499b8f956246b866e2f9f64.cnf.xz,cryptography,UNKNOWN,0,0.007,200.005,factor,0.1,0.05,3914075,307423894,28b587cf6ecf,3,200,
3e912cd2a499b8f956246b866e2f9f64.cnf.xz,cryptography,UNKNOWN,0,0.007,200.005,restart,0.09,0.05,3914075,307423894,28b587cf6ecf,3,200,
3e912cd2a499b8f956246b866e2f9f64.cnf.xz,cryptography,UNKNOWN,0,0.007,200.005,preprocess,0.04,0.02,3914075,307423894,28b587cf6ecf,3,200,
3e912cd2a499b8f956246b866e2f9f64.cnf.xz,cryptography,UNKNOWN,0,0.007,200.005,congruence,0.04,0.02,3914075,307423894,28b587cf6ecf,3,200,
3e912cd2a499b8f956246b866e2f9f64.cnf.xz,cryptography,UNKNOWN,0,0.007,200.005,extract,0.03,0.01,3914075,307423894,28b587cf6ecf,3,200,
3e912cd2a499b8f956246b866e2f9f64.cnf.xz,cryptography,UNKNOWN,0,0.007,200.005,transitive,0.02,0.01,3914075,307423894,28b587cf6ecf,3,200,
3e912cd2a499b8f956246b866e2f9f64.cnf.xz,cryptography,UNKNOWN,0,0.007,200.005,reorder,0.02,0.01,3914075,307423894,28b587cf6ecf,3,200,
3e912cd2a499b8f956246b866e2f9f64.cnf.xz,cryptography,UNKNOWN,0,0.007,200.005,warmup,0.01,0.01,3914075,307423894,28b587cf6ecf,3,200,
3e912cd2a499b8f956246b866e2f9f64.cnf.xz,cryptography,UNKNOWN,0,0.007,200.005,backbone,0.01,0.01,3914075,307423894,28b587cf6ecf,3,200,
3e912cd2a499b8f956246b866e2f9f64.cnf.xz,cryptography,UNKNOWN,0,0.007,200.005,parse,0.01,0.0,3914075,307423894,28b587cf6ecf,3,200,
3e912cd2a499b8f956246b866e2f9f64.cnf.xz,cryptography,UNKNOWN,0,0.007,200.005,matching,0.01,0.0,3914075,307423894,28b587cf6ecf,3,200,
3e912cd2a499b8f956246b866e2f9f64.cnf.xz,cryptography,UNKNOWN,0,0.007,200.005,extractxors,0.01,0.0,3914075,307423894,28b587cf6ecf,3,200,
3e912cd2a499b8f956246b866e2f9f64.cnf.xz,cryptography,UNKNOWN,0,0.007,200.005,extractands,0.01,0.0,3914075,307423894,28b587cf6ecf,3,200,
3e912cd2a499b8f956246b866e2f9f64.cnf.xz,cryptography,UNKNOWN,0,0.007,200.005,lucky,0.0,0.0,3914075,307423894,28b587cf6ecf,3,200,
3e912cd2a499b8f956246b866e2f9f64.cnf.xz,cryptography,UNKNOWN,0,0.007,200.005,extractbinaries,0.0,0.0,3914075,307423894,28b587cf6ecf,3,200,
3e912cd2a499b8f956246b866e2f9f64.cnf.xz,cryptography,UNKNOWN,0,0.007,200.005,rephase,0.0,0.0,3914075,307423894,28b587cf6ecf,3,200,
3e912cd2a499b8f956246b866e2f9f64.cnf.xz,cryptography,UNKNOWN,0,0.007,200.005,extractites,0.0,0.0,3914075,307423894,28b587cf6ecf,3,200,
3e912cd2a499b8f956246b866e2f9f64.cnf.xz,cryptography,UNKNOWN,0,0.007,200.005,merge,0.0,0.0,3914075,307423894,28b587cf6ecf,3,200,
3e912cd2a499b8f956246b866e2f9f64.cnf.xz,cryptography,UNKNOWN,0,0.007,200.005,total,199.53,100.0,3914075,307423894,28b587cf6ecf,3,200,
3ed56242f55e3653dbceeb4a70221787.cnf.xz,rbsat,SAT,10,0.017,61.644,search,53.78,87.42,948071,186996548,28b587cf6ecf,3,200,
3ed56242f55e3653dbceeb4a70221787.cnf.xz,rbsat,SAT,10,0.017,61.644,focused,29.15,47.38,948071,186996548,28b587cf6ecf,3,200,
3ed56242f55e3653dbceeb4a70221787.cnf.xz,rbsat,SAT,10,0.017,61.644,stable,24.63,40.04,948071,186996548,28b587cf6ecf,3,200,
3ed56242f55e3653dbceeb4a70221787.cnf.xz,rbsat,SAT,10,0.017,61.644,analyze,13.9,22.59,948071,186996548,28b587cf6ecf,3,200,
3ed56242f55e3653dbceeb4a70221787.cnf.xz,rbsat,SAT,10,0.017,61.644,simplify,7.54,12.26,948071,186996548,28b587cf6ecf,3,200,
3ed56242f55e3653dbceeb4a70221787.cnf.xz,rbsat,SAT,10,0.017,61.644,probe,7.17,11.65,948071,186996548,28b587cf6ecf,3,200,
3ed56242f55e3653dbceeb4a70221787.cnf.xz,rbsat,SAT,10,0.017,61.644,vivify,4.79,7.78,948071,186996548,28b587cf6ecf,3,200,
3ed56242f55e3653dbceeb4a70221787.cnf.xz,rbsat,SAT,10,0.017,61.644,shrink,4.05,6.58,948071,186996548,28b587cf6ecf,3,200,
3ed56242f55e3653dbceeb4a70221787.cnf.xz,rbsat,SAT,10,0.017,61.644,bump,2.88,4.69,948071,186996548,28b587cf6ecf,3,200,
3ed56242f55e3653dbceeb4a70221787.cnf.xz,rbsat,SAT,10,0.017,61.644,deduce,2.28,3.71,948071,186996548,28b587cf6ecf,3,200,
3ed56242f55e3653dbceeb4a70221787.cnf.xz,rbsat,SAT,10,0.017,61.644,vivify1,1.64,2.66,948071,186996548,28b587cf6ecf,3,200,
3ed56242f55e3653dbceeb4a70221787.cnf.xz,rbsat,SAT,10,0.017,61.644,vivify2,1.44,2.35,948071,186996548,28b587cf6ecf,3,200,
3ed56242f55e3653dbceeb4a70221787.cnf.xz,rbsat,SAT,10,0.017,61.644,sweep,1.31,2.14,948071,186996548,28b587cf6ecf,3,200,
3ed56242f55e3653dbceeb4a70221787.cnf.xz,rbsat,SAT,10,0.017,61.644,reduce,1.16,1.89,948071,186996548,28b587cf6ecf,3,200,
3ed56242f55e3653dbceeb4a70221787.cnf.xz,rbsat,SAT,10,0.017,61.644,vivify0,1.06,1.73,948071,186996548,28b587cf6ecf,3,200,
3ed56242f55e3653dbceeb4a70221787.cnf.xz,rbsat,SAT,10,0.017,61.644,collect,1.02,1.65,948071,186996548,28b587cf6ecf,3,200,
3ed56242f55e3653dbceeb4a70221787.cnf.xz,rbsat,SAT,10,0.017,61.644,sweepbackbone,0.93,1.51,948071,186996548,28b587cf6ecf,3,200,
3ed56242f55e3653dbceeb4a70221787.cnf.xz,rbsat,SAT,10,0.017,61.644,vivify3,0.64,1.05,948071,186996548,28b587cf6ecf,3,200,
3ed56242f55e3653dbceeb4a70221787.cnf.xz,rbsat,SAT,10,0.017,61.644,eliminate,0.48,0.78,948071,186996548,28b587cf6ecf,3,200,
3ed56242f55e3653dbceeb4a70221787.cnf.xz,rbsat,SAT,10,0.017,61.644,minimize,0.46,0.75,948071,186996548,28b587cf6ecf,3,200,
3ed56242f55e3653dbceeb4a70221787.cnf.xz,rbsat,SAT,10,0.017,61.644,factor,0.45,0.73,948071,186996548,28b587cf6ecf,3,200,
3ed56242f55e3653dbceeb4a70221787.cnf.xz,rbsat,SAT,10,0.017,61.644,substitute,0.33,0.54,948071,186996548,28b587cf6ecf,3,200,
3ed56242f55e3653dbceeb4a70221787.cnf.xz,rbsat,SAT,10,0.017,61.644,definition,0.2,0.33,948071,186996548,28b587cf6ecf,3,200,
3ed56242f55e3653dbceeb4a70221787.cnf.xz,rbsat,SAT,10,0.017,61.644,preprocess,0.19,0.3,948071,186996548,28b587cf6ecf,3,200,
3ed56242f55e3653dbceeb4a70221787.cnf.xz,rbsat,SAT,10,0.017,61.644,transitive,0.15,0.24,948071,186996548,28b587cf6ecf,3,200,
3ed56242f55e3653dbceeb4a70221787.cnf.xz,rbsat,SAT,10,0.017,61.644,backbone,0.1,0.16,948071,186996548,28b587cf6ecf,3,200,
3ed56242f55e3653dbceeb4a70221787.cnf.xz,rbsat,SAT,10,0.017,61.644,subsume,0.08,0.13,948071,186996548,28b587cf6ecf,3,200,
3ed56242f55e3653dbceeb4a70221787.cnf.xz,rbsat,SAT,10,0.017,61.644,walking,0.08,0.13,948071,186996548,28b587cf6ecf,3,200,
3ed56242f55e3653dbceeb4a70221787.cnf.xz,rbsat,SAT,10,0.017,61.644,sweepequivalences,0.08,0.12,948071,186996548,28b587cf6ecf,3,200,
3ed56242f55e3653dbceeb4a70221787.cnf.xz,rbsat,SAT,10,0.017,61.644,restart,0.05,0.07,948071,186996548,28b587cf6ecf,3,200,
3ed56242f55e3653dbceeb4a70221787.cnf.xz,rbsat,SAT,10,0.017,61.644,congruence,0.04,0.06,948071,186996548,28b587cf6ecf,3,200,
3ed56242f55e3653dbceeb4a70221787.cnf.xz,rbsat,SAT,10,0.017,61.644,extract,0.03,0.05,948071,186996548,28b587cf6ecf,3,200,
3ed56242f55e3653dbceeb4a70221787.cnf.xz,rbsat,SAT,10,0.017,61.644,defrag,0.03,0.05,948071,186996548,28b587cf6ecf,3,200,
3ed56242f55e3653dbceeb4a70221787.cnf.xz,rbsat,SAT,10,0.017,61.644,reorder,0.02,0.03,948071,186996548,28b587cf6ecf,3,200,
3ed56242f55e3653dbceeb4a70221787.cnf.xz,rbsat,SAT,10,0.017,61.644,extractands,0.01,0.02,948071,186996548,28b587cf6ecf,3,200,
3ed56242f55e3653dbceeb4a70221787.cnf.xz,rbsat,SAT,10,0.017,61.644,parse,0.01,0.02,948071,186996548,28b587cf6ecf,3,200,
3ed56242f55e3653dbceeb4a70221787.cnf.xz,rbsat,SAT,10,0.017,61.644,warmup,0.01,0.01,948071,186996548,28b587cf6ecf,3,200,
3ed56242f55e3653dbceeb4a70221787.cnf.xz,rbsat,SAT,10,0.017,61.644,extractbinaries,0.01,0.01,948071,186996548,28b587cf6ecf,3,200,
3ed56242f55e3653dbceeb4a70221787.cnf.xz,rbsat,SAT,10,0.017,61.644,lucky,0.0,0.0,948071,186996548,28b587cf6ecf,3,200,
3ed56242f55e3653dbceeb4a70221787.cnf.xz,rbsat,SAT,10,0.017,61.644,extractxors,0.0,0.0,948071,186996548,28b587cf6ecf,3,200,
3ed56242f55e3653dbceeb4a70221787.cnf.xz,rbsat,SAT,10,0.017,61.644,extractites,0.0,0.0,948071,186996548,28b587cf6ecf,3,200,
3ed56242f55e3653dbceeb4a70221787.cnf.xz,rbsat,SAT,10,0.017,61.644,rephase,0.0,0.0,948071,186996548,28b587cf6ecf,3,200,
3ed56242f55e3653dbceeb4a70221787.cnf.xz,rbsat,SAT,10,0.017,61.644,merge,0.0,0.0,948071,186996548,28b587cf6ecf,3,200,
3ed56242f55e3653dbceeb4a70221787.cnf.xz,rbsat,SAT,10,0.017,61.644,total,61.52,100.0,948071,186996548,28b587cf6ecf,3,200,
416e33a8463911546e4cd87d282a7e1e.cnf.xz,unknown-cases,UNKNOWN,0,0.004,200.008,search,183.75,92.02,2436095,216455682,28b587cf6ecf,3,200,
416e33a8463911546e4cd87d282a7e1e.cnf.xz,unknown-cases,UNKNOWN,0,0.004,200.008,focused,99.16,49.66,2436095,216455682,28b587cf6ecf,3,200,
416e33a8463911546e4cd87d282a7e1e.cnf.xz,unknown-cases,UNKNOWN,0,0.004,200.008,stable,84.59,42.36,2436095,216455682,28b587cf6ecf,3,200,
416e33a8463911546e4cd87d282a7e1e.cnf.xz,unknown-cases,UNKNOWN,0,0.004,200.008,analyze,28.65,14.35,2436095,216455682,28b587cf6ecf,3,200,
416e33a8463911546e4cd87d282a7e1e.cnf.xz,unknown-cases,UNKNOWN,0,0.004,200.008,simplify,15.89,7.96,2436095,216455682,28b587cf6ecf,3,200,
416e33a8463911546e4cd87d282a7e1e.cnf.xz,unknown-cases,UNKNOWN,0,0.004,200.008,probe,15.1,7.56,2436095,216455682,28b587cf6ecf,3,200,
416e33a8463911546e4cd87d282a7e1e.cnf.xz,unknown-cases,UNKNOWN,0,0.004,200.008,vivify,11.26,5.64,2436095,216455682,28b587cf6ecf,3,200,
416e33a8463911546e4cd87d282a7e1e.cnf.xz,unknown-cases,UNKNOWN,0,0.004,200.008,shrink,6.96,3.49,2436095,216455682,28b587cf6ecf,3,200,
416e33a8463911546e4cd87d282a7e1e.cnf.xz,unknown-cases,UNKNOWN,0,0.004,200.008,vivify2,6.73,3.37,2436095,216455682,28b587cf6ecf,3,200,
416e33a8463911546e4cd87d282a7e1e.cnf.xz,unknown-cases,UNKNOWN,0,0.004,200.008,deduce,5.86,2.93,2436095,216455682,28b587cf6ecf,3,200,
416e33a8463911546e4cd87d282a7e1e.cnf.xz,unknown-cases,UNKNOWN,0,0.004,200.008,bump,4.62,2.31,2436095,216455682,28b587cf6ecf,3,200,
416e33a8463911546e4cd87d282a7e1e.cnf.xz,unknown-cases,UNKNOWN,0,0.004,200.008,sweep,3.64,1.82,2436095,216455682,28b587cf6ecf,3,200,
416e33a8463911546e4cd87d282a7e1e.cnf.xz,unknown-cases,UNKNOWN,0,0.004,200.008,sweepbackbone,3.06,1.53,2436095,216455682,28b587cf6ecf,3,200,
416e33a8463911546e4cd87d282a7e1e.cnf.xz,unknown-cases,UNKNOWN,0,0.004,200.008,vivify1,2.26,1.13,2436095,216455682,28b587cf6ecf,3,200,
416e33a8463911546e4cd87d282a7e1e.cnf.xz,unknown-cases,UNKNOWN,0,0.004,200.008,vivify3,2.1,1.05,2436095,216455682,28b587cf6ecf,3,200,
416e33a8463911546e4cd87d282a7e1e.cnf.xz,unknown-cases,UNKNOWN,0,0.004,200.008,reduce,1.04,0.52,2436095,216455682,28b587cf6ecf,3,200,
416e33a8463911546e4cd87d282a7e1e.cnf.xz,unknown-cases,UNKNOWN,0,0.004,200.008,minimize,1.0,0.5,2436095,216455682,28b587cf6ecf,3,200,
416e33a8463911546e4cd87d282a7e1e.cnf.xz,unknown-cases,UNKNOWN,0,0.004,200.008,collect,0.8,0.4,2436095,216455682,28b587cf6ecf,3,200,
416e33a8463911546e4cd87d282a7e1e.cnf.xz,unknown-cases,UNKNOWN,0,0.004,200.008,walking,0.77,0.39,2436095,216455682,28b587cf6ecf,3,200,
416e33a8463911546e4cd87d282a7e1e.cnf.xz,unknown-cases,UNKNOWN,0,0.004,200.008,defrag,0.58,0.29,2436095,216455682,28b587cf6ecf,3,200,
416e33a8463911546e4cd87d282a7e1e.cnf.xz,unknown-cases,UNKNOWN,0,0.004,200.008,sweepequivalences,0.18,0.09,2436095,216455682,28b587cf6ecf,3,200,
416e33a8463911546e4cd87d282a7e1e.cnf.xz,unknown-cases,UNKNOWN,0,0.004,200.008,vivify0,0.17,0.09,2436095,216455682,28b587cf6ecf,3,200,
416e33a8463911546e4cd87d282a7e1e.cnf.xz,unknown-cases,UNKNOWN,0,0.004,200.008,substitute,0.15,0.08,2436095,216455682,28b587cf6ecf,3,200,
416e33a8463911546e4cd87d282a7e1e.cnf.xz,unknown-cases,UNKNOWN,0,0.004,200.008,restart,0.11,0.05,2436095,216455682,28b587cf6ecf,3,200,
416e33a8463911546e4cd87d282a7e1e.cnf.xz,unknown-cases,UNKNOWN,0,0.004,200.008,eliminate,0.06,0.03,2436095,216455682,28b587cf6ecf,3,200,
416e33a8463911546e4cd87d282a7e1e.cnf.xz,unknown-cases,UNKNOWN,0,0.004,200.008,preprocess,0.04,0.02,2436095,216455682,28b587cf6ecf,3,200,
416e33a8463911546e4cd87d282a7e1e.cnf.xz,unknown-cases,UNKNOWN,0,0.004,200.008,factor,0.02,0.01,2436095,216455682,28b587cf6ecf,3,200,
416e33a8463911546e4cd87d282a7e1e.cnf.xz,unknown-cases,UNKNOWN,0,0.004,200.008,definition,0.02,0.01,2436095,216455682,28b587cf6ecf,3,200,
416e33a8463911546e4cd87d282a7e1e.cnf.xz,unknown-cases,UNKNOWN,0,0.004,200.008,transitive,0.01,0.01,2436095,216455682,28b587cf6ecf,3,200,
416e33a8463911546e4cd87d282a7e1e.cnf.xz,unknown-cases,UNKNOWN,0,0.004,200.008,congruence,0.01,0.01,2436095,216455682,28b587cf6ecf,3,200,
416e33a8463911546e4cd87d282a7e1e.cnf.xz,unknown-cases,UNKNOWN,0,0.004,200.008,extract,0.01,0.0,2436095,216455682,28b587cf6ecf,3,200,
416e33a8463911546e4cd87d282a7e1e.cnf.xz,unknown-cases,UNKNOWN,0,0.004,200.008,warmup,0.01,0.0,2436095,216455682,28b587cf6ecf,3,200,
416e33a8463911546e4cd87d282a7e1e.cnf.xz,unknown-cases,UNKNOWN,0,0.004,200.008,reorder,0.01,0.0,2436095,216455682,28b587cf6ecf,3,200,
416e33a8463911546e4cd87d282a7e1e.cnf.xz,unknown-cases,UNKNOWN,0,0.004,200.008,backbone,0.01,0.0,2436095,216455682,28b587cf6ecf,3,200,
416e33a8463911546e4cd87d282a7e1e.cnf.xz,unknown-cases,UNKNOWN,0,0.004,200.008,subsume,0.01,0.0,2436095,216455682,28b587cf6ecf,3,200,
416e33a8463911546e4cd87d282a7e1e.cnf.xz,unknown-cases,UNKNOWN,0,0.004,200.008,extractands,0.0,0.0,2436095,216455682,28b587cf6ecf,3,200,
416e33a8463911546e4cd87d282a7e1e.cnf.xz,unknown-cases,UNKNOWN,0,0.004,200.008,rephase,0.0,0.0,2436095,216455682,28b587cf6ecf,3,200,
416e33a8463911546e4cd87d282a7e1e.cnf.xz,unknown-cases,UNKNOWN,0,0.004,200.008,parse,0.0,0.0,2436095,216455682,28b587cf6ecf,3,200,
416e33a8463911546e4cd87d282a7e1e.cnf.xz,unknown-cases,UNKNOWN,0,0.004,200.008,extractxors,0.0,0.0,2436095,216455682,28b587cf6ecf,3,200,
416e33a8463911546e4cd87d282a7e1e.cnf.xz,unknown-cases,UNKNOWN,0,0.004,200.008,lucky,0.0,0.0,2436095,216455682,28b587cf6ecf,3,200,
416e33a8463911546e4cd87d282a7e1e.cnf.xz,unknown-cases,UNKNOWN,0,0.004,200.008,extractbinaries,0.0,0.0,2436095,216455682,28b587cf6ecf,3,200,
416e33a8463911546e4cd87d282a7e1e.cnf.xz,unknown-cases,UNKNOWN,0,0.004,200.008,matching,0.0,0.0,2436095,216455682,28b587cf6ecf,3,200,
416e33a8463911546e4cd87d282a7e1e.cnf.xz,unknown-cases,UNKNOWN,0,0.004,200.008,extractites,0.0,0.0,2436095,216455682,28b587cf6ecf,3,200,
416e33a8463911546e4cd87d282a7e1e.cnf.xz,unknown-cases,UNKNOWN,0,0.004,200.008,merge,0.0,0.0,2436095,216455682,28b587cf6ecf,3,200,
416e33a8463911546e4cd87d282a7e1e.cnf.xz,unknown-cases,UNKNOWN,0,0.004,200.008,total,199.68,100.0,2436095,216455682,28b587cf6ecf,3,200,
4989239fbeb6eb40fc0b664d9ba92636.cnf.xz,cryptography-ascon,UNKNOWN,0,0.062,200.012,search,182.49,91.46,100909,578814686,28b587cf6ecf,3,200,
4989239fbeb6eb40fc0b664d9ba92636.cnf.xz,cryptography-ascon,UNKNOWN,0,0.062,200.012,focused,109.45,54.85,100909,578814686,28b587cf6ecf,3,200,
4989239fbeb6eb40fc0b664d9ba92636.cnf.xz,cryptography-ascon,UNKNOWN,0,0.062,200.012,stable,73.04,36.61,100909,578814686,28b587cf6ecf,3,200,
4989239fbeb6eb40fc0b664d9ba92636.cnf.xz,cryptography-ascon,UNKNOWN,0,0.062,200.012,analyze,45.28,22.7,100909,578814686,28b587cf6ecf,3,200,
4989239fbeb6eb40fc0b664d9ba92636.cnf.xz,cryptography-ascon,UNKNOWN,0,0.062,200.012,deduce,26.88,13.47,100909,578814686,28b587cf6ecf,3,200,
4989239fbeb6eb40fc0b664d9ba92636.cnf.xz,cryptography-ascon,UNKNOWN,0,0.062,200.012,simplify,16.58,8.31,100909,578814686,28b587cf6ecf,3,200,
4989239fbeb6eb40fc0b664d9ba92636.cnf.xz,cryptography-ascon,UNKNOWN,0,0.062,200.012,probe,13.85,6.94,100909,578814686,28b587cf6ecf,3,200,
4989239fbeb6eb40fc0b664d9ba92636.cnf.xz,cryptography-ascon,UNKNOWN,0,0.062,200.012,bump,11.39,5.71,100909,578814686,28b587cf6ecf,3,200,
4989239fbeb6eb40fc0b664d9ba92636.cnf.xz,cryptography-ascon,UNKNOWN,0,0.062,200.012,sweep,9.37,4.7,100909,578814686,28b587cf6ecf,3,200,
4989239fbeb6eb40fc0b664d9ba92636.cnf.xz,cryptography-ascon,UNKNOWN,0,0.062,200.012,sweepbackbone,4.17,2.09,100909,578814686,28b587cf6ecf,3,200,
4989239fbeb6eb40fc0b664d9ba92636.cnf.xz,cryptography-ascon,UNKNOWN,0,0.062,200.012,sweepequivalences,3.25,1.63,100909,578814686,28b587cf6ecf,3,200,
4989239fbeb6eb40fc0b664d9ba92636.cnf.xz,cryptography-ascon,UNKNOWN,0,0.062,200.012,shrink,2.42,1.21,100909,578814686,28b587cf6ecf,3,200,
4989239fbeb6eb40fc0b664d9ba92636.cnf.xz,cryptography-ascon,UNKNOWN,0,0.062,200.012,vivify,2.01,1.01,100909,578814686,28b587cf6ecf,3,200,
4989239fbeb6eb40fc0b664d9ba92636.cnf.xz,cryptography-ascon,UNKNOWN,0,0.062,200.012,eliminate,1.66,0.83,100909,578814686,28b587cf6ecf,3,200,
4989239fbeb6eb40fc0b664d9ba92636.cnf.xz,cryptography-ascon,UNKNOWN,0,0.062,200.012,walking,1.45,0.73,100909,578814686,28b587cf6ecf,3,200,
4989239fbeb6eb40fc0b664d9ba92636.cnf.xz,cryptography-ascon,UNKNOWN,0,0.062,200.012,factor,0.85,0.42,100909,578814686,28b587cf6ecf,3,200,
4989239fbeb6eb40fc0b664d9ba92636.cnf.xz,cryptography-ascon,UNKNOWN,0,0.062,200.012,congruence,0.8,0.4,100909,578814686,28b587cf6ecf,3,200,
4989239fbeb6eb40fc0b664d9ba92636.cnf.xz,cryptography-ascon,UNKNOWN,0,0.062,200.012,vivify0,0.69,0.35,100909,578814686,28b587cf6ecf,3,200,
4989239fbeb6eb40fc0b664d9ba92636.cnf.xz,cryptography-ascon,UNKNOWN,0,0.062,200.012,definition,0.63,0.31,100909,578814686,28b587cf6ecf,3,200,
4989239fbeb6eb40fc0b664d9ba92636.cnf.xz,cryptography-ascon,UNKNOWN,0,0.062,200.012,substitute,0.61,0.31,100909,578814686,28b587cf6ecf,3,200,
4989239fbeb6eb40fc0b664d9ba92636.cnf.xz,cryptography-ascon,UNKNOWN,0,0.062,200.012,vivify3,0.57,0.29,100909,578814686,28b587cf6ecf,3,200,
4989239fbeb6eb40fc0b664d9ba92636.cnf.xz,cryptography-ascon,UNKNOWN,0,0.062,200.012,extract,0.56,0.28,100909,578814686,28b587cf6ecf,3,200,
4989239fbeb6eb40fc0b664d9ba92636.cnf.xz,cryptography-ascon,UNKNOWN,0,0.062,200.012,vivify2,0.55,0.28,100909,578814686,28b587cf6ecf,3,200,
4989239fbeb6eb40fc0b664d9ba92636.cnf.xz,cryptography-ascon,UNKNOWN,0,0.062,200.012,preprocess,0.4,0.2,100909,578814686,28b587cf6ecf,3,200,
4989239fbeb6eb40fc0b664d9ba92636.cnf.xz,cryptography-ascon,UNKNOWN,0,0.062,200.012,extractxors,0.34,0.17,100909,578814686,28b587cf6ecf,3,200,
4989239fbeb6eb40fc0b664d9ba92636.cnf.xz,cryptography-ascon,UNKNOWN,0,0.062,200.012,subsume,0.21,0.11,100909,578814686,28b587cf6ecf,3,200,
4989239fbeb6eb40fc0b664d9ba92636.cnf.xz,cryptography-ascon,UNKNOWN,0,0.062,200.012,collect,0.2,0.1,100909,578814686,28b587cf6ecf,3,200,
4989239fbeb6eb40fc0b664d9ba92636.cnf.xz,cryptography-ascon,UNKNOWN,0,0.062,200.012,vivify1,0.19,0.1,100909,578814686,28b587cf6ecf,3,200,
4989239fbeb6eb40fc0b664d9ba92636.cnf.xz,cryptography-ascon,UNKNOWN,0,0.062,200.012,reduce,0.18,0.09,100909,578814686,28b587cf6ecf,3,200,
4989239fbeb6eb40fc0b664d9ba92636.cnf.xz,cryptography-ascon,UNKNOWN,0,0.062,200.012,matching,0.16,0.08,100909,578814686,28b587cf6ecf,3,200,
4989239fbeb6eb40fc0b664d9ba92636.cnf.xz,cryptography-ascon,UNKNOWN,0,0.062,200.012,extractites,0.12,0.06,100909,578814686,28b587cf6ecf,3,200,
4989239fbeb6eb40fc0b664d9ba92636.cnf.xz,cryptography-ascon,UNKNOWN,0,0.062,200.012,transitive,0.12,0.06,100909,578814686,28b587cf6ecf,3,200,
4989239fbeb6eb40fc0b664d9ba92636.cnf.xz,cryptography-ascon,UNKNOWN,0,0.062,200.012,minimize,0.09,0.05,100909,578814686,28b587cf6ecf,3,200,
4989239fbeb6eb40fc0b664d9ba92636.cnf.xz,cryptography-ascon,UNKNOWN,0,0.062,200.012,backbone,0.09,0.04,100909,578814686,28b587cf6ecf,3,200,
4989239fbeb6eb40fc0b664d9ba92636.cnf.xz,cryptography-ascon,UNKNOWN,0,0.062,200.012,parse,0.06,0.03,100909,578814686,28b587cf6ecf,3,200,
4989239fbeb6eb40fc0b664d9ba92636.cnf.xz,cryptography-ascon,UNKNOWN,0,0.062,200.012,reorder,0.05,0.02,100909,578814686,28b587cf6ecf,3,200,
4989239fbeb6eb40fc0b664d9ba92636.cnf.xz,cryptography-ascon,UNKNOWN,0,0.062,200.012,warmup,0.04,0.02,100909,578814686,28b587cf6ecf,3,200,
4989239fbeb6eb40fc0b664d9ba92636.cnf.xz,cryptography-ascon,UNKNOWN,0,0.062,200.012,extractands,0.03,0.02,100909,578814686,28b587cf6ecf,3,200,
4989239fbeb6eb40fc0b664d9ba92636.cnf.xz,cryptography-ascon,UNKNOWN,0,0.062,200.012,extractbinaries,0.02,0.01,100909,578814686,28b587cf6ecf,3,200,
4989239fbeb6eb40fc0b664d9ba92636.cnf.xz,cryptography-ascon,UNKNOWN,0,0.062,200.012,lucky,0.01,0.0,100909,578814686,28b587cf6ecf,3,200,
4989239fbeb6eb40fc0b664d9ba92636.cnf.xz,cryptography-ascon,UNKNOWN,0,0.062,200.012,defrag,0.01,0.0,100909,578814686,28b587cf6ecf,3,200,
4989239fbeb6eb40fc0b664d9ba92636.cnf.xz,cryptography-ascon,UNKNOWN,0,0.062,200.012,restart,0.0,0.0,100909,578814686,28b587cf6ecf,3,200,
4989239fbeb6eb40fc0b664d9ba92636.cnf.xz,cryptography-ascon,UNKNOWN,0,0.062,200.012,rephase,0.0,0.0,100909,578814686,28b587cf6ecf,3,200,
4989239fbeb6eb40fc0b664d9ba92636.cnf.xz,cryptography-ascon,UNKNOWN,0,0.062,200.012,merge,0.0,0.0,100909,578814686,28b587cf6ecf,3,200,
4989239fbeb6eb40fc0b664d9ba92636.cnf.xz,cryptography-ascon,UNKNOWN,0,0.062,200.012,total,199.53,100.0,100909,578814686,28b587cf6ecf,3,200,
4e0de894799790b06e8d6c3efd109ade.cnf.xz,ecc-equivalence-checking,SAT,10,11.272,22.922,parse,11.88,92.52,0,17519849,28b587cf6ecf,3,200,
4e0de894799790b06e8d6c3efd109ade.cnf.xz,ecc-equivalence-checking,SAT,10,11.272,22.922,defrag,3.6,28.02,0,17519849,28b587cf6ecf,3,200,
4e0de894799790b06e8d6c3efd109ade.cnf.xz,ecc-equivalence-checking,SAT,10,11.272,22.922,lucky,0.96,7.48,0,17519849,28b587cf6ecf,3,200,
4e0de894799790b06e8d6c3efd109ade.cnf.xz,ecc-equivalence-checking,SAT,10,11.272,22.922,search,0.0,0.0,0,17519849,28b587cf6ecf,3,200,
4e0de894799790b06e8d6c3efd109ade.cnf.xz,ecc-equivalence-checking,SAT,10,11.272,22.922,simplify,0.0,0.0,0,17519849,28b587cf6ecf,3,200,
4e0de894799790b06e8d6c3efd109ade.cnf.xz,ecc-equivalence-checking,SAT,10,11.272,22.922,total,12.84,100.0,0,17519849,28b587cf6ecf,3,200,
4f09ef861ee74e50dc101765e1ce27fb.cnf.xz,algorithm-equivalence-checking,UNSAT,20,0.004,83.373,search,74.54,89.42,1580543,173869501,28b587cf6ecf,3,200,
4f09ef861ee74e50dc101765e1ce27fb.cnf.xz,algorithm-equivalence-checking,UNSAT,20,0.004,83.373,focused,37.63,45.15,1580543,173869501,28b587cf6ecf,3,200,
4f09ef861ee74e50dc101765e1ce27fb.cnf.xz,algorithm-equivalence-checking,UNSAT,20,0.004,83.373,stable,36.91,44.28,1580543,173869501,28b587cf6ecf,3,200,
4f09ef861ee74e50dc101765e1ce27fb.cnf.xz,algorithm-equivalence-checking,UNSAT,20,0.004,83.373,analyze,21.41,25.68,1580543,173869501,28b587cf6ecf,3,200,
4f09ef861ee74e50dc101765e1ce27fb.cnf.xz,algorithm-equivalence-checking,UNSAT,20,0.004,83.373,simplify,8.76,10.51,1580543,173869501,28b587cf6ecf,3,200,
4f09ef861ee74e50dc101765e1ce27fb.cnf.xz,algorithm-equivalence-checking,UNSAT,20,0.004,83.373,probe,8.46,10.15,1580543,173869501,28b587cf6ecf,3,200,
4f09ef861ee74e50dc101765e1ce27fb.cnf.xz,algorithm-equivalence-checking,UNSAT,20,0.004,83.373,vivify,6.76,8.11,1580543,173869501,28b587cf6ecf,3,200,
4f09ef861ee74e50dc101765e1ce27fb.cnf.xz,algorithm-equivalence-checking,UNSAT,20,0.004,83.373,shrink,6.74,8.08,1580543,173869501,28b587cf6ecf,3,200,
4f09ef861ee74e50dc101765e1ce27fb.cnf.xz,algorithm-equivalence-checking,UNSAT,20,0.004,83.373,deduce,4.57,5.49,1580543,173869501,28b587cf6ecf,3,200,
4f09ef861ee74e50dc101765e1ce27fb.cnf.xz,algorithm-equivalence-checking,UNSAT,20,0.004,83.373,bump,3.25,3.9,1580543,173869501,28b587cf6ecf,3,200,
4f09ef861ee74e50dc101765e1ce27fb.cnf.xz,algorithm-equivalence-checking,UNSAT,20,0.004,83.373,vivify2,2.48,2.98,1580543,173869501,28b587cf6ecf,3,200,
4f09ef861ee74e50dc101765e1ce27fb.cnf.xz,algorithm-equivalence-checking,UNSAT,20,0.004,83.373,vivify1,1.97,2.36,1580543,173869501,28b587cf6ecf,3,200,
4f09ef861ee74e50dc101765e1ce27fb.cnf.xz,algorithm-equivalence-checking,UNSAT,20,0.004,83.373,sweep,1.27,1.53,1580543,173869501,28b587cf6ecf,3,200,
4f09ef861ee74e50dc101765e1ce27fb.cnf.xz,algorithm-equivalence-checking,UNSAT,20,0.004,83.373,vivify0,1.16,1.4,1580543,173869501,28b587cf6ecf,3,200,
4f09ef861ee74e50dc101765e1ce27fb.cnf.xz,algorithm-equivalence-checking,UNSAT,20,0.004,83.373,vivify3,1.14,1.37,1580543,173869501,28b587cf6ecf,3,200,
4f09ef861ee74e50dc101765e1ce27fb.cnf.xz,algorithm-equivalence-checking,UNSAT,20,0.004,83.373,reduce,0.98,1.17,1580543,173869501,28b587cf6ecf,3,200,
4f09ef861ee74e50dc101765e1ce27fb.cnf.xz,algorithm-equivalence-checking,UNSAT,20,0.004,83.373,collect,0.83,1.0,1580543,173869501,28b587cf6ecf,3,200,
4f09ef861ee74e50dc101765e1ce27fb.cnf.xz,algorithm-equivalence-checking,UNSAT,20,0.004,83.373,sweepbackbone,0.69,0.83,1580543,173869501,28b587cf6ecf,3,200,
4f09ef861ee74e50dc101765e1ce27fb.cnf.xz,algorithm-equivalence-checking,UNSAT,20,0.004,83.373,minimize,0.65,0.78,1580543,173869501,28b587cf6ecf,3,200,
4f09ef861ee74e50dc101765e1ce27fb.cnf.xz,algorithm-equivalence-checking,UNSAT,20,0.004,83.373,sweepequivalences,0.32,0.39,1580543,173869501,28b587cf6ecf,3,200,
4f09ef861ee74e50dc101765e1ce27fb.cnf.xz,algorithm-equivalence-checking,UNSAT,20,0.004,83.373,eliminate,0.28,0.34,1580543,173869501,28b587cf6ecf,3,200,
4f09ef861ee74e50dc101765e1ce27fb.cnf.xz,algorithm-equivalence-checking,UNSAT,20,0.004,83.373,substitute,0.25,0.3,1580543,173869501,28b587cf6ecf,3,200,
4f09ef861ee74e50dc101765e1ce27fb.cnf.xz,algorithm-equivalence-checking,UNSAT,20,0.004,83.373,defrag,0.15,0.17,1580543,173869501,28b587cf6ecf,3,200,
4f09ef861ee74e50dc101765e1ce27fb.cnf.xz,algorithm-equivalence-checking,UNSAT,20,0.004,83.373,factor,0.12,0.14,1580543,173869501,28b587cf6ecf,3,200,
4f09ef861ee74e50dc101765e1ce27fb.cnf.xz,algorithm-equivalence-checking,UNSAT,20,0.004,83.373,definition,0.1,0.11,1580543,173869501,28b587cf6ecf,3,200,
4f09ef861ee74e50dc101765e1ce27fb.cnf.xz,algorithm-equivalence-checking,UNSAT,20,0.004,83.373,walking,0.07,0.08,1580543,173869501,28b587cf6ecf,3,200,
4f09ef861ee74e50dc101765e1ce27fb.cnf.xz,algorithm-equivalence-checking,UNSAT,20,0.004,83.373,restart,0.07,0.08,1580543,173869501,28b587cf6ecf,3,200,
4f09ef861ee74e50dc101765e1ce27fb.cnf.xz,algorithm-equivalence-checking,UNSAT,20,0.004,83.373,subsume,0.07,0.08,1580543,173869501,28b587cf6ecf,3,200,
4f09ef861ee74e50dc101765e1ce27fb.cnf.xz,algorithm-equivalence-checking,UNSAT,20,0.004,83.373,preprocess,0.05,0.06,1580543,173869501,28b587cf6ecf,3,200,
4f09ef861ee74e50dc101765e1ce27fb.cnf.xz,algorithm-equivalence-checking,UNSAT,20,0.004,83.373,congruence,0.02,0.03,1580543,173869501,28b587cf6ecf,3,200,
4f09ef861ee74e50dc101765e1ce27fb.cnf.xz,algorithm-equivalence-checking,UNSAT,20,0.004,83.373,extract,0.02,0.02,1580543,173869501,28b587cf6ecf,3,200,
4f09ef861ee74e50dc101765e1ce27fb.cnf.xz,algorithm-equivalence-checking,UNSAT,20,0.004,83.373,transitive,0.02,0.02,1580543,173869501,28b587cf6ecf,3,200,
4f09ef861ee74e50dc101765e1ce27fb.cnf.xz,algorithm-equivalence-checking,UNSAT,20,0.004,83.373,reorder,0.01,0.01,1580543,173869501,28b587cf6ecf,3,200,
4f09ef861ee74e50dc101765e1ce27fb.cnf.xz,algorithm-equivalence-checking,UNSAT,20,0.004,83.373,backbone,0.01,0.01,1580543,173869501,28b587cf6ecf,3,200,
4f09ef861ee74e50dc101765e1ce27fb.cnf.xz,algorithm-equivalence-checking,UNSAT,20,0.004,83.373,warmup,0.01,0.01,1580543,173869501,28b587cf6ecf,3,200,
4f09ef861ee74e50dc101765e1ce27fb.cnf.xz,algorithm-equivalence-checking,UNSAT,20,0.004,83.373,extractxors,0.0,0.0,1580543,173869501,28b587cf6ecf,3,200,
4f09ef861ee74e50dc101765e1ce27fb.cnf.xz,algorithm-equivalence-checking,UNSAT,20,0.004,83.373,parse,0.0,0.0,1580543,173869501,28b587cf6ecf,3,200,
4f09ef861ee74e50dc101765e1ce27fb.cnf.xz,algorithm-equivalence-checking,UNSAT,20,0.004,83.373,extractites,0.0,0.0,1580543,173869501,28b587cf6ecf,3,200,
4f09ef861ee74e50dc101765e1ce27fb.cnf.xz,algorithm-equivalence-checking,UNSAT,20,0.004,83.373,matching,0.0,0.0,1580543,173869501,28b587cf6ecf,3,200,
4f09ef861ee74e50dc101765e1ce27fb.cnf.xz,algorithm-equivalence-checking,UNSAT,20,0.004,83.373,extractands,0.0,0.0,1580543,173869501,28b587cf6ecf,3,200,
4f09ef861ee74e50dc101765e1ce27fb.cnf.xz,algorithm-equivalence-checking,UNSAT,20,0.004,83.373,lucky,0.0,0.0,1580543,173869501,28b587cf6ecf,3,200,
4f09ef861ee74e50dc101765e1ce27fb.cnf.xz,algorithm-equivalence-checking,UNSAT,20,0.004,83.373,extractbinaries,0.0,0.0,1580543,173869501,28b587cf6ecf,3,200,
4f09ef861ee74e50dc101765e1ce27fb.cnf.xz,algorithm-equivalence-checking,UNSAT,20,0.004,83.373,rephase,0.0,0.0,1580543,173869501,28b587cf6ecf,3,200,
4f09ef861ee74e50dc101765e1ce27fb.cnf.xz,algorithm-equivalence-checking,UNSAT,20,0.004,83.373,merge,0.0,0.0,1580543,173869501,28b587cf6ecf,3,200,
4f09ef861ee74e50dc101765e1ce27fb.cnf.xz,algorithm-equivalence-checking,UNSAT,20,0.004,83.373,total,83.36,100.0,1580543,173869501,28b587cf6ecf,3,200,
543e67dd5abc272c37775b1b742a1d9a.cnf.xz,quasigroup-completion,SAT,10,0.220,94.782,search,81.01,85.73,322877,750082948,28b587cf6ecf,3,200,
543e67dd5abc272c37775b1b742a1d9a.cnf.xz,quasigroup-completion,SAT,10,0.220,94.782,stable,46.06,48.75,322877,750082948,28b587cf6ecf,3,200,
543e67dd5abc272c37775b1b742a1d9a.cnf.xz,quasigroup-completion,SAT,10,0.220,94.782,focused,34.94,36.98,322877,750082948,28b587cf6ecf,3,200,
543e67dd5abc272c37775b1b742a1d9a.cnf.xz,quasigroup-completion,SAT,10,0.220,94.782,analyze,26.2,27.72,322877,750082948,28b587cf6ecf,3,200,
543e67dd5abc272c37775b1b742a1d9a.cnf.xz,quasigroup-completion,SAT,10,0.220,94.782,simplify,12.31,13.03,322877,750082948,28b587cf6ecf,3,200,
543e67dd5abc272c37775b1b742a1d9a.cnf.xz,quasigroup-completion,SAT,10,0.220,94.782,probe,11.7,12.38,322877,750082948,28b587cf6ecf,3,200,
543e67dd5abc272c37775b1b742a1d9a.cnf.xz,quasigroup-completion,SAT,10,0.220,94.782,shrink,10.33,10.93,322877,750082948,28b587cf6ecf,3,200,
543e67dd5abc272c37775b1b742a1d9a.cnf.xz,quasigroup-completion,SAT,10,0.220,94.782,vivify,5.91,6.26,322877,750082948,28b587cf6ecf,3,200,
543e67dd5abc272c37775b1b742a1d9a.cnf.xz,quasigroup-completion,SAT,10,0.220,94.782,bump,3.8,4.02,322877,750082948,28b587cf6ecf,3,200,
543e67dd5abc272c37775b1b742a1d9a.cnf.xz,quasigroup-completion,SAT,10,0.220,94.782,deduce,3.52,3.72,322877,750082948,28b587cf6ecf,3,200,
543e67dd5abc272c37775b1b742a1d9a.cnf.xz,quasigroup-completion,SAT,10,0.220,94.782,vivify1,2.37,2.51,322877,750082948,28b587cf6ecf,3,200,
543e67dd5abc272c37775b1b742a1d9a.cnf.xz,quasigroup-completion,SAT,10,0.220,94.782,sweep,2.02,2.14,322877,750082948,28b587cf6ecf,3,200,
543e67dd5abc272c37775b1b742a1d9a.cnf.xz,quasigroup-completion,SAT,10,0.220,94.782,vivify2,2.01,2.13,322877,750082948,28b587cf6ecf,3,200,
543e67dd5abc272c37775b1b742a1d9a.cnf.xz,quasigroup-completion,SAT,10,0.220,94.782,restart,1.47,1.56,322877,750082948,28b587cf6ecf,3,200,
543e67dd5abc272c37775b1b742a1d9a.cnf.xz,quasigroup-completion,SAT,10,0.220,94.782,sweepbackbone,1.47,1.55,322877,750082948,28b587cf6ecf,3,200,
543e67dd5abc272c37775b1b742a1d9a.cnf.xz,quasigroup-completion,SAT,10,0.220,94.782,vivify3,1.32,1.4,322877,750082948,28b587cf6ecf,3,200,
543e67dd5abc272c37775b1b742a1d9a.cnf.xz,quasigroup-completion,SAT,10,0.220,94.782,factor,1.31,1.39,322877,750082948,28b587cf6ecf,3,200,
543e67dd5abc272c37775b1b742a1d9a.cnf.xz,quasigroup-completion,SAT,10,0.220,94.782,eliminate,1.08,1.14,322877,750082948,28b587cf6ecf,3,200,
543e67dd5abc272c37775b1b742a1d9a.cnf.xz,quasigroup-completion,SAT,10,0.220,94.782,backbone,1.02,1.08,322877,750082948,28b587cf6ecf,3,200,
543e67dd5abc272c37775b1b742a1d9a.cnf.xz,quasigroup-completion,SAT,10,0.220,94.782,preprocess,0.97,1.03,322877,750082948,28b587cf6ecf,3,200,
543e67dd5abc272c37775b1b742a1d9a.cnf.xz,quasigroup-completion,SAT,10,0.220,94.782,reduce,0.91,0.96,322877,750082948,28b587cf6ecf,3,200,
543e67dd5abc272c37775b1b742a1d9a.cnf.xz,quasigroup-completion,SAT,10,0.220,94.782,collect,0.85,0.9,322877,750082948,28b587cf6ecf,3,200,
543e67dd5abc272c37775b1b742a1d9a.cnf.xz,quasigroup-completion,SAT,10,0.220,94.782,substitute,0.72,0.76,322877,750082948,28b587cf6ecf,3,200,
543e67dd5abc272c37775b1b742a1d9a.cnf.xz,quasigroup-completion,SAT,10,0.220,94.782,walking,0.5,0.53,322877,750082948,28b587cf6ecf,3,200,
543e67dd5abc272c37775b1b742a1d9a.cnf.xz,quasigroup-completion,SAT,10,0.220,94.782,definition,0.41,0.43,322877,750082948,28b587cf6ecf,3,200,
543e67dd5abc272c37775b1b742a1d9a.cnf.xz,quasigroup-completion,SAT,10,0.220,94.782,transitive,0.4,0.43,322877,750082948,28b587cf6ecf,3,200,
543e67dd5abc272c37775b1b742a1d9a.cnf.xz,quasigroup-completion,SAT,10,0.220,94.782,minimize,0.37,0.4,322877,750082948,28b587cf6ecf,3,200,
543e67dd5abc272c37775b1b742a1d9a.cnf.xz,quasigroup-completion,SAT,10,0.220,94.782,congruence,0.31,0.33,322877,750082948,28b587cf6ecf,3,200,
543e67dd5abc272c37775b1b742a1d9a.cnf.xz,quasigroup-completion,SAT,10,0.220,94.782,extract,0.27,0.29,322877,750082948,28b587cf6ecf,3,200,
543e67dd5abc272c37775b1b742a1d9a.cnf.xz,quasigroup-completion,SAT,10,0.220,94.782,vivify0,0.21,0.22,322877,750082948,28b587cf6ecf,3,200,
543e67dd5abc272c37775b1b742a1d9a.cnf.xz,quasigroup-completion,SAT,10,0.220,94.782,extractands,0.18,0.19,322877,750082948,28b587cf6ecf,3,200,
543e67dd5abc272c37775b1b742a1d9a.cnf.xz,quasigroup-completion,SAT,10,0.220,94.782,parse,0.17,0.18,322877,750082948,28b587cf6ecf,3,200,
543e67dd5abc272c37775b1b742a1d9a.cnf.xz,quasigroup-completion,SAT,10,0.220,94.782,sweepequivalences,0.09,0.1,322877,750082948,28b587cf6ecf,3,200,
543e67dd5abc272c37775b1b742a1d9a.cnf.xz,quasigroup-completion,SAT,10,0.220,94.782,reorder,0.08,0.08,322877,750082948,28b587cf6ecf,3,200,
543e67dd5abc272c37775b1b742a1d9a.cnf.xz,quasigroup-completion,SAT,10,0.220,94.782,warmup,0.06,0.06,322877,750082948,28b587cf6ecf,3,200,
543e67dd5abc272c37775b1b742a1d9a.cnf.xz,quasigroup-completion,SAT,10,0.220,94.782,subsume,0.06,0.06,322877,750082948,28b587cf6ecf,3,200,
543e67dd5abc272c37775b1b742a1d9a.cnf.xz,quasigroup-completion,SAT,10,0.220,94.782,defrag,0.03,0.04,322877,750082948,28b587cf6ecf,3,200,
543e67dd5abc272c37775b1b742a1d9a.cnf.xz,quasigroup-completion,SAT,10,0.220,94.782,lucky,0.03,0.04,322877,750082948,28b587cf6ecf,3,200,
543e67dd5abc272c37775b1b742a1d9a.cnf.xz,quasigroup-completion,SAT,10,0.220,94.782,extractbinaries,0.02,0.02,322877,750082948,28b587cf6ecf,3,200,
543e67dd5abc272c37775b1b742a1d9a.cnf.xz,quasigroup-completion,SAT,10,0.220,94.782,extractites,0.0,0.0,322877,750082948,28b587cf6ecf,3,200,
543e67dd5abc272c37775b1b742a1d9a.cnf.xz,quasigroup-completion,SAT,10,0.220,94.782,rephase,0.0,0.0,322877,750082948,28b587cf6ecf,3,200,
543e67dd5abc272c37775b1b742a1d9a.cnf.xz,quasigroup-completion,SAT,10,0.220,94.782,extractxors,0.0,0.0,322877,750082948,28b587cf6ecf,3,200,
543e67dd5abc272c37775b1b742a1d9a.cnf.xz,quasigroup-completion,SAT,10,0.220,94.782,merge,0.0,0.0,322877,750082948,28b587cf6ecf,3,200,
543e67dd5abc272c37775b1b742a1d9a.cnf.xz,quasigroup-completion,SAT,10,0.220,94.782,total,94.49,100.0,322877,750082948,28b587cf6ecf,3,200,
5553fec254b32349e0e48c7ee1e2d6c7.cnf.xz,cryptography-cbmc,UNSAT,20,0.195,97.075,search,64.02,66.11,1483139,302609950,28b587cf6ecf,3,200,
5553fec254b32349e0e48c7ee1e2d6c7.cnf.xz,cryptography-cbmc,UNSAT,20,0.195,97.075,focused,35.06,36.2,1483139,302609950,28b587cf6ecf,3,200,
5553fec254b32349e0e48c7ee1e2d6c7.cnf.xz,cryptography-cbmc,UNSAT,20,0.195,97.075,simplify,31.94,32.98,1483139,302609950,28b587cf6ecf,3,200,
5553fec254b32349e0e48c7ee1e2d6c7.cnf.xz,cryptography-cbmc,UNSAT,20,0.195,97.075,stable,28.97,29.91,1483139,302609950,28b587cf6ecf,3,200,
5553fec254b32349e0e48c7ee1e2d6c7.cnf.xz,cryptography-cbmc,UNSAT,20,0.195,97.075,probe,19.57,20.21,1483139,302609950,28b587cf6ecf,3,200,
5553fec254b32349e0e48c7ee1e2d6c7.cnf.xz,cryptography-cbmc,UNSAT,20,0.195,97.075,eliminate,12.77,13.18,1483139,302609950,28b587cf6ecf,3,200,
5553fec254b32349e0e48c7ee1e2d6c7.cnf.xz,cryptography-cbmc,UNSAT,20,0.195,97.075,vivify,11.37,11.74,1483139,302609950,28b587cf6ecf,3,200,
5553fec254b32349e0e48c7ee1e2d6c7.cnf.xz,cryptography-cbmc,UNSAT,20,0.195,97.075,analyze,8.7,8.98,1483139,302609950,28b587cf6ecf,3,200,
5553fec254b32349e0e48c7ee1e2d6c7.cnf.xz,cryptography-cbmc,UNSAT,20,0.195,97.075,subsume,8.22,8.49,1483139,302609950,28b587cf6ecf,3,200,
5553fec254b32349e0e48c7ee1e2d6c7.cnf.xz,cryptography-cbmc,UNSAT,20,0.195,97.075,vivify1,3.74,3.86,1483139,302609950,28b587cf6ecf,3,200,
5553fec254b32349e0e48c7ee1e2d6c7.cnf.xz,cryptography-cbmc,UNSAT,20,0.195,97.075,vivify2,3.37,3.48,1483139,302609950,28b587cf6ecf,3,200,
5553fec254b32349e0e48c7ee1e2d6c7.cnf.xz,cryptography-cbmc,UNSAT,20,0.195,97.075,sweep,2.91,3.01,1483139,302609950,28b587cf6ecf,3,200,
5553fec254b32349e0e48c7ee1e2d6c7.cnf.xz,cryptography-cbmc,UNSAT,20,0.195,97.075,vivify0,2.71,2.8,1483139,302609950,28b587cf6ecf,3,200,
5553fec254b32349e0e48c7ee1e2d6c7.cnf.xz,cryptography-cbmc,UNSAT,20,0.195,97.075,definition,2.22,2.29,1483139,302609950,28b587cf6ecf,3,200,
5553fec254b32349e0e48c7ee1e2d6c7.cnf.xz,cryptography-cbmc,UNSAT,20,0.195,97.075,substitute,2.06,2.13,1483139,302609950,28b587cf6ecf,3,200,
5553fec254b32349e0e48c7ee1e2d6c7.cnf.xz,cryptography-cbmc,UNSAT,20,0.195,97.075,shrink,1.73,1.79,1483139,302609950,28b587cf6ecf,3,200,
5553fec254b32349e0e48c7ee1e2d6c7.cnf.xz,cryptography-cbmc,UNSAT,20,0.195,97.075,deduce,1.65,1.7,1483139,302609950,28b587cf6ecf,3,200,
5553fec254b32349e0e48c7ee1e2d6c7.cnf.xz,cryptography-cbmc,UNSAT,20,0.195,97.075,vivify3,1.54,1.59,1483139,302609950,28b587cf6ecf,3,200,
5553fec254b32349e0e48c7ee1e2d6c7.cnf.xz,cryptography-cbmc,UNSAT,20,0.195,97.075,reduce,1.26,1.31,1483139,302609950,28b587cf6ecf,3,200,
5553fec254b32349e0e48c7ee1e2d6c7.cnf.xz,cryptography-cbmc,UNSAT,20,0.195,97.075,collect,1.2,1.23,1483139,302609950,28b587cf6ecf,3,200,
5553fec254b32349e0e48c7ee1e2d6c7.cnf.xz,cryptography-cbmc,UNSAT,20,0.195,97.075,bump,1.14,1.17,1483139,302609950,28b587cf6ecf,3,200,
5553fec254b32349e0e48c7ee1e2d6c7.cnf.xz,cryptography-cbmc,UNSAT,20,0.195,97.075,factor,1.09,1.12,1483139,302609950,28b587cf6ecf,3,200,
5553fec254b32349e0e48c7ee1e2d6c7.cnf.xz,cryptography-cbmc,UNSAT,20,0.195,97.075,congruence,1.01,1.04,1483139,302609950,28b587cf6ecf,3,200,
5553fec254b32349e0e48c7ee1e2d6c7.cnf.xz,cryptography-cbmc,UNSAT,20,0.195,97.075,backbone,0.73,0.76,1483139,302609950,28b587cf6ecf,3,200,
5553fec254b32349e0e48c7ee1e2d6c7.cnf.xz,cryptography-cbmc,UNSAT,20,0.195,97.075,preprocess,0.69,0.72,1483139,302609950,28b587cf6ecf,3,200,
5553fec254b32349e0e48c7ee1e2d6c7.cnf.xz,cryptography-cbmc,UNSAT,20,0.195,97.075,sweepbackbone,0.68,0.7,1483139,302609950,28b587cf6ecf,3,200,
5553fec254b32349e0e48c7ee1e2d6c7.cnf.xz,cryptography-cbmc,UNSAT,20,0.195,97.075,extract,0.5,0.52,1483139,302609950,28b587cf6ecf,3,200,
5553fec254b32349e0e48c7ee1e2d6c7.cnf.xz,cryptography-cbmc,UNSAT,20,0.195,97.075,matching,0.43,0.45,1483139,302609950,28b587cf6ecf,3,200,
5553fec254b32349e0e48c7ee1e2d6c7.cnf.xz,cryptography-cbmc,UNSAT,20,0.195,97.075,transitive,0.4,0.41,1483139,302609950,28b587cf6ecf,3,200,
5553fec254b32349e0e48c7ee1e2d6c7.cnf.xz,cryptography-cbmc,UNSAT,20,0.195,97.075,defrag,0.4,0.41,1483139,302609950,28b587cf6ecf,3,200,
5553fec254b32349e0e48c7ee1e2d6c7.cnf.xz,cryptography-cbmc,UNSAT,20,0.195,97.075,minimize,0.39,0.4,1483139,302609950,28b587cf6ecf,3,200,
5553fec254b32349e0e48c7ee1e2d6c7.cnf.xz,cryptography-cbmc,UNSAT,20,0.195,97.075,sweepequivalences,0.32,0.33,1483139,302609950,28b587cf6ecf,3,200,
5553fec254b32349e0e48c7ee1e2d6c7.cnf.xz,cryptography-cbmc,UNSAT,20,0.195,97.075,walking,0.27,0.28,1483139,302609950,28b587cf6ecf,3,200,
5553fec254b32349e0e48c7ee1e2d6c7.cnf.xz,cryptography-cbmc,UNSAT,20,0.195,97.075,restart,0.27,0.28,1483139,302609950,28b587cf6ecf,3,200,
5553fec254b32349e0e48c7ee1e2d6c7.cnf.xz,cryptography-cbmc,UNSAT,20,0.195,97.075,extractands,0.2,0.21,1483139,302609950,28b587cf6ecf,3,200,
5553fec254b32349e0e48c7ee1e2d6c7.cnf.xz,cryptography-cbmc,UNSAT,20,0.195,97.075,parse,0.16,0.16,1483139,302609950,28b587cf6ecf,3,200,
5553fec254b32349e0e48c7ee1e2d6c7.cnf.xz,cryptography-cbmc,UNSAT,20,0.195,97.075,reorder,0.11,0.12,1483139,302609950,28b587cf6ecf,3,200,
5553fec254b32349e0e48c7ee1e2d6c7.cnf.xz,cryptography-cbmc,UNSAT,20,0.195,97.075,extractxors,0.08,0.08,1483139,302609950,28b587cf6ecf,3,200,
5553fec254b32349e0e48c7ee1e2d6c7.cnf.xz,cryptography-cbmc,UNSAT,20,0.195,97.075,warmup,0.06,0.06,1483139,302609950,28b587cf6ecf,3,200,
5553fec254b32349e0e48c7ee1e2d6c7.cnf.xz,cryptography-cbmc,UNSAT,20,0.195,97.075,extractites,0.05,0.05,1483139,302609950,28b587cf6ecf,3,200,
5553fec254b32349e0e48c7ee1e2d6c7.cnf.xz,cryptography-cbmc,UNSAT,20,0.195,97.075,extractbinaries,0.04,0.04,1483139,302609950,28b587cf6ecf,3,200,
5553fec254b32349e0e48c7ee1e2d6c7.cnf.xz,cryptography-cbmc,UNSAT,20,0.195,97.075,merge,0.03,0.03,1483139,302609950,28b587cf6ecf,3,200,
5553fec254b32349e0e48c7ee1e2d6c7.cnf.xz,cryptography-cbmc,UNSAT,20,0.195,97.075,lucky,0.03,0.03,1483139,302609950,28b587cf6ecf,3,200,
5553fec254b32349e0e48c7ee1e2d6c7.cnf.xz,cryptography-cbmc,UNSAT,20,0.195,97.075,rephase,0.0,0.0,1483139,302609950,28b587cf6ecf,3,200,
5553fec254b32349e0e48c7ee1e2d6c7.cnf.xz,cryptography-cbmc,UNSAT,20,0.195,97.075,total,96.84,100.0,1483139,302609950,28b587cf6ecf,3,200,
5de866bc7ff4dfde3cd682b5aca75894.cnf.xz,stable-semantics,SAT,10,0.006,0.209,probe,0.12,58.65,4215,1044055,28b587cf6ecf,3,200,
5de866bc7ff4dfde3cd682b5aca75894.cnf.xz,stable-semantics,SAT,10,0.006,0.209,search,0.08,38.92,4215,1044055,28b587cf6ecf,3,200,
5de866bc7ff4dfde3cd682b5aca75894.cnf.xz,stable-semantics,SAT,10,0.006,0.209,simplify,0.07,35.98,4215,1044055,28b587cf6ecf,3,200,
5de866bc7ff4dfde3cd682b5aca75894.cnf.xz,stable-semantics,SAT,10,0.006,0.209,preprocess,0.05,23.26,4215,1044055,28b587cf6ecf,3,200,
5de866bc7ff4dfde3cd682b5aca75894.cnf.xz,stable-semantics,SAT,10,0.006,0.209,focused,0.05,22.65,4215,1044055,28b587cf6ecf,3,200,
5de866bc7ff4dfde3cd682b5aca75894.cnf.xz,stable-semantics,SAT,10,0.006,0.209,analyze,0.04,21.94,4215,1044055,28b587cf6ecf,3,200,
5de866bc7ff4dfde3cd682b5aca75894.cnf.xz,stable-semantics,SAT,10,0.006,0.209,sweep,0.04,19.87,4215,1044055,28b587cf6ecf,3,200,
5de866bc7ff4dfde3cd682b5aca75894.cnf.xz,stable-semantics,SAT,10,0.006,0.209,factor,0.04,18.25,4215,1044055,28b587cf6ecf,3,200,
5de866bc7ff4dfde3cd682b5aca75894.cnf.xz,stable-semantics,SAT,10,0.006,0.209,stable,0.03,16.27,4215,1044055,28b587cf6ecf,3,200,
5de866bc7ff4dfde3cd682b5aca75894.cnf.xz,stable-semantics,SAT,10,0.006,0.209,vivify,0.03,14.35,4215,1044055,28b587cf6ecf,3,200,
5de866bc7ff4dfde3cd682b5aca75894.cnf.xz,stable-semantics,SAT,10,0.006,0.209,vivify3,0.02,10.57,4215,1044055,28b587cf6ecf,3,200,
5de866bc7ff4dfde3cd682b5aca75894.cnf.xz,stable-semantics,SAT,10,0.006,0.209,sweepbackbone,0.02,9.51,4215,1044055,28b587cf6ecf,3,200,
5de866bc7ff4dfde3cd682b5aca75894.cnf.xz,stable-semantics,SAT,10,0.006,0.209,shrink,0.01,7.41,4215,1044055,28b587cf6ecf,3,200,
5de866bc7ff4dfde3cd682b5aca75894.cnf.xz,stable-semantics,SAT,10,0.006,0.209,bump,0.01,4.61,4215,1044055,28b587cf6ecf,3,200,
5de866bc7ff4dfde3cd682b5aca75894.cnf.xz,stable-semantics,SAT,10,0.006,0.209,deduce,0.01,3.3,4215,1044055,28b587cf6ecf,3,200,
5de866bc7ff4dfde3cd682b5aca75894.cnf.xz,stable-semantics,SAT,10,0.006,0.209,congruence,0.01,2.97,4215,1044055,28b587cf6ecf,3,200,
5de866bc7ff4dfde3cd682b5aca75894.cnf.xz,stable-semantics,SAT,10,0.006,0.209,extract,0.01,2.88,4215,1044055,28b587cf6ecf,3,200,
5de866bc7ff4dfde3cd682b5aca75894.cnf.xz,stable-semantics,SAT,10,0.006,0.209,extractands,0.0,2.34,4215,1044055,28b587cf6ecf,3,200,
5de866bc7ff4dfde3cd682b5aca75894.cnf.xz,stable-semantics,SAT,10,0.006,0.209,vivify0,0.0,1.95,4215,1044055,28b587cf6ecf,3,200,
5de866bc7ff4dfde3cd682b5aca75894.cnf.xz,stable-semantics,SAT,10,0.006,0.209,vivify1,0.0,1.43,4215,1044055,28b587cf6ecf,3,200,
5de866bc7ff4dfde3cd682b5aca75894.cnf.xz,stable-semantics,SAT,10,0.006,0.209,parse,0.0,1.32,4215,1044055,28b587cf6ecf,3,200,
5de866bc7ff4dfde3cd682b5aca75894.cnf.xz,stable-semantics,SAT,10,0.006,0.209,backbone,0.0,1.32,4215,1044055,28b587cf6ecf,3,200,
5de866bc7ff4dfde3cd682b5aca75894.cnf.xz,stable-semantics,SAT,10,0.006,0.209,sweepequivalences,0.0,1.27,4215,1044055,28b587cf6ecf,3,200,
5de866bc7ff4dfde3cd682b5aca75894.cnf.xz,stable-semantics,SAT,10,0.006,0.209,substitute,0.0,1.16,4215,1044055,28b587cf6ecf,3,200,
5de866bc7ff4dfde3cd682b5aca75894.cnf.xz,stable-semantics,SAT,10,0.006,0.209,minimize,0.0,0.79,4215,1044055,28b587cf6ecf,3,200,
5de866bc7ff4dfde3cd682b5aca75894.cnf.xz,stable-semantics,SAT,10,0.006,0.209,transitive,0.0,0.72,4215,1044055,28b587cf6ecf,3,200,
5de866bc7ff4dfde3cd682b5aca75894.cnf.xz,stable-semantics,SAT,10,0.006,0.209,walking,0.0,0.58,4215,1044055,28b587cf6ecf,3,200,
5de866bc7ff4dfde3cd682b5aca75894.cnf.xz,stable-semantics,SAT,10,0.006,0.209,lucky,0.0,0.43,4215,1044055,28b587cf6ecf,3,200,
5de866bc7ff4dfde3cd682b5aca75894.cnf.xz,stable-semantics,SAT,10,0.006,0.209,reduce,0.0,0.41,4215,1044055,28b587cf6ecf,3,200,
5de866bc7ff4dfde3cd682b5aca75894.cnf.xz,stable-semantics,SAT,10,0.006,0.209,vivify2,0.0,0.4,4215,1044055,28b587cf6ecf,3,200,
5de866bc7ff4dfde3cd682b5aca75894.cnf.xz,stable-semantics,SAT,10,0.006,0.209,collect,0.0,0.35,4215,1044055,28b587cf6ecf,3,200,
5de866bc7ff4dfde3cd682b5aca75894.cnf.xz,stable-semantics,SAT,10,0.006,0.209,extractbinaries,0.0,0.16,4215,1044055,28b587cf6ecf,3,200,
5de866bc7ff4dfde3cd682b5aca75894.cnf.xz,stable-semantics,SAT,10,0.006,0.209,warmup,0.0,0.1,4215,1044055,28b587cf6ecf,3,200,
5de866bc7ff4dfde3cd682b5aca75894.cnf.xz,stable-semantics,SAT,10,0.006,0.209,restart,0.0,0.06,4215,1044055,28b587cf6ecf,3,200,
5de866bc7ff4dfde3cd682b5aca75894.cnf.xz,stable-semantics,SAT,10,0.006,0.209,defrag,0.0,0.02,4215,1044055,28b587cf6ecf,3,200,
5de866bc7ff4dfde3cd682b5aca75894.cnf.xz,stable-semantics,SAT,10,0.006,0.209,rephase,0.0,0.01,4215,1044055,28b587cf6ecf,3,200,
5de866bc7ff4dfde3cd682b5aca75894.cnf.xz,stable-semantics,SAT,10,0.006,0.209,extractxors,0.0,0.01,4215,1044055,28b587cf6ecf,3,200,
5de866bc7ff4dfde3cd682b5aca75894.cnf.xz,stable-semantics,SAT,10,0.006,0.209,extractites,0.0,0.01,4215,1044055,28b587cf6ecf,3,200,
5de866bc7ff4dfde3cd682b5aca75894.cnf.xz,stable-semantics,SAT,10,0.006,0.209,merge,0.0,0.0,4215,1044055,28b587cf6ecf,3,200,
5de866bc7ff4dfde3cd682b5aca75894.cnf.xz,stable-semantics,SAT,10,0.006,0.209,total,0.2,100.0,4215,1044055,28b587cf6ecf,3,200,
5ee05ef0bcb42cb12bd698978c05178c.cnf.xz,sgen-balanced,UNKNOWN,0,0.001,200.004,search,178.02,89.05,4443653,150608024,28b587cf6ecf,3,200,
5ee05ef0bcb42cb12bd698978c05178c.cnf.xz,sgen-balanced,UNKNOWN,0,0.001,200.004,stable,89.61,44.83,4443653,150608024,28b587cf6ecf,3,200,
5ee05ef0bcb42cb12bd698978c05178c.cnf.xz,sgen-balanced,UNKNOWN,0,0.001,200.004,focused,88.41,44.23,4443653,150608024,28b587cf6ecf,3,200,
5ee05ef0bcb42cb12bd698978c05178c.cnf.xz,sgen-balanced,UNKNOWN,0,0.001,200.004,analyze,27.17,13.59,4443653,150608024,28b587cf6ecf,3,200,
5ee05ef0bcb42cb12bd698978c05178c.cnf.xz,sgen-balanced,UNKNOWN,0,0.001,200.004,simplify,21.86,10.93,4443653,150608024,28b587cf6ecf,3,200,
5ee05ef0bcb42cb12bd698978c05178c.cnf.xz,sgen-balanced,UNKNOWN,0,0.001,200.004,probe,17.06,8.53,4443653,150608024,28b587cf6ecf,3,200,
5ee05ef0bcb42cb12bd698978c05178c.cnf.xz,sgen-balanced,UNKNOWN,0,0.001,200.004,vivify,11.06,5.53,4443653,150608024,28b587cf6ecf,3,200,
5ee05ef0bcb42cb12bd698978c05178c.cnf.xz,sgen-balanced,UNKNOWN,0,0.001,200.004,vivify2,6.78,3.39,4443653,150608024,28b587cf6ecf,3,200,
5ee05ef0bcb42cb12bd698978c05178c.cnf.xz,sgen-balanced,UNKNOWN,0,0.001,200.004,deduce,5.91,2.96,4443653,150608024,28b587cf6ecf,3,200,
5ee05ef0bcb42cb12bd698978c05178c.cnf.xz,sgen-balanced,UNKNOWN,0,0.001,200.004,sweep,5.85,2.93,4443653,150608024,28b587cf6ecf,3,200,
5ee05ef0bcb42cb12bd698978c05178c.cnf.xz,sgen-balanced,UNKNOWN,0,0.001,200.004,shrink,5.33,2.67,4443653,150608024,28b587cf6ecf,3,200,
5ee05ef0bcb42cb12bd698978c05178c.cnf.xz,sgen-balanced,UNKNOWN,0,0.001,200.004,walking,4.81,2.41,4443653,150608024,28b587cf6ecf,3,200,
5ee05ef0bcb42cb12bd698978c05178c.cnf.xz,sgen-balanced,UNKNOWN,0,0.001,200.004,bump,4.02,2.01,4443653,150608024,28b587cf6ecf,3,200,
5ee05ef0bcb42cb12bd698978c05178c.cnf.xz,sgen-balanced,UNKNOWN,0,0.001,200.004,vivify1,2.35,1.18,4443653,150608024,28b587cf6ecf,3,200,
5ee05ef0bcb42cb12bd698978c05178c.cnf.xz,sgen-balanced,UNKNOWN,0,0.001,200.004,vivify3,1.9,0.95,4443653,150608024,28b587cf6ecf,3,200,
5ee05ef0bcb42cb12bd698978c05178c.cnf.xz,sgen-balanced,UNKNOWN,0,0.001,200.004,minimize,1.27,0.64,4443653,150608024,28b587cf6ecf,3,200,
5ee05ef0bcb42cb12bd698978c05178c.cnf.xz,sgen-balanced,UNKNOWN,0,0.001,200.004,reduce,1.05,0.53,4443653,150608024,28b587cf6ecf,3,200,
5ee05ef0bcb42cb12bd698978c05178c.cnf.xz,sgen-balanced,UNKNOWN,0,0.001,200.004,collect,0.82,0.41,4443653,150608024,28b587cf6ecf,3,200,
5ee05ef0bcb42cb12bd698978c05178c.cnf.xz,sgen-balanced,UNKNOWN,0,0.001,200.004,defrag,0.23,0.11,4443653,150608024,28b587cf6ecf,3,200,
5ee05ef0bcb42cb12bd698978c05178c.cnf.xz,sgen-balanced,UNKNOWN,0,0.001,200.004,substitute,0.14,0.07,4443653,150608024,28b587cf6ecf,3,200,
5ee05ef0bcb42cb12bd698978c05178c.cnf.xz,sgen-balanced,UNKNOWN,0,0.001,200.004,restart,0.05,0.02,4443653,150608024,28b587cf6ecf,3,200,
5ee05ef0bcb42cb12bd698978c05178c.cnf.xz,sgen-balanced,UNKNOWN,0,0.001,200.004,vivify0,0.03,0.02,4443653,150608024,28b587cf6ecf,3,200,
5ee05ef0bcb42cb12bd698978c05178c.cnf.xz,sgen-balanced,UNKNOWN,0,0.001,200.004,preprocess,0.02,0.01,4443653,150608024,28b587cf6ecf,3,200,
5ee05ef0bcb42cb12bd698978c05178c.cnf.xz,sgen-balanced,UNKNOWN,0,0.001,200.004,sweepbackbone,0.01,0.01,4443653,150608024,28b587cf6ecf,3,200,
5ee05ef0bcb42cb12bd698978c05178c.cnf.xz,sgen-balanced,UNKNOWN,0,0.001,200.004,eliminate,0.01,0.0,4443653,150608024,28b587cf6ecf,3,200,
5ee05ef0bcb42cb12bd698978c05178c.cnf.xz,sgen-balanced,UNKNOWN,0,0.001,200.004,warmup,0.01,0.0,4443653,150608024,28b587cf6ecf,3,200,
5ee05ef0bcb42cb12bd698978c05178c.cnf.xz,sgen-balanced,UNKNOWN,0,0.001,200.004,sweepequivalences,0.01,0.0,4443653,150608024,28b587cf6ecf,3,200,
5ee05ef0bcb42cb12bd698978c05178c.cnf.xz,sgen-balanced,UNKNOWN,0,0.001,200.004,reorder,0.01,0.0,4443653,150608024,28b587cf6ecf,3,200,
5ee05ef0bcb42cb12bd698978c05178c.cnf.xz,sgen-balanced,UNKNOWN,0,0.001,200.004,congruence,0.0,0.0,4443653,150608024,28b587cf6ecf,3,200,
5ee05ef0bcb42cb12bd698978c05178c.cnf.xz,sgen-balanced,UNKNOWN,0,0.001,200.004,extract,0.0,0.0,4443653,150608024,28b587cf6ecf,3,200,
5ee05ef0bcb42cb12bd698978c05178c.cnf.xz,sgen-balanced,UNKNOWN,0,0.001,200.004,transitive,0.0,0.0,4443653,150608024,28b587cf6ecf,3,200,
5ee05ef0bcb42cb12bd698978c05178c.cnf.xz,sgen-balanced,UNKNOWN,0,0.001,200.004,definition,0.0,0.0,4443653,150608024,28b587cf6ecf,3,200,
5ee05ef0bcb42cb12bd698978c05178c.cnf.xz,sgen-balanced,UNKNOWN,0,0.001,200.004,rephase,0.0,0.0,4443653,150608024,28b587cf6ecf,3,200,
5ee05ef0bcb42cb12bd698978c05178c.cnf.xz,sgen-balanced,UNKNOWN,0,0.001,200.004,factor,0.0,0.0,4443653,150608024,28b587cf6ecf,3,200,
5ee05ef0bcb42cb12bd698978c05178c.cnf.xz,sgen-balanced,UNKNOWN,0,0.001,200.004,extractxors,0.0,0.0,4443653,150608024,28b587cf6ecf,3,200,
5ee05ef0bcb42cb12bd698978c05178c.cnf.xz,sgen-balanced,UNKNOWN,0,0.001,200.004,backbone,0.0,0.0,4443653,150608024,28b587cf6ecf,3,200,
5ee05ef0bcb42cb12bd698978c05178c.cnf.xz,sgen-balanced,UNKNOWN,0,0.001,200.004,parse,0.0,0.0,4443653,150608024,28b587cf6ecf,3,200,
5ee05ef0bcb42cb12bd698978c05178c.cnf.xz,sgen-balanced,UNKNOWN,0,0.001,200.004,extractites,0.0,0.0,4443653,150608024,28b587cf6ecf,3,200,
5ee05ef0bcb42cb12bd698978c05178c.cnf.xz,sgen-balanced,UNKNOWN,0,0.001,200.004,subsume,0.0,0.0,4443653,150608024,28b587cf6ecf,3,200,
5ee05ef0bcb42cb12bd698978c05178c.cnf.xz,sgen-balanced,UNKNOWN,0,0.001,200.004,lucky,0.0,0.0,4443653,150608024,28b587cf6ecf,3,200,
5ee05ef0bcb42cb12bd698978c05178c.cnf.xz,sgen-balanced,UNKNOWN,0,0.001,200.004,extractbinaries,0.0,0.0,4443653,150608024,28b587cf6ecf,3,200,
5ee05ef0bcb42cb12bd698978c05178c.cnf.xz,sgen-balanced,UNKNOWN,0,0.001,200.004,extractands,0.0,0.0,4443653,150608024,28b587cf6ecf,3,200,
5ee05ef0bcb42cb12bd698978c05178c.cnf.xz,sgen-balanced,UNKNOWN,0,0.001,200.004,merge,0.0,0.0,4443653,150608024,28b587cf6ecf,3,200,
5ee05ef0bcb42cb12bd698978c05178c.cnf.xz,sgen-balanced,UNKNOWN,0,0.001,200.004,total,199.9,100.0,4443653,150608024,28b587cf6ecf,3,200,
5faba478cb08194407b5ec957ab08599.cnf.xz,school-timetabling,SAT,10,0.082,19.231,search,8.9,46.52,169081,134100791,28b587cf6ecf,3,200,
5faba478cb08194407b5ec957ab08599.cnf.xz,school-timetabling,SAT,10,0.082,19.231,simplify,7.84,40.97,169081,134100791,28b587cf6ecf,3,200,
5faba478cb08194407b5ec957ab08599.cnf.xz,school-timetabling,SAT,10,0.082,19.231,probe,5.77,30.16,169081,134100791,28b587cf6ecf,3,200,
5faba478cb08194407b5ec957ab08599.cnf.xz,school-timetabling,SAT,10,0.082,19.231,stable,5.17,26.99,169081,134100791,28b587cf6ecf,3,200,
5faba478cb08194407b5ec957ab08599.cnf.xz,school-timetabling,SAT,10,0.082,19.231,eliminate,4.19,21.91,169081,134100791,28b587cf6ecf,3,200,
5faba478cb08194407b5ec957ab08599.cnf.xz,school-timetabling,SAT,10,0.082,19.231,focused,3.74,19.53,169081,134100791,28b587cf6ecf,3,200,
5faba478cb08194407b5ec957ab08599.cnf.xz,school-timetabling,SAT,10,0.082,19.231,analyze,2.68,13.98,169081,134100791,28b587cf6ecf,3,200,
5faba478cb08194407b5ec957ab08599.cnf.xz,school-timetabling,SAT,10,0.082,19.231,factor,2.43,12.67,169081,134100791,28b587cf6ecf,3,200,
5faba478cb08194407b5ec957ab08599.cnf.xz,school-timetabling,SAT,10,0.082,19.231,preprocess,2.25,11.76,169081,134100791,28b587cf6ecf,3,200,
5faba478cb08194407b5ec957ab08599.cnf.xz,school-timetabling,SAT,10,0.082,19.231,definition,2.03,10.58,169081,134100791,28b587cf6ecf,3,200,
5faba478cb08194407b5ec957ab08599.cnf.xz,school-timetabling,SAT,10,0.082,19.231,vivify,1.45,7.56,169081,134100791,28b587cf6ecf,3,200,
5faba478cb08194407b5ec957ab08599.cnf.xz,school-timetabling,SAT,10,0.082,19.231,shrink,1.11,5.79,169081,134100791,28b587cf6ecf,3,200,
5faba478cb08194407b5ec957ab08599.cnf.xz,school-timetabling,SAT,10,0.082,19.231,substitute,0.6,3.15,169081,134100791,28b587cf6ecf,3,200,
5faba478cb08194407b5ec957ab08599.cnf.xz,school-timetabling,SAT,10,0.082,19.231,sweep,0.49,2.58,169081,134100791,28b587cf6ecf,3,200,
5faba478cb08194407b5ec957ab08599.cnf.xz,school-timetabling,SAT,10,0.082,19.231,vivify1,0.47,2.44,169081,134100791,28b587cf6ecf,3,200,
5faba478cb08194407b5ec957ab08599.cnf.xz,school-timetabling,SAT,10,0.082,19.231,collect,0.38,1.97,169081,134100791,28b587cf6ecf,3,200,
5faba478cb08194407b5ec957ab08599.cnf.xz,school-timetabling,SAT,10,0.082,19.231,backbone,0.37,1.94,169081,134100791,28b587cf6ecf,3,200,
5faba478cb08194407b5ec957ab08599.cnf.xz,school-timetabling,SAT,10,0.082,19.231,vivify2,0.37,1.93,169081,134100791,28b587cf6ecf,3,200,
5faba478cb08194407b5ec957ab08599.cnf.xz,school-timetabling,SAT,10,0.082,19.231,reduce,0.36,1.89,169081,134100791,28b587cf6ecf,3,200,
5faba478cb08194407b5ec957ab08599.cnf.xz,school-timetabling,SAT,10,0.082,19.231,deduce,0.34,1.76,169081,134100791,28b587cf6ecf,3,200,
5faba478cb08194407b5ec957ab08599.cnf.xz,school-timetabling,SAT,10,0.082,19.231,vivify3,0.32,1.7,169081,134100791,28b587cf6ecf,3,200,
5faba478cb08194407b5ec957ab08599.cnf.xz,school-timetabling,SAT,10,0.082,19.231,vivify0,0.28,1.49,169081,134100791,28b587cf6ecf,3,200,
5faba478cb08194407b5ec957ab08599.cnf.xz,school-timetabling,SAT,10,0.082,19.231,congruence,0.26,1.38,169081,134100791,28b587cf6ecf,3,200,
5faba478cb08194407b5ec957ab08599.cnf.xz,school-timetabling,SAT,10,0.082,19.231,sweepbackbone,0.26,1.37,169081,134100791,28b587cf6ecf,3,200,
5faba478cb08194407b5ec957ab08599.cnf.xz,school-timetabling,SAT,10,0.082,19.231,restart,0.22,1.12,169081,134100791,28b587cf6ecf,3,200,
5faba478cb08194407b5ec957ab08599.cnf.xz,school-timetabling,SAT,10,0.082,19.231,extract,0.19,1.02,169081,134100791,28b587cf6ecf,3,200,
5faba478cb08194407b5ec957ab08599.cnf.xz,school-timetabling,SAT,10,0.082,19.231,subsume,0.19,0.99,169081,134100791,28b587cf6ecf,3,200,
5faba478cb08194407b5ec957ab08599.cnf.xz,school-timetabling,SAT,10,0.082,19.231,bump,0.19,0.98,169081,134100791,28b587cf6ecf,3,200,
5faba478cb08194407b5ec957ab08599.cnf.xz,school-timetabling,SAT,10,0.082,19.231,transitive,0.17,0.88,169081,134100791,28b587cf6ecf,3,200,
5faba478cb08194407b5ec957ab08599.cnf.xz,school-timetabling,SAT,10,0.082,19.231,parse,0.13,0.69,169081,134100791,28b587cf6ecf,3,200,
5faba478cb08194407b5ec957ab08599.cnf.xz,school-timetabling,SAT,10,0.082,19.231,walking,0.1,0.55,169081,134100791,28b587cf6ecf,3,200,
5faba478cb08194407b5ec957ab08599.cnf.xz,school-timetabling,SAT,10,0.082,19.231,sweepequivalences,0.07,0.39,169081,134100791,28b587cf6ecf,3,200,
5faba478cb08194407b5ec957ab08599.cnf.xz,school-timetabling,SAT,10,0.082,19.231,reorder,0.07,0.36,169081,134100791,28b587cf6ecf,3,200,
5faba478cb08194407b5ec957ab08599.cnf.xz,school-timetabling,SAT,10,0.082,19.231,minimize,0.06,0.33,169081,134100791,28b587cf6ecf,3,200,
5faba478cb08194407b5ec957ab08599.cnf.xz,school-timetabling,SAT,10,0.082,19.231,extractxors,0.06,0.31,169081,134100791,28b587cf6ecf,3,200,
5faba478cb08194407b5ec957ab08599.cnf.xz,school-timetabling,SAT,10,0.082,19.231,defrag,0.06,0.31,169081,134100791,28b587cf6ecf,3,200,
5faba478cb08194407b5ec957ab08599.cnf.xz,school-timetabling,SAT,10,0.082,19.231,warmup,0.05,0.27,169081,134100791,28b587cf6ecf,3,200,
5faba478cb08194407b5ec957ab08599.cnf.xz,school-timetabling,SAT,10,0.082,19.231,matching,0.05,0.25,169081,134100791,28b587cf6ecf,3,200,
5faba478cb08194407b5ec957ab08599.cnf.xz,school-timetabling,SAT,10,0.082,19.231,extractands,0.04,0.23,169081,134100791,28b587cf6ecf,3,200,
5faba478cb08194407b5ec957ab08599.cnf.xz,school-timetabling,SAT,10,0.082,19.231,extractbinaries,0.02,0.12,169081,134100791,28b587cf6ecf,3,200,
5faba478cb08194407b5ec957ab08599.cnf.xz,school-timetabling,SAT,10,0.082,19.231,lucky,0.01,0.06,169081,134100791,28b587cf6ecf,3,200,
5faba478cb08194407b5ec957ab08599.cnf.xz,school-timetabling,SAT,10,0.082,19.231,extractites,0.01,0.06,169081,134100791,28b587cf6ecf,3,200,
5faba478cb08194407b5ec957ab08599.cnf.xz,school-timetabling,SAT,10,0.082,19.231,rephase,0.0,0.01,169081,134100791,28b587cf6ecf,3,200,
5faba478cb08194407b5ec957ab08599.cnf.xz,school-timetabling,SAT,10,0.082,19.231,merge,0.0,0.0,169081,134100791,28b587cf6ecf,3,200,
5faba478cb08194407b5ec957ab08599.cnf.xz,school-timetabling,SAT,10,0.082,19.231,total,19.14,100.0,169081,134100791,28b587cf6ecf,3,200,
667341ee8c1dea3db613db317e2b2c33.cnf.xz,lights-out,UNKNOWN,0,0.005,200.006,search,180.87,90.45,2742877,337204885,28b587cf6ecf,3,200,
667341ee8c1dea3db613db317e2b2c33.cnf.xz,lights-out,UNKNOWN,0,0.005,200.006,focused,90.95,45.48,2742877,337204885,28b587cf6ecf,3,200,
667341ee8c1dea3db613db317e2b2c33.cnf.xz,lights-out,UNKNOWN,0,0.005,200.006,stable,89.92,44.97,2742877,337204885,28b587cf6ecf,3,200,
667341ee8c1dea3db613db317e2b2c33.cnf.xz,lights-out,UNKNOWN,0,0.005,200.006,analyze,31.75,15.88,2742877,337204885,28b587cf6ecf,3,200,
667341ee8c1dea3db613db317e2b2c33.cnf.xz,lights-out,UNKNOWN,0,0.005,200.006,simplify,19.06,9.53,2742877,337204885,28b587cf6ecf,3,200,
667341ee8c1dea3db613db317e2b2c33.cnf.xz,lights-out,UNKNOWN,0,0.005,200.006,probe,16.65,8.33,2742877,337204885,28b587cf6ecf,3,200,
667341ee8c1dea3db613db317e2b2c33.cnf.xz,lights-out,UNKNOWN,0,0.005,200.006,vivify,14.24,7.12,2742877,337204885,28b587cf6ecf,3,200,
667341ee8c1dea3db613db317e2b2c33.cnf.xz,lights-out,UNKNOWN,0,0.005,200.006,vivify1,9.18,4.59,2742877,337204885,28b587cf6ecf,3,200,
667341ee8c1dea3db613db317e2b2c33.cnf.xz,lights-out,UNKNOWN,0,0.005,200.006,deduce,9.1,4.55,2742877,337204885,28b587cf6ecf,3,200,
667341ee8c1dea3db613db317e2b2c33.cnf.xz,lights-out,UNKNOWN,0,0.005,200.006,shrink,7.56,3.78,2742877,337204885,28b587cf6ecf,3,200,
667341ee8c1dea3db613db317e2b2c33.cnf.xz,lights-out,UNKNOWN,0,0.005,200.006,bump,5.55,2.77,2742877,337204885,28b587cf6ecf,3,200,
667341ee8c1dea3db613db317e2b2c33.cnf.xz,lights-out,UNKNOWN,0,0.005,200.006,vivify3,4.29,2.14,2742877,337204885,28b587cf6ecf,3,200,
667341ee8c1dea3db613db317e2b2c33.cnf.xz,lights-out,UNKNOWN,0,0.005,200.006,walking,2.4,1.2,2742877,337204885,28b587cf6ecf,3,200,
667341ee8c1dea3db613db317e2b2c33.cnf.xz,lights-out,UNKNOWN,0,0.005,200.006,sweep,2.19,1.1,2742877,337204885,28b587cf6ecf,3,200,
667341ee8c1dea3db613db317e2b2c33.cnf.xz,lights-out,UNKNOWN,0,0.005,200.006,sweepequivalences,1.29,0.64,2742877,337204885,28b587cf6ecf,3,200,
667341ee8c1dea3db613db317e2b2c33.cnf.xz,lights-out,UNKNOWN,0,0.005,200.006,minimize,0.81,0.41,2742877,337204885,28b587cf6ecf,3,200,
667341ee8c1dea3db613db317e2b2c33.cnf.xz,lights-out,UNKNOWN,0,0.005,200.006,reduce,0.79,0.4,2742877,337204885,28b587cf6ecf,3,200,
667341ee8c1dea3db613db317e2b2c33.cnf.xz,lights-out,UNKNOWN,0,0.005,200.006,vivify2,0.72,0.36,2742877,337204885,28b587cf6ecf,3,200,
667341ee8c1dea3db613db317e2b2c33.cnf.xz,lights-out,UNKNOWN,0,0.005,200.006,collect,0.65,0.32,2742877,337204885,28b587cf6ecf,3,200,
667341ee8c1dea3db613db317e2b2c33.cnf.xz,lights-out,UNKNOWN,0,0.005,200.006,sweepbackbone,0.47,0.23,2742877,337204885,28b587cf6ecf,3,200,
667341ee8c1dea3db613db317e2b2c33.cnf.xz,lights-out,UNKNOWN,0,0.005,200.006,defrag,0.29,0.14,2742877,337204885,28b587cf6ecf,3,200,
667341ee8c1dea3db613db317e2b2c33.cnf.xz,lights-out,UNKNOWN,0,0.005,200.006,substitute,0.18,0.09,2742877,337204885,28b587cf6ecf,3,200,
667341ee8c1dea3db613db317e2b2c33.cnf.xz,lights-out,UNKNOWN,0,0.005,200.006,restart,0.06,0.03,2742877,337204885,28b587cf6ecf,3,200,
667341ee8c1dea3db613db317e2b2c33.cnf.xz,lights-out,UNKNOWN,0,0.005,200.006,vivify0,0.04,0.02,2742877,337204885,28b587cf6ecf,3,200,
667341ee8c1dea3db613db317e2b2c33.cnf.xz,lights-out,UNKNOWN,0,0.005,200.006,eliminate,0.04,0.02,2742877,337204885,28b587cf6ecf,3,200,
667341ee8c1dea3db613db317e2b2c33.cnf.xz,lights-out,UNKNOWN,0,0.005,200.006,preprocess,0.03,0.02,2742877,337204885,28b587cf6ecf,3,200,
667341ee8c1dea3db613db317e2b2c33.cnf.xz,lights-out,UNKNOWN,0,0.005,200.006,congruence,0.02,0.01,2742877,337204885,28b587cf6ecf,3,200,
667341ee8c1dea3db613db317e2b2c33.cnf.xz,lights-out,UNKNOWN,0,0.005,200.006,extract,0.02,0.01,2742877,337204885,28b587cf6ecf,3,200,
667341ee8c1dea3db613db317e2b2c33.cnf.xz,lights-out,UNKNOWN,0,0.005,200.006,definition,0.01,0.01,2742877,337204885,28b587cf6ecf,3,200,
667341ee8c1dea3db613db317e2b2c33.cnf.xz,lights-out,UNKNOWN,0,0.005,200.006,factor,0.01,0.01,2742877,337204885,28b587cf6ecf,3,200,
667341ee8c1dea3db613db317e2b2c33.cnf.xz,lights-out,UNKNOWN,0,0.005,200.006,extractxors,0.01,0.0,2742877,337204885,28b587cf6ecf,3,200,
667341ee8c1dea3db613db317e2b2c33.cnf.xz,lights-out,UNKNOWN,0,0.005,200.006,reorder,0.01,0.0,2742877,337204885,28b587cf6ecf,3,200,
667341ee8c1dea3db613db317e2b2c33.cnf.xz,lights-out,UNKNOWN,0,0.005,200.006,transitive,0.01,0.0,2742877,337204885,28b587cf6ecf,3,200,
667341ee8c1dea3db613db317e2b2c33.cnf.xz,lights-out,UNKNOWN,0,0.005,200.006,warmup,0.01,0.0,2742877,337204885,28b587cf6ecf,3,200,
667341ee8c1dea3db613db317e2b2c33.cnf.xz,lights-out,UNKNOWN,0,0.005,200.006,parse,0.0,0.0,2742877,337204885,28b587cf6ecf,3,200,
667341ee8c1dea3db613db317e2b2c33.cnf.xz,lights-out,UNKNOWN,0,0.005,200.006,subsume,0.0,0.0,2742877,337204885,28b587cf6ecf,3,200,
667341ee8c1dea3db613db317e2b2c33.cnf.xz,lights-out,UNKNOWN,0,0.005,200.006,extractites,0.0,0.0,2742877,337204885,28b587cf6ecf,3,200,
667341ee8c1dea3db613db317e2b2c33.cnf.xz,lights-out,UNKNOWN,0,0.005,200.006,lucky,0.0,0.0,2742877,337204885,28b587cf6ecf,3,200,
667341ee8c1dea3db613db317e2b2c33.cnf.xz,lights-out,UNKNOWN,0,0.005,200.006,matching,0.0,0.0,2742877,337204885,28b587cf6ecf,3,200,
667341ee8c1dea3db613db317e2b2c33.cnf.xz,lights-out,UNKNOWN,0,0.005,200.006,backbone,0.0,0.0,2742877,337204885,28b587cf6ecf,3,200,
667341ee8c1dea3db613db317e2b2c33.cnf.xz,lights-out,UNKNOWN,0,0.005,200.006,rephase,0.0,0.0,2742877,337204885,28b587cf6ecf,3,200,
667341ee8c1dea3db613db317e2b2c33.cnf.xz,lights-out,UNKNOWN,0,0.005,200.006,extractbinaries,0.0,0.0,2742877,337204885,28b587cf6ecf,3,200,
667341ee8c1dea3db613db317e2b2c33.cnf.xz,lights-out,UNKNOWN,0,0.005,200.006,extractands,0.0,0.0,2742877,337204885,28b587cf6ecf,3,200,
667341ee8c1dea3db613db317e2b2c33.cnf.xz,lights-out,UNKNOWN,0,0.005,200.006,merge,0.0,0.0,2742877,337204885,28b587cf6ecf,3,200,
667341ee8c1dea3db613db317e2b2c33.cnf.xz,lights-out,UNKNOWN,0,0.005,200.006,total,199.97,100.0,2742877,337204885,28b587cf6ecf,3,200,
6add7e416c1126607afeb2666af330ac.cnf.xz,quantum-kochen-specker,UNSAT,20,0.033,61.357,search,47.95,78.19,829251,43905358,28b587cf6ecf,3,200,
6add7e416c1126607afeb2666af330ac.cnf.xz,quantum-kochen-specker,UNSAT,20,0.033,61.357,focused,26.39,43.04,829251,43905358,28b587cf6ecf,3,200,
6add7e416c1126607afeb2666af330ac.cnf.xz,quantum-kochen-specker,UNSAT,20,0.033,61.357,stable,21.55,35.15,829251,43905358,28b587cf6ecf,3,200,
6add7e416c1126607afeb2666af330ac.cnf.xz,quantum-kochen-specker,UNSAT,20,0.033,61.357,simplify,13.17,21.47,829251,43905358,28b587cf6ecf,3,200,
6add7e416c1126607afeb2666af330ac.cnf.xz,quantum-kochen-specker,UNSAT,20,0.033,61.357,probe,10.06,16.4,829251,43905358,28b587cf6ecf,3,200,
6add7e416c1126607afeb2666af330ac.cnf.xz,quantum-kochen-specker,UNSAT,20,0.033,61.357,analyze,9.82,16.01,829251,43905358,28b587cf6ecf,3,200,
6add7e416c1126607afeb2666af330ac.cnf.xz,quantum-kochen-specker,UNSAT,20,0.033,61.357,vivify,6.37,10.39,829251,43905358,28b587cf6ecf,3,200,
6add7e416c1126607afeb2666af330ac.cnf.xz,quantum-kochen-specker,UNSAT,20,0.033,61.357,shrink,3.37,5.5,829251,43905358,28b587cf6ecf,3,200,
6add7e416c1126607afeb2666af330ac.cnf.xz,quantum-kochen-specker,UNSAT,20,0.033,61.357,eliminate,3.11,5.08,829251,43905358,28b587cf6ecf,3,200,
6add7e416c1126607afeb2666af330ac.cnf.xz,quantum-kochen-specker,UNSAT,20,0.033,61.357,subsume,2.96,4.82,829251,43905358,28b587cf6ecf,3,200,
6add7e416c1126607afeb2666af330ac.cnf.xz,quantum-kochen-specker,UNSAT,20,0.033,61.357,sweep,2.71,4.42,829251,43905358,28b587cf6ecf,3,200,
6add7e416c1126607afeb2666af330ac.cnf.xz,quantum-kochen-specker,UNSAT,20,0.033,61.357,vivify2,2.05,3.35,829251,43905358,28b587cf6ecf,3,200,
6add7e416c1126607afeb2666af330ac.cnf.xz,quantum-kochen-specker,UNSAT,20,0.033,61.357,vivify0,1.75,2.85,829251,43905358,28b587cf6ecf,3,200,
6add7e416c1126607afeb2666af330ac.cnf.xz,quantum-kochen-specker,UNSAT,20,0.033,61.357,deduce,1.67,2.73,829251,43905358,28b587cf6ecf,3,200,
6add7e416c1126607afeb2666af330ac.cnf.xz,quantum-kochen-specker,UNSAT,20,0.033,61.357,bump,1.66,2.71,829251,43905358,28b587cf6ecf,3,200,
6add7e416c1126607afeb2666af330ac.cnf.xz,quantum-kochen-specker,UNSAT,20,0.033,61.357,vivify1,1.65,2.68,829251,43905358,28b587cf6ecf,3,200,
6add7e416c1126607afeb2666af330ac.cnf.xz,quantum-kochen-specker,UNSAT,20,0.033,61.357,vivify3,0.92,1.5,829251,43905358,28b587cf6ecf,3,200,
6add7e416c1126607afeb2666af330ac.cnf.xz,quantum-kochen-specker,UNSAT,20,0.033,61.357,substitute,0.53,0.86,829251,43905358,28b587cf6ecf,3,200,
6add7e416c1126607afeb2666af330ac.cnf.xz,quantum-kochen-specker,UNSAT,20,0.033,61.357,sweepbackbone,0.52,0.84,829251,43905358,28b587cf6ecf,3,200,
6add7e416c1126607afeb2666af330ac.cnf.xz,quantum-kochen-specker,UNSAT,20,0.033,61.357,reduce,0.4,0.65,829251,43905358,28b587cf6ecf,3,200,
6add7e416c1126607afeb2666af330ac.cnf.xz,quantum-kochen-specker,UNSAT,20,0.033,61.357,collect,0.37,0.61,829251,43905358,28b587cf6ecf,3,200,
6add7e416c1126607afeb2666af330ac.cnf.xz,quantum-kochen-specker,UNSAT,20,0.033,61.357,minimize,0.33,0.54,829251,43905358,28b587cf6ecf,3,200,
6add7e416c1126607afeb2666af330ac.cnf.xz,quantum-kochen-specker,UNSAT,20,0.033,61.357,factor,0.32,0.52,829251,43905358,28b587cf6ecf,3,200,
6add7e416c1126607afeb2666af330ac.cnf.xz,quantum-kochen-specker,UNSAT,20,0.033,61.357,sweepequivalences,0.3,0.5,829251,43905358,28b587cf6ecf,3,200,
6add7e416c1126607afeb2666af330ac.cnf.xz,quantum-kochen-specker,UNSAT,20,0.033,61.357,defrag,0.21,0.34,829251,43905358,28b587cf6ecf,3,200,
6add7e416c1126607afeb2666af330ac.cnf.xz,quantum-kochen-specker,UNSAT,20,0.033,61.357,preprocess,0.11,0.19,829251,43905358,28b587cf6ecf,3,200,
6add7e416c1126607afeb2666af330ac.cnf.xz,quantum-kochen-specker,UNSAT,20,0.033,61.357,walking,0.1,0.16,829251,43905358,28b587cf6ecf,3,200,
6add7e416c1126607afeb2666af330ac.cnf.xz,quantum-kochen-specker,UNSAT,20,0.033,61.357,congruence,0.1,0.16,829251,43905358,28b587cf6ecf,3,200,
6add7e416c1126607afeb2666af330ac.cnf.xz,quantum-kochen-specker,UNSAT,20,0.033,61.357,parse,0.08,0.12,829251,43905358,28b587cf6ecf,3,200,
6add7e416c1126607afeb2666af330ac.cnf.xz,quantum-kochen-specker,UNSAT,20,0.033,61.357,matching,0.05,0.09,829251,43905358,28b587cf6ecf,3,200,
6add7e416c1126607afeb2666af330ac.cnf.xz,quantum-kochen-specker,UNSAT,20,0.033,61.357,extract,0.04,0.07,829251,43905358,28b587cf6ecf,3,200,
6add7e416c1126607afeb2666af330ac.cnf.xz,quantum-kochen-specker,UNSAT,20,0.033,61.357,reorder,0.03,0.04,829251,43905358,28b587cf6ecf,3,200,
6add7e416c1126607afeb2666af330ac.cnf.xz,quantum-kochen-specker,UNSAT,20,0.033,61.357,transitive,0.02,0.04,829251,43905358,28b587cf6ecf,3,200,
6add7e416c1126607afeb2666af330ac.cnf.xz,quantum-kochen-specker,UNSAT,20,0.033,61.357,restart,0.02,0.02,829251,43905358,28b587cf6ecf,3,200,
6add7e416c1126607afeb2666af330ac.cnf.xz,quantum-kochen-specker,UNSAT,20,0.033,61.357,lucky,0.01,0.02,829251,43905358,28b587cf6ecf,3,200,
6add7e416c1126607afeb2666af330ac.cnf.xz,quantum-kochen-specker,UNSAT,20,0.033,61.357,warmup,0.01,0.02,829251,43905358,28b587cf6ecf,3,200,
6add7e416c1126607afeb2666af330ac.cnf.xz,quantum-kochen-specker,UNSAT,20,0.033,61.357,extractands,0.01,0.02,829251,43905358,28b587cf6ecf,3,200,
6add7e416c1126607afeb2666af330ac.cnf.xz,quantum-kochen-specker,UNSAT,20,0.033,61.357,backbone,0.01,0.02,829251,43905358,28b587cf6ecf,3,200,
6add7e416c1126607afeb2666af330ac.cnf.xz,quantum-kochen-specker,UNSAT,20,0.033,61.357,extractxors,0.01,0.01,829251,43905358,28b587cf6ecf,3,200,
6add7e416c1126607afeb2666af330ac.cnf.xz,quantum-kochen-specker,UNSAT,20,0.033,61.357,extractbinaries,0.01,0.01,829251,43905358,28b587cf6ecf,3,200,
6add7e416c1126607afeb2666af330ac.cnf.xz,quantum-kochen-specker,UNSAT,20,0.033,61.357,extractites,0.01,0.01,829251,43905358,28b587cf6ecf,3,200,
6add7e416c1126607afeb2666af330ac.cnf.xz,quantum-kochen-specker,UNSAT,20,0.033,61.357,definition,0.0,0.0,829251,43905358,28b587cf6ecf,3,200,
6add7e416c1126607afeb2666af330ac.cnf.xz,quantum-kochen-specker,UNSAT,20,0.033,61.357,rephase,0.0,0.0,829251,43905358,28b587cf6ecf,3,200,
6add7e416c1126607afeb2666af330ac.cnf.xz,quantum-kochen-specker,UNSAT,20,0.033,61.357,merge,0.0,0.0,829251,43905358,28b587cf6ecf,3,200,
6add7e416c1126607afeb2666af330ac.cnf.xz,quantum-kochen-specker,UNSAT,20,0.033,61.357,total,61.32,100.0,829251,43905358,28b587cf6ecf,3,200,
6d815089fb4095208754622b4c44a8f7.cnf.xz,multiplier-circuits,SAT,10,0.005,6.565,search,5.16,78.73,94474,48404454,28b587cf6ecf,3,200,
6d815089fb4095208754622b4c44a8f7.cnf.xz,multiplier-circuits,SAT,10,0.005,6.565,focused,2.83,43.19,94474,48404454,28b587cf6ecf,3,200,
6d815089fb4095208754622b4c44a8f7.cnf.xz,multiplier-circuits,SAT,10,0.005,6.565,stable,2.33,35.54,94474,48404454,28b587cf6ecf,3,200,
6d815089fb4095208754622b4c44a8f7.cnf.xz,multiplier-circuits,SAT,10,0.005,6.565,analyze,1.85,28.29,94474,48404454,28b587cf6ecf,3,200,
6d815089fb4095208754622b4c44a8f7.cnf.xz,multiplier-circuits,SAT,10,0.005,6.565,simplify,1.35,20.6,94474,48404454,28b587cf6ecf,3,200,
6d815089fb4095208754622b4c44a8f7.cnf.xz,multiplier-circuits,SAT,10,0.005,6.565,probe,1.33,20.22,94474,48404454,28b587cf6ecf,3,200,
6d815089fb4095208754622b4c44a8f7.cnf.xz,multiplier-circuits,SAT,10,0.005,6.565,sweep,0.65,9.96,94474,48404454,28b587cf6ecf,3,200,
6d815089fb4095208754622b4c44a8f7.cnf.xz,multiplier-circuits,SAT,10,0.005,6.565,shrink,0.65,9.9,94474,48404454,28b587cf6ecf,3,200,
6d815089fb4095208754622b4c44a8f7.cnf.xz,multiplier-circuits,SAT,10,0.005,6.565,vivify,0.56,8.49,94474,48404454,28b587cf6ecf,3,200,
6d815089fb4095208754622b4c44a8f7.cnf.xz,multiplier-circuits,SAT,10,0.005,6.565,deduce,0.46,7.02,94474,48404454,28b587cf6ecf,3,200,
6d815089fb4095208754622b4c44a8f7.cnf.xz,multiplier-circuits,SAT,10,0.005,6.565,bump,0.39,5.87,94474,48404454,28b587cf6ecf,3,200,
6d815089fb4095208754622b4c44a8f7.cnf.xz,multiplier-circuits,SAT,10,0.005,6.565,sweepbackbone,0.35,5.36,94474,48404454,28b587cf6ecf,3,200,
6d815089fb4095208754622b4c44a8f7.cnf.xz,multiplier-circuits,SAT,10,0.005,6.565,sweepequivalences,0.21,3.25,94474,48404454,28b587cf6ecf,3,200,
6d815089fb4095208754622b4c44a8f7.cnf.xz,multiplier-circuits,SAT,10,0.005,6.565,vivify2,0.18,2.69,94474,48404454,28b587cf6ecf,3,200,
6d815089fb4095208754622b4c44a8f7.cnf.xz,multiplier-circuits,SAT,10,0.005,6.565,vivify0,0.14,2.16,94474,48404454,28b587cf6ecf,3,200,
6d815089fb4095208754622b4c44a8f7.cnf.xz,multiplier-circuits,SAT,10,0.005,6.565,vivify1,0.14,2.09,94474,48404454,28b587cf6ecf,3,200,
6d815089fb4095208754622b4c44a8f7.cnf.xz,multiplier-circuits,SAT,10,0.005,6.565,vivify3,0.1,1.56,94474,48404454,28b587cf6ecf,3,200,
6d815089fb4095208754622b4c44a8f7.cnf.xz,multiplier-circuits,SAT,10,0.005,6.565,eliminate,0.05,0.82,94474,48404454,28b587cf6ecf,3,200,
6d815089fb4095208754622b4c44a8f7.cnf.xz,multiplier-circuits,SAT,10,0.005,6.565,preprocess,0.04,0.59,94474,48404454,28b587cf6ecf,3,200,
6d815089fb4095208754622b4c44a8f7.cnf.xz,multiplier-circuits,SAT,10,0.005,6.565,congruence,0.04,0.55,94474,48404454,28b587cf6ecf,3,200,
6d815089fb4095208754622b4c44a8f7.cnf.xz,multiplier-circuits,SAT,10,0.005,6.565,substitute,0.03,0.51,94474,48404454,28b587cf6ecf,3,200,
6d815089fb4095208754622b4c44a8f7.cnf.xz,multiplier-circuits,SAT,10,0.005,6.565,minimize,0.03,0.49,94474,48404454,28b587cf6ecf,3,200,
6d815089fb4095208754622b4c44a8f7.cnf.xz,multiplier-circuits,SAT,10,0.005,6.565,reduce,0.03,0.48,94474,48404454,28b587cf6ecf,3,200,
6d815089fb4095208754622b4c44a8f7.cnf.xz,multiplier-circuits,SAT,10,0.005,6.565,factor,0.03,0.47,94474,48404454,28b587cf6ecf,3,200,
6d815089fb4095208754622b4c44a8f7.cnf.xz,multiplier-circuits,SAT,10,0.005,6.565,extract,0.03,0.46,94474,48404454,28b587cf6ecf,3,200,
6d815089fb4095208754622b4c44a8f7.cnf.xz,multiplier-circuits,SAT,10,0.005,6.565,collect,0.03,0.43,94474,48404454,28b587cf6ecf,3,200,
6d815089fb4095208754622b4c44a8f7.cnf.xz,multiplier-circuits,SAT,10,0.005,6.565,definition,0.02,0.3,94474,48404454,28b587cf6ecf,3,200,
6d815089fb4095208754622b4c44a8f7.cnf.xz,multiplier-circuits,SAT,10,0.005,6.565,extractxors,0.01,0.2,94474,48404454,28b587cf6ecf,3,200,
6d815089fb4095208754622b4c44a8f7.cnf.xz,multiplier-circuits,SAT,10,0.005,6.565,transitive,0.01,0.16,94474,48404454,28b587cf6ecf,3,200,
6d815089fb4095208754622b4c44a8f7.cnf.xz,multiplier-circuits,SAT,10,0.005,6.565,extractites,0.01,0.15,94474,48404454,28b587cf6ecf,3,200,
6d815089fb4095208754622b4c44a8f7.cnf.xz,multiplier-circuits,SAT,10,0.005,6.565,walking,0.01,0.14,94474,48404454,28b587cf6ecf,3,200,
6d815089fb4095208754622b4c44a8f7.cnf.xz,multiplier-circuits,SAT,10,0.005,6.565,restart,0.01,0.13,94474,48404454,28b587cf6ecf,3,200,
6d815089fb4095208754622b4c44a8f7.cnf.xz,multiplier-circuits,SAT,10,0.005,6.565,subsume,0.01,0.11,94474,48404454,28b587cf6ecf,3,200,
6d815089fb4095208754622b4c44a8f7.cnf.xz,multiplier-circuits,SAT,10,0.005,6.565,backbone,0.0,0.07,94474,48404454,28b587cf6ecf,3,200,
6d815089fb4095208754622b4c44a8f7.cnf.xz,multiplier-circuits,SAT,10,0.005,6.565,matching,0.0,0.07,94474,48404454,28b587cf6ecf,3,200,
6d815089fb4095208754622b4c44a8f7.cnf.xz,multiplier-circuits,SAT,10,0.005,6.565,parse,0.0,0.05,94474,48404454,28b587cf6ecf,3,200,
6d815089fb4095208754622b4c44a8f7.cnf.xz,multiplier-circuits,SAT,10,0.005,6.565,defrag,0.0,0.04,94474,48404454,28b587cf6ecf,3,200,
6d815089fb4095208754622b4c44a8f7.cnf.xz,multiplier-circuits,SAT,10,0.005,6.565,extractands,0.0,0.04,94474,48404454,28b587cf6ecf,3,200,
6d815089fb4095208754622b4c44a8f7.cnf.xz,multiplier-circuits,SAT,10,0.005,6.565,reorder,0.0,0.03,94474,48404454,28b587cf6ecf,3,200,
6d815089fb4095208754622b4c44a8f7.cnf.xz,multiplier-circuits,SAT,10,0.005,6.565,extractbinaries,0.0,0.03,94474,48404454,28b587cf6ecf,3,200,
6d815089fb4095208754622b4c44a8f7.cnf.xz,multiplier-circuits,SAT,10,0.005,6.565,lucky,0.0,0.03,94474,48404454,28b587cf6ecf,3,200,
6d815089fb4095208754622b4c44a8f7.cnf.xz,multiplier-circuits,SAT,10,0.005,6.565,warmup,0.0,0.02,94474,48404454,28b587cf6ecf,3,200,
6d815089fb4095208754622b4c44a8f7.cnf.xz,multiplier-circuits,SAT,10,0.005,6.565,merge,0.0,0.0,94474,48404454,28b587cf6ecf,3,200,
6d815089fb4095208754622b4c44a8f7.cnf.xz,multiplier-circuits,SAT,10,0.005,6.565,rephase,0.0,0.0,94474,48404454,28b587cf6ecf,3,200,
6d815089fb4095208754622b4c44a8f7.cnf.xz,multiplier-circuits,SAT,10,0.005,6.565,total,6.56,100.0,94474,48404454,28b587cf6ecf,3,200,
6e297bdb1c3f957f6333c37804805ecb.cnf.xz,cellular-automata,UNKNOWN,0,0.272,200.259,search,121.6,60.81,1298855,840675007,28b587cf6ecf,3,200,
6e297bdb1c3f957f6333c37804805ecb.cnf.xz,cellular-automata,UNKNOWN,0,0.272,200.259,simplify,77.57,38.79,1298855,840675007,28b587cf6ecf,3,200,
6e297bdb1c3f957f6333c37804805ecb.cnf.xz,cellular-automata,UNKNOWN,0,0.272,200.259,focused,67.35,33.68,1298855,840675007,28b587cf6ecf,3,200,
6e297bdb1c3f957f6333c37804805ecb.cnf.xz,cellular-automata,UNKNOWN,0,0.272,200.259,probe,60.16,30.09,1298855,840675007,28b587cf6ecf,3,200,
6e297bdb1c3f957f6333c37804805ecb.cnf.xz,cellular-automata,UNKNOWN,0,0.272,200.259,stable,54.25,27.13,1298855,840675007,28b587cf6ecf,3,200,
6e297bdb1c3f957f6333c37804805ecb.cnf.xz,cellular-automata,UNKNOWN,0,0.272,200.259,vivify,27.02,13.51,1298855,840675007,28b587cf6ecf,3,200,
6e297bdb1c3f957f6333c37804805ecb.cnf.xz,cellular-automata,UNKNOWN,0,0.272,200.259,eliminate,15.55,7.78,1298855,840675007,28b587cf6ecf,3,200,
6e297bdb1c3f957f6333c37804805ecb.cnf.xz,cellular-automata,UNKNOWN,0,0.272,200.259,analyze,14.25,7.12,1298855,840675007,28b587cf6ecf,3,200,
6e297bdb1c3f957f6333c37804805ecb.cnf.xz,cellular-automata,UNKNOWN,0,0.272,200.259,factor,11.07,5.54,1298855,840675007,28b587cf6ecf,3,200,
6e297bdb1c3f957f6333c37804805ecb.cnf.xz,cellular-automata,UNKNOWN,0,0.272,200.259,substitute,9.85,4.92,1298855,840675007,28b587cf6ecf,3,200,
6e297bdb1c3f957f6333c37804805ecb.cnf.xz,cellular-automata,UNKNOWN,0,0.272,200.259,vivify1,8.49,4.25,1298855,840675007,28b587cf6ecf,3,200,
6e297bdb1c3f957f6333c37804805ecb.cnf.xz,cellular-automata,UNKNOWN,0,0.272,200.259,vivify2,7.71,3.85,1298855,840675007,28b587cf6ecf,3,200,
6e297bdb1c3f957f6333c37804805ecb.cnf.xz,cellular-automata,UNKNOWN,0,0.272,200.259,vivify0,5.73,2.86,1298855,840675007,28b587cf6ecf,3,200,
6e297bdb1c3f957f6333c37804805ecb.cnf.xz,cellular-automata,UNKNOWN,0,0.272,200.259,sweep,5.71,2.86,1298855,840675007,28b587cf6ecf,3,200,
6e297bdb1c3f957f6333c37804805ecb.cnf.xz,cellular-automata,UNKNOWN,0,0.272,200.259,vivify3,5.09,2.55,1298855,840675007,28b587cf6ecf,3,200,
6e297bdb1c3f957f6333c37804805ecb.cnf.xz,cellular-automata,UNKNOWN,0,0.272,200.259,collect,4.32,2.16,1298855,840675007,28b587cf6ecf,3,200,
6e297bdb1c3f957f6333c37804805ecb.cnf.xz,cellular-automata,UNKNOWN,0,0.272,200.259,reduce,4.3,2.15,1298855,840675007,28b587cf6ecf,3,200,
6e297bdb1c3f957f6333c37804805ecb.cnf.xz,cellular-automata,UNKNOWN,0,0.272,200.259,definition,4.22,2.11,1298855,840675007,28b587cf6ecf,3,200,
6e297bdb1c3f957f6333c37804805ecb.cnf.xz,cellular-automata,UNKNOWN,0,0.272,200.259,shrink,3.66,1.83,1298855,840675007,28b587cf6ecf,3,200,
6e297bdb1c3f957f6333c37804805ecb.cnf.xz,cellular-automata,UNKNOWN,0,0.272,200.259,congruence,3.12,1.56,1298855,840675007,28b587cf6ecf,3,200,
6e297bdb1c3f957f6333c37804805ecb.cnf.xz,cellular-automata,UNKNOWN,0,0.272,200.259,subsume,3.05,1.52,1298855,840675007,28b587cf6ecf,3,200,
6e297bdb1c3f957f6333c37804805ecb.cnf.xz,cellular-automata,UNKNOWN,0,0.272,200.259,deduce,2.76,1.38,1298855,840675007,28b587cf6ecf,3,200,
6e297bdb1c3f957f6333c37804805ecb.cnf.xz,cellular-automata,UNKNOWN,0,0.272,200.259,extract,2.49,1.25,1298855,840675007,28b587cf6ecf,3,200,
6e297bdb1c3f957f6333c37804805ecb.cnf.xz,cellular-automata,UNKNOWN,0,0.272,200.259,walking,2.39,1.2,1298855,840675007,28b587cf6ecf,3,200,
6e297bdb1c3f957f6333c37804805ecb.cnf.xz,cellular-automata,UNKNOWN,0,0.272,200.259,transitive,2.06,1.03,1298855,840675007,28b587cf6ecf,3,200,
6e297bdb1c3f957f6333c37804805ecb.cnf.xz,cellular-automata,UNKNOWN,0,0.272,200.259,sweepbackbone,2.03,1.02,1298855,840675007,28b587cf6ecf,3,200,
6e297bdb1c3f957f6333c37804805ecb.cnf.xz,cellular-automata,UNKNOWN,0,0.272,200.259,bump,1.71,0.86,1298855,840675007,28b587cf6ecf,3,200,
6e297bdb1c3f957f6333c37804805ecb.cnf.xz,cellular-automata,UNKNOWN,0,0.272,200.259,backbone,1.34,0.67,1298855,840675007,28b587cf6ecf,3,200,
6e297bdb1c3f957f6333c37804805ecb.cnf.xz,cellular-automata,UNKNOWN,0,0.272,200.259,sweepequivalences,1.32,0.66,1298855,840675007,28b587cf6ecf,3,200,
6e297bdb1c3f957f6333c37804805ecb.cnf.xz,cellular-automata,UNKNOWN,0,0.272,200.259,extractxors,1.28,0.64,1298855,840675007,28b587cf6ecf,3,200,
6e297bdb1c3f957f6333c37804805ecb.cnf.xz,cellular-automata,UNKNOWN,0,0.272,200.259,restart,1.03,0.52,1298855,840675007,28b587cf6ecf,3,200,
6e297bdb1c3f957f6333c37804805ecb.cnf.xz,cellular-automata,UNKNOWN,0,0.272,200.259,reorder,0.81,0.4,1298855,840675007,28b587cf6ecf,3,200,
6e297bdb1c3f957f6333c37804805ecb.cnf.xz,cellular-automata,UNKNOWN,0,0.272,200.259,preprocess,0.53,0.27,1298855,840675007,28b587cf6ecf,3,200,
6e297bdb1c3f957f6333c37804805ecb.cnf.xz,cellular-automata,UNKNOWN,0,0.272,200.259,warmup,0.49,0.24,1298855,840675007,28b587cf6ecf,3,200,
6e297bdb1c3f957f6333c37804805ecb.cnf.xz,cellular-automata,UNKNOWN,0,0.272,200.259,matching,0.43,0.21,1298855,840675007,28b587cf6ecf,3,200,
6e297bdb1c3f957f6333c37804805ecb.cnf.xz,cellular-automata,UNKNOWN,0,0.272,200.259,extractites,0.42,0.21,1298855,840675007,28b587cf6ecf,3,200,
6e297bdb1c3f957f6333c37804805ecb.cnf.xz,cellular-automata,UNKNOWN,0,0.272,200.259,minimize,0.35,0.17,1298855,840675007,28b587cf6ecf,3,200,
6e297bdb1c3f957f6333c37804805ecb.cnf.xz,cellular-automata,UNKNOWN,0,0.272,200.259,parse,0.23,0.11,1298855,840675007,28b587cf6ecf,3,200,
6e297bdb1c3f957f6333c37804805ecb.cnf.xz,cellular-automata,UNKNOWN,0,0.272,200.259,extractands,0.2,0.1,1298855,840675007,28b587cf6ecf,3,200,
6e297bdb1c3f957f6333c37804805ecb.cnf.xz,cellular-automata,UNKNOWN,0,0.272,200.259,extractbinaries,0.1,0.05,1298855,840675007,28b587cf6ecf,3,200,
6e297bdb1c3f957f6333c37804805ecb.cnf.xz,cellular-automata,UNKNOWN,0,0.272,200.259,defrag,0.03,0.01,1298855,840675007,28b587cf6ecf,3,200,
6e297bdb1c3f957f6333c37804805ecb.cnf.xz,cellular-automata,UNKNOWN,0,0.272,200.259,lucky,0.02,0.01,1298855,840675007,28b587cf6ecf,3,200,
6e297bdb1c3f957f6333c37804805ecb.cnf.xz,cellular-automata,UNKNOWN,0,0.272,200.259,rephase,0.0,0.0,1298855,840675007,28b587cf6ecf,3,200,
6e297bdb1c3f957f6333c37804805ecb.cnf.xz,cellular-automata,UNKNOWN,0,0.272,200.259,merge,0.0,0.0,1298855,840675007,28b587cf6ecf,3,200,
6e297bdb1c3f957f6333c37804805ecb.cnf.xz,cellular-automata,UNKNOWN,0,0.272,200.259,total,199.95,100.0,1298855,840675007,28b587cf6ecf,3,200,
6f1b15ebd0ac13c05fb052e5b0453f64.cnf.xz,allowable-seqence,UNKNOWN,0,0.381,200.017,search,132.13,66.21,428955,850880286,28b587cf6ecf,3,200,
6f1b15ebd0ac13c05fb052e5b0453f64.cnf.xz,allowable-seqence,UNKNOWN,0,0.381,200.017,stable,66.58,33.36,428955,850880286,28b587cf6ecf,3,200,
6f1b15ebd0ac13c05fb052e5b0453f64.cnf.xz,allowable-seqence,UNKNOWN,0,0.381,200.017,simplify,65.62,32.88,428955,850880286,28b587cf6ecf,3,200,
6f1b15ebd0ac13c05fb052e5b0453f64.cnf.xz,allowable-seqence,UNKNOWN,0,0.381,200.017,focused,65.55,32.85,428955,850880286,28b587cf6ecf,3,200,
6f1b15ebd0ac13c05fb052e5b0453f64.cnf.xz,allowable-seqence,UNKNOWN,0,0.381,200.017,probe,50.31,25.21,428955,850880286,28b587cf6ecf,3,200,
6f1b15ebd0ac13c05fb052e5b0453f64.cnf.xz,allowable-seqence,UNKNOWN,0,0.381,200.017,vivify,22.92,11.48,428955,850880286,28b587cf6ecf,3,200,
6f1b15ebd0ac13c05fb052e5b0453f64.cnf.xz,allowable-seqence,UNKNOWN,0,0.381,200.017,eliminate,15.02,7.52,428955,850880286,28b587cf6ecf,3,200,
6f1b15ebd0ac13c05fb052e5b0453f64.cnf.xz,allowable-seqence,UNKNOWN,0,0.381,200.017,factor,9.74,4.88,428955,850880286,28b587cf6ecf,3,200,
6f1b15ebd0ac13c05fb052e5b0453f64.cnf.xz,allowable-seqence,UNKNOWN,0,0.381,200.017,analyze,9.31,4.66,428955,850880286,28b587cf6ecf,3,200,
6f1b15ebd0ac13c05fb052e5b0453f64.cnf.xz,allowable-seqence,UNKNOWN,0,0.381,200.017,sweep,7.75,3.88,428955,850880286,28b587cf6ecf,3,200,
6f1b15ebd0ac13c05fb052e5b0453f64.cnf.xz,allowable-seqence,UNKNOWN,0,0.381,200.017,vivify2,7.11,3.56,428955,850880286,28b587cf6ecf,3,200,
6f1b15ebd0ac13c05fb052e5b0453f64.cnf.xz,allowable-seqence,UNKNOWN,0,0.381,200.017,vivify1,6.99,3.5,428955,850880286,28b587cf6ecf,3,200,
6f1b15ebd0ac13c05fb052e5b0453f64.cnf.xz,allowable-seqence,UNKNOWN,0,0.381,200.017,subsume,5.79,2.9,428955,850880286,28b587cf6ecf,3,200,
6f1b15ebd0ac13c05fb052e5b0453f64.cnf.xz,allowable-seqence,UNKNOWN,0,0.381,200.017,vivify0,5.5,2.75,428955,850880286,28b587cf6ecf,3,200,
6f1b15ebd0ac13c05fb052e5b0453f64.cnf.xz,allowable-seqence,UNKNOWN,0,0.381,200.017,substitute,5.3,2.66,428955,850880286,28b587cf6ecf,3,200,
6f1b15ebd0ac13c05fb052e5b0453f64.cnf.xz,allowable-seqence,UNKNOWN,0,0.381,200.017,definition,4.2,2.1,428955,850880286,28b587cf6ecf,3,200,
6f1b15ebd0ac13c05fb052e5b0453f64.cnf.xz,allowable-seqence,UNKNOWN,0,0.381,200.017,vivify3,3.32,1.66,428955,850880286,28b587cf6ecf,3,200,
6f1b15ebd0ac13c05fb052e5b0453f64.cnf.xz,allowable-seqence,UNKNOWN,0,0.381,200.017,sweepbackbone,3.09,1.55,428955,850880286,28b587cf6ecf,3,200,
6f1b15ebd0ac13c05fb052e5b0453f64.cnf.xz,allowable-seqence,UNKNOWN,0,0.381,200.017,congruence,2.7,1.35,428955,850880286,28b587cf6ecf,3,200,
6f1b15ebd0ac13c05fb052e5b0453f64.cnf.xz,allowable-seqence,UNKNOWN,0,0.381,200.017,shrink,2.18,1.09,428955,850880286,28b587cf6ecf,3,200,
6f1b15ebd0ac13c05fb052e5b0453f64.cnf.xz,allowable-seqence,UNKNOWN,0,0.381,200.017,sweepequivalences,2.14,1.07,428955,850880286,28b587cf6ecf,3,200,
6f1b15ebd0ac13c05fb052e5b0453f64.cnf.xz,allowable-seqence,UNKNOWN,0,0.381,200.017,extract,1.84,0.92,428955,850880286,28b587cf6ecf,3,200,
6f1b15ebd0ac13c05fb052e5b0453f64.cnf.xz,allowable-seqence,UNKNOWN,0,0.381,200.017,deduce,1.33,0.67,428955,850880286,28b587cf6ecf,3,200,
6f1b15ebd0ac13c05fb052e5b0453f64.cnf.xz,allowable-seqence,UNKNOWN,0,0.381,200.017,collect,1.3,0.65,428955,850880286,28b587cf6ecf,3,200,
6f1b15ebd0ac13c05fb052e5b0453f64.cnf.xz,allowable-seqence,UNKNOWN,0,0.381,200.017,reduce,1.19,0.6,428955,850880286,28b587cf6ecf,3,200,
6f1b15ebd0ac13c05fb052e5b0453f64.cnf.xz,allowable-seqence,UNKNOWN,0,0.381,200.017,transitive,1.08,0.54,428955,850880286,28b587cf6ecf,3,200,
6f1b15ebd0ac13c05fb052e5b0453f64.cnf.xz,allowable-seqence,UNKNOWN,0,0.381,200.017,walking,1.04,0.52,428955,850880286,28b587cf6ecf,3,200,
6f1b15ebd0ac13c05fb052e5b0453f64.cnf.xz,allowable-seqence,UNKNOWN,0,0.381,200.017,bump,0.93,0.47,428955,850880286,28b587cf6ecf,3,200,
6f1b15ebd0ac13c05fb052e5b0453f64.cnf.xz,allowable-seqence,UNKNOWN,0,0.381,200.017,backbone,0.81,0.41,428955,850880286,28b587cf6ecf,3,200,
6f1b15ebd0ac13c05fb052e5b0453f64.cnf.xz,allowable-seqence,UNKNOWN,0,0.381,200.017,preprocess,0.8,0.4,428955,850880286,28b587cf6ecf,3,200,
6f1b15ebd0ac13c05fb052e5b0453f64.cnf.xz,allowable-seqence,UNKNOWN,0,0.381,200.017,matching,0.8,0.4,428955,850880286,28b587cf6ecf,3,200,
6f1b15ebd0ac13c05fb052e5b0453f64.cnf.xz,allowable-seqence,UNKNOWN,0,0.381,200.017,extractxors,0.78,0.39,428955,850880286,28b587cf6ecf,3,200,
6f1b15ebd0ac13c05fb052e5b0453f64.cnf.xz,allowable-seqence,UNKNOWN,0,0.381,200.017,lucky,0.66,0.33,428955,850880286,28b587cf6ecf,3,200,
6f1b15ebd0ac13c05fb052e5b0453f64.cnf.xz,allowable-seqence,UNKNOWN,0,0.381,200.017,restart,0.48,0.24,428955,850880286,28b587cf6ecf,3,200,
6f1b15ebd0ac13c05fb052e5b0453f64.cnf.xz,allowable-seqence,UNKNOWN,0,0.381,200.017,parse,0.36,0.18,428955,850880286,28b587cf6ecf,3,200,
6f1b15ebd0ac13c05fb052e5b0453f64.cnf.xz,allowable-seqence,UNKNOWN,0,0.381,200.017,extractites,0.34,0.17,428955,850880286,28b587cf6ecf,3,200,
6f1b15ebd0ac13c05fb052e5b0453f64.cnf.xz,allowable-seqence,UNKNOWN,0,0.381,200.017,extractands,0.27,0.13,428955,850880286,28b587cf6ecf,3,200,
6f1b15ebd0ac13c05fb052e5b0453f64.cnf.xz,allowable-seqence,UNKNOWN,0,0.381,200.017,reorder,0.23,0.11,428955,850880286,28b587cf6ecf,3,200,
6f1b15ebd0ac13c05fb052e5b0453f64.cnf.xz,allowable-seqence,UNKNOWN,0,0.381,200.017,warmup,0.2,0.1,428955,850880286,28b587cf6ecf,3,200,
6f1b15ebd0ac13c05fb052e5b0453f64.cnf.xz,allowable-seqence,UNKNOWN,0,0.381,200.017,minimize,0.14,0.07,428955,850880286,28b587cf6ecf,3,200,
6f1b15ebd0ac13c05fb052e5b0453f64.cnf.xz,allowable-seqence,UNKNOWN,0,0.381,200.017,extractbinaries,0.13,0.07,428955,850880286,28b587cf6ecf,3,200,
6f1b15ebd0ac13c05fb052e5b0453f64.cnf.xz,allowable-seqence,UNKNOWN,0,0.381,200.017,defrag,0.07,0.04,428955,850880286,28b587cf6ecf,3,200,
6f1b15ebd0ac13c05fb052e5b0453f64.cnf.xz,allowable-seqence,UNKNOWN,0,0.381,200.017,merge,0.0,0.0,428955,850880286,28b587cf6ecf,3,200,
6f1b15ebd0ac13c05fb052e5b0453f64.cnf.xz,allowable-seqence,UNKNOWN,0,0.381,200.017,rephase,0.0,0.0,428955,850880286,28b587cf6ecf,3,200,
6f1b15ebd0ac13c05fb052e5b0453f64.cnf.xz,allowable-seqence,UNKNOWN,0,0.381,200.017,total,199.57,100.0,428955,850880286,28b587cf6ecf,3,200,
74931e82fd208ed949fa44bccd80df6b.cnf.xz,subsumptiontest,SAT,10,0.479,20.825,search,11.45,56.29,167073,2546439,28b587cf6ecf,3,200,
74931e82fd208ed949fa44bccd80df6b.cnf.xz,subsumptiontest,SAT,10,0.479,20.825,simplify,8.19,40.29,167073,2546439,28b587cf6ecf,3,200,
74931e82fd208ed949fa44bccd80df6b.cnf.xz,subsumptiontest,SAT,10,0.479,20.825,focused,6.13,30.14,167073,2546439,28b587cf6ecf,3,200,
74931e82fd208ed949fa44bccd80df6b.cnf.xz,subsumptiontest,SAT,10,0.479,20.825,probe,5.97,29.37,167073,2546439,28b587cf6ecf,3,200,
74931e82fd208ed949fa44bccd80df6b.cnf.xz,subsumptiontest,SAT,10,0.479,20.825,stable,5.32,26.15,167073,2546439,28b587cf6ecf,3,200,
74931e82fd208ed949fa44bccd80df6b.cnf.xz,subsumptiontest,SAT,10,0.479,20.825,vivify,2.79,13.7,167073,2546439,28b587cf6ecf,3,200,
74931e82fd208ed949fa44bccd80df6b.cnf.xz,subsumptiontest,SAT,10,0.479,20.825,eliminate,2.09,10.28,167073,2546439,28b587cf6ecf,3,200,
74931e82fd208ed949fa44bccd80df6b.cnf.xz,subsumptiontest,SAT,10,0.479,20.825,sweep,1.82,8.94,167073,2546439,28b587cf6ecf,3,200,
74931e82fd208ed949fa44bccd80df6b.cnf.xz,subsumptiontest,SAT,10,0.479,20.825,substitute,1.11,5.46,167073,2546439,28b587cf6ecf,3,200,
74931e82fd208ed949fa44bccd80df6b.cnf.xz,subsumptiontest,SAT,10,0.479,20.825,sweepbackbone,0.92,4.51,167073,2546439,28b587cf6ecf,3,200,
74931e82fd208ed949fa44bccd80df6b.cnf.xz,subsumptiontest,SAT,10,0.479,20.825,vivify0,0.92,4.51,167073,2546439,28b587cf6ecf,3,200,
74931e82fd208ed949fa44bccd80df6b.cnf.xz,subsumptiontest,SAT,10,0.479,20.825,subsume,0.84,4.14,167073,2546439,28b587cf6ecf,3,200,
74931e82fd208ed949fa44bccd80df6b.cnf.xz,subsumptiontest,SAT,10,0.479,20.825,vivify1,0.75,3.7,167073,2546439,28b587cf6ecf,3,200,
74931e82fd208ed949fa44bccd80df6b.cnf.xz,subsumptiontest,SAT,10,0.479,20.825,vivify2,0.73,3.6,167073,2546439,28b587cf6ecf,3,200,
74931e82fd208ed949fa44bccd80df6b.cnf.xz,subsumptiontest,SAT,10,0.479,20.825,analyze,0.55,2.71,167073,2546439,28b587cf6ecf,3,200,
74931e82fd208ed949fa44bccd80df6b.cnf.xz,subsumptiontest,SAT,10,0.479,20.825,vivify3,0.39,1.9,167073,2546439,28b587cf6ecf,3,200,
74931e82fd208ed949fa44bccd80df6b.cnf.xz,subsumptiontest,SAT,10,0.479,20.825,walking,0.31,1.54,167073,2546439,28b587cf6ecf,3,200,
74931e82fd208ed949fa44bccd80df6b.cnf.xz,subsumptiontest,SAT,10,0.479,20.825,parse,0.27,1.31,167073,2546439,28b587cf6ecf,3,200,
74931e82fd208ed949fa44bccd80df6b.cnf.xz,subsumptiontest,SAT,10,0.479,20.825,lucky,0.25,1.21,167073,2546439,28b587cf6ecf,3,200,
74931e82fd208ed949fa44bccd80df6b.cnf.xz,subsumptiontest,SAT,10,0.479,20.825,congruence,0.19,0.95,167073,2546439,28b587cf6ecf,3,200,
74931e82fd208ed949fa44bccd80df6b.cnf.xz,subsumptiontest,SAT,10,0.479,20.825,extract,0.19,0.95,167073,2546439,28b587cf6ecf,3,200,
74931e82fd208ed949fa44bccd80df6b.cnf.xz,subsumptiontest,SAT,10,0.479,20.825,collect,0.19,0.94,167073,2546439,28b587cf6ecf,3,200,
74931e82fd208ed949fa44bccd80df6b.cnf.xz,subsumptiontest,SAT,10,0.479,20.825,preprocess,0.18,0.91,167073,2546439,28b587cf6ecf,3,200,
74931e82fd208ed949fa44bccd80df6b.cnf.xz,subsumptiontest,SAT,10,0.479,20.825,deduce,0.16,0.77,167073,2546439,28b587cf6ecf,3,200,
74931e82fd208ed949fa44bccd80df6b.cnf.xz,subsumptiontest,SAT,10,0.479,20.825,reduce,0.15,0.75,167073,2546439,28b587cf6ecf,3,200,
74931e82fd208ed949fa44bccd80df6b.cnf.xz,subsumptiontest,SAT,10,0.479,20.825,defrag,0.1,0.49,167073,2546439,28b587cf6ecf,3,200,
74931e82fd208ed949fa44bccd80df6b.cnf.xz,subsumptiontest,SAT,10,0.479,20.825,warmup,0.09,0.45,167073,2546439,28b587cf6ecf,3,200,
74931e82fd208ed949fa44bccd80df6b.cnf.xz,subsumptiontest,SAT,10,0.479,20.825,reorder,0.07,0.36,167073,2546439,28b587cf6ecf,3,200,
74931e82fd208ed949fa44bccd80df6b.cnf.xz,subsumptiontest,SAT,10,0.479,20.825,sweepequivalences,0.07,0.32,167073,2546439,28b587cf6ecf,3,200,
74931e82fd208ed949fa44bccd80df6b.cnf.xz,subsumptiontest,SAT,10,0.479,20.825,bump,0.06,0.29,167073,2546439,28b587cf6ecf,3,200,
74931e82fd208ed949fa44bccd80df6b.cnf.xz,subsumptiontest,SAT,10,0.479,20.825,transitive,0.03,0.16,167073,2546439,28b587cf6ecf,3,200,
74931e82fd208ed949fa44bccd80df6b.cnf.xz,subsumptiontest,SAT,10,0.479,20.825,factor,0.03,0.14,167073,2546439,28b587cf6ecf,3,200,
74931e82fd208ed949fa44bccd80df6b.cnf.xz,subsumptiontest,SAT,10,0.479,20.825,extractxors,0.03,0.13,167073,2546439,28b587cf6ecf,3,200,
74931e82fd208ed949fa44bccd80df6b.cnf.xz,subsumptiontest,SAT,10,0.479,20.825,extractands,0.03,0.13,167073,2546439,28b587cf6ecf,3,200,
74931e82fd208ed949fa44bccd80df6b.cnf.xz,subsumptiontest,SAT,10,0.479,20.825,extractbinaries,0.02,0.12,167073,2546439,28b587cf6ecf,3,200,
74931e82fd208ed949fa44bccd80df6b.cnf.xz,subsumptiontest,SAT,10,0.479,20.825,extractites,0.02,0.12,167073,2546439,28b587cf6ecf,3,200,
74931e82fd208ed949fa44bccd80df6b.cnf.xz,subsumptiontest,SAT,10,0.479,20.825,shrink,0.02,0.11,167073,2546439,28b587cf6ecf,3,200,
74931e82fd208ed949fa44bccd80df6b.cnf.xz,subsumptiontest,SAT,10,0.479,20.825,minimize,0.01,0.07,167073,2546439,28b587cf6ecf,3,200,
74931e82fd208ed949fa44bccd80df6b.cnf.xz,subsumptiontest,SAT,10,0.479,20.825,backbone,0.0,0.01,167073,2546439,28b587cf6ecf,3,200,
74931e82fd208ed949fa44bccd80df6b.cnf.xz,subsumptiontest,SAT,10,0.479,20.825,rephase,0.0,0.0,167073,2546439,28b587cf6ecf,3,200,
74931e82fd208ed949fa44bccd80df6b.cnf.xz,subsumptiontest,SAT,10,0.479,20.825,restart,0.0,0.0,167073,2546439,28b587cf6ecf,3,200,
74931e82fd208ed949fa44bccd80df6b.cnf.xz,subsumptiontest,SAT,10,0.479,20.825,merge,0.0,0.0,167073,2546439,28b587cf6ecf,3,200,
74931e82fd208ed949fa44bccd80df6b.cnf.xz,subsumptiontest,SAT,10,0.479,20.825,total,20.34,100.0,167073,2546439,28b587cf6ecf,3,200,
75429ff7acb5acb597abe01aa745c2a6.cnf.xz,random-graph-xorsat,SAT,10,0.001,108.910,search,102.93,94.53,4373115,237992297,28b587cf6ecf,3,200,
75429ff7acb5acb597abe01aa745c2a6.cnf.xz,random-graph-xorsat,SAT,10,0.001,108.910,focused,52.63,48.34,4373115,237992297,28b587cf6ecf,3,200,
75429ff7acb5acb597abe01aa745c2a6.cnf.xz,random-graph-xorsat,SAT,10,0.001,108.910,stable,50.3,46.19,4373115,237992297,28b587cf6ecf,3,200,
75429ff7acb5acb597abe01aa745c2a6.cnf.xz,random-graph-xorsat,SAT,10,0.001,108.910,analyze,32.41,29.76,4373115,237992297,28b587cf6ecf,3,200,
75429ff7acb5acb597abe01aa745c2a6.cnf.xz,random-graph-xorsat,SAT,10,0.001,108.910,deduce,8.95,8.22,4373115,237992297,28b587cf6ecf,3,200,
75429ff7acb5acb597abe01aa745c2a6.cnf.xz,random-graph-xorsat,SAT,10,0.001,108.910,shrink,6.33,5.81,4373115,237992297,28b587cf6ecf,3,200,
75429ff7acb5acb597abe01aa745c2a6.cnf.xz,random-graph-xorsat,SAT,10,0.001,108.910,simplify,5.95,5.46,4373115,237992297,28b587cf6ecf,3,200,
75429ff7acb5acb597abe01aa745c2a6.cnf.xz,random-graph-xorsat,SAT,10,0.001,108.910,bump,5.43,4.99,4373115,237992297,28b587cf6ecf,3,200,
75429ff7acb5acb597abe01aa745c2a6.cnf.xz,random-graph-xorsat,SAT,10,0.001,108.910,probe,4.69,4.31,4373115,237992297,28b587cf6ecf,3,200,
75429ff7acb5acb597abe01aa745c2a6.cnf.xz,random-graph-xorsat,SAT,10,0.001,108.910,vivify,3.28,3.01,4373115,237992297,28b587cf6ecf,3,200,
75429ff7acb5acb597abe01aa745c2a6.cnf.xz,random-graph-xorsat,SAT,10,0.001,108.910,vivify3,1.84,1.69,4373115,237992297,28b587cf6ecf,3,200,
75429ff7acb5acb597abe01aa745c2a6.cnf.xz,random-graph-xorsat,SAT,10,0.001,108.910,sweep,1.35,1.24,4373115,237992297,28b587cf6ecf,3,200,
75429ff7acb5acb597abe01aa745c2a6.cnf.xz,random-graph-xorsat,SAT,10,0.001,108.910,minimize,1.26,1.15,4373115,237992297,28b587cf6ecf,3,200,
75429ff7acb5acb597abe01aa745c2a6.cnf.xz,random-graph-xorsat,SAT,10,0.001,108.910,walking,1.25,1.15,4373115,237992297,28b587cf6ecf,3,200,
75429ff7acb5acb597abe01aa745c2a6.cnf.xz,random-graph-xorsat,SAT,10,0.001,108.910,vivify2,1.05,0.96,4373115,237992297,28b587cf6ecf,3,200,
75429ff7acb5acb597abe01aa745c2a6.cnf.xz,random-graph-xorsat,SAT,10,0.001,108.910,reduce,0.52,0.48,4373115,237992297,28b587cf6ecf,3,200,
75429ff7acb5acb597abe01aa745c2a6.cnf.xz,random-graph-xorsat,SAT,10,0.001,108.910,collect,0.38,0.35,4373115,237992297,28b587cf6ecf,3,200,
75429ff7acb5acb597abe01aa745c2a6.cnf.xz,random-graph-xorsat,SAT,10,0.001,108.910,vivify1,0.37,0.34,4373115,237992297,28b587cf6ecf,3,200,
75429ff7acb5acb597abe01aa745c2a6.cnf.xz,random-graph-xorsat,SAT,10,0.001,108.910,sweepbackbone,0.07,0.06,4373115,237992297,28b587cf6ecf,3,200,
75429ff7acb5acb597abe01aa745c2a6.cnf.xz,random-graph-xorsat,SAT,10,0.001,108.910,substitute,0.06,0.05,4373115,237992297,28b587cf6ecf,3,200,
75429ff7acb5acb597abe01aa745c2a6.cnf.xz,random-graph-xorsat,SAT,10,0.001,108.910,sweepequivalences,0.05,0.05,4373115,237992297,28b587cf6ecf,3,200,
75429ff7acb5acb597abe01aa745c2a6.cnf.xz,random-graph-xorsat,SAT,10,0.001,108.910,restart,0.05,0.04,4373115,237992297,28b587cf6ecf,3,200,
75429ff7acb5acb597abe01aa745c2a6.cnf.xz,random-graph-xorsat,SAT,10,0.001,108.910,defrag,0.03,0.02,4373115,237992297,28b587cf6ecf,3,200,
75429ff7acb5acb597abe01aa745c2a6.cnf.xz,random-graph-xorsat,SAT,10,0.001,108.910,vivify0,0.01,0.01,4373115,237992297,28b587cf6ecf,3,200,
75429ff7acb5acb597abe01aa745c2a6.cnf.xz,random-graph-xorsat,SAT,10,0.001,108.910,eliminate,0.01,0.01,4373115,237992297,28b587cf6ecf,3,200,
75429ff7acb5acb597abe01aa745c2a6.cnf.xz,random-graph-xorsat,SAT,10,0.001,108.910,preprocess,0.01,0.01,4373115,237992297,28b587cf6ecf,3,200,
75429ff7acb5acb597abe01aa745c2a6.cnf.xz,random-graph-xorsat,SAT,10,0.001,108.910,congruence,0.01,0.01,4373115,237992297,28b587cf6ecf,3,200,
75429ff7acb5acb597abe01aa745c2a6.cnf.xz,random-graph-xorsat,SAT,10,0.001,108.910,extract,0.01,0.0,4373115,237992297,28b587cf6ecf,3,200,
75429ff7acb5acb597abe01aa745c2a6.cnf.xz,random-graph-xorsat,SAT,10,0.001,108.910,warmup,0.0,0.0,4373115,237992297,28b587cf6ecf,3,200,
75429ff7acb5acb597abe01aa745c2a6.cnf.xz,random-graph-xorsat,SAT,10,0.001,108.910,definition,0.0,0.0,4373115,237992297,28b587cf6ecf,3,200,
75429ff7acb5acb597abe01aa745c2a6.cnf.xz,random-graph-xorsat,SAT,10,0.001,108.910,reorder,0.0,0.0,4373115,237992297,28b587cf6ecf,3,200,
75429ff7acb5acb597abe01aa745c2a6.cnf.xz,random-graph-xorsat,SAT,10,0.001,108.910,extractxors,0.0,0.0,4373115,237992297,28b587cf6ecf,3,200,
75429ff7acb5acb597abe01aa745c2a6.cnf.xz,random-graph-xorsat,SAT,10,0.001,108.910,factor,0.0,0.0,4373115,237992297,28b587cf6ecf,3,200,
75429ff7acb5acb597abe01aa745c2a6.cnf.xz,random-graph-xorsat,SAT,10,0.001,108.910,transitive,0.0,0.0,4373115,237992297,28b587cf6ecf,3,200,
75429ff7acb5acb597abe01aa745c2a6.cnf.xz,random-graph-xorsat,SAT,10,0.001,108.910,subsume,0.0,0.0,4373115,237992297,28b587cf6ecf,3,200,
75429ff7acb5acb597abe01aa745c2a6.cnf.xz,random-graph-xorsat,SAT,10,0.001,108.910,rephase,0.0,0.0,4373115,237992297,28b587cf6ecf,3,200,
75429ff7acb5acb597abe01aa745c2a6.cnf.xz,random-graph-xorsat,SAT,10,0.001,108.910,extractites,0.0,0.0,4373115,237992297,28b587cf6ecf,3,200,
75429ff7acb5acb597abe01aa745c2a6.cnf.xz,random-graph-xorsat,SAT,10,0.001,108.910,parse,0.0,0.0,4373115,237992297,28b587cf6ecf,3,200,
75429ff7acb5acb597abe01aa745c2a6.cnf.xz,random-graph-xorsat,SAT,10,0.001,108.910,backbone,0.0,0.0,4373115,237992297,28b587cf6ecf,3,200,
75429ff7acb5acb597abe01aa745c2a6.cnf.xz,random-graph-xorsat,SAT,10,0.001,108.910,lucky,0.0,0.0,4373115,237992297,28b587cf6ecf,3,200,
75429ff7acb5acb597abe01aa745c2a6.cnf.xz,random-graph-xorsat,SAT,10,0.001,108.910,extractbinaries,0.0,0.0,4373115,237992297,28b587cf6ecf,3,200,
75429ff7acb5acb597abe01aa745c2a6.cnf.xz,random-graph-xorsat,SAT,10,0.001,108.910,matching,0.0,0.0,4373115,237992297,28b587cf6ecf,3,200,
75429ff7acb5acb597abe01aa745c2a6.cnf.xz,random-graph-xorsat,SAT,10,0.001,108.910,extractands,0.0,0.0,4373115,237992297,28b587cf6ecf,3,200,
75429ff7acb5acb597abe01aa745c2a6.cnf.xz,random-graph-xorsat,SAT,10,0.001,108.910,merge,0.0,0.0,4373115,237992297,28b587cf6ecf,3,200,
75429ff7acb5acb597abe01aa745c2a6.cnf.xz,random-graph-xorsat,SAT,10,0.001,108.910,total,108.88,100.0,4373115,237992297,28b587cf6ecf,3,200,
7cbc3ce2052ba7c5b501f75af58ab3c4.cnf.xz,cryptography-simon,SAT,10,0.004,0.009,parse,0.0,72.19,0,8184,28b587cf6ecf,3,200,
7cbc3ce2052ba7c5b501f75af58ab3c4.cnf.xz,cryptography-simon,SAT,10,0.004,0.009,lucky,0.0,22.04,0,8184,28b587cf6ecf,3,200,
7cbc3ce2052ba7c5b501f75af58ab3c4.cnf.xz,cryptography-simon,SAT,10,0.004,0.009,defrag,0.0,6.78,0,8184,28b587cf6ecf,3,200,
7cbc3ce2052ba7c5b501f75af58ab3c4.cnf.xz,cryptography-simon,SAT,10,0.004,0.009,search,0.0,0.0,0,8184,28b587cf6ecf,3,200,
7cbc3ce2052ba7c5b501f75af58ab3c4.cnf.xz,cryptography-simon,SAT,10,0.004,0.009,simplify,0.0,0.0,0,8184,28b587cf6ecf,3,200,
7cbc3ce2052ba7c5b501f75af58ab3c4.cnf.xz,cryptography-simon,SAT,10,0.004,0.009,total,0.0,100.0,0,8184,28b587cf6ecf,3,200,
7fa502dfce37c37c1cafd50b3fba263f.cnf.xz,syndrome-decoding,SAT,10,0.027,48.247,search,38.48,79.82,295701,500206390,28b587cf6ecf,3,200,
7fa502dfce37c37c1cafd50b3fba263f.cnf.xz,syndrome-decoding,SAT,10,0.027,48.247,stable,21.52,44.64,295701,500206390,28b587cf6ecf,3,200,
7fa502dfce37c37c1cafd50b3fba263f.cnf.xz,syndrome-decoding,SAT,10,0.027,48.247,focused,16.96,35.18,295701,500206390,28b587cf6ecf,3,200,
7fa502dfce37c37c1cafd50b3fba263f.cnf.xz,syndrome-decoding,SAT,10,0.027,48.247,analyze,10.04,20.82,295701,500206390,28b587cf6ecf,3,200,
7fa502dfce37c37c1cafd50b3fba263f.cnf.xz,syndrome-decoding,SAT,10,0.027,48.247,simplify,9.57,19.85,295701,500206390,28b587cf6ecf,3,200,
7fa502dfce37c37c1cafd50b3fba263f.cnf.xz,syndrome-decoding,SAT,10,0.027,48.247,probe,8.13,16.87,295701,500206390,28b587cf6ecf,3,200,
7fa502dfce37c37c1cafd50b3fba263f.cnf.xz,syndrome-decoding,SAT,10,0.027,48.247,vivify,5.58,11.56,295701,500206390,28b587cf6ecf,3,200,
7fa502dfce37c37c1cafd50b3fba263f.cnf.xz,syndrome-decoding,SAT,10,0.027,48.247,shrink,5.33,11.06,295701,500206390,28b587cf6ecf,3,200,
7fa502dfce37c37c1cafd50b3fba263f.cnf.xz,syndrome-decoding,SAT,10,0.027,48.247,vivify2,1.68,3.48,295701,500206390,28b587cf6ecf,3,200,
7fa502dfce37c37c1cafd50b3fba263f.cnf.xz,syndrome-decoding,SAT,10,0.027,48.247,vivify0,1.47,3.04,295701,500206390,28b587cf6ecf,3,200,
7fa502dfce37c37c1cafd50b3fba263f.cnf.xz,syndrome-decoding,SAT,10,0.027,48.247,sweep,1.46,3.04,295701,500206390,28b587cf6ecf,3,200,
7fa502dfce37c37c1cafd50b3fba263f.cnf.xz,syndrome-decoding,SAT,10,0.027,48.247,vivify1,1.43,2.96,295701,500206390,28b587cf6ecf,3,200,
7fa502dfce37c37c1cafd50b3fba263f.cnf.xz,syndrome-decoding,SAT,10,0.027,48.247,eliminate,1.4,2.91,295701,500206390,28b587cf6ecf,3,200,
7fa502dfce37c37c1cafd50b3fba263f.cnf.xz,syndrome-decoding,SAT,10,0.027,48.247,deduce,1.29,2.68,295701,500206390,28b587cf6ecf,3,200,
7fa502dfce37c37c1cafd50b3fba263f.cnf.xz,syndrome-decoding,SAT,10,0.027,48.247,bump,1.26,2.61,295701,500206390,28b587cf6ecf,3,200,
7fa502dfce37c37c1cafd50b3fba263f.cnf.xz,syndrome-decoding,SAT,10,0.027,48.247,vivify3,1.0,2.07,295701,500206390,28b587cf6ecf,3,200,
7fa502dfce37c37c1cafd50b3fba263f.cnf.xz,syndrome-decoding,SAT,10,0.027,48.247,sweepbackbone,0.79,1.64,295701,500206390,28b587cf6ecf,3,200,
7fa502dfce37c37c1cafd50b3fba263f.cnf.xz,syndrome-decoding,SAT,10,0.027,48.247,definition,0.64,1.33,295701,500206390,28b587cf6ecf,3,200,
7fa502dfce37c37c1cafd50b3fba263f.cnf.xz,syndrome-decoding,SAT,10,0.027,48.247,sweepequivalences,0.37,0.76,295701,500206390,28b587cf6ecf,3,200,
7fa502dfce37c37c1cafd50b3fba263f.cnf.xz,syndrome-decoding,SAT,10,0.027,48.247,substitute,0.33,0.69,295701,500206390,28b587cf6ecf,3,200,
7fa502dfce37c37c1cafd50b3fba263f.cnf.xz,syndrome-decoding,SAT,10,0.027,48.247,factor,0.29,0.61,295701,500206390,28b587cf6ecf,3,200,
7fa502dfce37c37c1cafd50b3fba263f.cnf.xz,syndrome-decoding,SAT,10,0.027,48.247,transitive,0.29,0.59,295701,500206390,28b587cf6ecf,3,200,
7fa502dfce37c37c1cafd50b3fba263f.cnf.xz,syndrome-decoding,SAT,10,0.027,48.247,reduce,0.25,0.51,295701,500206390,28b587cf6ecf,3,200,
7fa502dfce37c37c1cafd50b3fba263f.cnf.xz,syndrome-decoding,SAT,10,0.027,48.247,collect,0.23,0.48,295701,500206390,28b587cf6ecf,3,200,
7fa502dfce37c37c1cafd50b3fba263f.cnf.xz,syndrome-decoding,SAT,10,0.027,48.247,subsume,0.15,0.31,295701,500206390,28b587cf6ecf,3,200,
7fa502dfce37c37c1cafd50b3fba263f.cnf.xz,syndrome-decoding,SAT,10,0.027,48.247,minimize,0.13,0.26,295701,500206390,28b587cf6ecf,3,200,
7fa502dfce37c37c1cafd50b3fba263f.cnf.xz,syndrome-decoding,SAT,10,0.027,48.247,backbone,0.12,0.26,295701,500206390,28b587cf6ecf,3,200,
7fa502dfce37c37c1cafd50b3fba263f.cnf.xz,syndrome-decoding,SAT,10,0.027,48.247,restart,0.12,0.25,295701,500206390,28b587cf6ecf,3,200,
7fa502dfce37c37c1cafd50b3fba263f.cnf.xz,syndrome-decoding,SAT,10,0.027,48.247,lucky,0.09,0.19,295701,500206390,28b587cf6ecf,3,200,
7fa502dfce37c37c1cafd50b3fba263f.cnf.xz,syndrome-decoding,SAT,10,0.027,48.247,walking,0.09,0.18,295701,500206390,28b587cf6ecf,3,200,
7fa502dfce37c37c1cafd50b3fba263f.cnf.xz,syndrome-decoding,SAT,10,0.027,48.247,preprocess,0.05,0.11,295701,500206390,28b587cf6ecf,3,200,
7fa502dfce37c37c1cafd50b3fba263f.cnf.xz,syndrome-decoding,SAT,10,0.027,48.247,congruence,0.05,0.11,295701,500206390,28b587cf6ecf,3,200,
7fa502dfce37c37c1cafd50b3fba263f.cnf.xz,syndrome-decoding,SAT,10,0.027,48.247,defrag,0.05,0.1,295701,500206390,28b587cf6ecf,3,200,
7fa502dfce37c37c1cafd50b3fba263f.cnf.xz,syndrome-decoding,SAT,10,0.027,48.247,extract,0.04,0.09,295701,500206390,28b587cf6ecf,3,200,
7fa502dfce37c37c1cafd50b3fba263f.cnf.xz,syndrome-decoding,SAT,10,0.027,48.247,reorder,0.03,0.06,295701,500206390,28b587cf6ecf,3,200,
7fa502dfce37c37c1cafd50b3fba263f.cnf.xz,syndrome-decoding,SAT,10,0.027,48.247,warmup,0.02,0.04,295701,500206390,28b587cf6ecf,3,200,
7fa502dfce37c37c1cafd50b3fba263f.cnf.xz,syndrome-decoding,SAT,10,0.027,48.247,parse,0.01,0.03,295701,500206390,28b587cf6ecf,3,200,
7fa502dfce37c37c1cafd50b3fba263f.cnf.xz,syndrome-decoding,SAT,10,0.027,48.247,extractands,0.01,0.03,295701,500206390,28b587cf6ecf,3,200,
7fa502dfce37c37c1cafd50b3fba263f.cnf.xz,syndrome-decoding,SAT,10,0.027,48.247,extractbinaries,0.01,0.01,295701,500206390,28b587cf6ecf,3,200,
7fa502dfce37c37c1cafd50b3fba263f.cnf.xz,syndrome-decoding,SAT,10,0.027,48.247,extractxors,0.01,0.01,295701,500206390,28b587cf6ecf,3,200,
7fa502dfce37c37c1cafd50b3fba263f.cnf.xz,syndrome-decoding,SAT,10,0.027,48.247,extractites,0.0,0.01,295701,500206390,28b587cf6ecf,3,200,
7fa502dfce37c37c1cafd50b3fba263f.cnf.xz,syndrome-decoding,SAT,10,0.027,48.247,rephase,0.0,0.0,295701,500206390,28b587cf6ecf,3,200,
7fa502dfce37c37c1cafd50b3fba263f.cnf.xz,syndrome-decoding,SAT,10,0.027,48.247,merge,0.0,0.0,295701,500206390,28b587cf6ecf,3,200,
7fa502dfce37c37c1cafd50b3fba263f.cnf.xz,syndrome-decoding,SAT,10,0.027,48.247,total,48.22,100.0,295701,500206390,28b587cf6ecf,3,200,
80bb5209e88def5643bf5593320b104f.cnf.xz,argumentation,SAT,10,1.036,3.191,parse,2.15,95.41,0,12350,28b587cf6ecf,3,200,
80bb5209e88def5643bf5593320b104f.cnf.xz,argumentation,SAT,10,1.036,3.191,lucky,0.1,4.58,0,12350,28b587cf6ecf,3,200,
80bb5209e88def5643bf5593320b104f.cnf.xz,argumentation,SAT,10,1.036,3.191,defrag,0.03,1.41,0,12350,28b587cf6ecf,3,200,
80bb5209e88def5643bf5593320b104f.cnf.xz,argumentation,SAT,10,1.036,3.191,search,0.0,0.0,0,12350,28b587cf6ecf,3,200,
80bb5209e88def5643bf5593320b104f.cnf.xz,argumentation,SAT,10,1.036,3.191,simplify,0.0,0.0,0,12350,28b587cf6ecf,3,200,
80bb5209e88def5643bf5593320b104f.cnf.xz,argumentation,SAT,10,1.036,3.191,total,2.26,100.0,0,12350,28b587cf6ecf,3,200,
8117a2ac08e1acf52f660663efe2a5ca.cnf.xz,hgen,SAT,10,0.002,24.409,search,21.97,90.12,724588,37369298,28b587cf6ecf,3,200,
8117a2ac08e1acf52f660663efe2a5ca.cnf.xz,hgen,SAT,10,0.002,24.409,stable,11.76,48.22,724588,37369298,28b587cf6ecf,3,200,
8117a2ac08e1acf52f660663efe2a5ca.cnf.xz,hgen,SAT,10,0.002,24.409,focused,10.22,41.9,724588,37369298,28b587cf6ecf,3,200,
8117a2ac08e1acf52f660663efe2a5ca.cnf.xz,hgen,SAT,10,0.002,24.409,analyze,5.18,21.23,724588,37369298,28b587cf6ecf,3,200,
8117a2ac08e1acf52f660663efe2a5ca.cnf.xz,hgen,SAT,10,0.002,24.409,simplify,2.38,9.77,724588,37369298,28b587cf6ecf,3,200,
8117a2ac08e1acf52f660663efe2a5ca.cnf.xz,hgen,SAT,10,0.002,24.409,probe,2.26,9.28,724588,37369298,28b587cf6ecf,3,200,
8117a2ac08e1acf52f660663efe2a5ca.cnf.xz,hgen,SAT,10,0.002,24.409,vivify,1.33,5.46,724588,37369298,28b587cf6ecf,3,200,
8117a2ac08e1acf52f660663efe2a5ca.cnf.xz,hgen,SAT,10,0.002,24.409,shrink,1.09,4.48,724588,37369298,28b587cf6ecf,3,200,
8117a2ac08e1acf52f660663efe2a5ca.cnf.xz,hgen,SAT,10,0.002,24.409,deduce,1.09,4.45,724588,37369298,28b587cf6ecf,3,200,
8117a2ac08e1acf52f660663efe2a5ca.cnf.xz,hgen,SAT,10,0.002,24.409,sweep,0.87,3.55,724588,37369298,28b587cf6ecf,3,200,
8117a2ac08e1acf52f660663efe2a5ca.cnf.xz,hgen,SAT,10,0.002,24.409,bump,0.8,3.29,724588,37369298,28b587cf6ecf,3,200,
8117a2ac08e1acf52f660663efe2a5ca.cnf.xz,hgen,SAT,10,0.002,24.409,vivify2,0.61,2.51,724588,37369298,28b587cf6ecf,3,200,
8117a2ac08e1acf52f660663efe2a5ca.cnf.xz,hgen,SAT,10,0.002,24.409,vivify1,0.43,1.77,724588,37369298,28b587cf6ecf,3,200,
8117a2ac08e1acf52f660663efe2a5ca.cnf.xz,hgen,SAT,10,0.002,24.409,vivify3,0.27,1.12,724588,37369298,28b587cf6ecf,3,200,
8117a2ac08e1acf52f660663efe2a5ca.cnf.xz,hgen,SAT,10,0.002,24.409,reduce,0.26,1.06,724588,37369298,28b587cf6ecf,3,200,
8117a2ac08e1acf52f660663efe2a5ca.cnf.xz,hgen,SAT,10,0.002,24.409,collect,0.22,0.88,724588,37369298,28b587cf6ecf,3,200,
8117a2ac08e1acf52f660663efe2a5ca.cnf.xz,hgen,SAT,10,0.002,24.409,minimize,0.21,0.86,724588,37369298,28b587cf6ecf,3,200,
8117a2ac08e1acf52f660663efe2a5ca.cnf.xz,hgen,SAT,10,0.002,24.409,walking,0.13,0.55,724588,37369298,28b587cf6ecf,3,200,
8117a2ac08e1acf52f660663efe2a5ca.cnf.xz,hgen,SAT,10,0.002,24.409,substitute,0.06,0.24,724588,37369298,28b587cf6ecf,3,200,
8117a2ac08e1acf52f660663efe2a5ca.cnf.xz,hgen,SAT,10,0.002,24.409,defrag,0.04,0.14,724588,37369298,28b587cf6ecf,3,200,
8117a2ac08e1acf52f660663efe2a5ca.cnf.xz,hgen,SAT,10,0.002,24.409,preprocess,0.03,0.1,724588,37369298,28b587cf6ecf,3,200,
8117a2ac08e1acf52f660663efe2a5ca.cnf.xz,hgen,SAT,10,0.002,24.409,sweepbackbone,0.02,0.09,724588,37369298,28b587cf6ecf,3,200,
8117a2ac08e1acf52f660663efe2a5ca.cnf.xz,hgen,SAT,10,0.002,24.409,vivify0,0.02,0.06,724588,37369298,28b587cf6ecf,3,200,
8117a2ac08e1acf52f660663efe2a5ca.cnf.xz,hgen,SAT,10,0.002,24.409,eliminate,0.01,0.05,724588,37369298,28b587cf6ecf,3,200,
8117a2ac08e1acf52f660663efe2a5ca.cnf.xz,hgen,SAT,10,0.002,24.409,sweepequivalences,0.01,0.04,724588,37369298,28b587cf6ecf,3,200,
8117a2ac08e1acf52f660663efe2a5ca.cnf.xz,hgen,SAT,10,0.002,24.409,restart,0.01,0.03,724588,37369298,28b587cf6ecf,3,200,
8117a2ac08e1acf52f660663efe2a5ca.cnf.xz,hgen,SAT,10,0.002,24.409,warmup,0.0,0.01,724588,37369298,28b587cf6ecf,3,200,
8117a2ac08e1acf52f660663efe2a5ca.cnf.xz,hgen,SAT,10,0.002,24.409,definition,0.0,0.01,724588,37369298,28b587cf6ecf,3,200,
8117a2ac08e1acf52f660663efe2a5ca.cnf.xz,hgen,SAT,10,0.002,24.409,congruence,0.0,0.01,724588,37369298,28b587cf6ecf,3,200,
8117a2ac08e1acf52f660663efe2a5ca.cnf.xz,hgen,SAT,10,0.002,24.409,extract,0.0,0.01,724588,37369298,28b587cf6ecf,3,200,
8117a2ac08e1acf52f660663efe2a5ca.cnf.xz,hgen,SAT,10,0.002,24.409,reorder,0.0,0.01,724588,37369298,28b587cf6ecf,3,200,
8117a2ac08e1acf52f660663efe2a5ca.cnf.xz,hgen,SAT,10,0.002,24.409,factor,0.0,0.01,724588,37369298,28b587cf6ecf,3,200,
8117a2ac08e1acf52f660663efe2a5ca.cnf.xz,hgen,SAT,10,0.002,24.409,transitive,0.0,0.01,724588,37369298,28b587cf6ecf,3,200,
8117a2ac08e1acf52f660663efe2a5ca.cnf.xz,hgen,SAT,10,0.002,24.409,rephase,0.0,0.0,724588,37369298,28b587cf6ecf,3,200,
8117a2ac08e1acf52f660663efe2a5ca.cnf.xz,hgen,SAT,10,0.002,24.409,parse,0.0,0.0,724588,37369298,28b587cf6ecf,3,200,
8117a2ac08e1acf52f660663efe2a5ca.cnf.xz,hgen,SAT,10,0.002,24.409,subsume,0.0,0.0,724588,37369298,28b587cf6ecf,3,200,
8117a2ac08e1acf52f660663efe2a5ca.cnf.xz,hgen,SAT,10,0.002,24.409,extractxors,0.0,0.0,724588,37369298,28b587cf6ecf,3,200,
8117a2ac08e1acf52f660663efe2a5ca.cnf.xz,hgen,SAT,10,0.002,24.409,extractites,0.0,0.0,724588,37369298,28b587cf6ecf,3,200,
8117a2ac08e1acf52f660663efe2a5ca.cnf.xz,hgen,SAT,10,0.002,24.409,backbone,0.0,0.0,724588,37369298,28b587cf6ecf,3,200,
8117a2ac08e1acf52f660663efe2a5ca.cnf.xz,hgen,SAT,10,0.002,24.409,lucky,0.0,0.0,724588,37369298,28b587cf6ecf,3,200,
8117a2ac08e1acf52f660663efe2a5ca.cnf.xz,hgen,SAT,10,0.002,24.409,extractbinaries,0.0,0.0,724588,37369298,28b587cf6ecf,3,200,
8117a2ac08e1acf52f660663efe2a5ca.cnf.xz,hgen,SAT,10,0.002,24.409,extractands,0.0,0.0,724588,37369298,28b587cf6ecf,3,200,
8117a2ac08e1acf52f660663efe2a5ca.cnf.xz,hgen,SAT,10,0.002,24.409,merge,0.0,0.0,724588,37369298,28b587cf6ecf,3,200,
8117a2ac08e1acf52f660663efe2a5ca.cnf.xz,hgen,SAT,10,0.002,24.409,total,24.38,100.0,724588,37369298,28b587cf6ecf,3,200,
8390dca257561c53bf4eb6e158a2285f.cnf.xz,crafted-cec,SAT,10,0.019,61.125,search,47.96,78.5,452993,389539222,28b587cf6ecf,3,200,
8390dca257561c53bf4eb6e158a2285f.cnf.xz,crafted-cec,SAT,10,0.019,61.125,focused,24.16,39.55,452993,389539222,28b587cf6ecf,3,200,
8390dca257561c53bf4eb6e158a2285f.cnf.xz,crafted-cec,SAT,10,0.019,61.125,stable,23.8,38.96,452993,389539222,28b587cf6ecf,3,200,
8390dca257561c53bf4eb6e158a2285f.cnf.xz,crafted-cec,SAT,10,0.019,61.125,simplify,13.02,21.32,452993,389539222,28b587cf6ecf,3,200,
8390dca257561c53bf4eb6e158a2285f.cnf.xz,crafted-cec,SAT,10,0.019,61.125,probe,12.58,20.59,452993,389539222,28b587cf6ecf,3,200,
8390dca257561c53bf4eb6e158a2285f.cnf.xz,crafted-cec,SAT,10,0.019,61.125,sweep,6.8,11.14,452993,389539222,28b587cf6ecf,3,200,
8390dca257561c53bf4eb6e158a2285f.cnf.xz,crafted-cec,SAT,10,0.019,61.125,analyze,6.03,9.87,452993,389539222,28b587cf6ecf,3,200,
8390dca257561c53bf4eb6e158a2285f.cnf.xz,crafted-cec,SAT,10,0.019,61.125,vivify,5.02,8.22,452993,389539222,28b587cf6ecf,3,200,
8390dca257561c53bf4eb6e158a2285f.cnf.xz,crafted-cec,SAT,10,0.019,61.125,sweepbackbone,3.0,4.9,452993,389539222,28b587cf6ecf,3,200,
8390dca257561c53bf4eb6e158a2285f.cnf.xz,crafted-cec,SAT,10,0.019,61.125,sweepequivalences,2.57,4.21,452993,389539222,28b587cf6ecf,3,200,
8390dca257561c53bf4eb6e158a2285f.cnf.xz,crafted-cec,SAT,10,0.019,61.125,vivify2,1.95,3.19,452993,389539222,28b587cf6ecf,3,200,
8390dca257561c53bf4eb6e158a2285f.cnf.xz,crafted-cec,SAT,10,0.019,61.125,shrink,1.75,2.86,452993,389539222,28b587cf6ecf,3,200,
8390dca257561c53bf4eb6e158a2285f.cnf.xz,crafted-cec,SAT,10,0.019,61.125,vivify1,1.26,2.06,452993,389539222,28b587cf6ecf,3,200,
8390dca257561c53bf4eb6e158a2285f.cnf.xz,crafted-cec,SAT,10,0.019,61.125,deduce,1.1,1.8,452993,389539222,28b587cf6ecf,3,200,
8390dca257561c53bf4eb6e158a2285f.cnf.xz,crafted-cec,SAT,10,0.019,61.125,vivify0,1.04,1.71,452993,389539222,28b587cf6ecf,3,200,
8390dca257561c53bf4eb6e158a2285f.cnf.xz,crafted-cec,SAT,10,0.019,61.125,bump,0.97,1.59,452993,389539222,28b587cf6ecf,3,200,
8390dca257561c53bf4eb6e158a2285f.cnf.xz,crafted-cec,SAT,10,0.019,61.125,vivify3,0.77,1.26,452993,389539222,28b587cf6ecf,3,200,
8390dca257561c53bf4eb6e158a2285f.cnf.xz,crafted-cec,SAT,10,0.019,61.125,eliminate,0.46,0.76,452993,389539222,28b587cf6ecf,3,200,
8390dca257561c53bf4eb6e158a2285f.cnf.xz,crafted-cec,SAT,10,0.019,61.125,factor,0.34,0.55,452993,389539222,28b587cf6ecf,3,200,
8390dca257561c53bf4eb6e158a2285f.cnf.xz,crafted-cec,SAT,10,0.019,61.125,reduce,0.25,0.41,452993,389539222,28b587cf6ecf,3,200,
8390dca257561c53bf4eb6e158a2285f.cnf.xz,crafted-cec,SAT,10,0.019,61.125,collect,0.23,0.38,452993,389539222,28b587cf6ecf,3,200,
8390dca257561c53bf4eb6e158a2285f.cnf.xz,crafted-cec,SAT,10,0.019,61.125,substitute,0.22,0.37,452993,389539222,28b587cf6ecf,3,200,
8390dca257561c53bf4eb6e158a2285f.cnf.xz,crafted-cec,SAT,10,0.019,61.125,definition,0.15,0.25,452993,389539222,28b587cf6ecf,3,200,
8390dca257561c53bf4eb6e158a2285f.cnf.xz,crafted-cec,SAT,10,0.019,61.125,minimize,0.14,0.24,452993,389539222,28b587cf6ecf,3,200,
8390dca257561c53bf4eb6e158a2285f.cnf.xz,crafted-cec,SAT,10,0.019,61.125,defrag,0.12,0.19,452993,389539222,28b587cf6ecf,3,200,
8390dca257561c53bf4eb6e158a2285f.cnf.xz,crafted-cec,SAT,10,0.019,61.125,subsume,0.11,0.18,452993,389539222,28b587cf6ecf,3,200,
8390dca257561c53bf4eb6e158a2285f.cnf.xz,crafted-cec,SAT,10,0.019,61.125,preprocess,0.09,0.14,452993,389539222,28b587cf6ecf,3,200,
8390dca257561c53bf4eb6e158a2285f.cnf.xz,crafted-cec,SAT,10,0.019,61.125,congruence,0.09,0.14,452993,389539222,28b587cf6ecf,3,200,
8390dca257561c53bf4eb6e158a2285f.cnf.xz,crafted-cec,SAT,10,0.019,61.125,restart,0.07,0.12,452993,389539222,28b587cf6ecf,3,200,
8390dca257561c53bf4eb6e158a2285f.cnf.xz,crafted-cec,SAT,10,0.019,61.125,extract,0.07,0.11,452993,389539222,28b587cf6ecf,3,200,
8390dca257561c53bf4eb6e158a2285f.cnf.xz,crafted-cec,SAT,10,0.019,61.125,walking,0.06,0.1,452993,389539222,28b587cf6ecf,3,200,
8390dca257561c53bf4eb6e158a2285f.cnf.xz,crafted-cec,SAT,10,0.019,61.125,transitive,0.06,0.09,452993,389539222,28b587cf6ecf,3,200,
8390dca257561c53bf4eb6e158a2285f.cnf.xz,crafted-cec,SAT,10,0.019,61.125,backbone,0.05,0.08,452993,389539222,28b587cf6ecf,3,200,
8390dca257561c53bf4eb6e158a2285f.cnf.xz,crafted-cec,SAT,10,0.019,61.125,extractands,0.02,0.03,452993,389539222,28b587cf6ecf,3,200,
8390dca257561c53bf4eb6e158a2285f.cnf.xz,crafted-cec,SAT,10,0.019,61.125,extractxors,0.02,0.03,452993,389539222,28b587cf6ecf,3,200,
8390dca257561c53bf4eb6e158a2285f.cnf.xz,crafted-cec,SAT,10,0.019,61.125,lucky,0.01,0.02,452993,389539222,28b587cf6ecf,3,200,
8390dca257561c53bf4eb6e158a2285f.cnf.xz,crafted-cec,SAT,10,0.019,61.125,matching,0.01,0.02,452993,389539222,28b587cf6ecf,3,200,
8390dca257561c53bf4eb6e158a2285f.cnf.xz,crafted-cec,SAT,10,0.019,61.125,reorder,0.01,0.02,452993,389539222,28b587cf6ecf,3,200,
8390dca257561c53bf4eb6e158a2285f.cnf.xz,crafted-cec,SAT,10,0.019,61.125,parse,0.01,0.02,452993,389539222,28b587cf6ecf,3,200,
8390dca257561c53bf4eb6e158a2285f.cnf.xz,crafted-cec,SAT,10,0.019,61.125,extractbinaries,0.01,0.02,452993,389539222,28b587cf6ecf,3,200,
8390dca257561c53bf4eb6e158a2285f.cnf.xz,crafted-cec,SAT,10,0.019,61.125,extractites,0.01,0.01,452993,389539222,28b587cf6ecf,3,200,
8390dca257561c53bf4eb6e158a2285f.cnf.xz,crafted-cec,SAT,10,0.019,61.125,warmup,0.01,0.01,452993,389539222,28b587cf6ecf,3,200,
8390dca257561c53bf4eb6e158a2285f.cnf.xz,crafted-cec,SAT,10,0.019,61.125,rephase,0.0,0.0,452993,389539222,28b587cf6ecf,3,200,
8390dca257561c53bf4eb6e158a2285f.cnf.xz,crafted-cec,SAT,10,0.019,61.125,merge,0.0,0.0,452993,389539222,28b587cf6ecf,3,200,
8390dca257561c53bf4eb6e158a2285f.cnf.xz,crafted-cec,SAT,10,0.019,61.125,total,61.09,100.0,452993,389539222,28b587cf6ecf,3,200,
87dbc3302b82c09e19c55059fb943191.cnf.xz,ntil,SAT,10,0.038,158.343,search,125.62,79.37,3100553,113948480,28b587cf6ecf,3,200,
87dbc3302b82c09e19c55059fb943191.cnf.xz,ntil,SAT,10,0.038,158.343,focused,71.09,44.92,3100553,113948480,28b587cf6ecf,3,200,
87dbc3302b82c09e19c55059fb943191.cnf.xz,ntil,SAT,10,0.038,158.343,stable,54.53,34.45,3100553,113948480,28b587cf6ecf,3,200,
87dbc3302b82c09e19c55059fb943191.cnf.xz,ntil,SAT,10,0.038,158.343,simplify,29.12,18.4,3100553,113948480,28b587cf6ecf,3,200,
87dbc3302b82c09e19c55059fb943191.cnf.xz,ntil,SAT,10,0.038,158.343,probe,27.13,17.14,3100553,113948480,28b587cf6ecf,3,200,
87dbc3302b82c09e19c55059fb943191.cnf.xz,ntil,SAT,10,0.038,158.343,analyze,27.02,17.07,3100553,113948480,28b587cf6ecf,3,200,
87dbc3302b82c09e19c55059fb943191.cnf.xz,ntil,SAT,10,0.038,158.343,vivify,15.96,10.08,3100553,113948480,28b587cf6ecf,3,200,
87dbc3302b82c09e19c55059fb943191.cnf.xz,ntil,SAT,10,0.038,158.343,shrink,7.69,4.86,3100553,113948480,28b587cf6ecf,3,200,
87dbc3302b82c09e19c55059fb943191.cnf.xz,ntil,SAT,10,0.038,158.343,vivify1,7.32,4.63,3100553,113948480,28b587cf6ecf,3,200,
87dbc3302b82c09e19c55059fb943191.cnf.xz,ntil,SAT,10,0.038,158.343,factor,6.97,4.41,3100553,113948480,28b587cf6ecf,3,200,
87dbc3302b82c09e19c55059fb943191.cnf.xz,ntil,SAT,10,0.038,158.343,vivify2,5.6,3.54,3100553,113948480,28b587cf6ecf,3,200,
87dbc3302b82c09e19c55059fb943191.cnf.xz,ntil,SAT,10,0.038,158.343,eliminate,5.26,3.33,3100553,113948480,28b587cf6ecf,3,200,
87dbc3302b82c09e19c55059fb943191.cnf.xz,ntil,SAT,10,0.038,158.343,subsume,4.81,3.04,3100553,113948480,28b587cf6ecf,3,200,
87dbc3302b82c09e19c55059fb943191.cnf.xz,ntil,SAT,10,0.038,158.343,deduce,4.75,3.0,3100553,113948480,28b587cf6ecf,3,200,
87dbc3302b82c09e19c55059fb943191.cnf.xz,ntil,SAT,10,0.038,158.343,bump,4.43,2.8,3100553,113948480,28b587cf6ecf,3,200,
87dbc3302b82c09e19c55059fb943191.cnf.xz,ntil,SAT,10,0.038,158.343,reduce,3.5,2.21,3100553,113948480,28b587cf6ecf,3,200,
87dbc3302b82c09e19c55059fb943191.cnf.xz,ntil,SAT,10,0.038,158.343,preprocess,3.48,2.2,3100553,113948480,28b587cf6ecf,3,200,
87dbc3302b82c09e19c55059fb943191.cnf.xz,ntil,SAT,10,0.038,158.343,collect,3.22,2.03,3100553,113948480,28b587cf6ecf,3,200,
87dbc3302b82c09e19c55059fb943191.cnf.xz,ntil,SAT,10,0.038,158.343,vivify3,2.37,1.5,3100553,113948480,28b587cf6ecf,3,200,
87dbc3302b82c09e19c55059fb943191.cnf.xz,ntil,SAT,10,0.038,158.343,sweep,2.05,1.29,3100553,113948480,28b587cf6ecf,3,200,
87dbc3302b82c09e19c55059fb943191.cnf.xz,ntil,SAT,10,0.038,158.343,substitute,1.73,1.09,3100553,113948480,28b587cf6ecf,3,200,
87dbc3302b82c09e19c55059fb943191.cnf.xz,ntil,SAT,10,0.038,158.343,minimize,1.02,0.65,3100553,113948480,28b587cf6ecf,3,200,
87dbc3302b82c09e19c55059fb943191.cnf.xz,ntil,SAT,10,0.038,158.343,vivify0,0.67,0.42,3100553,113948480,28b587cf6ecf,3,200,
87dbc3302b82c09e19c55059fb943191.cnf.xz,ntil,SAT,10,0.038,158.343,sweepbackbone,0.39,0.25,3100553,113948480,28b587cf6ecf,3,200,
87dbc3302b82c09e19c55059fb943191.cnf.xz,ntil,SAT,10,0.038,158.343,congruence,0.34,0.21,3100553,113948480,28b587cf6ecf,3,200,
87dbc3302b82c09e19c55059fb943191.cnf.xz,ntil,SAT,10,0.038,158.343,extract,0.34,0.21,3100553,113948480,28b587cf6ecf,3,200,
87dbc3302b82c09e19c55059fb943191.cnf.xz,ntil,SAT,10,0.038,158.343,sweepequivalences,0.27,0.17,3100553,113948480,28b587cf6ecf,3,200,
87dbc3302b82c09e19c55059fb943191.cnf.xz,ntil,SAT,10,0.038,158.343,walking,0.21,0.13,3100553,113948480,28b587cf6ecf,3,200,
87dbc3302b82c09e19c55059fb943191.cnf.xz,ntil,SAT,10,0.038,158.343,extractbinaries,0.14,0.09,3100553,113948480,28b587cf6ecf,3,200,
87dbc3302b82c09e19c55059fb943191.cnf.xz,ntil,SAT,10,0.038,158.343,reorder,0.1,0.06,3100553,113948480,28b587cf6ecf,3,200,
87dbc3302b82c09e19c55059fb943191.cnf.xz,ntil,SAT,10,0.038,158.343,extractxors,0.1,0.06,3100553,113948480,28b587cf6ecf,3,200,
87dbc3302b82c09e19c55059fb943191.cnf.xz,ntil,SAT,10,0.038,158.343,transitive,0.07,0.05,3100553,113948480,28b587cf6ecf,3,200,
87dbc3302b82c09e19c55059fb943191.cnf.xz,ntil,SAT,10,0.038,158.343,restart,0.05,0.03,3100553,113948480,28b587cf6ecf,3,200,
87dbc3302b82c09e19c55059fb943191.cnf.xz,ntil,SAT,10,0.038,158.343,defrag,0.04,0.03,3100553,113948480,28b587cf6ecf,3,200,
87dbc3302b82c09e19c55059fb943191.cnf.xz,ntil,SAT,10,0.038,158.343,parse,0.04,0.02,3100553,113948480,28b587cf6ecf,3,200,
87dbc3302b82c09e19c55059fb943191.cnf.xz,ntil,SAT,10,0.038,158.343,extractites,0.03,0.02,3100553,113948480,28b587cf6ecf,3,200,
87dbc3302b82c09e19c55059fb943191.cnf.xz,ntil,SAT,10,0.038,158.343,extractands,0.02,0.01,3100553,113948480,28b587cf6ecf,3,200,
87dbc3302b82c09e19c55059fb943191.cnf.xz,ntil,SAT,10,0.038,158.343,warmup,0.01,0.01,3100553,113948480,28b587cf6ecf,3,200,
87dbc3302b82c09e19c55059fb943191.cnf.xz,ntil,SAT,10,0.038,158.343,lucky,0.01,0.0,3100553,113948480,28b587cf6ecf,3,200,
87dbc3302b82c09e19c55059fb943191.cnf.xz,ntil,SAT,10,0.038,158.343,backbone,0.01,0.0,3100553,113948480,28b587cf6ecf,3,200,
87dbc3302b82c09e19c55059fb943191.cnf.xz,ntil,SAT,10,0.038,158.343,definition,0.0,0.0,3100553,113948480,28b587cf6ecf,3,200,
87dbc3302b82c09e19c55059fb943191.cnf.xz,ntil,SAT,10,0.038,158.343,rephase,0.0,0.0,3100553,113948480,28b587cf6ecf,3,200,
87dbc3302b82c09e19c55059fb943191.cnf.xz,ntil,SAT,10,0.038,158.343,merge,0.0,0.0,3100553,113948480,28b587cf6ecf,3,200,
87dbc3302b82c09e19c55059fb943191.cnf.xz,ntil,SAT,10,0.038,158.343,total,158.27,100.0,3100553,113948480,28b587cf6ecf,3,200,
8d0d8518a438d93428257d9a38863c3c.cnf.xz,allowable-seqence,SAT,10,0.022,21.089,search,15.25,72.41,333304,134662646,28b587cf6ecf,3,200,
8d0d8518a438d93428257d9a38863c3c.cnf.xz,allowable-seqence,SAT,10,0.022,21.089,focused,7.99,37.96,333304,134662646,28b587cf6ecf,3,200,
8d0d8518a438d93428257d9a38863c3c.cnf.xz,allowable-seqence,SAT,10,0.022,21.089,stable,7.26,34.45,333304,134662646,28b587cf6ecf,3,200,
8d0d8518a438d93428257d9a38863c3c.cnf.xz,allowable-seqence,SAT,10,0.022,21.089,simplify,5.69,27.03,333304,134662646,28b587cf6ecf,3,200,
8d0d8518a438d93428257d9a38863c3c.cnf.xz,allowable-seqence,SAT,10,0.022,21.089,probe,5.12,24.29,333304,134662646,28b587cf6ecf,3,200,
8d0d8518a438d93428257d9a38863c3c.cnf.xz,allowable-seqence,SAT,10,0.022,21.089,analyze,2.73,12.96,333304,134662646,28b587cf6ecf,3,200,
8d0d8518a438d93428257d9a38863c3c.cnf.xz,allowable-seqence,SAT,10,0.022,21.089,vivify,2.22,10.53,333304,134662646,28b587cf6ecf,3,200,
8d0d8518a438d93428257d9a38863c3c.cnf.xz,allowable-seqence,SAT,10,0.022,21.089,sweep,1.74,8.28,333304,134662646,28b587cf6ecf,3,200,
8d0d8518a438d93428257d9a38863c3c.cnf.xz,allowable-seqence,SAT,10,0.022,21.089,sweepbackbone,0.77,3.68,333304,134662646,28b587cf6ecf,3,200,
8d0d8518a438d93428257d9a38863c3c.cnf.xz,allowable-seqence,SAT,10,0.022,21.089,shrink,0.72,3.42,333304,134662646,28b587cf6ecf,3,200,
8d0d8518a438d93428257d9a38863c3c.cnf.xz,allowable-seqence,SAT,10,0.022,21.089,vivify1,0.65,3.06,333304,134662646,28b587cf6ecf,3,200,
8d0d8518a438d93428257d9a38863c3c.cnf.xz,allowable-seqence,SAT,10,0.022,21.089,factor,0.64,3.02,333304,134662646,28b587cf6ecf,3,200,
8d0d8518a438d93428257d9a38863c3c.cnf.xz,allowable-seqence,SAT,10,0.022,21.089,vivify2,0.62,2.96,333304,134662646,28b587cf6ecf,3,200,
8d0d8518a438d93428257d9a38863c3c.cnf.xz,allowable-seqence,SAT,10,0.022,21.089,vivify0,0.62,2.92,333304,134662646,28b587cf6ecf,3,200,
8d0d8518a438d93428257d9a38863c3c.cnf.xz,allowable-seqence,SAT,10,0.022,21.089,eliminate,0.61,2.91,333304,134662646,28b587cf6ecf,3,200,
8d0d8518a438d93428257d9a38863c3c.cnf.xz,allowable-seqence,SAT,10,0.022,21.089,sweepequivalences,0.6,2.83,333304,134662646,28b587cf6ecf,3,200,
8d0d8518a438d93428257d9a38863c3c.cnf.xz,allowable-seqence,SAT,10,0.022,21.089,deduce,0.5,2.38,333304,134662646,28b587cf6ecf,3,200,
8d0d8518a438d93428257d9a38863c3c.cnf.xz,allowable-seqence,SAT,10,0.022,21.089,bump,0.4,1.88,333304,134662646,28b587cf6ecf,3,200,
8d0d8518a438d93428257d9a38863c3c.cnf.xz,allowable-seqence,SAT,10,0.022,21.089,vivify3,0.33,1.58,333304,134662646,28b587cf6ecf,3,200,
8d0d8518a438d93428257d9a38863c3c.cnf.xz,allowable-seqence,SAT,10,0.022,21.089,substitute,0.31,1.48,333304,134662646,28b587cf6ecf,3,200,
8d0d8518a438d93428257d9a38863c3c.cnf.xz,allowable-seqence,SAT,10,0.022,21.089,definition,0.22,1.02,333304,134662646,28b587cf6ecf,3,200,
8d0d8518a438d93428257d9a38863c3c.cnf.xz,allowable-seqence,SAT,10,0.022,21.089,reduce,0.19,0.93,333304,134662646,28b587cf6ecf,3,200,
8d0d8518a438d93428257d9a38863c3c.cnf.xz,allowable-seqence,SAT,10,0.022,21.089,collect,0.18,0.85,333304,134662646,28b587cf6ecf,3,200,
8d0d8518a438d93428257d9a38863c3c.cnf.xz,allowable-seqence,SAT,10,0.022,21.089,subsume,0.17,0.8,333304,134662646,28b587cf6ecf,3,200,
8d0d8518a438d93428257d9a38863c3c.cnf.xz,allowable-seqence,SAT,10,0.022,21.089,preprocess,0.09,0.44,333304,134662646,28b587cf6ecf,3,200,
8d0d8518a438d93428257d9a38863c3c.cnf.xz,allowable-seqence,SAT,10,0.022,21.089,minimize,0.09,0.44,333304,134662646,28b587cf6ecf,3,200,
8d0d8518a438d93428257d9a38863c3c.cnf.xz,allowable-seqence,SAT,10,0.022,21.089,congruence,0.09,0.44,333304,134662646,28b587cf6ecf,3,200,
8d0d8518a438d93428257d9a38863c3c.cnf.xz,allowable-seqence,SAT,10,0.022,21.089,transitive,0.08,0.38,333304,134662646,28b587cf6ecf,3,200,
8d0d8518a438d93428257d9a38863c3c.cnf.xz,allowable-seqence,SAT,10,0.022,21.089,extract,0.08,0.36,333304,134662646,28b587cf6ecf,3,200,
8d0d8518a438d93428257d9a38863c3c.cnf.xz,allowable-seqence,SAT,10,0.022,21.089,walking,0.05,0.26,333304,134662646,28b587cf6ecf,3,200,
8d0d8518a438d93428257d9a38863c3c.cnf.xz,allowable-seqence,SAT,10,0.022,21.089,restart,0.04,0.21,333304,134662646,28b587cf6ecf,3,200,
8d0d8518a438d93428257d9a38863c3c.cnf.xz,allowable-seqence,SAT,10,0.022,21.089,backbone,0.04,0.17,333304,134662646,28b587cf6ecf,3,200,
8d0d8518a438d93428257d9a38863c3c.cnf.xz,allowable-seqence,SAT,10,0.022,21.089,extractxors,0.03,0.15,333304,134662646,28b587cf6ecf,3,200,
8d0d8518a438d93428257d9a38863c3c.cnf.xz,allowable-seqence,SAT,10,0.022,21.089,reorder,0.02,0.07,333304,134662646,28b587cf6ecf,3,200,
8d0d8518a438d93428257d9a38863c3c.cnf.xz,allowable-seqence,SAT,10,0.022,21.089,matching,0.01,0.06,333304,134662646,28b587cf6ecf,3,200,
8d0d8518a438d93428257d9a38863c3c.cnf.xz,allowable-seqence,SAT,10,0.022,21.089,parse,0.01,0.06,333304,134662646,28b587cf6ecf,3,200,
8d0d8518a438d93428257d9a38863c3c.cnf.xz,allowable-seqence,SAT,10,0.022,21.089,extractands,0.01,0.06,333304,134662646,28b587cf6ecf,3,200,
8d0d8518a438d93428257d9a38863c3c.cnf.xz,allowable-seqence,SAT,10,0.022,21.089,extractites,0.01,0.06,333304,134662646,28b587cf6ecf,3,200,
8d0d8518a438d93428257d9a38863c3c.cnf.xz,allowable-seqence,SAT,10,0.022,21.089,defrag,0.01,0.05,333304,134662646,28b587cf6ecf,3,200,
8d0d8518a438d93428257d9a38863c3c.cnf.xz,allowable-seqence,SAT,10,0.022,21.089,warmup,0.01,0.05,333304,134662646,28b587cf6ecf,3,200,
8d0d8518a438d93428257d9a38863c3c.cnf.xz,allowable-seqence,SAT,10,0.022,21.089,lucky,0.01,0.04,333304,134662646,28b587cf6ecf,3,200,
8d0d8518a438d93428257d9a38863c3c.cnf.xz,allowable-seqence,SAT,10,0.022,21.089,extractbinaries,0.01,0.03,333304,134662646,28b587cf6ecf,3,200,
8d0d8518a438d93428257d9a38863c3c.cnf.xz,allowable-seqence,SAT,10,0.022,21.089,rephase,0.0,0.0,333304,134662646,28b587cf6ecf,3,200,
8d0d8518a438d93428257d9a38863c3c.cnf.xz,allowable-seqence,SAT,10,0.022,21.089,merge,0.0,0.0,333304,134662646,28b587cf6ecf,3,200,
8d0d8518a438d93428257d9a38863c3c.cnf.xz,allowable-seqence,SAT,10,0.022,21.089,total,21.06,100.0,333304,134662646,28b587cf6ecf,3,200,
8db998d5fd64f85a1847115208f73873.cnf.xz,stable-semantics,SAT,10,0.315,0.893,parse,0.55,92.51,0,5442,28b587cf6ecf,3,200,
8db998d5fd64f85a1847115208f73873.cnf.xz,stable-semantics,SAT,10,0.315,0.893,lucky,0.04,7.45,0,5442,28b587cf6ecf,3,200,
8db998d5fd64f85a1847115208f73873.cnf.xz,stable-semantics,SAT,10,0.315,0.893,defrag,0.01,1.74,0,5442,28b587cf6ecf,3,200,
8db998d5fd64f85a1847115208f73873.cnf.xz,stable-semantics,SAT,10,0.315,0.893,search,0.0,0.0,0,5442,28b587cf6ecf,3,200,
8db998d5fd64f85a1847115208f73873.cnf.xz,stable-semantics,SAT,10,0.315,0.893,simplify,0.0,0.0,0,5442,28b587cf6ecf,3,200,
8db998d5fd64f85a1847115208f73873.cnf.xz,stable-semantics,SAT,10,0.315,0.893,total,0.59,100.0,0,5442,28b587cf6ecf,3,200,
91860f79f079fede859034c7d76a98a2.cnf.xz,station-repacking,SAT,10,0.074,9.833,search,4.98,51.06,270232,51776933,28b587cf6ecf,3,200,
91860f79f079fede859034c7d76a98a2.cnf.xz,station-repacking,SAT,10,0.074,9.833,simplify,4.15,42.52,270232,51776933,28b587cf6ecf,3,200,
91860f79f079fede859034c7d76a98a2.cnf.xz,station-repacking,SAT,10,0.074,9.833,focused,2.84,29.07,270232,51776933,28b587cf6ecf,3,200,
91860f79f079fede859034c7d76a98a2.cnf.xz,station-repacking,SAT,10,0.074,9.833,probe,2.73,27.97,270232,51776933,28b587cf6ecf,3,200,
91860f79f079fede859034c7d76a98a2.cnf.xz,station-repacking,SAT,10,0.074,9.833,stable,2.14,21.98,270232,51776933,28b587cf6ecf,3,200,
91860f79f079fede859034c7d76a98a2.cnf.xz,station-repacking,SAT,10,0.074,9.833,analyze,2.02,20.67,270232,51776933,28b587cf6ecf,3,200,
91860f79f079fede859034c7d76a98a2.cnf.xz,station-repacking,SAT,10,0.074,9.833,eliminate,1.92,19.69,270232,51776933,28b587cf6ecf,3,200,
91860f79f079fede859034c7d76a98a2.cnf.xz,station-repacking,SAT,10,0.074,9.833,factor,0.94,9.62,270232,51776933,28b587cf6ecf,3,200,
91860f79f079fede859034c7d76a98a2.cnf.xz,station-repacking,SAT,10,0.074,9.833,definition,0.81,8.28,270232,51776933,28b587cf6ecf,3,200,
91860f79f079fede859034c7d76a98a2.cnf.xz,station-repacking,SAT,10,0.074,9.833,vivify,0.74,7.58,270232,51776933,28b587cf6ecf,3,200,
91860f79f079fede859034c7d76a98a2.cnf.xz,station-repacking,SAT,10,0.074,9.833,preprocess,0.57,5.84,270232,51776933,28b587cf6ecf,3,200,
91860f79f079fede859034c7d76a98a2.cnf.xz,station-repacking,SAT,10,0.074,9.833,shrink,0.51,5.26,270232,51776933,28b587cf6ecf,3,200,
91860f79f079fede859034c7d76a98a2.cnf.xz,station-repacking,SAT,10,0.074,9.833,substitute,0.41,4.19,270232,51776933,28b587cf6ecf,3,200,
91860f79f079fede859034c7d76a98a2.cnf.xz,station-repacking,SAT,10,0.074,9.833,deduce,0.34,3.53,270232,51776933,28b587cf6ecf,3,200,
91860f79f079fede859034c7d76a98a2.cnf.xz,station-repacking,SAT,10,0.074,9.833,bump,0.32,3.33,270232,51776933,28b587cf6ecf,3,200,
91860f79f079fede859034c7d76a98a2.cnf.xz,station-repacking,SAT,10,0.074,9.833,reduce,0.24,2.44,270232,51776933,28b587cf6ecf,3,200,
91860f79f079fede859034c7d76a98a2.cnf.xz,station-repacking,SAT,10,0.074,9.833,collect,0.23,2.36,270232,51776933,28b587cf6ecf,3,200,
91860f79f079fede859034c7d76a98a2.cnf.xz,station-repacking,SAT,10,0.074,9.833,vivify1,0.22,2.22,270232,51776933,28b587cf6ecf,3,200,
91860f79f079fede859034c7d76a98a2.cnf.xz,station-repacking,SAT,10,0.074,9.833,backbone,0.21,2.19,270232,51776933,28b587cf6ecf,3,200,
91860f79f079fede859034c7d76a98a2.cnf.xz,station-repacking,SAT,10,0.074,9.833,sweep,0.2,2.01,270232,51776933,28b587cf6ecf,3,200,
91860f79f079fede859034c7d76a98a2.cnf.xz,station-repacking,SAT,10,0.074,9.833,vivify0,0.2,2.01,270232,51776933,28b587cf6ecf,3,200,
91860f79f079fede859034c7d76a98a2.cnf.xz,station-repacking,SAT,10,0.074,9.833,vivify2,0.19,1.97,270232,51776933,28b587cf6ecf,3,200,
91860f79f079fede859034c7d76a98a2.cnf.xz,station-repacking,SAT,10,0.074,9.833,vivify3,0.13,1.38,270232,51776933,28b587cf6ecf,3,200,
91860f79f079fede859034c7d76a98a2.cnf.xz,station-repacking,SAT,10,0.074,9.833,subsume,0.12,1.22,270232,51776933,28b587cf6ecf,3,200,
91860f79f079fede859034c7d76a98a2.cnf.xz,station-repacking,SAT,10,0.074,9.833,sweepbackbone,0.12,1.22,270232,51776933,28b587cf6ecf,3,200,
91860f79f079fede859034c7d76a98a2.cnf.xz,station-repacking,SAT,10,0.074,9.833,congruence,0.12,1.21,270232,51776933,28b587cf6ecf,3,200,
91860f79f079fede859034c7d76a98a2.cnf.xz,station-repacking,SAT,10,0.074,9.833,transitive,0.11,1.17,270232,51776933,28b587cf6ecf,3,200,
91860f79f079fede859034c7d76a98a2.cnf.xz,station-repacking,SAT,10,0.074,9.833,extract,0.1,1.03,270232,51776933,28b587cf6ecf,3,200,
91860f79f079fede859034c7d76a98a2.cnf.xz,station-repacking,SAT,10,0.074,9.833,minimize,0.08,0.84,270232,51776933,28b587cf6ecf,3,200,
91860f79f079fede859034c7d76a98a2.cnf.xz,station-repacking,SAT,10,0.074,9.833,walking,0.06,0.63,270232,51776933,28b587cf6ecf,3,200,
91860f79f079fede859034c7d76a98a2.cnf.xz,station-repacking,SAT,10,0.074,9.833,extractands,0.06,0.57,270232,51776933,28b587cf6ecf,3,200,
91860f79f079fede859034c7d76a98a2.cnf.xz,station-repacking,SAT,10,0.074,9.833,reorder,0.05,0.54,270232,51776933,28b587cf6ecf,3,200,
91860f79f079fede859034c7d76a98a2.cnf.xz,station-repacking,SAT,10,0.074,9.833,parse,0.05,0.54,270232,51776933,28b587cf6ecf,3,200,
91860f79f079fede859034c7d76a98a2.cnf.xz,station-repacking,SAT,10,0.074,9.833,restart,0.04,0.37,270232,51776933,28b587cf6ecf,3,200,
91860f79f079fede859034c7d76a98a2.cnf.xz,station-repacking,SAT,10,0.074,9.833,warmup,0.02,0.23,270232,51776933,28b587cf6ecf,3,200,
91860f79f079fede859034c7d76a98a2.cnf.xz,station-repacking,SAT,10,0.074,9.833,sweepequivalences,0.02,0.18,270232,51776933,28b587cf6ecf,3,200,
91860f79f079fede859034c7d76a98a2.cnf.xz,station-repacking,SAT,10,0.074,9.833,defrag,0.02,0.15,270232,51776933,28b587cf6ecf,3,200,
91860f79f079fede859034c7d76a98a2.cnf.xz,station-repacking,SAT,10,0.074,9.833,extractbinaries,0.01,0.13,270232,51776933,28b587cf6ecf,3,200,
91860f79f079fede859034c7d76a98a2.cnf.xz,station-repacking,SAT,10,0.074,9.833,lucky,0.0,0.05,270232,51776933,28b587cf6ecf,3,200,
91860f79f079fede859034c7d76a98a2.cnf.xz,station-repacking,SAT,10,0.074,9.833,extractites,0.0,0.01,270232,51776933,28b587cf6ecf,3,200,
91860f79f079fede859034c7d76a98a2.cnf.xz,station-repacking,SAT,10,0.074,9.833,extractxors,0.0,0.01,270232,51776933,28b587cf6ecf,3,200,
91860f79f079fede859034c7d76a98a2.cnf.xz,station-repacking,SAT,10,0.074,9.833,rephase,0.0,0.01,270232,51776933,28b587cf6ecf,3,200,
91860f79f079fede859034c7d76a98a2.cnf.xz,station-repacking,SAT,10,0.074,9.833,merge,0.0,0.0,270232,51776933,28b587cf6ecf,3,200,
91860f79f079fede859034c7d76a98a2.cnf.xz,station-repacking,SAT,10,0.074,9.833,total,9.75,100.0,270232,51776933,28b587cf6ecf,3,200,
9d20bb1bd01838d70177ffd3aa284aeb.cnf.xz,miter,SAT,10,0.141,0.295,parse,0.12,75.49,0,593269,28b587cf6ecf,3,200,
9d20bb1bd01838d70177ffd3aa284aeb.cnf.xz,miter,SAT,10,0.141,0.295,lucky,0.04,24.37,0,593269,28b587cf6ecf,3,200,
9d20bb1bd01838d70177ffd3aa284aeb.cnf.xz,miter,SAT,10,0.141,0.295,defrag,0.02,13.57,0,593269,28b587cf6ecf,3,200,
9d20bb1bd01838d70177ffd3aa284aeb.cnf.xz,miter,SAT,10,0.141,0.295,search,0.0,0.0,0,593269,28b587cf6ecf,3,200,
9d20bb1bd01838d70177ffd3aa284aeb.cnf.xz,miter,SAT,10,0.141,0.295,simplify,0.0,0.0,0,593269,28b587cf6ecf,3,200,
9d20bb1bd01838d70177ffd3aa284aeb.cnf.xz,miter,SAT,10,0.141,0.295,total,0.16,100.0,0,593269,28b587cf6ecf,3,200,
9ef9243ff051b32795890fccd6c3f6b2.cnf.xz,sum-of-3-cubes,SAT,10,0.033,1.399,search,0.7,50.95,7917,12636575,28b587cf6ecf,3,200,
9ef9243ff051b32795890fccd6c3f6b2.cnf.xz,sum-of-3-cubes,SAT,10,0.033,1.399,probe,0.62,45.61,7917,12636575,28b587cf6ecf,3,200,
9ef9243ff051b32795890fccd6c3f6b2.cnf.xz,sum-of-3-cubes,SAT,10,0.033,1.399,simplify,0.5,36.34,7917,12636575,28b587cf6ecf,3,200,
9ef9243ff051b32795890fccd6c3f6b2.cnf.xz,sum-of-3-cubes,SAT,10,0.033,1.399,stable,0.39,28.59,7917,12636575,28b587cf6ecf,3,200,
9ef9243ff051b32795890fccd6c3f6b2.cnf.xz,sum-of-3-cubes,SAT,10,0.033,1.399,focused,0.31,22.36,7917,12636575,28b587cf6ecf,3,200,
9ef9243ff051b32795890fccd6c3f6b2.cnf.xz,sum-of-3-cubes,SAT,10,0.033,1.399,sweep,0.2,14.81,7917,12636575,28b587cf6ecf,3,200,
9ef9243ff051b32795890fccd6c3f6b2.cnf.xz,sum-of-3-cubes,SAT,10,0.033,1.399,analyze,0.18,12.88,7917,12636575,28b587cf6ecf,3,200,
9ef9243ff051b32795890fccd6c3f6b2.cnf.xz,sum-of-3-cubes,SAT,10,0.033,1.399,congruence,0.14,10.18,7917,12636575,28b587cf6ecf,3,200,
9ef9243ff051b32795890fccd6c3f6b2.cnf.xz,sum-of-3-cubes,SAT,10,0.033,1.399,preprocess,0.14,10.16,7917,12636575,28b587cf6ecf,3,200,
9ef9243ff051b32795890fccd6c3f6b2.cnf.xz,sum-of-3-cubes,SAT,10,0.033,1.399,vivify,0.13,9.75,7917,12636575,28b587cf6ecf,3,200,
9ef9243ff051b32795890fccd6c3f6b2.cnf.xz,sum-of-3-cubes,SAT,10,0.033,1.399,extract,0.1,7.09,7917,12636575,28b587cf6ecf,3,200,
9ef9243ff051b32795890fccd6c3f6b2.cnf.xz,sum-of-3-cubes,SAT,10,0.033,1.399,sweepequivalences,0.08,5.67,7917,12636575,28b587cf6ecf,3,200,
9ef9243ff051b32795890fccd6c3f6b2.cnf.xz,sum-of-3-cubes,SAT,10,0.033,1.399,sweepbackbone,0.08,5.58,7917,12636575,28b587cf6ecf,3,200,
9ef9243ff051b32795890fccd6c3f6b2.cnf.xz,sum-of-3-cubes,SAT,10,0.033,1.399,factor,0.07,5.08,7917,12636575,28b587cf6ecf,3,200,
9ef9243ff051b32795890fccd6c3f6b2.cnf.xz,sum-of-3-cubes,SAT,10,0.033,1.399,vivify2,0.07,5.04,7917,12636575,28b587cf6ecf,3,200,
9ef9243ff051b32795890fccd6c3f6b2.cnf.xz,sum-of-3-cubes,SAT,10,0.033,1.399,shrink,0.06,4.43,7917,12636575,28b587cf6ecf,3,200,
9ef9243ff051b32795890fccd6c3f6b2.cnf.xz,sum-of-3-cubes,SAT,10,0.033,1.399,substitute,0.06,4.37,7917,12636575,28b587cf6ecf,3,200,
9ef9243ff051b32795890fccd6c3f6b2.cnf.xz,sum-of-3-cubes,SAT,10,0.033,1.399,extractxors,0.06,4.06,7917,12636575,28b587cf6ecf,3,200,
9ef9243ff051b32795890fccd6c3f6b2.cnf.xz,sum-of-3-cubes,SAT,10,0.033,1.399,deduce,0.04,2.7,7917,12636575,28b587cf6ecf,3,200,
9ef9243ff051b32795890fccd6c3f6b2.cnf.xz,sum-of-3-cubes,SAT,10,0.033,1.399,matching,0.03,2.54,7917,12636575,28b587cf6ecf,3,200,
9ef9243ff051b32795890fccd6c3f6b2.cnf.xz,sum-of-3-cubes,SAT,10,0.033,1.399,bump,0.03,2.32,7917,12636575,28b587cf6ecf,3,200,
9ef9243ff051b32795890fccd6c3f6b2.cnf.xz,sum-of-3-cubes,SAT,10,0.033,1.399,parse,0.02,1.82,7917,12636575,28b587cf6ecf,3,200,
9ef9243ff051b32795890fccd6c3f6b2.cnf.xz,sum-of-3-cubes,SAT,10,0.033,1.399,vivify0,0.02,1.65,7917,12636575,28b587cf6ecf,3,200,
9ef9243ff051b32795890fccd6c3f6b2.cnf.xz,sum-of-3-cubes,SAT,10,0.033,1.399,vivify1,0.02,1.61,7917,12636575,28b587cf6ecf,3,200,
9ef9243ff051b32795890fccd6c3f6b2.cnf.xz,sum-of-3-cubes,SAT,10,0.033,1.399,collect,0.02,1.57,7917,12636575,28b587cf6ecf,3,200,
9ef9243ff051b32795890fccd6c3f6b2.cnf.xz,sum-of-3-cubes,SAT,10,0.033,1.399,vivify3,0.02,1.45,7917,12636575,28b587cf6ecf,3,200,
9ef9243ff051b32795890fccd6c3f6b2.cnf.xz,sum-of-3-cubes,SAT,10,0.033,1.399,reduce,0.02,1.27,7917,12636575,28b587cf6ecf,3,200,
9ef9243ff051b32795890fccd6c3f6b2.cnf.xz,sum-of-3-cubes,SAT,10,0.033,1.399,extractites,0.01,0.95,7917,12636575,28b587cf6ecf,3,200,
9ef9243ff051b32795890fccd6c3f6b2.cnf.xz,sum-of-3-cubes,SAT,10,0.033,1.399,extractands,0.01,0.85,7917,12636575,28b587cf6ecf,3,200,
9ef9243ff051b32795890fccd6c3f6b2.cnf.xz,sum-of-3-cubes,SAT,10,0.033,1.399,transitive,0.01,0.82,7917,12636575,28b587cf6ecf,3,200,
9ef9243ff051b32795890fccd6c3f6b2.cnf.xz,sum-of-3-cubes,SAT,10,0.033,1.399,lucky,0.01,0.71,7917,12636575,28b587cf6ecf,3,200,
9ef9243ff051b32795890fccd6c3f6b2.cnf.xz,sum-of-3-cubes,SAT,10,0.033,1.399,backbone,0.01,0.59,7917,12636575,28b587cf6ecf,3,200,
9ef9243ff051b32795890fccd6c3f6b2.cnf.xz,sum-of-3-cubes,SAT,10,0.033,1.399,walking,0.01,0.47,7917,12636575,28b587cf6ecf,3,200,
9ef9243ff051b32795890fccd6c3f6b2.cnf.xz,sum-of-3-cubes,SAT,10,0.033,1.399,extractbinaries,0.01,0.41,7917,12636575,28b587cf6ecf,3,200,
9ef9243ff051b32795890fccd6c3f6b2.cnf.xz,sum-of-3-cubes,SAT,10,0.033,1.399,restart,0.0,0.28,7917,12636575,28b587cf6ecf,3,200,
9ef9243ff051b32795890fccd6c3f6b2.cnf.xz,sum-of-3-cubes,SAT,10,0.033,1.399,merge,0.0,0.28,7917,12636575,28b587cf6ecf,3,200,
9ef9243ff051b32795890fccd6c3f6b2.cnf.xz,sum-of-3-cubes,SAT,10,0.033,1.399,minimize,0.0,0.2,7917,12636575,28b587cf6ecf,3,200,
9ef9243ff051b32795890fccd6c3f6b2.cnf.xz,sum-of-3-cubes,SAT,10,0.033,1.399,warmup,0.0,0.2,7917,12636575,28b587cf6ecf,3,200,
9ef9243ff051b32795890fccd6c3f6b2.cnf.xz,sum-of-3-cubes,SAT,10,0.033,1.399,defrag,0.0,0.15,7917,12636575,28b587cf6ecf,3,200,
9ef9243ff051b32795890fccd6c3f6b2.cnf.xz,sum-of-3-cubes,SAT,10,0.033,1.399,rephase,0.0,0.0,7917,12636575,28b587cf6ecf,3,200,
9ef9243ff051b32795890fccd6c3f6b2.cnf.xz,sum-of-3-cubes,SAT,10,0.033,1.399,total,1.37,100.0,7917,12636575,28b587cf6ecf,3,200,
a789d0722f1aa0d44c5a38b374719c69.cnf.xz,md5-equivalence-checking,SAT,10,4.436,9.222,parse,4.36,89.16,0,10525634,28b587cf6ecf,3,200,
a789d0722f1aa0d44c5a38b374719c69.cnf.xz,md5-equivalence-checking,SAT,10,4.436,9.222,defrag,1.27,25.92,0,10525634,28b587cf6ecf,3,200,
a789d0722f1aa0d44c5a38b374719c69.cnf.xz,md5-equivalence-checking,SAT,10,4.436,9.222,lucky,0.53,10.83,0,10525634,28b587cf6ecf,3,200,
a789d0722f1aa0d44c5a38b374719c69.cnf.xz,md5-equivalence-checking,SAT,10,4.436,9.222,search,0.0,0.0,0,10525634,28b587cf6ecf,3,200,
a789d0722f1aa0d44c5a38b374719c69.cnf.xz,md5-equivalence-checking,SAT,10,4.436,9.222,simplify,0.0,0.0,0,10525634,28b587cf6ecf,3,200,
a789d0722f1aa0d44c5a38b374719c69.cnf.xz,md5-equivalence-checking,SAT,10,4.436,9.222,total,4.89,100.0,0,10525634,28b587cf6ecf,3,200,
ac6256657058fe65dc7ddaf773ab83bf.cnf.xz,scheduling,SAT,10,0.290,29.139,simplify,20.4,70.7,62678,101898005,28b587cf6ecf,3,200,
ac6256657058fe65dc7ddaf773ab83bf.cnf.xz,scheduling,SAT,10,0.290,29.139,probe,16.38,56.75,62678,101898005,28b587cf6ecf,3,200,
ac6256657058fe65dc7ddaf773ab83bf.cnf.xz,scheduling,SAT,10,0.290,29.139,search,7.26,25.15,62678,101898005,28b587cf6ecf,3,200,
ac6256657058fe65dc7ddaf773ab83bf.cnf.xz,scheduling,SAT,10,0.290,29.139,factor,5.93,20.55,62678,101898005,28b587cf6ecf,3,200,
ac6256657058fe65dc7ddaf773ab83bf.cnf.xz,scheduling,SAT,10,0.290,29.139,stable,4.62,16.01,62678,101898005,28b587cf6ecf,3,200,
ac6256657058fe65dc7ddaf773ab83bf.cnf.xz,scheduling,SAT,10,0.290,29.139,vivify,4.03,13.98,62678,101898005,28b587cf6ecf,3,200,
ac6256657058fe65dc7ddaf773ab83bf.cnf.xz,scheduling,SAT,10,0.290,29.139,eliminate,3.88,13.46,62678,101898005,28b587cf6ecf,3,200,
ac6256657058fe65dc7ddaf773ab83bf.cnf.xz,scheduling,SAT,10,0.290,29.139,substitute,2.73,9.45,62678,101898005,28b587cf6ecf,3,200,
ac6256657058fe65dc7ddaf773ab83bf.cnf.xz,scheduling,SAT,10,0.290,29.139,focused,2.64,9.14,62678,101898005,28b587cf6ecf,3,200,
ac6256657058fe65dc7ddaf773ab83bf.cnf.xz,scheduling,SAT,10,0.290,29.139,sweep,1.65,5.71,62678,101898005,28b587cf6ecf,3,200,
ac6256657058fe65dc7ddaf773ab83bf.cnf.xz,scheduling,SAT,10,0.290,29.139,definition,1.48,5.12,62678,101898005,28b587cf6ecf,3,200,
ac6256657058fe65dc7ddaf773ab83bf.cnf.xz,scheduling,SAT,10,0.290,29.139,congruence,1.31,4.53,62678,101898005,28b587cf6ecf,3,200,
ac6256657058fe65dc7ddaf773ab83bf.cnf.xz,scheduling,SAT,10,0.290,29.139,analyze,1.3,4.51,62678,101898005,28b587cf6ecf,3,200,
ac6256657058fe65dc7ddaf773ab83bf.cnf.xz,scheduling,SAT,10,0.290,29.139,extract,1.23,4.26,62678,101898005,28b587cf6ecf,3,200,
ac6256657058fe65dc7ddaf773ab83bf.cnf.xz,scheduling,SAT,10,0.290,29.139,vivify0,1.22,4.22,62678,101898005,28b587cf6ecf,3,200,
ac6256657058fe65dc7ddaf773ab83bf.cnf.xz,scheduling,SAT,10,0.290,29.139,vivify3,1.11,3.86,62678,101898005,28b587cf6ecf,3,200,
ac6256657058fe65dc7ddaf773ab83bf.cnf.xz,scheduling,SAT,10,0.290,29.139,vivify2,0.86,2.96,62678,101898005,28b587cf6ecf,3,200,
ac6256657058fe65dc7ddaf773ab83bf.cnf.xz,scheduling,SAT,10,0.290,29.139,collect,0.85,2.94,62678,101898005,28b587cf6ecf,3,200,
ac6256657058fe65dc7ddaf773ab83bf.cnf.xz,scheduling,SAT,10,0.290,29.139,vivify1,0.85,2.94,62678,101898005,28b587cf6ecf,3,200,
ac6256657058fe65dc7ddaf773ab83bf.cnf.xz,scheduling,SAT,10,0.290,29.139,walking,0.78,2.72,62678,101898005,28b587cf6ecf,3,200,
ac6256657058fe65dc7ddaf773ab83bf.cnf.xz,scheduling,SAT,10,0.290,29.139,preprocess,0.75,2.59,62678,101898005,28b587cf6ecf,3,200,
ac6256657058fe65dc7ddaf773ab83bf.cnf.xz,scheduling,SAT,10,0.290,29.139,reduce,0.75,2.58,62678,101898005,28b587cf6ecf,3,200,
ac6256657058fe65dc7ddaf773ab83bf.cnf.xz,scheduling,SAT,10,0.290,29.139,extractxors,0.48,1.68,62678,101898005,28b587cf6ecf,3,200,
ac6256657058fe65dc7ddaf773ab83bf.cnf.xz,scheduling,SAT,10,0.290,29.139,shrink,0.45,1.55,62678,101898005,28b587cf6ecf,3,200,
ac6256657058fe65dc7ddaf773ab83bf.cnf.xz,scheduling,SAT,10,0.290,29.139,sweepbackbone,0.43,1.48,62678,101898005,28b587cf6ecf,3,200,
ac6256657058fe65dc7ddaf773ab83bf.cnf.xz,scheduling,SAT,10,0.290,29.139,transitive,0.42,1.46,62678,101898005,28b587cf6ecf,3,200,
ac6256657058fe65dc7ddaf773ab83bf.cnf.xz,scheduling,SAT,10,0.290,29.139,parse,0.4,1.38,62678,101898005,28b587cf6ecf,3,200,
ac6256657058fe65dc7ddaf773ab83bf.cnf.xz,scheduling,SAT,10,0.290,29.139,backbone,0.31,1.08,62678,101898005,28b587cf6ecf,3,200,
ac6256657058fe65dc7ddaf773ab83bf.cnf.xz,scheduling,SAT,10,0.290,29.139,subsume,0.25,0.88,62678,101898005,28b587cf6ecf,3,200,
ac6256657058fe65dc7ddaf773ab83bf.cnf.xz,scheduling,SAT,10,0.290,29.139,restart,0.23,0.79,62678,101898005,28b587cf6ecf,3,200,
ac6256657058fe65dc7ddaf773ab83bf.cnf.xz,scheduling,SAT,10,0.290,29.139,warmup,0.19,0.67,62678,101898005,28b587cf6ecf,3,200,
ac6256657058fe65dc7ddaf773ab83bf.cnf.xz,scheduling,SAT,10,0.290,29.139,reorder,0.19,0.66,62678,101898005,28b587cf6ecf,3,200,
ac6256657058fe65dc7ddaf773ab83bf.cnf.xz,scheduling,SAT,10,0.290,29.139,sweepequivalences,0.18,0.62,62678,101898005,28b587cf6ecf,3,200,
ac6256657058fe65dc7ddaf773ab83bf.cnf.xz,scheduling,SAT,10,0.290,29.139,deduce,0.18,0.61,62678,101898005,28b587cf6ecf,3,200,
ac6256657058fe65dc7ddaf773ab83bf.cnf.xz,scheduling,SAT,10,0.290,29.139,extractbinaries,0.15,0.53,62678,101898005,28b587cf6ecf,3,200,
ac6256657058fe65dc7ddaf773ab83bf.cnf.xz,scheduling,SAT,10,0.290,29.139,defrag,0.15,0.52,62678,101898005,28b587cf6ecf,3,200,
ac6256657058fe65dc7ddaf773ab83bf.cnf.xz,scheduling,SAT,10,0.290,29.139,extractands,0.12,0.42,62678,101898005,28b587cf6ecf,3,200,
ac6256657058fe65dc7ddaf773ab83bf.cnf.xz,scheduling,SAT,10,0.290,29.139,extractites,0.09,0.32,62678,101898005,28b587cf6ecf,3,200,
ac6256657058fe65dc7ddaf773ab83bf.cnf.xz,scheduling,SAT,10,0.290,29.139,bump,0.08,0.29,62678,101898005,28b587cf6ecf,3,200,
ac6256657058fe65dc7ddaf773ab83bf.cnf.xz,scheduling,SAT,10,0.290,29.139,lucky,0.05,0.18,62678,101898005,28b587cf6ecf,3,200,
ac6256657058fe65dc7ddaf773ab83bf.cnf.xz,scheduling,SAT,10,0.290,29.139,minimize,0.02,0.08,62678,101898005,28b587cf6ecf,3,200,
ac6256657058fe65dc7ddaf773ab83bf.cnf.xz,scheduling,SAT,10,0.290,29.139,rephase,0.0,0.0,62678,101898005,28b587cf6ecf,3,200,
ac6256657058fe65dc7ddaf773ab83bf.cnf.xz,scheduling,SAT,10,0.290,29.139,merge,0.0,0.0,62678,101898005,28b587cf6ecf,3,200,
ac6256657058fe65dc7ddaf773ab83bf.cnf.xz,scheduling,SAT,10,0.290,29.139,total,28.86,100.0,62678,101898005,28b587cf6ecf,3,200,
ae48df6541d190c096b1e5ba22d1b534.cnf.xz,2d-strip-packing,UNSAT,20,0.013,39.902,search,32.84,82.35,737647,243376983,28b587cf6ecf,3,200,
ae48df6541d190c096b1e5ba22d1b534.cnf.xz,2d-strip-packing,UNSAT,20,0.013,39.902,focused,16.67,41.8,737647,243376983,28b587cf6ecf,3,200,
ae48df6541d190c096b1e5ba22d1b534.cnf.xz,2d-strip-packing,UNSAT,20,0.013,39.902,stable,16.17,40.55,737647,243376983,28b587cf6ecf,3,200,
ae48df6541d190c096b1e5ba22d1b534.cnf.xz,2d-strip-packing,UNSAT,20,0.013,39.902,analyze,8.63,21.64,737647,243376983,28b587cf6ecf,3,200,
ae48df6541d190c096b1e5ba22d1b534.cnf.xz,2d-strip-packing,UNSAT,20,0.013,39.902,simplify,6.61,16.57,737647,243376983,28b587cf6ecf,3,200,
ae48df6541d190c096b1e5ba22d1b534.cnf.xz,2d-strip-packing,UNSAT,20,0.013,39.902,probe,6.1,15.31,737647,243376983,28b587cf6ecf,3,200,
ae48df6541d190c096b1e5ba22d1b534.cnf.xz,2d-strip-packing,UNSAT,20,0.013,39.902,vivify,3.7,9.29,737647,243376983,28b587cf6ecf,3,200,
ae48df6541d190c096b1e5ba22d1b534.cnf.xz,2d-strip-packing,UNSAT,20,0.013,39.902,shrink,2.66,6.68,737647,243376983,28b587cf6ecf,3,200,
ae48df6541d190c096b1e5ba22d1b534.cnf.xz,2d-strip-packing,UNSAT,20,0.013,39.902,deduce,1.61,4.04,737647,243376983,28b587cf6ecf,3,200,
ae48df6541d190c096b1e5ba22d1b534.cnf.xz,2d-strip-packing,UNSAT,20,0.013,39.902,bump,1.53,3.84,737647,243376983,28b587cf6ecf,3,200,
ae48df6541d190c096b1e5ba22d1b534.cnf.xz,2d-strip-packing,UNSAT,20,0.013,39.902,vivify2,1.17,2.93,737647,243376983,28b587cf6ecf,3,200,
ae48df6541d190c096b1e5ba22d1b534.cnf.xz,2d-strip-packing,UNSAT,20,0.013,39.902,vivify1,1.0,2.5,737647,243376983,28b587cf6ecf,3,200,
ae48df6541d190c096b1e5ba22d1b534.cnf.xz,2d-strip-packing,UNSAT,20,0.013,39.902,factor,0.96,2.42,737647,243376983,28b587cf6ecf,3,200,
ae48df6541d190c096b1e5ba22d1b534.cnf.xz,2d-strip-packing,UNSAT,20,0.013,39.902,vivify0,0.92,2.31,737647,243376983,28b587cf6ecf,3,200,
ae48df6541d190c096b1e5ba22d1b534.cnf.xz,2d-strip-packing,UNSAT,20,0.013,39.902,sweep,0.88,2.2,737647,243376983,28b587cf6ecf,3,200,
ae48df6541d190c096b1e5ba22d1b534.cnf.xz,2d-strip-packing,UNSAT,20,0.013,39.902,eliminate,0.88,2.2,737647,243376983,28b587cf6ecf,3,200,
ae48df6541d190c096b1e5ba22d1b534.cnf.xz,2d-strip-packing,UNSAT,20,0.013,39.902,vivify3,0.62,1.54,737647,243376983,28b587cf6ecf,3,200,
ae48df6541d190c096b1e5ba22d1b534.cnf.xz,2d-strip-packing,UNSAT,20,0.013,39.902,subsume,0.51,1.29,737647,243376983,28b587cf6ecf,3,200,
ae48df6541d190c096b1e5ba22d1b534.cnf.xz,2d-strip-packing,UNSAT,20,0.013,39.902,preprocess,0.41,1.04,737647,243376983,28b587cf6ecf,3,200,
ae48df6541d190c096b1e5ba22d1b534.cnf.xz,2d-strip-packing,UNSAT,20,0.013,39.902,reduce,0.38,0.95,737647,243376983,28b587cf6ecf,3,200,
ae48df6541d190c096b1e5ba22d1b534.cnf.xz,2d-strip-packing,UNSAT,20,0.013,39.902,sweepbackbone,0.35,0.88,737647,243376983,28b587cf6ecf,3,200,
ae48df6541d190c096b1e5ba22d1b534.cnf.xz,2d-strip-packing,UNSAT,20,0.013,39.902,collect,0.34,0.84,737647,243376983,28b587cf6ecf,3,200,
ae48df6541d190c096b1e5ba22d1b534.cnf.xz,2d-strip-packing,UNSAT,20,0.013,39.902,substitute,0.32,0.79,737647,243376983,28b587cf6ecf,3,200,
ae48df6541d190c096b1e5ba22d1b534.cnf.xz,2d-strip-packing,UNSAT,20,0.013,39.902,minimize,0.24,0.61,737647,243376983,28b587cf6ecf,3,200,
ae48df6541d190c096b1e5ba22d1b534.cnf.xz,2d-strip-packing,UNSAT,20,0.013,39.902,sweepequivalences,0.24,0.61,737647,243376983,28b587cf6ecf,3,200,
ae48df6541d190c096b1e5ba22d1b534.cnf.xz,2d-strip-packing,UNSAT,20,0.013,39.902,definition,0.16,0.39,737647,243376983,28b587cf6ecf,3,200,
ae48df6541d190c096b1e5ba22d1b534.cnf.xz,2d-strip-packing,UNSAT,20,0.013,39.902,transitive,0.12,0.29,737647,243376983,28b587cf6ecf,3,200,
ae48df6541d190c096b1e5ba22d1b534.cnf.xz,2d-strip-packing,UNSAT,20,0.013,39.902,congruence,0.09,0.22,737647,243376983,28b587cf6ecf,3,200,
ae48df6541d190c096b1e5ba22d1b534.cnf.xz,2d-strip-packing,UNSAT,20,0.013,39.902,extract,0.07,0.18,737647,243376983,28b587cf6ecf,3,200,
ae48df6541d190c096b1e5ba22d1b534.cnf.xz,2d-strip-packing,UNSAT,20,0.013,39.902,restart,0.05,0.14,737647,243376983,28b587cf6ecf,3,200,
ae48df6541d190c096b1e5ba22d1b534.cnf.xz,2d-strip-packing,UNSAT,20,0.013,39.902,defrag,0.05,0.13,737647,243376983,28b587cf6ecf,3,200,
ae48df6541d190c096b1e5ba22d1b534.cnf.xz,2d-strip-packing,UNSAT,20,0.013,39.902,walking,0.04,0.11,737647,243376983,28b587cf6ecf,3,200,
ae48df6541d190c096b1e5ba22d1b534.cnf.xz,2d-strip-packing,UNSAT,20,0.013,39.902,extractands,0.04,0.1,737647,243376983,28b587cf6ecf,3,200,
ae48df6541d190c096b1e5ba22d1b534.cnf.xz,2d-strip-packing,UNSAT,20,0.013,39.902,backbone,0.04,0.09,737647,243376983,28b587cf6ecf,3,200,
ae48df6541d190c096b1e5ba22d1b534.cnf.xz,2d-strip-packing,UNSAT,20,0.013,39.902,reorder,0.02,0.04,737647,243376983,28b587cf6ecf,3,200,
ae48df6541d190c096b1e5ba22d1b534.cnf.xz,2d-strip-packing,UNSAT,20,0.013,39.902,matching,0.01,0.03,737647,243376983,28b587cf6ecf,3,200,
ae48df6541d190c096b1e5ba22d1b534.cnf.xz,2d-strip-packing,UNSAT,20,0.013,39.902,parse,0.01,0.03,737647,243376983,28b587cf6ecf,3,200,
ae48df6541d190c096b1e5ba22d1b534.cnf.xz,2d-strip-packing,UNSAT,20,0.013,39.902,extractxors,0.01,0.03,737647,243376983,28b587cf6ecf,3,200,
ae48df6541d190c096b1e5ba22d1b534.cnf.xz,2d-strip-packing,UNSAT,20,0.013,39.902,warmup,0.01,0.02,737647,243376983,28b587cf6ecf,3,200,
ae48df6541d190c096b1e5ba22d1b534.cnf.xz,2d-strip-packing,UNSAT,20,0.013,39.902,extractbinaries,0.01,0.02,737647,243376983,28b587cf6ecf,3,200,
ae48df6541d190c096b1e5ba22d1b534.cnf.xz,2d-strip-packing,UNSAT,20,0.013,39.902,extractites,0.0,0.01,737647,243376983,28b587cf6ecf,3,200,
ae48df6541d190c096b1e5ba22d1b534.cnf.xz,2d-strip-packing,UNSAT,20,0.013,39.902,lucky,0.0,0.0,737647,243376983,28b587cf6ecf,3,200,
ae48df6541d190c096b1e5ba22d1b534.cnf.xz,2d-strip-packing,UNSAT,20,0.013,39.902,rephase,0.0,0.0,737647,243376983,28b587cf6ecf,3,200,
ae48df6541d190c096b1e5ba22d1b534.cnf.xz,2d-strip-packing,UNSAT,20,0.013,39.902,merge,0.0,0.0,737647,243376983,28b587cf6ecf,3,200,
ae48df6541d190c096b1e5ba22d1b534.cnf.xz,2d-strip-packing,UNSAT,20,0.013,39.902,total,39.88,100.0,737647,243376983,28b587cf6ecf,3,200,
b0abaa97c4663edc2048d86de3e2b226.cnf.xz,school-timetabling,UNSAT,20,0.019,126.642,search,104.72,82.72,3979619,1178396026,28b587cf6ecf,3,200,
b0abaa97c4663edc2048d86de3e2b226.cnf.xz,school-timetabling,UNSAT,20,0.019,126.642,focused,55.87,44.13,3979619,1178396026,28b587cf6ecf,3,200,
b0abaa97c4663edc2048d86de3e2b226.cnf.xz,school-timetabling,UNSAT,20,0.019,126.642,stable,48.85,38.58,3979619,1178396026,28b587cf6ecf,3,200,
b0abaa97c4663edc2048d86de3e2b226.cnf.xz,school-timetabling,UNSAT,20,0.019,126.642,analyze,30.41,24.02,3979619,1178396026,28b587cf6ecf,3,200,
b0abaa97c4663edc2048d86de3e2b226.cnf.xz,school-timetabling,UNSAT,20,0.019,126.642,simplify,21.74,17.17,3979619,1178396026,28b587cf6ecf,3,200,
b0abaa97c4663edc2048d86de3e2b226.cnf.xz,school-timetabling,UNSAT,20,0.019,126.642,probe,19.74,15.59,3979619,1178396026,28b587cf6ecf,3,200,
b0abaa97c4663edc2048d86de3e2b226.cnf.xz,school-timetabling,UNSAT,20,0.019,126.642,vivify,14.35,11.34,3979619,1178396026,28b587cf6ecf,3,200,
b0abaa97c4663edc2048d86de3e2b226.cnf.xz,school-timetabling,UNSAT,20,0.019,126.642,shrink,7.49,5.92,3979619,1178396026,28b587cf6ecf,3,200,
b0abaa97c4663edc2048d86de3e2b226.cnf.xz,school-timetabling,UNSAT,20,0.019,126.642,deduce,5.55,4.39,3979619,1178396026,28b587cf6ecf,3,200,
b0abaa97c4663edc2048d86de3e2b226.cnf.xz,school-timetabling,UNSAT,20,0.019,126.642,vivify1,5.15,4.06,3979619,1178396026,28b587cf6ecf,3,200,
b0abaa97c4663edc2048d86de3e2b226.cnf.xz,school-timetabling,UNSAT,20,0.019,126.642,vivify2,4.89,3.86,3979619,1178396026,28b587cf6ecf,3,200,
b0abaa97c4663edc2048d86de3e2b226.cnf.xz,school-timetabling,UNSAT,20,0.019,126.642,bump,4.76,3.76,3979619,1178396026,28b587cf6ecf,3,200,
b0abaa97c4663edc2048d86de3e2b226.cnf.xz,school-timetabling,UNSAT,20,0.019,126.642,sweep,2.49,1.96,3979619,1178396026,28b587cf6ecf,3,200,
b0abaa97c4663edc2048d86de3e2b226.cnf.xz,school-timetabling,UNSAT,20,0.019,126.642,vivify0,2.37,1.87,3979619,1178396026,28b587cf6ecf,3,200,
b0abaa97c4663edc2048d86de3e2b226.cnf.xz,school-timetabling,UNSAT,20,0.019,126.642,vivify3,1.95,1.54,3979619,1178396026,28b587cf6ecf,3,200,
b0abaa97c4663edc2048d86de3e2b226.cnf.xz,school-timetabling,UNSAT,20,0.019,126.642,eliminate,1.85,1.46,3979619,1178396026,28b587cf6ecf,3,200,
b0abaa97c4663edc2048d86de3e2b226.cnf.xz,school-timetabling,UNSAT,20,0.019,126.642,reduce,1.77,1.4,3979619,1178396026,28b587cf6ecf,3,200,
b0abaa97c4663edc2048d86de3e2b226.cnf.xz,school-timetabling,UNSAT,20,0.019,126.642,sweepbackbone,1.71,1.35,3979619,1178396026,28b587cf6ecf,3,200,
b0abaa97c4663edc2048d86de3e2b226.cnf.xz,school-timetabling,UNSAT,20,0.019,126.642,collect,1.54,1.21,3979619,1178396026,28b587cf6ecf,3,200,
b0abaa97c4663edc2048d86de3e2b226.cnf.xz,school-timetabling,UNSAT,20,0.019,126.642,minimize,1.2,0.95,3979619,1178396026,28b587cf6ecf,3,200,
b0abaa97c4663edc2048d86de3e2b226.cnf.xz,school-timetabling,UNSAT,20,0.019,126.642,substitute,0.85,0.67,3979619,1178396026,28b587cf6ecf,3,200,
b0abaa97c4663edc2048d86de3e2b226.cnf.xz,school-timetabling,UNSAT,20,0.019,126.642,transitive,0.84,0.67,3979619,1178396026,28b587cf6ecf,3,200,
b0abaa97c4663edc2048d86de3e2b226.cnf.xz,school-timetabling,UNSAT,20,0.019,126.642,definition,0.76,0.6,3979619,1178396026,28b587cf6ecf,3,200,
b0abaa97c4663edc2048d86de3e2b226.cnf.xz,school-timetabling,UNSAT,20,0.019,126.642,factor,0.59,0.47,3979619,1178396026,28b587cf6ecf,3,200,
b0abaa97c4663edc2048d86de3e2b226.cnf.xz,school-timetabling,UNSAT,20,0.019,126.642,backbone,0.54,0.43,3979619,1178396026,28b587cf6ecf,3,200,
b0abaa97c4663edc2048d86de3e2b226.cnf.xz,school-timetabling,UNSAT,20,0.019,126.642,sweepequivalences,0.4,0.31,3979619,1178396026,28b587cf6ecf,3,200,
b0abaa97c4663edc2048d86de3e2b226.cnf.xz,school-timetabling,UNSAT,20,0.019,126.642,walking,0.27,0.21,3979619,1178396026,28b587cf6ecf,3,200,
b0abaa97c4663edc2048d86de3e2b226.cnf.xz,school-timetabling,UNSAT,20,0.019,126.642,defrag,0.2,0.16,3979619,1178396026,28b587cf6ecf,3,200,
b0abaa97c4663edc2048d86de3e2b226.cnf.xz,school-timetabling,UNSAT,20,0.019,126.642,preprocess,0.12,0.1,3979619,1178396026,28b587cf6ecf,3,200,
b0abaa97c4663edc2048d86de3e2b226.cnf.xz,school-timetabling,UNSAT,20,0.019,126.642,subsume,0.12,0.1,3979619,1178396026,28b587cf6ecf,3,200,
b0abaa97c4663edc2048d86de3e2b226.cnf.xz,school-timetabling,UNSAT,20,0.019,126.642,restart,0.12,0.09,3979619,1178396026,28b587cf6ecf,3,200,
b0abaa97c4663edc2048d86de3e2b226.cnf.xz,school-timetabling,UNSAT,20,0.019,126.642,congruence,0.07,0.06,3979619,1178396026,28b587cf6ecf,3,200,
b0abaa97c4663edc2048d86de3e2b226.cnf.xz,school-timetabling,UNSAT,20,0.019,126.642,extract,0.06,0.05,3979619,1178396026,28b587cf6ecf,3,200,
b0abaa97c4663edc2048d86de3e2b226.cnf.xz,school-timetabling,UNSAT,20,0.019,126.642,reorder,0.05,0.04,3979619,1178396026,28b587cf6ecf,3,200,
b0abaa97c4663edc2048d86de3e2b226.cnf.xz,school-timetabling,UNSAT,20,0.019,126.642,warmup,0.02,0.02,3979619,1178396026,28b587cf6ecf,3,200,
b0abaa97c4663edc2048d86de3e2b226.cnf.xz,school-timetabling,UNSAT,20,0.019,126.642,parse,0.02,0.01,3979619,1178396026,28b587cf6ecf,3,200,
b0abaa97c4663edc2048d86de3e2b226.cnf.xz,school-timetabling,UNSAT,20,0.019,126.642,extractands,0.02,0.01,3979619,1178396026,28b587cf6ecf,3,200,
b0abaa97c4663edc2048d86de3e2b226.cnf.xz,school-timetabling,UNSAT,20,0.019,126.642,extractbinaries,0.01,0.01,3979619,1178396026,28b587cf6ecf,3,200,
b0abaa97c4663edc2048d86de3e2b226.cnf.xz,school-timetabling,UNSAT,20,0.019,126.642,extractxors,0.01,0.01,3979619,1178396026,28b587cf6ecf,3,200,
b0abaa97c4663edc2048d86de3e2b226.cnf.xz,school-timetabling,UNSAT,20,0.019,126.642,matching,0.0,0.0,3979619,1178396026,28b587cf6ecf,3,200,
b0abaa97c4663edc2048d86de3e2b226.cnf.xz,school-timetabling,UNSAT,20,0.019,126.642,extractites,0.0,0.0,3979619,1178396026,28b587cf6ecf,3,200,
b0abaa97c4663edc2048d86de3e2b226.cnf.xz,school-timetabling,UNSAT,20,0.019,126.642,lucky,0.0,0.0,3979619,1178396026,28b587cf6ecf,3,200,
b0abaa97c4663edc2048d86de3e2b226.cnf.xz,school-timetabling,UNSAT,20,0.019,126.642,rephase,0.0,0.0,3979619,1178396026,28b587cf6ecf,3,200,
b0abaa97c4663edc2048d86de3e2b226.cnf.xz,school-timetabling,UNSAT,20,0.019,126.642,merge,0.0,0.0,3979619,1178396026,28b587cf6ecf,3,200,
b0abaa97c4663edc2048d86de3e2b226.cnf.xz,school-timetabling,UNSAT,20,0.019,126.642,total,126.6,100.0,3979619,1178396026,28b587cf6ecf,3,200,
b54b26f38d40a687b6277c49cf85de69.cnf.xz,baseball-lineup,UNKNOWN,0,0.612,200.735,lucky,198.41,99.17,0,1071832423,28b587cf6ecf,3,200,
b54b26f38d40a687b6277c49cf85de69.cnf.xz,baseball-lineup,UNKNOWN,0,0.612,200.735,parse,1.19,0.59,0,1071832423,28b587cf6ecf,3,200,
b54b26f38d40a687b6277c49cf85de69.cnf.xz,baseball-lineup,UNKNOWN,0,0.612,200.735,preprocess,0.47,0.24,0,1071832423,28b587cf6ecf,3,200,
b54b26f38d40a687b6277c49cf85de69.cnf.xz,baseball-lineup,UNKNOWN,0,0.612,200.735,collect,0.47,0.24,0,1071832423,28b587cf6ecf,3,200,
b54b26f38d40a687b6277c49cf85de69.cnf.xz,baseball-lineup,UNKNOWN,0,0.612,200.735,defrag,0.39,0.19,0,1071832423,28b587cf6ecf,3,200,
b54b26f38d40a687b6277c49cf85de69.cnf.xz,baseball-lineup,UNKNOWN,0,0.612,200.735,search,0.0,0.0,0,1071832423,28b587cf6ecf,3,200,
b54b26f38d40a687b6277c49cf85de69.cnf.xz,baseball-lineup,UNKNOWN,0,0.612,200.735,focused,0.0,0.0,0,1071832423,28b587cf6ecf,3,200,
b54b26f38d40a687b6277c49cf85de69.cnf.xz,baseball-lineup,UNKNOWN,0,0.612,200.735,analyze,0.0,0.0,0,1071832423,28b587cf6ecf,3,200,
b54b26f38d40a687b6277c49cf85de69.cnf.xz,baseball-lineup,UNKNOWN,0,0.612,200.735,simplify,0.0,0.0,0,1071832423,28b587cf6ecf,3,200,
b54b26f38d40a687b6277c49cf85de69.cnf.xz,baseball-lineup,UNKNOWN,0,0.612,200.735,total,200.07,100.0,0,1071832423,28b587cf6ecf,3,200,
bbcfd33f07cbf6fefa950d8254aa34ce.cnf.xz,ecc-equivalence-checking,SAT,10,5.297,10.444,parse,4.91,92.08,0,12129449,28b587cf6ecf,3,200,
bbcfd33f07cbf6fefa950d8254aa34ce.cnf.xz,ecc-equivalence-checking,SAT,10,5.297,10.444,defrag,1.4,26.26,0,12129449,28b587cf6ecf,3,200,
bbcfd33f07cbf6fefa950d8254aa34ce.cnf.xz,ecc-equivalence-checking,SAT,10,5.297,10.444,lucky,0.42,7.92,0,12129449,28b587cf6ecf,3,200,
bbcfd33f07cbf6fefa950d8254aa34ce.cnf.xz,ecc-equivalence-checking,SAT,10,5.297,10.444,search,0.0,0.0,0,12129449,28b587cf6ecf,3,200,
bbcfd33f07cbf6fefa950d8254aa34ce.cnf.xz,ecc-equivalence-checking,SAT,10,5.297,10.444,simplify,0.0,0.0,0,12129449,28b587cf6ecf,3,200,
bbcfd33f07cbf6fefa950d8254aa34ce.cnf.xz,ecc-equivalence-checking,SAT,10,5.297,10.444,total,5.33,100.0,0,12129449,28b587cf6ecf,3,200,
bd0b055b890a9ace598a0c4aba40de30.cnf.xz,trigonometric-functions,UNKNOWN,0,0.342,200.206,simplify,110.0,55.05,902019,1010387711,28b587cf6ecf,3,200,
bd0b055b890a9ace598a0c4aba40de30.cnf.xz,trigonometric-functions,UNKNOWN,0,0.342,200.206,search,88.1,44.09,902019,1010387711,28b587cf6ecf,3,200,
bd0b055b890a9ace598a0c4aba40de30.cnf.xz,trigonometric-functions,UNKNOWN,0,0.342,200.206,probe,71.37,35.72,902019,1010387711,28b587cf6ecf,3,200,
bd0b055b890a9ace598a0c4aba40de30.cnf.xz,trigonometric-functions,UNKNOWN,0,0.342,200.206,focused,47.15,23.59,902019,1010387711,28b587cf6ecf,3,200,
bd0b055b890a9ace598a0c4aba40de30.cnf.xz,trigonometric-functions,UNKNOWN,0,0.342,200.206,stable,40.95,20.49,902019,1010387711,28b587cf6ecf,3,200,
bd0b055b890a9ace598a0c4aba40de30.cnf.xz,trigonometric-functions,UNKNOWN,0,0.342,200.206,eliminate,38.3,19.17,902019,1010387711,28b587cf6ecf,3,200,
bd0b055b890a9ace598a0c4aba40de30.cnf.xz,trigonometric-functions,UNKNOWN,0,0.342,200.206,vivify,23.73,11.88,902019,1010387711,28b587cf6ecf,3,200,
bd0b055b890a9ace598a0c4aba40de30.cnf.xz,trigonometric-functions,UNKNOWN,0,0.342,200.206,analyze,18.98,9.5,902019,1010387711,28b587cf6ecf,3,200,
bd0b055b890a9ace598a0c4aba40de30.cnf.xz,trigonometric-functions,UNKNOWN,0,0.342,200.206,definition,16.17,8.09,902019,1010387711,28b587cf6ecf,3,200,
bd0b055b890a9ace598a0c4aba40de30.cnf.xz,trigonometric-functions,UNKNOWN,0,0.342,200.206,factor,12.13,6.07,902019,1010387711,28b587cf6ecf,3,200,
bd0b055b890a9ace598a0c4aba40de30.cnf.xz,trigonometric-functions,UNKNOWN,0,0.342,200.206,sweep,11.83,5.92,902019,1010387711,28b587cf6ecf,3,200,
bd0b055b890a9ace598a0c4aba40de30.cnf.xz,trigonometric-functions,UNKNOWN,0,0.342,200.206,substitute,11.71,5.86,902019,1010387711,28b587cf6ecf,3,200,
bd0b055b890a9ace598a0c4aba40de30.cnf.xz,trigonometric-functions,UNKNOWN,0,0.342,200.206,vivify1,7.74,3.87,902019,1010387711,28b587cf6ecf,3,200,
bd0b055b890a9ace598a0c4aba40de30.cnf.xz,trigonometric-functions,UNKNOWN,0,0.342,200.206,congruence,7.53,3.77,902019,1010387711,28b587cf6ecf,3,200,
bd0b055b890a9ace598a0c4aba40de30.cnf.xz,trigonometric-functions,UNKNOWN,0,0.342,200.206,shrink,7.48,3.74,902019,1010387711,28b587cf6ecf,3,200,
bd0b055b890a9ace598a0c4aba40de30.cnf.xz,trigonometric-functions,UNKNOWN,0,0.342,200.206,vivify2,6.71,3.36,902019,1010387711,28b587cf6ecf,3,200,
bd0b055b890a9ace598a0c4aba40de30.cnf.xz,trigonometric-functions,UNKNOWN,0,0.342,200.206,subsume,5.66,2.83,902019,1010387711,28b587cf6ecf,3,200,
bd0b055b890a9ace598a0c4aba40de30.cnf.xz,trigonometric-functions,UNKNOWN,0,0.342,200.206,extract,5.26,2.63,902019,1010387711,28b587cf6ecf,3,200,
bd0b055b890a9ace598a0c4aba40de30.cnf.xz,trigonometric-functions,UNKNOWN,0,0.342,200.206,vivify3,4.64,2.32,902019,1010387711,28b587cf6ecf,3,200,
bd0b055b890a9ace598a0c4aba40de30.cnf.xz,trigonometric-functions,UNKNOWN,0,0.342,200.206,vivify0,4.64,2.32,902019,1010387711,28b587cf6ecf,3,200,
bd0b055b890a9ace598a0c4aba40de30.cnf.xz,trigonometric-functions,UNKNOWN,0,0.342,200.206,deduce,4.07,2.04,902019,1010387711,28b587cf6ecf,3,200,
bd0b055b890a9ace598a0c4aba40de30.cnf.xz,trigonometric-functions,UNKNOWN,0,0.342,200.206,collect,4.02,2.01,902019,1010387711,28b587cf6ecf,3,200,
bd0b055b890a9ace598a0c4aba40de30.cnf.xz,trigonometric-functions,UNKNOWN,0,0.342,200.206,sweepbackbone,3.92,1.96,902019,1010387711,28b587cf6ecf,3,200,
bd0b055b890a9ace598a0c4aba40de30.cnf.xz,trigonometric-functions,UNKNOWN,0,0.342,200.206,reduce,3.89,1.95,902019,1010387711,28b587cf6ecf,3,200,
bd0b055b890a9ace598a0c4aba40de30.cnf.xz,trigonometric-functions,UNKNOWN,0,0.342,200.206,bump,2.81,1.41,902019,1010387711,28b587cf6ecf,3,200,
bd0b055b890a9ace598a0c4aba40de30.cnf.xz,trigonometric-functions,UNKNOWN,0,0.342,200.206,sweepequivalences,2.71,1.35,902019,1010387711,28b587cf6ecf,3,200,
bd0b055b890a9ace598a0c4aba40de30.cnf.xz,trigonometric-functions,UNKNOWN,0,0.342,200.206,backbone,2.38,1.19,902019,1010387711,28b587cf6ecf,3,200,
bd0b055b890a9ace598a0c4aba40de30.cnf.xz,trigonometric-functions,UNKNOWN,0,0.342,200.206,matching,2.07,1.03,902019,1010387711,28b587cf6ecf,3,200,
bd0b055b890a9ace598a0c4aba40de30.cnf.xz,trigonometric-functions,UNKNOWN,0,0.342,200.206,transitive,2.05,1.03,902019,1010387711,28b587cf6ecf,3,200,
bd0b055b890a9ace598a0c4aba40de30.cnf.xz,trigonometric-functions,UNKNOWN,0,0.342,200.206,extractxors,2.0,1.0,902019,1010387711,28b587cf6ecf,3,200,
bd0b055b890a9ace598a0c4aba40de30.cnf.xz,trigonometric-functions,UNKNOWN,0,0.342,200.206,walking,1.56,0.78,902019,1010387711,28b587cf6ecf,3,200,
bd0b055b890a9ace598a0c4aba40de30.cnf.xz,trigonometric-functions,UNKNOWN,0,0.342,200.206,preprocess,1.32,0.66,902019,1010387711,28b587cf6ecf,3,200,
bd0b055b890a9ace598a0c4aba40de30.cnf.xz,trigonometric-functions,UNKNOWN,0,0.342,200.206,extractites,1.21,0.61,902019,1010387711,28b587cf6ecf,3,200,
bd0b055b890a9ace598a0c4aba40de30.cnf.xz,trigonometric-functions,UNKNOWN,0,0.342,200.206,extractands,0.81,0.41,902019,1010387711,28b587cf6ecf,3,200,
bd0b055b890a9ace598a0c4aba40de30.cnf.xz,trigonometric-functions,UNKNOWN,0,0.342,200.206,reorder,0.79,0.39,902019,1010387711,28b587cf6ecf,3,200,
bd0b055b890a9ace598a0c4aba40de30.cnf.xz,trigonometric-functions,UNKNOWN,0,0.342,200.206,restart,0.76,0.38,902019,1010387711,28b587cf6ecf,3,200,
bd0b055b890a9ace598a0c4aba40de30.cnf.xz,trigonometric-functions,UNKNOWN,0,0.342,200.206,warmup,0.5,0.25,902019,1010387711,28b587cf6ecf,3,200,
bd0b055b890a9ace598a0c4aba40de30.cnf.xz,trigonometric-functions,UNKNOWN,0,0.342,200.206,parse,0.37,0.19,902019,1010387711,28b587cf6ecf,3,200,
bd0b055b890a9ace598a0c4aba40de30.cnf.xz,trigonometric-functions,UNKNOWN,0,0.342,200.206,extractbinaries,0.32,0.16,902019,1010387711,28b587cf6ecf,3,200,
bd0b055b890a9ace598a0c4aba40de30.cnf.xz,trigonometric-functions,UNKNOWN,0,0.342,200.206,minimize,0.28,0.14,902019,1010387711,28b587cf6ecf,3,200,
bd0b055b890a9ace598a0c4aba40de30.cnf.xz,trigonometric-functions,UNKNOWN,0,0.342,200.206,defrag,0.24,0.12,902019,1010387711,28b587cf6ecf,3,200,
bd0b055b890a9ace598a0c4aba40de30.cnf.xz,trigonometric-functions,UNKNOWN,0,0.342,200.206,lucky,0.03,0.02,902019,1010387711,28b587cf6ecf,3,200,
bd0b055b890a9ace598a0c4aba40de30.cnf.xz,trigonometric-functions,UNKNOWN,0,0.342,200.206,merge,0.01,0.01,902019,1010387711,28b587cf6ecf,3,200,
bd0b055b890a9ace598a0c4aba40de30.cnf.xz,trigonometric-functions,UNKNOWN,0,0.342,200.206,rephase,0.0,0.0,902019,1010387711,28b587cf6ecf,3,200,
bd0b055b890a9ace598a0c4aba40de30.cnf.xz,trigonometric-functions,UNKNOWN,0,0.342,200.206,total,199.81,100.0,902019,1010387711,28b587cf6ecf,3,200,
bf8c8761003704e761ce36db6665f741.cnf.xz,stable-semantics,UNSAT,20,0.211,9.115,search,4.79,53.69,143019,44442691,28b587cf6ecf,3,200,
bf8c8761003704e761ce36db6665f741.cnf.xz,stable-semantics,UNSAT,20,0.211,9.115,probe,3.46,38.79,143019,44442691,28b587cf6ecf,3,200,
bf8c8761003704e761ce36db6665f741.cnf.xz,stable-semantics,UNSAT,20,0.211,9.115,simplify,2.76,30.95,143019,44442691,28b587cf6ecf,3,200,
bf8c8761003704e761ce36db6665f741.cnf.xz,stable-semantics,UNSAT,20,0.211,9.115,focused,2.44,27.39,143019,44442691,28b587cf6ecf,3,200,
bf8c8761003704e761ce36db6665f741.cnf.xz,stable-semantics,UNSAT,20,0.211,9.115,stable,2.35,26.3,143019,44442691,28b587cf6ecf,3,200,
bf8c8761003704e761ce36db6665f741.cnf.xz,stable-semantics,UNSAT,20,0.211,9.115,factor,1.59,17.79,143019,44442691,28b587cf6ecf,3,200,
bf8c8761003704e761ce36db6665f741.cnf.xz,stable-semantics,UNSAT,20,0.211,9.115,analyze,1.36,15.28,143019,44442691,28b587cf6ecf,3,200,
bf8c8761003704e761ce36db6665f741.cnf.xz,stable-semantics,UNSAT,20,0.211,9.115,preprocess,1.28,14.37,143019,44442691,28b587cf6ecf,3,200,
bf8c8761003704e761ce36db6665f741.cnf.xz,stable-semantics,UNSAT,20,0.211,9.115,vivify,0.9,10.05,143019,44442691,28b587cf6ecf,3,200,
bf8c8761003704e761ce36db6665f741.cnf.xz,stable-semantics,UNSAT,20,0.211,9.115,eliminate,0.51,5.72,143019,44442691,28b587cf6ecf,3,200,
bf8c8761003704e761ce36db6665f741.cnf.xz,stable-semantics,UNSAT,20,0.211,9.115,substitute,0.32,3.55,143019,44442691,28b587cf6ecf,3,200,
bf8c8761003704e761ce36db6665f741.cnf.xz,stable-semantics,UNSAT,20,0.211,9.115,vivify1,0.31,3.51,143019,44442691,28b587cf6ecf,3,200,
bf8c8761003704e761ce36db6665f741.cnf.xz,stable-semantics,UNSAT,20,0.211,9.115,vivify2,0.29,3.29,143019,44442691,28b587cf6ecf,3,200,
bf8c8761003704e761ce36db6665f741.cnf.xz,stable-semantics,UNSAT,20,0.211,9.115,shrink,0.29,3.23,143019,44442691,28b587cf6ecf,3,200,
bf8c8761003704e761ce36db6665f741.cnf.xz,stable-semantics,UNSAT,20,0.211,9.115,subsume,0.28,3.17,143019,44442691,28b587cf6ecf,3,200,
bf8c8761003704e761ce36db6665f741.cnf.xz,stable-semantics,UNSAT,20,0.211,9.115,sweep,0.27,3.08,143019,44442691,28b587cf6ecf,3,200,
bf8c8761003704e761ce36db6665f741.cnf.xz,stable-semantics,UNSAT,20,0.211,9.115,deduce,0.24,2.68,143019,44442691,28b587cf6ecf,3,200,
bf8c8761003704e761ce36db6665f741.cnf.xz,stable-semantics,UNSAT,20,0.211,9.115,bump,0.24,2.65,143019,44442691,28b587cf6ecf,3,200,
bf8c8761003704e761ce36db6665f741.cnf.xz,stable-semantics,UNSAT,20,0.211,9.115,vivify3,0.22,2.44,143019,44442691,28b587cf6ecf,3,200,
bf8c8761003704e761ce36db6665f741.cnf.xz,stable-semantics,UNSAT,20,0.211,9.115,backbone,0.18,2.03,143019,44442691,28b587cf6ecf,3,200,
bf8c8761003704e761ce36db6665f741.cnf.xz,stable-semantics,UNSAT,20,0.211,9.115,congruence,0.15,1.68,143019,44442691,28b587cf6ecf,3,200,
bf8c8761003704e761ce36db6665f741.cnf.xz,stable-semantics,UNSAT,20,0.211,9.115,collect,0.15,1.63,143019,44442691,28b587cf6ecf,3,200,
bf8c8761003704e761ce36db6665f741.cnf.xz,stable-semantics,UNSAT,20,0.211,9.115,reduce,0.14,1.6,143019,44442691,28b587cf6ecf,3,200,
bf8c8761003704e761ce36db6665f741.cnf.xz,stable-semantics,UNSAT,20,0.211,9.115,extract,0.14,1.58,143019,44442691,28b587cf6ecf,3,200,
bf8c8761003704e761ce36db6665f741.cnf.xz,stable-semantics,UNSAT,20,0.211,9.115,extractands,0.1,1.1,143019,44442691,28b587cf6ecf,3,200,
bf8c8761003704e761ce36db6665f741.cnf.xz,stable-semantics,UNSAT,20,0.211,9.115,sweepbackbone,0.09,0.97,143019,44442691,28b587cf6ecf,3,200,
bf8c8761003704e761ce36db6665f741.cnf.xz,stable-semantics,UNSAT,20,0.211,9.115,parse,0.08,0.88,143019,44442691,28b587cf6ecf,3,200,
bf8c8761003704e761ce36db6665f741.cnf.xz,stable-semantics,UNSAT,20,0.211,9.115,definition,0.07,0.82,143019,44442691,28b587cf6ecf,3,200,
bf8c8761003704e761ce36db6665f741.cnf.xz,stable-semantics,UNSAT,20,0.211,9.115,vivify0,0.07,0.8,143019,44442691,28b587cf6ecf,3,200,
bf8c8761003704e761ce36db6665f741.cnf.xz,stable-semantics,UNSAT,20,0.211,9.115,walking,0.06,0.68,143019,44442691,28b587cf6ecf,3,200,
bf8c8761003704e761ce36db6665f741.cnf.xz,stable-semantics,UNSAT,20,0.211,9.115,transitive,0.06,0.62,143019,44442691,28b587cf6ecf,3,200,
bf8c8761003704e761ce36db6665f741.cnf.xz,stable-semantics,UNSAT,20,0.211,9.115,minimize,0.05,0.56,143019,44442691,28b587cf6ecf,3,200,
bf8c8761003704e761ce36db6665f741.cnf.xz,stable-semantics,UNSAT,20,0.211,9.115,sweepequivalences,0.03,0.29,143019,44442691,28b587cf6ecf,3,200,
bf8c8761003704e761ce36db6665f741.cnf.xz,stable-semantics,UNSAT,20,0.211,9.115,defrag,0.02,0.28,143019,44442691,28b587cf6ecf,3,200,
bf8c8761003704e761ce36db6665f741.cnf.xz,stable-semantics,UNSAT,20,0.211,9.115,reorder,0.02,0.25,143019,44442691,28b587cf6ecf,3,200,
bf8c8761003704e761ce36db6665f741.cnf.xz,stable-semantics,UNSAT,20,0.211,9.115,extractbinaries,0.02,0.19,143019,44442691,28b587cf6ecf,3,200,
bf8c8761003704e761ce36db6665f741.cnf.xz,stable-semantics,UNSAT,20,0.211,9.115,warmup,0.01,0.15,143019,44442691,28b587cf6ecf,3,200,
bf8c8761003704e761ce36db6665f741.cnf.xz,stable-semantics,UNSAT,20,0.211,9.115,lucky,0.01,0.1,143019,44442691,28b587cf6ecf,3,200,
bf8c8761003704e761ce36db6665f741.cnf.xz,stable-semantics,UNSAT,20,0.211,9.115,restart,0.0,0.05,143019,44442691,28b587cf6ecf,3,200,
bf8c8761003704e761ce36db6665f741.cnf.xz,stable-semantics,UNSAT,20,0.211,9.115,extractxors,0.0,0.02,143019,44442691,28b587cf6ecf,3,200,
bf8c8761003704e761ce36db6665f741.cnf.xz,stable-semantics,UNSAT,20,0.211,9.115,extractites,0.0,0.01,143019,44442691,28b587cf6ecf,3,200,
bf8c8761003704e761ce36db6665f741.cnf.xz,stable-semantics,UNSAT,20,0.211,9.115,rephase,0.0,0.01,143019,44442691,28b587cf6ecf,3,200,
bf8c8761003704e761ce36db6665f741.cnf.xz,stable-semantics,UNSAT,20,0.211,9.115,merge,0.0,0.0,143019,44442691,28b587cf6ecf,3,200,
bf8c8761003704e761ce36db6665f741.cnf.xz,stable-semantics,UNSAT,20,0.211,9.115,total,8.92,100.0,143019,44442691,28b587cf6ecf,3,200,
c14f0c610d59a9d5e8cec328485b916f.cnf.xz,van-der-waerden,UNKNOWN,0,0.007,200.006,search,182.22,91.13,4008325,102185655,28b587cf6ecf,3,200,
c14f0c610d59a9d5e8cec328485b916f.cnf.xz,van-der-waerden,UNKNOWN,0,0.007,200.006,focused,93.31,46.66,4008325,102185655,28b587cf6ecf,3,200,
c14f0c610d59a9d5e8cec328485b916f.cnf.xz,van-der-waerden,UNKNOWN,0,0.007,200.006,stable,88.91,44.46,4008325,102185655,28b587cf6ecf,3,200,
c14f0c610d59a9d5e8cec328485b916f.cnf.xz,van-der-waerden,UNKNOWN,0,0.007,200.006,analyze,26.65,13.33,4008325,102185655,28b587cf6ecf,3,200,
c14f0c610d59a9d5e8cec328485b916f.cnf.xz,van-der-waerden,UNKNOWN,0,0.007,200.006,simplify,17.63,8.82,4008325,102185655,28b587cf6ecf,3,200,
c14f0c610d59a9d5e8cec328485b916f.cnf.xz,van-der-waerden,UNKNOWN,0,0.007,200.006,probe,17.1,8.55,4008325,102185655,28b587cf6ecf,3,200,
c14f0c610d59a9d5e8cec328485b916f.cnf.xz,van-der-waerden,UNKNOWN,0,0.007,200.006,vivify,14.17,7.09,4008325,102185655,28b587cf6ecf,3,200,
c14f0c610d59a9d5e8cec328485b916f.cnf.xz,van-der-waerden,UNKNOWN,0,0.007,200.006,shrink,5.91,2.95,4008325,102185655,28b587cf6ecf,3,200,
c14f0c610d59a9d5e8cec328485b916f.cnf.xz,van-der-waerden,UNKNOWN,0,0.007,200.006,vivify2,5.79,2.89,4008325,102185655,28b587cf6ecf,3,200,
c14f0c610d59a9d5e8cec328485b916f.cnf.xz,van-der-waerden,UNKNOWN,0,0.007,200.006,vivify1,5.74,2.87,4008325,102185655,28b587cf6ecf,3,200,
c14f0c610d59a9d5e8cec328485b916f.cnf.xz,van-der-waerden,UNKNOWN,0,0.007,200.006,deduce,5.52,2.76,4008325,102185655,28b587cf6ecf,3,200,
c14f0c610d59a9d5e8cec328485b916f.cnf.xz,van-der-waerden,UNKNOWN,0,0.007,200.006,bump,3.8,1.9,4008325,102185655,28b587cf6ecf,3,200,
c14f0c610d59a9d5e8cec328485b916f.cnf.xz,van-der-waerden,UNKNOWN,0,0.007,200.006,reduce,3.17,1.58,4008325,102185655,28b587cf6ecf,3,200,
c14f0c610d59a9d5e8cec328485b916f.cnf.xz,van-der-waerden,UNKNOWN,0,0.007,200.006,collect,2.82,1.41,4008325,102185655,28b587cf6ecf,3,200,
c14f0c610d59a9d5e8cec328485b916f.cnf.xz,van-der-waerden,UNKNOWN,0,0.007,200.006,sweep,2.38,1.19,4008325,102185655,28b587cf6ecf,3,200,
c14f0c610d59a9d5e8cec328485b916f.cnf.xz,van-der-waerden,UNKNOWN,0,0.007,200.006,vivify3,2.16,1.08,4008325,102185655,28b587cf6ecf,3,200,
c14f0c610d59a9d5e8cec328485b916f.cnf.xz,van-der-waerden,UNKNOWN,0,0.007,200.006,minimize,1.19,0.6,4008325,102185655,28b587cf6ecf,3,200,
c14f0c610d59a9d5e8cec328485b916f.cnf.xz,van-der-waerden,UNKNOWN,0,0.007,200.006,sweepbackbone,1.06,0.53,4008325,102185655,28b587cf6ecf,3,200,
c14f0c610d59a9d5e8cec328485b916f.cnf.xz,van-der-waerden,UNKNOWN,0,0.007,200.006,walking,0.59,0.29,4008325,102185655,28b587cf6ecf,3,200,
c14f0c610d59a9d5e8cec328485b916f.cnf.xz,van-der-waerden,UNKNOWN,0,0.007,200.006,vivify0,0.48,0.24,4008325,102185655,28b587cf6ecf,3,200,
c14f0c610d59a9d5e8cec328485b916f.cnf.xz,van-der-waerden,UNKNOWN,0,0.007,200.006,substitute,0.41,0.2,4008325,102185655,28b587cf6ecf,3,200,
c14f0c610d59a9d5e8cec328485b916f.cnf.xz,van-der-waerden,UNKNOWN,0,0.007,200.006,defrag,0.19,0.09,4008325,102185655,28b587cf6ecf,3,200,
c14f0c610d59a9d5e8cec328485b916f.cnf.xz,van-der-waerden,UNKNOWN,0,0.007,200.006,sweepequivalences,0.13,0.07,4008325,102185655,28b587cf6ecf,3,200,
c14f0c610d59a9d5e8cec328485b916f.cnf.xz,van-der-waerden,UNKNOWN,0,0.007,200.006,factor,0.11,0.06,4008325,102185655,28b587cf6ecf,3,200,
c14f0c610d59a9d5e8cec328485b916f.cnf.xz,van-der-waerden,UNKNOWN,0,0.007,200.006,preprocess,0.11,0.05,4008325,102185655,28b587cf6ecf,3,200,
c14f0c610d59a9d5e8cec328485b916f.cnf.xz,van-der-waerden,UNKNOWN,0,0.007,200.006,eliminate,0.05,0.03,4008325,102185655,28b587cf6ecf,3,200,
c14f0c610d59a9d5e8cec328485b916f.cnf.xz,van-der-waerden,UNKNOWN,0,0.007,200.006,restart,0.05,0.02,4008325,102185655,28b587cf6ecf,3,200,
c14f0c610d59a9d5e8cec328485b916f.cnf.xz,van-der-waerden,UNKNOWN,0,0.007,200.006,congruence,0.02,0.01,4008325,102185655,28b587cf6ecf,3,200,
c14f0c610d59a9d5e8cec328485b916f.cnf.xz,van-der-waerden,UNKNOWN,0,0.007,200.006,definition,0.01,0.01,4008325,102185655,28b587cf6ecf,3,200,
c14f0c610d59a9d5e8cec328485b916f.cnf.xz,van-der-waerden,UNKNOWN,0,0.007,200.006,warmup,0.01,0.01,4008325,102185655,28b587cf6ecf,3,200,
c14f0c610d59a9d5e8cec328485b916f.cnf.xz,van-der-waerden,UNKNOWN,0,0.007,200.006,extract,0.01,0.01,4008325,102185655,28b587cf6ecf,3,200,
c14f0c610d59a9d5e8cec328485b916f.cnf.xz,van-der-waerden,UNKNOWN,0,0.007,200.006,reorder,0.01,0.01,4008325,102185655,28b587cf6ecf,3,200,
c14f0c610d59a9d5e8cec328485b916f.cnf.xz,van-der-waerden,UNKNOWN,0,0.007,200.006,transitive,0.01,0.01,4008325,102185655,28b587cf6ecf,3,200,
c14f0c610d59a9d5e8cec328485b916f.cnf.xz,van-der-waerden,UNKNOWN,0,0.007,200.006,subsume,0.01,0.01,4008325,102185655,28b587cf6ecf,3,200,
c14f0c610d59a9d5e8cec328485b916f.cnf.xz,van-der-waerden,UNKNOWN,0,0.007,200.006,matching,0.0,0.0,4008325,102185655,28b587cf6ecf,3,200,
c14f0c610d59a9d5e8cec328485b916f.cnf.xz,van-der-waerden,UNKNOWN,0,0.007,200.006,parse,0.0,0.0,4008325,102185655,28b587cf6ecf,3,200,
c14f0c610d59a9d5e8cec328485b916f.cnf.xz,van-der-waerden,UNKNOWN,0,0.007,200.006,extractxors,0.0,0.0,4008325,102185655,28b587cf6ecf,3,200,
c14f0c610d59a9d5e8cec328485b916f.cnf.xz,van-der-waerden,UNKNOWN,0,0.007,200.006,lucky,0.0,0.0,4008325,102185655,28b587cf6ecf,3,200,
c14f0c610d59a9d5e8cec328485b916f.cnf.xz,van-der-waerden,UNKNOWN,0,0.007,200.006,extractbinaries,0.0,0.0,4008325,102185655,28b587cf6ecf,3,200,
c14f0c610d59a9d5e8cec328485b916f.cnf.xz,van-der-waerden,UNKNOWN,0,0.007,200.006,rephase,0.0,0.0,4008325,102185655,28b587cf6ecf,3,200,
c14f0c610d59a9d5e8cec328485b916f.cnf.xz,van-der-waerden,UNKNOWN,0,0.007,200.006,backbone,0.0,0.0,4008325,102185655,28b587cf6ecf,3,200,
c14f0c610d59a9d5e8cec328485b916f.cnf.xz,van-der-waerden,UNKNOWN,0,0.007,200.006,extractands,0.0,0.0,4008325,102185655,28b587cf6ecf,3,200,
c14f0c610d59a9d5e8cec328485b916f.cnf.xz,van-der-waerden,UNKNOWN,0,0.007,200.006,extractites,0.0,0.0,4008325,102185655,28b587cf6ecf,3,200,
c14f0c610d59a9d5e8cec328485b916f.cnf.xz,van-der-waerden,UNKNOWN,0,0.007,200.006,merge,0.0,0.0,4008325,102185655,28b587cf6ecf,3,200,
c14f0c610d59a9d5e8cec328485b916f.cnf.xz,van-der-waerden,UNKNOWN,0,0.007,200.006,total,199.96,100.0,4008325,102185655,28b587cf6ecf,3,200,
cb2e8b7fada420c5046f587ea754d052.cnf.xz,clique-formulas,UNSAT,20,0.002,12.688,search,11.76,92.73,826319,17985220,28b587cf6ecf,3,200,
cb2e8b7fada420c5046f587ea754d052.cnf.xz,clique-formulas,UNSAT,20,0.002,12.688,focused,6.35,50.05,826319,17985220,28b587cf6ecf,3,200,
cb2e8b7fada420c5046f587ea754d052.cnf.xz,clique-formulas,UNSAT,20,0.002,12.688,stable,5.41,42.68,826319,17985220,28b587cf6ecf,3,200,
cb2e8b7fada420c5046f587ea754d052.cnf.xz,clique-formulas,UNSAT,20,0.002,12.688,analyze,4.97,39.2,826319,17985220,28b587cf6ecf,3,200,
cb2e8b7fada420c5046f587ea754d052.cnf.xz,clique-formulas,UNSAT,20,0.002,12.688,shrink,1.17,9.23,826319,17985220,28b587cf6ecf,3,200,
cb2e8b7fada420c5046f587ea754d052.cnf.xz,clique-formulas,UNSAT,20,0.002,12.688,deduce,0.96,7.54,826319,17985220,28b587cf6ecf,3,200,
cb2e8b7fada420c5046f587ea754d052.cnf.xz,clique-formulas,UNSAT,20,0.002,12.688,simplify,0.9,7.09,826319,17985220,28b587cf6ecf,3,200,
cb2e8b7fada420c5046f587ea754d052.cnf.xz,clique-formulas,UNSAT,20,0.002,12.688,probe,0.88,6.94,826319,17985220,28b587cf6ecf,3,200,
cb2e8b7fada420c5046f587ea754d052.cnf.xz,clique-formulas,UNSAT,20,0.002,12.688,bump,0.8,6.29,826319,17985220,28b587cf6ecf,3,200,
cb2e8b7fada420c5046f587ea754d052.cnf.xz,clique-formulas,UNSAT,20,0.002,12.688,vivify,0.62,4.87,826319,17985220,28b587cf6ecf,3,200,
cb2e8b7fada420c5046f587ea754d052.cnf.xz,clique-formulas,UNSAT,20,0.002,12.688,reduce,0.29,2.26,826319,17985220,28b587cf6ecf,3,200,
cb2e8b7fada420c5046f587ea754d052.cnf.xz,clique-formulas,UNSAT,20,0.002,12.688,collect,0.25,1.97,826319,17985220,28b587cf6ecf,3,200,
cb2e8b7fada420c5046f587ea754d052.cnf.xz,clique-formulas,UNSAT,20,0.002,12.688,minimize,0.24,1.92,826319,17985220,28b587cf6ecf,3,200,
cb2e8b7fada420c5046f587ea754d052.cnf.xz,clique-formulas,UNSAT,20,0.002,12.688,vivify2,0.23,1.83,826319,17985220,28b587cf6ecf,3,200,
cb2e8b7fada420c5046f587ea754d052.cnf.xz,clique-formulas,UNSAT,20,0.002,12.688,vivify1,0.22,1.73,826319,17985220,28b587cf6ecf,3,200,
cb2e8b7fada420c5046f587ea754d052.cnf.xz,clique-formulas,UNSAT,20,0.002,12.688,sweep,0.2,1.55,826319,17985220,28b587cf6ecf,3,200,
cb2e8b7fada420c5046f587ea754d052.cnf.xz,clique-formulas,UNSAT,20,0.002,12.688,vivify3,0.11,0.86,826319,17985220,28b587cf6ecf,3,200,
cb2e8b7fada420c5046f587ea754d052.cnf.xz,clique-formulas,UNSAT,20,0.002,12.688,vivify0,0.06,0.46,826319,17985220,28b587cf6ecf,3,200,
cb2e8b7fada420c5046f587ea754d052.cnf.xz,clique-formulas,UNSAT,20,0.002,12.688,substitute,0.05,0.38,826319,17985220,28b587cf6ecf,3,200,
cb2e8b7fada420c5046f587ea754d052.cnf.xz,clique-formulas,UNSAT,20,0.002,12.688,sweepbackbone,0.04,0.29,826319,17985220,28b587cf6ecf,3,200,
cb2e8b7fada420c5046f587ea754d052.cnf.xz,clique-formulas,UNSAT,20,0.002,12.688,preprocess,0.02,0.17,826319,17985220,28b587cf6ecf,3,200,
cb2e8b7fada420c5046f587ea754d052.cnf.xz,clique-formulas,UNSAT,20,0.002,12.688,walking,0.02,0.17,826319,17985220,28b587cf6ecf,3,200,
cb2e8b7fada420c5046f587ea754d052.cnf.xz,clique-formulas,UNSAT,20,0.002,12.688,eliminate,0.02,0.15,826319,17985220,28b587cf6ecf,3,200,
cb2e8b7fada420c5046f587ea754d052.cnf.xz,clique-formulas,UNSAT,20,0.002,12.688,factor,0.01,0.08,826319,17985220,28b587cf6ecf,3,200,
cb2e8b7fada420c5046f587ea754d052.cnf.xz,clique-formulas,UNSAT,20,0.002,12.688,restart,0.01,0.06,826319,17985220,28b587cf6ecf,3,200,
cb2e8b7fada420c5046f587ea754d052.cnf.xz,clique-formulas,UNSAT,20,0.002,12.688,defrag,0.0,0.04,826319,17985220,28b587cf6ecf,3,200,
cb2e8b7fada420c5046f587ea754d052.cnf.xz,clique-formulas,UNSAT,20,0.002,12.688,definition,0.0,0.03,826319,17985220,28b587cf6ecf,3,200,
cb2e8b7fada420c5046f587ea754d052.cnf.xz,clique-formulas,UNSAT,20,0.002,12.688,sweepequivalences,0.0,0.03,826319,17985220,28b587cf6ecf,3,200,
cb2e8b7fada420c5046f587ea754d052.cnf.xz,clique-formulas,UNSAT,20,0.002,12.688,transitive,0.0,0.03,826319,17985220,28b587cf6ecf,3,200,
cb2e8b7fada420c5046f587ea754d052.cnf.xz,clique-formulas,UNSAT,20,0.002,12.688,congruence,0.0,0.02,826319,17985220,28b587cf6ecf,3,200,
cb2e8b7fada420c5046f587ea754d052.cnf.xz,clique-formulas,UNSAT,20,0.002,12.688,extract,0.0,0.02,826319,17985220,28b587cf6ecf,3,200,
cb2e8b7fada420c5046f587ea754d052.cnf.xz,clique-formulas,UNSAT,20,0.002,12.688,backbone,0.0,0.02,826319,17985220,28b587cf6ecf,3,200,
cb2e8b7fada420c5046f587ea754d052.cnf.xz,clique-formulas,UNSAT,20,0.002,12.688,subsume,0.0,0.02,826319,17985220,28b587cf6ecf,3,200,
cb2e8b7fada420c5046f587ea754d052.cnf.xz,clique-formulas,UNSAT,20,0.002,12.688,reorder,0.0,0.02,826319,17985220,28b587cf6ecf,3,200,
cb2e8b7fada420c5046f587ea754d052.cnf.xz,clique-formulas,UNSAT,20,0.002,12.688,warmup,0.0,0.01,826319,17985220,28b587cf6ecf,3,200,
cb2e8b7fada420c5046f587ea754d052.cnf.xz,clique-formulas,UNSAT,20,0.002,12.688,parse,0.0,0.0,826319,17985220,28b587cf6ecf,3,200,
cb2e8b7fada420c5046f587ea754d052.cnf.xz,clique-formulas,UNSAT,20,0.002,12.688,extractands,0.0,0.0,826319,17985220,28b587cf6ecf,3,200,
cb2e8b7fada420c5046f587ea754d052.cnf.xz,clique-formulas,UNSAT,20,0.002,12.688,extractbinaries,0.0,0.0,826319,17985220,28b587cf6ecf,3,200,
cb2e8b7fada420c5046f587ea754d052.cnf.xz,clique-formulas,UNSAT,20,0.002,12.688,extractites,0.0,0.0,826319,17985220,28b587cf6ecf,3,200,
cb2e8b7fada420c5046f587ea754d052.cnf.xz,clique-formulas,UNSAT,20,0.002,12.688,extractxors,0.0,0.0,826319,17985220,28b587cf6ecf,3,200,
cb2e8b7fada420c5046f587ea754d052.cnf.xz,clique-formulas,UNSAT,20,0.002,12.688,rephase,0.0,0.0,826319,17985220,28b587cf6ecf,3,200,
cb2e8b7fada420c5046f587ea754d052.cnf.xz,clique-formulas,UNSAT,20,0.002,12.688,lucky,0.0,0.0,826319,17985220,28b587cf6ecf,3,200,
cb2e8b7fada420c5046f587ea754d052.cnf.xz,clique-formulas,UNSAT,20,0.002,12.688,merge,0.0,0.0,826319,17985220,28b587cf6ecf,3,200,
cb2e8b7fada420c5046f587ea754d052.cnf.xz,clique-formulas,UNSAT,20,0.002,12.688,total,12.68,100.0,826319,17985220,28b587cf6ecf,3,200,
d699355595398f0765c5f51c9d0ad852.cnf.xz,argumentation,SAT,10,4.819,8.576,parse,3.7,93.92,0,178500,28b587cf6ecf,3,200,
d699355595398f0765c5f51c9d0ad852.cnf.xz,argumentation,SAT,10,4.819,8.576,lucky,0.24,6.07,0,178500,28b587cf6ecf,3,200,
d699355595398f0765c5f51c9d0ad852.cnf.xz,argumentation,SAT,10,4.819,8.576,defrag,0.09,2.25,0,178500,28b587cf6ecf,3,200,
d699355595398f0765c5f51c9d0ad852.cnf.xz,argumentation,SAT,10,4.819,8.576,search,0.0,0.0,0,178500,28b587cf6ecf,3,200,
d699355595398f0765c5f51c9d0ad852.cnf.xz,argumentation,SAT,10,4.819,8.576,simplify,0.0,0.0,0,178500,28b587cf6ecf,3,200,
d699355595398f0765c5f51c9d0ad852.cnf.xz,argumentation,SAT,10,4.819,8.576,total,3.94,100.0,0,178500,28b587cf6ecf,3,200,
dc7817dfa2817916b266c1cfacd2ee66.cnf.xz,ramsey,UNSAT,20,0.035,135.737,search,109.62,80.79,2845094,253879114,28b587cf6ecf,3,200,
dc7817dfa2817916b266c1cfacd2ee66.cnf.xz,ramsey,UNSAT,20,0.035,135.737,focused,55.47,40.87,2845094,253879114,28b587cf6ecf,3,200,
dc7817dfa2817916b266c1cfacd2ee66.cnf.xz,ramsey,UNSAT,20,0.035,135.737,stable,54.16,39.91,2845094,253879114,28b587cf6ecf,3,200,
dc7817dfa2817916b266c1cfacd2ee66.cnf.xz,ramsey,UNSAT,20,0.035,135.737,simplify,25.95,19.12,2845094,253879114,28b587cf6ecf,3,200,
dc7817dfa2817916b266c1cfacd2ee66.cnf.xz,ramsey,UNSAT,20,0.035,135.737,probe,22.28,16.42,2845094,253879114,28b587cf6ecf,3,200,
dc7817dfa2817916b266c1cfacd2ee66.cnf.xz,ramsey,UNSAT,20,0.035,135.737,analyze,21.82,16.08,2845094,253879114,28b587cf6ecf,3,200,
dc7817dfa2817916b266c1cfacd2ee66.cnf.xz,ramsey,UNSAT,20,0.035,135.737,vivify,12.54,9.24,2845094,253879114,28b587cf6ecf,3,200,
dc7817dfa2817916b266c1cfacd2ee66.cnf.xz,ramsey,UNSAT,20,0.035,135.737,sweep,8.23,6.06,2845094,253879114,28b587cf6ecf,3,200,
dc7817dfa2817916b266c1cfacd2ee66.cnf.xz,ramsey,UNSAT,20,0.035,135.737,shrink,5.56,4.1,2845094,253879114,28b587cf6ecf,3,200,
dc7817dfa2817916b266c1cfacd2ee66.cnf.xz,ramsey,UNSAT,20,0.035,135.737,deduce,4.49,3.31,2845094,253879114,28b587cf6ecf,3,200,
dc7817dfa2817916b266c1cfacd2ee66.cnf.xz,ramsey,UNSAT,20,0.035,135.737,vivify2,3.82,2.81,2845094,253879114,28b587cf6ecf,3,200,
dc7817dfa2817916b266c1cfacd2ee66.cnf.xz,ramsey,UNSAT,20,0.035,135.737,eliminate,3.65,2.69,2845094,253879114,28b587cf6ecf,3,200,
dc7817dfa2817916b266c1cfacd2ee66.cnf.xz,ramsey,UNSAT,20,0.035,135.737,sweepbackbone,3.58,2.64,2845094,253879114,28b587cf6ecf,3,200,
dc7817dfa2817916b266c1cfacd2ee66.cnf.xz,ramsey,UNSAT,20,0.035,135.737,vivify1,3.57,2.63,2845094,253879114,28b587cf6ecf,3,200,
dc7817dfa2817916b266c1cfacd2ee66.cnf.xz,ramsey,UNSAT,20,0.035,135.737,vivify0,3.21,2.36,2845094,253879114,28b587cf6ecf,3,200,
dc7817dfa2817916b266c1cfacd2ee66.cnf.xz,ramsey,UNSAT,20,0.035,135.737,bump,3.1,2.28,2845094,253879114,28b587cf6ecf,3,200,
dc7817dfa2817916b266c1cfacd2ee66.cnf.xz,ramsey,UNSAT,20,0.035,135.737,subsume,2.6,1.92,2845094,253879114,28b587cf6ecf,3,200,
dc7817dfa2817916b266c1cfacd2ee66.cnf.xz,ramsey,UNSAT,20,0.035,135.737,sweepequivalences,2.35,1.74,2845094,253879114,28b587cf6ecf,3,200,
dc7817dfa2817916b266c1cfacd2ee66.cnf.xz,ramsey,UNSAT,20,0.035,135.737,vivify3,1.94,1.43,2845094,253879114,28b587cf6ecf,3,200,
dc7817dfa2817916b266c1cfacd2ee66.cnf.xz,ramsey,UNSAT,20,0.035,135.737,reduce,1.32,0.97,2845094,253879114,28b587cf6ecf,3,200,
dc7817dfa2817916b266c1cfacd2ee66.cnf.xz,ramsey,UNSAT,20,0.035,135.737,collect,1.16,0.85,2845094,253879114,28b587cf6ecf,3,200,
dc7817dfa2817916b266c1cfacd2ee66.cnf.xz,ramsey,UNSAT,20,0.035,135.737,minimize,0.85,0.63,2845094,253879114,28b587cf6ecf,3,200,
dc7817dfa2817916b266c1cfacd2ee66.cnf.xz,ramsey,UNSAT,20,0.035,135.737,substitute,0.7,0.51,2845094,253879114,28b587cf6ecf,3,200,
dc7817dfa2817916b266c1cfacd2ee66.cnf.xz,ramsey,UNSAT,20,0.035,135.737,factor,0.63,0.46,2845094,253879114,28b587cf6ecf,3,200,
dc7817dfa2817916b266c1cfacd2ee66.cnf.xz,ramsey,UNSAT,20,0.035,135.737,definition,0.59,0.43,2845094,253879114,28b587cf6ecf,3,200,
dc7817dfa2817916b266c1cfacd2ee66.cnf.xz,ramsey,UNSAT,20,0.035,135.737,defrag,0.21,0.15,2845094,253879114,28b587cf6ecf,3,200,
dc7817dfa2817916b266c1cfacd2ee66.cnf.xz,ramsey,UNSAT,20,0.035,135.737,walking,0.11,0.08,2845094,253879114,28b587cf6ecf,3,200,
dc7817dfa2817916b266c1cfacd2ee66.cnf.xz,ramsey,UNSAT,20,0.035,135.737,congruence,0.11,0.08,2845094,253879114,28b587cf6ecf,3,200,
dc7817dfa2817916b266c1cfacd2ee66.cnf.xz,ramsey,UNSAT,20,0.035,135.737,preprocess,0.09,0.07,2845094,253879114,28b587cf6ecf,3,200,
dc7817dfa2817916b266c1cfacd2ee66.cnf.xz,ramsey,UNSAT,20,0.035,135.737,restart,0.07,0.05,2845094,253879114,28b587cf6ecf,3,200,
dc7817dfa2817916b266c1cfacd2ee66.cnf.xz,ramsey,UNSAT,20,0.035,135.737,extract,0.06,0.05,2845094,253879114,28b587cf6ecf,3,200,
dc7817dfa2817916b266c1cfacd2ee66.cnf.xz,ramsey,UNSAT,20,0.035,135.737,transitive,0.06,0.05,2845094,253879114,28b587cf6ecf,3,200,
dc7817dfa2817916b266c1cfacd2ee66.cnf.xz,ramsey,UNSAT,20,0.035,135.737,matching,0.04,0.03,2845094,253879114,28b587cf6ecf,3,200,
dc7817dfa2817916b266c1cfacd2ee66.cnf.xz,ramsey,UNSAT,20,0.035,135.737,reorder,0.03,0.02,2845094,253879114,28b587cf6ecf,3,200,
dc7817dfa2817916b266c1cfacd2ee66.cnf.xz,ramsey,UNSAT,20,0.035,135.737,parse,0.03,0.02,2845094,253879114,28b587cf6ecf,3,200,
dc7817dfa2817916b266c1cfacd2ee66.cnf.xz,ramsey,UNSAT,20,0.035,135.737,backbone,0.02,0.02,2845094,253879114,28b587cf6ecf,3,200,
dc7817dfa2817916b266c1cfacd2ee66.cnf.xz,ramsey,UNSAT,20,0.035,135.737,warmup,0.02,0.01,2845094,253879114,28b587cf6ecf,3,200,
dc7817dfa2817916b266c1cfacd2ee66.cnf.xz,ramsey,UNSAT,20,0.035,135.737,extractxors,0.02,0.01,2845094,253879114,28b587cf6ecf,3,200,
dc7817dfa2817916b266c1cfacd2ee66.cnf.xz,ramsey,UNSAT,20,0.035,135.737,extractands,0.01,0.01,2845094,253879114,28b587cf6ecf,3,200,
dc7817dfa2817916b266c1cfacd2ee66.cnf.xz,ramsey,UNSAT,20,0.035,135.737,extractites,0.01,0.01,2845094,253879114,28b587cf6ecf,3,200,
dc7817dfa2817916b266c1cfacd2ee66.cnf.xz,ramsey,UNSAT,20,0.035,135.737,extractbinaries,0.01,0.01,2845094,253879114,28b587cf6ecf,3,200,
dc7817dfa2817916b266c1cfacd2ee66.cnf.xz,ramsey,UNSAT,20,0.035,135.737,lucky,0.0,0.0,2845094,253879114,28b587cf6ecf,3,200,
dc7817dfa2817916b266c1cfacd2ee66.cnf.xz,ramsey,UNSAT,20,0.035,135.737,rephase,0.0,0.0,2845094,253879114,28b587cf6ecf,3,200,
dc7817dfa2817916b266c1cfacd2ee66.cnf.xz,ramsey,UNSAT,20,0.035,135.737,merge,0.0,0.0,2845094,253879114,28b587cf6ecf,3,200,
dc7817dfa2817916b266c1cfacd2ee66.cnf.xz,ramsey,UNSAT,20,0.035,135.737,total,135.7,100.0,2845094,253879114,28b587cf6ecf,3,200,
dd5d530ac8bf0019412d023488b075eb.cnf.xz,p-center,UNSAT,20,0.004,0.008,parse,0.0,84.59,0,8332,28b587cf6ecf,3,200,
dd5d530ac8bf0019412d023488b075eb.cnf.xz,p-center,UNSAT,20,0.004,0.008,lucky,0.0,9.56,0,8332,28b587cf6ecf,3,200,
dd5d530ac8bf0019412d023488b075eb.cnf.xz,p-center,UNSAT,20,0.004,0.008,defrag,0.0,6.65,0,8332,28b587cf6ecf,3,200,
dd5d530ac8bf0019412d023488b075eb.cnf.xz,p-center,UNSAT,20,0.004,0.008,analyze,0.0,0.1,0,8332,28b587cf6ecf,3,200,
dd5d530ac8bf0019412d023488b075eb.cnf.xz,p-center,UNSAT,20,0.004,0.008,search,0.0,0.0,0,8332,28b587cf6ecf,3,200,
dd5d530ac8bf0019412d023488b075eb.cnf.xz,p-center,UNSAT,20,0.004,0.008,simplify,0.0,0.0,0,8332,28b587cf6ecf,3,200,
dd5d530ac8bf0019412d023488b075eb.cnf.xz,p-center,UNSAT,20,0.004,0.008,total,0.0,100.0,0,8332,28b587cf6ecf,3,200,
e55a49d8065d65650f24c0f3ecef30b6.cnf.xz,maxsat-optimum,UNKNOWN,0,0.087,200.006,search,177.06,88.58,2032807,2171001969,28b587cf6ecf,3,200,
e55a49d8065d65650f24c0f3ecef30b6.cnf.xz,maxsat-optimum,UNKNOWN,0,0.087,200.006,focused,91.71,45.88,2032807,2171001969,28b587cf6ecf,3,200,
e55a49d8065d65650f24c0f3ecef30b6.cnf.xz,maxsat-optimum,UNKNOWN,0,0.087,200.006,stable,85.35,42.7,2032807,2171001969,28b587cf6ecf,3,200,
e55a49d8065d65650f24c0f3ecef30b6.cnf.xz,maxsat-optimum,UNKNOWN,0,0.087,200.006,analyze,29.25,14.63,2032807,2171001969,28b587cf6ecf,3,200,
e55a49d8065d65650f24c0f3ecef30b6.cnf.xz,maxsat-optimum,UNKNOWN,0,0.087,200.006,simplify,22.34,11.18,2032807,2171001969,28b587cf6ecf,3,200,
e55a49d8065d65650f24c0f3ecef30b6.cnf.xz,maxsat-optimum,UNKNOWN,0,0.087,200.006,probe,21.55,10.78,2032807,2171001969,28b587cf6ecf,3,200,
e55a49d8065d65650f24c0f3ecef30b6.cnf.xz,maxsat-optimum,UNKNOWN,0,0.087,200.006,vivify,15.58,7.79,2032807,2171001969,28b587cf6ecf,3,200,
e55a49d8065d65650f24c0f3ecef30b6.cnf.xz,maxsat-optimum,UNKNOWN,0,0.087,200.006,shrink,8.08,4.04,2032807,2171001969,28b587cf6ecf,3,200,
e55a49d8065d65650f24c0f3ecef30b6.cnf.xz,maxsat-optimum,UNKNOWN,0,0.087,200.006,vivify2,5.84,2.92,2032807,2171001969,28b587cf6ecf,3,200,
e55a49d8065d65650f24c0f3ecef30b6.cnf.xz,maxsat-optimum,UNKNOWN,0,0.087,200.006,vivify1,5.35,2.68,2032807,2171001969,28b587cf6ecf,3,200,
e55a49d8065d65650f24c0f3ecef30b6.cnf.xz,maxsat-optimum,UNKNOWN,0,0.087,200.006,deduce,4.82,2.41,2032807,2171001969,28b587cf6ecf,3,200,
e55a49d8065d65650f24c0f3ecef30b6.cnf.xz,maxsat-optimum,UNKNOWN,0,0.087,200.006,bump,3.72,1.86,2032807,2171001969,28b587cf6ecf,3,200,
e55a49d8065d65650f24c0f3ecef30b6.cnf.xz,maxsat-optimum,UNKNOWN,0,0.087,200.006,vivify3,2.39,1.2,2032807,2171001969,28b587cf6ecf,3,200,
e55a49d8065d65650f24c0f3ecef30b6.cnf.xz,maxsat-optimum,UNKNOWN,0,0.087,200.006,sweep,2.35,1.18,2032807,2171001969,28b587cf6ecf,3,200,
e55a49d8065d65650f24c0f3ecef30b6.cnf.xz,maxsat-optimum,UNKNOWN,0,0.087,200.006,vivify0,2.0,1.0,2032807,2171001969,28b587cf6ecf,3,200,
e55a49d8065d65650f24c0f3ecef30b6.cnf.xz,maxsat-optimum,UNKNOWN,0,0.087,200.006,reduce,1.36,0.68,2032807,2171001969,28b587cf6ecf,3,200,
e55a49d8065d65650f24c0f3ecef30b6.cnf.xz,maxsat-optimum,UNKNOWN,0,0.087,200.006,factor,1.26,0.63,2032807,2171001969,28b587cf6ecf,3,200,
e55a49d8065d65650f24c0f3ecef30b6.cnf.xz,maxsat-optimum,UNKNOWN,0,0.087,200.006,collect,1.25,0.63,2032807,2171001969,28b587cf6ecf,3,200,
e55a49d8065d65650f24c0f3ecef30b6.cnf.xz,maxsat-optimum,UNKNOWN,0,0.087,200.006,substitute,0.98,0.49,2032807,2171001969,28b587cf6ecf,3,200,
e55a49d8065d65650f24c0f3ecef30b6.cnf.xz,maxsat-optimum,UNKNOWN,0,0.087,200.006,eliminate,0.79,0.39,2032807,2171001969,28b587cf6ecf,3,200,
e55a49d8065d65650f24c0f3ecef30b6.cnf.xz,maxsat-optimum,UNKNOWN,0,0.087,200.006,transitive,0.78,0.39,2032807,2171001969,28b587cf6ecf,3,200,
e55a49d8065d65650f24c0f3ecef30b6.cnf.xz,maxsat-optimum,UNKNOWN,0,0.087,200.006,sweepbackbone,0.74,0.37,2032807,2171001969,28b587cf6ecf,3,200,
e55a49d8065d65650f24c0f3ecef30b6.cnf.xz,maxsat-optimum,UNKNOWN,0,0.087,200.006,restart,0.72,0.36,2032807,2171001969,28b587cf6ecf,3,200,
e55a49d8065d65650f24c0f3ecef30b6.cnf.xz,maxsat-optimum,UNKNOWN,0,0.087,200.006,minimize,0.65,0.33,2032807,2171001969,28b587cf6ecf,3,200,
e55a49d8065d65650f24c0f3ecef30b6.cnf.xz,maxsat-optimum,UNKNOWN,0,0.087,200.006,walking,0.41,0.2,2032807,2171001969,28b587cf6ecf,3,200,
e55a49d8065d65650f24c0f3ecef30b6.cnf.xz,maxsat-optimum,UNKNOWN,0,0.087,200.006,sweepequivalences,0.4,0.2,2032807,2171001969,28b587cf6ecf,3,200,
e55a49d8065d65650f24c0f3ecef30b6.cnf.xz,maxsat-optimum,UNKNOWN,0,0.087,200.006,preprocess,0.4,0.2,2032807,2171001969,28b587cf6ecf,3,200,
e55a49d8065d65650f24c0f3ecef30b6.cnf.xz,maxsat-optimum,UNKNOWN,0,0.087,200.006,backbone,0.35,0.17,2032807,2171001969,28b587cf6ecf,3,200,
e55a49d8065d65650f24c0f3ecef30b6.cnf.xz,maxsat-optimum,UNKNOWN,0,0.087,200.006,congruence,0.25,0.13,2032807,2171001969,28b587cf6ecf,3,200,
e55a49d8065d65650f24c0f3ecef30b6.cnf.xz,maxsat-optimum,UNKNOWN,0,0.087,200.006,subsume,0.24,0.12,2032807,2171001969,28b587cf6ecf,3,200,
e55a49d8065d65650f24c0f3ecef30b6.cnf.xz,maxsat-optimum,UNKNOWN,0,0.087,200.006,extract,0.23,0.11,2032807,2171001969,28b587cf6ecf,3,200,
e55a49d8065d65650f24c0f3ecef30b6.cnf.xz,maxsat-optimum,UNKNOWN,0,0.087,200.006,extractands,0.14,0.07,2032807,2171001969,28b587cf6ecf,3,200,
e55a49d8065d65650f24c0f3ecef30b6.cnf.xz,maxsat-optimum,UNKNOWN,0,0.087,200.006,definition,0.13,0.06,2032807,2171001969,28b587cf6ecf,3,200,
e55a49d8065d65650f24c0f3ecef30b6.cnf.xz,maxsat-optimum,UNKNOWN,0,0.087,200.006,reorder,0.11,0.05,2032807,2171001969,28b587cf6ecf,3,200,
e55a49d8065d65650f24c0f3ecef30b6.cnf.xz,maxsat-optimum,UNKNOWN,0,0.087,200.006,warmup,0.04,0.02,2032807,2171001969,28b587cf6ecf,3,200,
e55a49d8065d65650f24c0f3ecef30b6.cnf.xz,maxsat-optimum,UNKNOWN,0,0.087,200.006,lucky,0.04,0.02,2032807,2171001969,28b587cf6ecf,3,200,
e55a49d8065d65650f24c0f3ecef30b6.cnf.xz,maxsat-optimum,UNKNOWN,0,0.087,200.006,parse,0.04,0.02,2032807,2171001969,28b587cf6ecf,3,200,
e55a49d8065d65650f24c0f3ecef30b6.cnf.xz,maxsat-optimum,UNKNOWN,0,0.087,200.006,defrag,0.04,0.02,2032807,2171001969,28b587cf6ecf,3,200,
e55a49d8065d65650f24c0f3ecef30b6.cnf.xz,maxsat-optimum,UNKNOWN,0,0.087,200.006,extractbinaries,0.02,0.01,2032807,2171001969,28b587cf6ecf,3,200,
e55a49d8065d65650f24c0f3ecef30b6.cnf.xz,maxsat-optimum,UNKNOWN,0,0.087,200.006,extractxors,0.01,0.01,2032807,2171001969,28b587cf6ecf,3,200,
e55a49d8065d65650f24c0f3ecef30b6.cnf.xz,maxsat-optimum,UNKNOWN,0,0.087,200.006,extractites,0.01,0.0,2032807,2171001969,28b587cf6ecf,3,200,
e55a49d8065d65650f24c0f3ecef30b6.cnf.xz,maxsat-optimum,UNKNOWN,0,0.087,200.006,rephase,0.0,0.0,2032807,2171001969,28b587cf6ecf,3,200,
e55a49d8065d65650f24c0f3ecef30b6.cnf.xz,maxsat-optimum,UNKNOWN,0,0.087,200.006,merge,0.0,0.0,2032807,2171001969,28b587cf6ecf,3,200,
e55a49d8065d65650f24c0f3ecef30b6.cnf.xz,maxsat-optimum,UNKNOWN,0,0.087,200.006,total,199.88,100.0,2032807,2171001969,28b587cf6ecf,3,200,
e85fb114c33f450dc2622c78bc6fa019.cnf.xz,miter,ERROR,-6,12.630,51.682,parse,8.55,100.0,0,5921797,28b587cf6ecf,3,200,
e85fb114c33f450dc2622c78bc6fa019.cnf.xz,miter,ERROR,-6,12.630,51.682,search,0.0,0.0,0,5921797,28b587cf6ecf,3,200,
e85fb114c33f450dc2622c78bc6fa019.cnf.xz,miter,ERROR,-6,12.630,51.682,simplify,0.0,0.0,0,5921797,28b587cf6ecf,3,200,
e85fb114c33f450dc2622c78bc6fa019.cnf.xz,miter,ERROR,-6,12.630,51.682,total,8.55,100.0,0,5921797,28b587cf6ecf,3,200,
ee8c86d39745aea1c1731d4f34bcaed7.cnf.xz,ecc-equivalence-checking,SAT,10,6.156,11.990,parse,5.67,92.24,0,13477049,28b587cf6ecf,3,200,
ee8c86d39745aea1c1731d4f34bcaed7.cnf.xz,ecc-equivalence-checking,SAT,10,6.156,11.990,defrag,1.58,25.74,0,13477049,28b587cf6ecf,3,200,
ee8c86d39745aea1c1731d4f34bcaed7.cnf.xz,ecc-equivalence-checking,SAT,10,6.156,11.990,lucky,0.48,7.76,0,13477049,28b587cf6ecf,3,200,
ee8c86d39745aea1c1731d4f34bcaed7.cnf.xz,ecc-equivalence-checking,SAT,10,6.156,11.990,search,0.0,0.0,0,13477049,28b587cf6ecf,3,200,
ee8c86d39745aea1c1731d4f34bcaed7.cnf.xz,ecc-equivalence-checking,SAT,10,6.156,11.990,simplify,0.0,0.0,0,13477049,28b587cf6ecf,3,200,
ee8c86d39745aea1c1731d4f34bcaed7.cnf.xz,ecc-equivalence-checking,SAT,10,6.156,11.990,total,6.15,100.0,0,13477049,28b587cf6ecf,3,200,
f497bda3018958d7ba2d1cd99da3982e.cnf.xz,graph-coloring,UNSAT,20,0.009,52.566,search,47.76,90.9,1957223,119114671,28b587cf6ecf,3,200,
f497bda3018958d7ba2d1cd99da3982e.cnf.xz,graph-coloring,UNSAT,20,0.009,52.566,focused,25.9,49.28,1957223,119114671,28b587cf6ecf,3,200,
f497bda3018958d7ba2d1cd99da3982e.cnf.xz,graph-coloring,UNSAT,20,0.009,52.566,stable,21.87,41.61,1957223,119114671,28b587cf6ecf,3,200,
f497bda3018958d7ba2d1cd99da3982e.cnf.xz,graph-coloring,UNSAT,20,0.009,52.566,analyze,11.78,22.42,1957223,119114671,28b587cf6ecf,3,200,
f497bda3018958d7ba2d1cd99da3982e.cnf.xz,graph-coloring,UNSAT,20,0.009,52.566,simplify,4.73,9.0,1957223,119114671,28b587cf6ecf,3,200,
f497bda3018958d7ba2d1cd99da3982e.cnf.xz,graph-coloring,UNSAT,20,0.009,52.566,probe,4.54,8.63,1957223,119114671,28b587cf6ecf,3,200,
f497bda3018958d7ba2d1cd99da3982e.cnf.xz,graph-coloring,UNSAT,20,0.009,52.566,vivify,3.54,6.73,1957223,119114671,28b587cf6ecf,3,200,
f497bda3018958d7ba2d1cd99da3982e.cnf.xz,graph-coloring,UNSAT,20,0.009,52.566,shrink,2.56,4.88,1957223,119114671,28b587cf6ecf,3,200,
f497bda3018958d7ba2d1cd99da3982e.cnf.xz,graph-coloring,UNSAT,20,0.009,52.566,deduce,2.22,4.22,1957223,119114671,28b587cf6ecf,3,200,
f497bda3018958d7ba2d1cd99da3982e.cnf.xz,graph-coloring,UNSAT,20,0.009,52.566,bump,1.87,3.56,1957223,119114671,28b587cf6ecf,3,200,
f497bda3018958d7ba2d1cd99da3982e.cnf.xz,graph-coloring,UNSAT,20,0.009,52.566,vivify1,1.58,3.02,1957223,119114671,28b587cf6ecf,3,200,
f497bda3018958d7ba2d1cd99da3982e.cnf.xz,graph-coloring,UNSAT,20,0.009,52.566,reduce,1.32,2.52,1957223,119114671,28b587cf6ecf,3,200,
f497bda3018958d7ba2d1cd99da3982e.cnf.xz,graph-coloring,UNSAT,20,0.009,52.566,vivify2,1.31,2.5,1957223,119114671,28b587cf6ecf,3,200,
f497bda3018958d7ba2d1cd99da3982e.cnf.xz,graph-coloring,UNSAT,20,0.009,52.566,collect,1.19,2.26,1957223,119114671,28b587cf6ecf,3,200,
f497bda3018958d7ba2d1cd99da3982e.cnf.xz,graph-coloring,UNSAT,20,0.009,52.566,minimize,0.58,1.11,1957223,119114671,28b587cf6ecf,3,200,
f497bda3018958d7ba2d1cd99da3982e.cnf.xz,graph-coloring,UNSAT,20,0.009,52.566,sweep,0.52,0.99,1957223,119114671,28b587cf6ecf,3,200,
f497bda3018958d7ba2d1cd99da3982e.cnf.xz,graph-coloring,UNSAT,20,0.009,52.566,vivify3,0.52,0.98,1957223,119114671,28b587cf6ecf,3,200,
f497bda3018958d7ba2d1cd99da3982e.cnf.xz,graph-coloring,UNSAT,20,0.009,52.566,sweepbackbone,0.4,0.77,1957223,119114671,28b587cf6ecf,3,200,
f497bda3018958d7ba2d1cd99da3982e.cnf.xz,graph-coloring,UNSAT,20,0.009,52.566,substitute,0.24,0.46,1957223,119114671,28b587cf6ecf,3,200,
f497bda3018958d7ba2d1cd99da3982e.cnf.xz,graph-coloring,UNSAT,20,0.009,52.566,eliminate,0.15,0.28,1957223,119114671,28b587cf6ecf,3,200,
f497bda3018958d7ba2d1cd99da3982e.cnf.xz,graph-coloring,UNSAT,20,0.009,52.566,vivify0,0.12,0.23,1957223,119114671,28b587cf6ecf,3,200,
f497bda3018958d7ba2d1cd99da3982e.cnf.xz,graph-coloring,UNSAT,20,0.009,52.566,transitive,0.1,0.19,1957223,119114671,28b587cf6ecf,3,200,
f497bda3018958d7ba2d1cd99da3982e.cnf.xz,graph-coloring,UNSAT,20,0.009,52.566,walking,0.09,0.17,1957223,119114671,28b587cf6ecf,3,200,
f497bda3018958d7ba2d1cd99da3982e.cnf.xz,graph-coloring,UNSAT,20,0.009,52.566,factor,0.09,0.17,1957223,119114671,28b587cf6ecf,3,200,
f497bda3018958d7ba2d1cd99da3982e.cnf.xz,graph-coloring,UNSAT,20,0.009,52.566,defrag,0.06,0.11,1957223,119114671,28b587cf6ecf,3,200,
f497bda3018958d7ba2d1cd99da3982e.cnf.xz,graph-coloring,UNSAT,20,0.009,52.566,definition,0.05,0.1,1957223,119114671,28b587cf6ecf,3,200,
f497bda3018958d7ba2d1cd99da3982e.cnf.xz,graph-coloring,UNSAT,20,0.009,52.566,preprocess,0.05,0.09,1957223,119114671,28b587cf6ecf,3,200,
f497bda3018958d7ba2d1cd99da3982e.cnf.xz,graph-coloring,UNSAT,20,0.009,52.566,backbone,0.03,0.06,1957223,119114671,28b587cf6ecf,3,200,
f497bda3018958d7ba2d1cd99da3982e.cnf.xz,graph-coloring,UNSAT,20,0.009,52.566,sweepequivalences,0.03,0.05,1957223,119114671,28b587cf6ecf,3,200,
f497bda3018958d7ba2d1cd99da3982e.cnf.xz,graph-coloring,UNSAT,20,0.009,52.566,subsume,0.02,0.04,1957223,119114671,28b587cf6ecf,3,200,
f497bda3018958d7ba2d1cd99da3982e.cnf.xz,graph-coloring,UNSAT,20,0.009,52.566,restart,0.02,0.04,1957223,119114671,28b587cf6ecf,3,200,
f497bda3018958d7ba2d1cd99da3982e.cnf.xz,graph-coloring,UNSAT,20,0.009,52.566,congruence,0.01,0.03,1957223,119114671,28b587cf6ecf,3,200,
f497bda3018958d7ba2d1cd99da3982e.cnf.xz,graph-coloring,UNSAT,20,0.009,52.566,extract,0.01,0.02,1957223,119114671,28b587cf6ecf,3,200,
f497bda3018958d7ba2d1cd99da3982e.cnf.xz,graph-coloring,UNSAT,20,0.009,52.566,reorder,0.01,0.02,1957223,119114671,28b587cf6ecf,3,200,
f497bda3018958d7ba2d1cd99da3982e.cnf.xz,graph-coloring,UNSAT,20,0.009,52.566,warmup,0.01,0.01,1957223,119114671,28b587cf6ecf,3,200,
f497bda3018958d7ba2d1cd99da3982e.cnf.xz,graph-coloring,UNSAT,20,0.009,52.566,parse,0.01,0.01,1957223,119114671,28b587cf6ecf,3,200,
f497bda3018958d7ba2d1cd99da3982e.cnf.xz,graph-coloring,UNSAT,20,0.009,52.566,extractands,0.0,0.01,1957223,119114671,28b587cf6ecf,3,200,
f497bda3018958d7ba2d1cd99da3982e.cnf.xz,graph-coloring,UNSAT,20,0.009,52.566,extractbinaries,0.0,0.0,1957223,119114671,28b587cf6ecf,3,200,
f497bda3018958d7ba2d1cd99da3982e.cnf.xz,graph-coloring,UNSAT,20,0.009,52.566,lucky,0.0,0.0,1957223,119114671,28b587cf6ecf,3,200,
f497bda3018958d7ba2d1cd99da3982e.cnf.xz,graph-coloring,UNSAT,20,0.009,52.566,rephase,0.0,0.0,1957223,119114671,28b587cf6ecf,3,200,
f497bda3018958d7ba2d1cd99da3982e.cnf.xz,graph-coloring,UNSAT,20,0.009,52.566,extractxors,0.0,0.0,1957223,119114671,28b587cf6ecf,3,200,
f497bda3018958d7ba2d1cd99da3982e.cnf.xz,graph-coloring,UNSAT,20,0.009,52.566,extractites,0.0,0.0,1957223,119114671,28b587cf6ecf,3,200,
f497bda3018958d7ba2d1cd99da3982e.cnf.xz,graph-coloring,UNSAT,20,0.009,52.566,merge,0.0,0.0,1957223,119114671,28b587cf6ecf,3,200,
f497bda3018958d7ba2d1cd99da3982e.cnf.xz,graph-coloring,UNSAT,20,0.009,52.566,total,52.55,100.0,1957223,119114671,28b587cf6ecf,3,200,
fac2035ba83ac2d0c2d67509d3f82b94.cnf.xz,multiplier-equivalence-checking,UNKNOWN,0,0.003,200.003,search,186.31,93.17,3923412,483221478,28b587cf6ecf,3,200,
fac2035ba83ac2d0c2d67509d3f82b94.cnf.xz,multiplier-equivalence-checking,UNKNOWN,0,0.003,200.003,stable,94.55,47.28,3923412,483221478,28b587cf6ecf,3,200,
fac2035ba83ac2d0c2d67509d3f82b94.cnf.xz,multiplier-equivalence-checking,UNKNOWN,0,0.003,200.003,focused,91.76,45.88,3923412,483221478,28b587cf6ecf,3,200,
fac2035ba83ac2d0c2d67509d3f82b94.cnf.xz,multiplier-equivalence-checking,UNKNOWN,0,0.003,200.003,analyze,43.49,21.75,3923412,483221478,28b587cf6ecf,3,200,
fac2035ba83ac2d0c2d67509d3f82b94.cnf.xz,multiplier-equivalence-checking,UNKNOWN,0,0.003,200.003,shrink,13.95,6.98,3923412,483221478,28b587cf6ecf,3,200,
fac2035ba83ac2d0c2d67509d3f82b94.cnf.xz,multiplier-equivalence-checking,UNKNOWN,0,0.003,200.003,simplify,13.63,6.82,3923412,483221478,28b587cf6ecf,3,200,
fac2035ba83ac2d0c2d67509d3f82b94.cnf.xz,multiplier-equivalence-checking,UNKNOWN,0,0.003,200.003,probe,13.18,6.59,3923412,483221478,28b587cf6ecf,3,200,
fac2035ba83ac2d0c2d67509d3f82b94.cnf.xz,multiplier-equivalence-checking,UNKNOWN,0,0.003,200.003,vivify,10.6,5.3,3923412,483221478,28b587cf6ecf,3,200,
fac2035ba83ac2d0c2d67509d3f82b94.cnf.xz,multiplier-equivalence-checking,UNKNOWN,0,0.003,200.003,deduce,9.67,4.83,3923412,483221478,28b587cf6ecf,3,200,
fac2035ba83ac2d0c2d67509d3f82b94.cnf.xz,multiplier-equivalence-checking,UNKNOWN,0,0.003,200.003,bump,6.59,3.29,3923412,483221478,28b587cf6ecf,3,200,
fac2035ba83ac2d0c2d67509d3f82b94.cnf.xz,multiplier-equivalence-checking,UNKNOWN,0,0.003,200.003,vivify2,5.74,2.87,3923412,483221478,28b587cf6ecf,3,200,
fac2035ba83ac2d0c2d67509d3f82b94.cnf.xz,multiplier-equivalence-checking,UNKNOWN,0,0.003,200.003,sweep,2.31,1.16,3923412,483221478,28b587cf6ecf,3,200,
fac2035ba83ac2d0c2d67509d3f82b94.cnf.xz,multiplier-equivalence-checking,UNKNOWN,0,0.003,200.003,vivify3,2.27,1.14,3923412,483221478,28b587cf6ecf,3,200,
fac2035ba83ac2d0c2d67509d3f82b94.cnf.xz,multiplier-equivalence-checking,UNKNOWN,0,0.003,200.003,vivify1,2.27,1.13,3923412,483221478,28b587cf6ecf,3,200,
fac2035ba83ac2d0c2d67509d3f82b94.cnf.xz,multiplier-equivalence-checking,UNKNOWN,0,0.003,200.003,reduce,1.2,0.6,3923412,483221478,28b587cf6ecf,3,200,
fac2035ba83ac2d0c2d67509d3f82b94.cnf.xz,multiplier-equivalence-checking,UNKNOWN,0,0.003,200.003,minimize,1.2,0.6,3923412,483221478,28b587cf6ecf,3,200,
fac2035ba83ac2d0c2d67509d3f82b94.cnf.xz,multiplier-equivalence-checking,UNKNOWN,0,0.003,200.003,sweepbackbone,1.14,0.57,3923412,483221478,28b587cf6ecf,3,200,
fac2035ba83ac2d0c2d67509d3f82b94.cnf.xz,multiplier-equivalence-checking,UNKNOWN,0,0.003,200.003,collect,0.99,0.5,3923412,483221478,28b587cf6ecf,3,200,
fac2035ba83ac2d0c2d67509d3f82b94.cnf.xz,multiplier-equivalence-checking,UNKNOWN,0,0.003,200.003,sweepequivalences,0.79,0.39,3923412,483221478,28b587cf6ecf,3,200,
fac2035ba83ac2d0c2d67509d3f82b94.cnf.xz,multiplier-equivalence-checking,UNKNOWN,0,0.003,200.003,defrag,0.41,0.2,3923412,483221478,28b587cf6ecf,3,200,
fac2035ba83ac2d0c2d67509d3f82b94.cnf.xz,multiplier-equivalence-checking,UNKNOWN,0,0.003,200.003,walking,0.38,0.19,3923412,483221478,28b587cf6ecf,3,200,
fac2035ba83ac2d0c2d67509d3f82b94.cnf.xz,multiplier-equivalence-checking,UNKNOWN,0,0.003,200.003,vivify0,0.32,0.16,3923412,483221478,28b587cf6ecf,3,200,
fac2035ba83ac2d0c2d67509d3f82b94.cnf.xz,multiplier-equivalence-checking,UNKNOWN,0,0.003,200.003,substitute,0.19,0.09,3923412,483221478,28b587cf6ecf,3,200,
fac2035ba83ac2d0c2d67509d3f82b94.cnf.xz,multiplier-equivalence-checking,UNKNOWN,0,0.003,200.003,eliminate,0.1,0.05,3923412,483221478,28b587cf6ecf,3,200,
fac2035ba83ac2d0c2d67509d3f82b94.cnf.xz,multiplier-equivalence-checking,UNKNOWN,0,0.003,200.003,restart,0.1,0.05,3923412,483221478,28b587cf6ecf,3,200,
fac2035ba83ac2d0c2d67509d3f82b94.cnf.xz,multiplier-equivalence-checking,UNKNOWN,0,0.003,200.003,factor,0.05,0.02,3923412,483221478,28b587cf6ecf,3,200,
fac2035ba83ac2d0c2d67509d3f82b94.cnf.xz,multiplier-equivalence-checking,UNKNOWN,0,0.003,200.003,definition,0.04,0.02,3923412,483221478,28b587cf6ecf,3,200,
fac2035ba83ac2d0c2d67509d3f82b94.cnf.xz,multiplier-equivalence-checking,UNKNOWN,0,0.003,200.003,preprocess,0.03,0.01,3923412,483221478,28b587cf6ecf,3,200,
fac2035ba83ac2d0c2d67509d3f82b94.cnf.xz,multiplier-equivalence-checking,UNKNOWN,0,0.003,200.003,congruence,0.02,0.01,3923412,483221478,28b587cf6ecf,3,200,
fac2035ba83ac2d0c2d67509d3f82b94.cnf.xz,multiplier-equivalence-checking,UNKNOWN,0,0.003,200.003,extract,0.02,0.01,3923412,483221478,28b587cf6ecf,3,200,
fac2035ba83ac2d0c2d67509d3f82b94.cnf.xz,multiplier-equivalence-checking,UNKNOWN,0,0.003,200.003,subsume,0.01,0.01,3923412,483221478,28b587cf6ecf,3,200,
fac2035ba83ac2d0c2d67509d3f82b94.cnf.xz,multiplier-equivalence-checking,UNKNOWN,0,0.003,200.003,transitive,0.01,0.01,3923412,483221478,28b587cf6ecf,3,200,
fac2035ba83ac2d0c2d67509d3f82b94.cnf.xz,multiplier-equivalence-checking,UNKNOWN,0,0.003,200.003,reorder,0.01,0.0,3923412,483221478,28b587cf6ecf,3,200,
fac2035ba83ac2d0c2d67509d3f82b94.cnf.xz,multiplier-equivalence-checking,UNKNOWN,0,0.003,200.003,extractxors,0.01,0.0,3923412,483221478,28b587cf6ecf,3,200,
fac2035ba83ac2d0c2d67509d3f82b94.cnf.xz,multiplier-equivalence-checking,UNKNOWN,0,0.003,200.003,warmup,0.01,0.0,3923412,483221478,28b587cf6ecf,3,200,
fac2035ba83ac2d0c2d67509d3f82b94.cnf.xz,multiplier-equivalence-checking,UNKNOWN,0,0.003,200.003,backbone,0.0,0.0,3923412,483221478,28b587cf6ecf,3,200,
fac2035ba83ac2d0c2d67509d3f82b94.cnf.xz,multiplier-equivalence-checking,UNKNOWN,0,0.003,200.003,extractites,0.0,0.0,3923412,483221478,28b587cf6ecf,3,200,
fac2035ba83ac2d0c2d67509d3f82b94.cnf.xz,multiplier-equivalence-checking,UNKNOWN,0,0.003,200.003,parse,0.0,0.0,3923412,483221478,28b587cf6ecf,3,200,
fac2035ba83ac2d0c2d67509d3f82b94.cnf.xz,multiplier-equivalence-checking,UNKNOWN,0,0.003,200.003,extractands,0.0,0.0,3923412,483221478,28b587cf6ecf,3,200,
fac2035ba83ac2d0c2d67509d3f82b94.cnf.xz,multiplier-equivalence-checking,UNKNOWN,0,0.003,200.003,rephase,0.0,0.0,3923412,483221478,28b587cf6ecf,3,200,
fac2035ba83ac2d0c2d67509d3f82b94.cnf.xz,multiplier-equivalence-checking,UNKNOWN,0,0.003,200.003,extractbinaries,0.0,0.0,3923412,483221478,28b587cf6ecf,3,200,
fac2035ba83ac2d0c2d67509d3f82b94.cnf.xz,multiplier-equivalence-checking,UNKNOWN,0,0.003,200.003,lucky,0.0,0.0,3923412,483221478,28b587cf6ecf,3,200,
fac2035ba83ac2d0c2d67509d3f82b94.cnf.xz,multiplier-equivalence-checking,UNKNOWN,0,0.003,200.003,matching,0.0,0.0,3923412,483221478,28b587cf6ecf,3,200,
fac2035ba83ac2d0c2d67509d3f82b94.cnf.xz,multiplier-equivalence-checking,UNKNOWN,0,0.003,200.003,merge,0.0,0.0,3923412,483221478,28b587cf6ecf,3,200,
fac2035ba83ac2d0c2d67509d3f82b94.cnf.xz,multiplier-equivalence-checking,UNKNOWN,0,0.003,200.003,total,199.97,100.0,3923412,483221478,28b587cf6ecf,3,200,
