hash,group,family,particion,dificultad,xz_ok,kissat_ref,k_resueltas,k_resultado,k_t_min,k_t_med,k_t_max,n_vars,n_clauses,gbd_family,track_main,original_filename
0091ac9434f528a4007d82d2443d2dc9,argumentation,argumentation,dev,dura,1,1,0,,800.0,800.0,800.0,,,,,
00d5a43a481477fa4d56a2ce152a6cfb,argumentation,argumentation,test,dura,1,1,0,,800.0,800.0,800.0,,,,,
041bf8c064b4f6f8fabcd2a9793b8c7b,argumentation,argumentation,test,dura,1,1,0,,800.0,800.0,800.0,,,,,
05ed64e4e6229f446082752936768489,argumentation,argumentation,dev,media,1,1,3,UNSAT,381.5213259199954,409.89182849499775,412.7824615799982,,,,,
06e46ab0acac57a61638cbb741949a98,argumentation,argumentation,dev,trivial,1,1,3,SAT,0.090494320000289,0.0928401649944135,0.1099200079988804,,,,,
0ae2cbfc4650a25f7bb6230799ac5fbb,argumentation,argumentation,test,dura,1,1,0,,800.0,800.0,800.0,,,,,
0c450643a2cae8b6930847a1f350cb7a,argumentation,argumentation,reserva,sin-ref,1,0,,,,,,,,,,
0cd120446d915157f5de20b4591c02f6,argumentation,argumentation,reserva,sin-ref,1,0,,,,,,4236.000,138265.000,,,
0e5a6438ba6d0cb4ec0f5eb148bce067,argumentation,argumentation,reserva,sin-ref,1,0,,,,,,1176.000,13062.000,,,
0f5deb32cec0b574c0d33ce369dde380,argumentation,argumentation,reserva,sin-ref,1,0,,,,,,,,,,
10253f0a4b37654146aaf73a9fbbd929,argumentation,argumentation,dev,trivial,1,1,3,SAT,0.1024149540025973,0.1464167759986594,0.1580234709981596,,,,,
11f372a2b9b000c972cc44fac873c3c7,argumentation,argumentation,reserva,sin-ref,1,0,,,,,,1000.000,25001.000,,,
14a02f66bd1a8414e3dc28e02a623556,argumentation,argumentation,reserva,sin-ref,1,0,,,,,,,,,,
1567be045c8560c547126eacaf169016,argumentation,argumentation,reserva,sin-ref,1,0,,,,,,,,,,
16564a6acba6b9fc887c447d4e507767,argumentation,argumentation,test,inestable,1,1,1,SAT,381.7128889009982,800.0,800.0,,,,,
16c192b885060bfb2e91b913974e9ddf,argumentation,argumentation,reserva,sin-ref,1,0,,,,,,,,,,
1a5a458981cfa79b0cc45c2542eb365f,argumentation,argumentation,reserva,sin-ref,1,0,,,,,,,,,,
1bee40ee618c670ff327003fbafe132a,argumentation,argumentation,reserva,sin-ref,1,0,,,,,,,,,,
1c35c510ad106bfcdbc76ff49e710ce6,argumentation,argumentation,reserva,sin-ref,1,0,,,,,,,,,,
1e87463fee15de63143796fd92d88a58,argumentation,argumentation,excluida,sin-ref,0,0,,,,,,,,,,
1f6cf91464c6a19022144774b162a3cc,argumentation,argumentation,reserva,sin-ref,1,0,,,,,,,,,,
21c8393ab167357d0ae8040c61338bc0,argumentation,argumentation,reserva,sin-ref,1,0,,,,,,,,,,
2241a1fb5bdbac0c1a3c1980ed8b332d,argumentation,argumentation,dev,facil,1,1,3,SAT,29.21247226400009,74.72422318500321,84.42385311199905,,,,,
231ede8e3d4a6de75f9eae0e98166789,argumentation,argumentation,reserva,sin-ref,1,0,,,,,,,,,,
249c4efc2703de73327f590a7db38170,argumentation,argumentation,dev,dura,1,1,0,,800.0,800.0,800.0,,,,,
2593ce669baab42240c2fb85e807452c,argumentation,argumentation,reserva,sin-ref,1,0,,,,,,800.000,47369.000,,,
26371835e4957bcd50f95ccf79160196,argumentation,argumentation,test,media,1,1,3,SAT,6.032370303000789,274.13884779699583,309.27967488399736,,,,,
275d36e3f246990dccd094e5e1442ba9,argumentation,argumentation,reserva,sin-ref,1,0,,,,,,,,,,
28d3cbfb7be58cf429e74647274e56ee,argumentation,argumentation,test,dura,1,1,0,,800.0,800.0,800.0,,,,,
29bab0de14e56e526be9683131005cb2,argumentation,argumentation,reserva,sin-ref,1,0,,,,,,1176.000,13650.000,,,
2a4680a801ad32ab8768030250daf0c8,argumentation,argumentation,test,dura,1,1,0,,800.0,800.0,800.0,,,,,
2d49eaa7be6c7be51603c6cc35979da6,argumentation,argumentation,test,dura,1,1,0,,800.0,800.0,800.0,,,,,
2eb039a5aa6bfb6e41d3afd41071ca55,argumentation,argumentation,test,dura,1,1,0,,800.0,800.0,800.0,1002.000,113965.000,,,
2f252070b79029631dff4f93611b4cc9,argumentation,argumentation,dev,dura,1,1,0,,800.0,800.0,800.0,,,,,
31e0a1733fce00b0945cb2a87c02a49d,argumentation,argumentation,dev,media,1,1,3,SAT,407.5619408469938,568.626230127993,597.1788543700022,,,,,
321af46fd04f1e9170e46ecb0926c019,argumentation,argumentation,reserva,sin-ref,1,0,,,,,,,,,,
3240a190f6dbb8efa026770a2e8fa602,argumentation,argumentation,dev,dura,1,1,0,,800.0,800.0,800.0,,,,,
32c3b0f4a8c830425f3954804e72f3cd,argumentation,argumentation,reserva,sin-ref,1,0,,,,,,,,,,
343ec0a7ec1b919d9151b656ef030f07,argumentation,argumentation,dev,media,1,1,3,UNSAT,295.4740147729972,340.69204036399606,350.10281906500313,990.000,21445.000,,,
34f22180acdb9f648e1cf65a0d3a1760,argumentation,argumentation,test,dura,1,1,0,,800.0,800.0,800.0,,,,,
3629ed3e706a3b5604e2c48ac9618e20,argumentation,argumentation,reserva,sin-ref,1,0,,,,,,,,,,
363022476d1930eeeadf43457b2b3e41,argumentation,argumentation,reserva,sin-ref,1,0,,,,,,,,,,
384bdf1d5ee9dadc4b377e204e10c821,argumentation,argumentation,dev,dura,1,1,0,,800.0,800.0,800.0,,,,,
3c15c8fb5153b9d758a9eb16c66adc5d,argumentation,argumentation,test,inestable,1,1,2,SAT,183.51762721100383,602.4329806050009,800.0,,,,,
3ff114cc7bee4f39fa56a0325e605c2d,argumentation,argumentation,test,media,1,1,3,UNSAT,434.4172462619972,440.1612600719964,469.4063789790016,,,,,
40737c2f46512069d54b0d2bb3b47a20,argumentation,argumentation,dev,inestable,1,1,2,UNSAT,732.2431903110046,776.2515334890049,800.0,,,,,
414760c54a9a3432f842f2c16da861d9,argumentation,argumentation,dev,trivial,1,1,3,SAT,0.1191820699968957,0.1269715609960258,0.1426965969949378,,,,,
4214f45042f8c504f9837afaec88bf8f,argumentation,argumentation,test,dura,1,1,0,,800.0,800.0,800.0,,,,,
43fbacb24ea30054dece1de179c4ca7e,argumentation,argumentation,reserva,sin-ref,1,0,,,,,,,,,,
4611cd26b441b8c5866e4a2c5a7952dc,argumentation,argumentation,test,dura,1,1,0,,800.0,800.0,800.0,,,,,
465c7f101b2d24de63f6a6f544faa9ee,argumentation,argumentation,test,media,1,1,3,SAT,265.3107977990003,356.3077447390024,358.824137218995,,,,,
476e32a90e5148d173db01a3a6022ea9,argumentation,argumentation,reserva,sin-ref,1,0,,,,,,,,,,
492ddef8a5868b7daec45354fc975420,argumentation,argumentation,reserva,sin-ref,1,0,,,,,,,,,,
4b23ab2cc2fc9429a213cc6712919cc3,argumentation,argumentation,dev,dura,1,1,0,,800.0,800.0,800.0,,,,,
4be4ae25aae88528bc10f8369bba86df,argumentation,argumentation,dev,inestable,1,1,1,UNSAT,790.181071920997,800.0,800.0,802.000,49151.000,,,
4c04274d6c93b04b7edec44b21ec71c0,argumentation,argumentation,test,dura,1,1,0,,800.0,800.0,800.0,,,,,
4c6e57f5552d546278e192b6e332635a,argumentation,argumentation,dev,inestable,1,1,1,SAT,63.2344487310038,800.0,800.0,,,,,
4d7f6efbae05b66ffbbd509a430d57f8,argumentation,argumentation,reserva,sin-ref,1,0,,,,,,,,,,
4e992497ac22bfefbaaef1d08baa59a8,argumentation,argumentation,reserva,sin-ref,1,0,,,,,,1584.000,17254.000,,,
4f896473706813b2f99fd3a4d3ce8441,argumentation,argumentation,reserva,sin-ref,1,0,,,,,,,,,,
518baf9271c095fd01074c3ce98a1441,argumentation,argumentation,reserva,sin-ref,1,0,,,,,,1176.000,13650.000,,,
55199d55fa9c3751a525d6c0a0e649bd,argumentation,argumentation,reserva,sin-ref,1,0,,,,,,,,,,
5884bd13ef73c1305f7fadd1188d81db,argumentation,argumentation,dev,dura,1,1,0,,800.0,800.0,800.0,,,,,
5c48ad5bfb25910c611a5cb252ecf581,argumentation,argumentation,dev,dura,1,1,0,,800.0,800.0,800.0,,,,,
5cb1ca8fe8a9d9125ea9accd498445f1,argumentation,argumentation,dev,media,1,1,3,UNSAT,592.8277596830012,627.5837518710032,756.9853877060013,,,,,
5cba2130f3b9b5aabe6d4bef8438b5a7,argumentation,argumentation,dev,dura,1,1,0,,800.0,800.0,800.0,,,,,
61070b0ca909f70d104c41ba2e18ebc4,argumentation,argumentation,reserva,sin-ref,1,0,,,,,,4173.000,103882.000,,,
626a63809afddb40150befbfa5111773,argumentation,argumentation,reserva,sin-ref,1,0,,,,,,,,,,
62b5634297cf5a00efcfe0b2ab33c705,argumentation,argumentation,test,dura,1,1,0,,800.0,800.0,800.0,,,,,
62eae28dcf3170b1547fb5db73e6a295,argumentation,argumentation,dev,dura,1,1,0,,800.0,800.0,800.0,,,,,
64778902de3d1d77ac19ced386b7f54a,argumentation,argumentation,reserva,sin-ref,1,0,,,,,,,,,,
65993c1d3503a963aa30f8244269cc52,argumentation,argumentation,reserva,sin-ref,1,0,,,,,,800.000,47114.000,,,
674affb219c049cdbff1b65a6b7bedcc,argumentation,argumentation,test,media,1,1,3,SAT,190.87171281300107,394.6652819130031,447.6003618699978,,,,,
6754a2269c4ed4c91b9fe2dabf683ca8,argumentation,argumentation,test,dura,1,1,0,,800.0,800.0,800.0,,,,,
67b4844c4bfbaf961cbbd79b953aa5c2,argumentation,argumentation,test,dura,1,1,0,,800.0,800.0,800.0,,,,,
69ed23c545d2a48f735f2187d919a5dd,argumentation,argumentation,test,media,1,1,3,SAT,38.31107664300362,261.3921088259958,706.6882094869943,,,,,
6d6b5efe28f4fc13c982cd8404245950,argumentation,argumentation,test,trivial,1,1,3,SAT,0.1004092299990588,0.1172095309884753,0.119015363001381,800.000,47705.000,,,
6dd45cf2d273ca149df4cabd2fea5c70,argumentation,argumentation,dev,dura,1,1,0,,800.0,800.0,800.0,,,,,
6fab31665147f538da92dc16c3a239ad,argumentation,argumentation,dev,dura,1,1,0,,800.0,800.0,800.0,,,,,
6fbed10d0ff5bea497d26c08ad2f8009,argumentation,argumentation,reserva,sin-ref,1,0,,,,,,,,,,
7061040acf111de124b71cff57689845,argumentation,argumentation,reserva,sin-ref,1,0,,,,,,,,,,
7492f8b6198c2fef61785b031aaf3201,argumentation,argumentation,reserva,sin-ref,1,0,,,,,,,,,,
76257d780dcaae3c7a28b1fcfb44dad0,argumentation,argumentation,test,inestable,1,1,2,SAT,323.3391858610121,377.1151531819924,800.0,,,,,
77f2ff6b224e8f65ada066a8a11f82ea,argumentation,argumentation,test,trivial,1,1,3,SAT,0.1008168599946657,0.1084946740011219,0.1352337319985963,1000.000,74222.000,,,
7abad21697e0a9769ad51e58d2bc9792,argumentation,argumentation,reserva,sin-ref,1,0,,,,,,,,,,
7b40e39148de4d5f8d9384d6937c287e,argumentation,argumentation,reserva,sin-ref,1,0,,,,,,,,,,
7b4622a3ab523264378a560199de47ed,argumentation,argumentation,reserva,sin-ref,1,0,,,,,,,,,,
7b9d8b9b31b530effd634f5a8f1f4411,argumentation,argumentation,test,media,1,1,3,UNSAT,521.0542220310017,616.0133496939961,648.0934406550077,,,,,
7bcc0ddc684ca044973e912681786440,argumentation,argumentation,reserva,sin-ref,1,0,,,,,,,,,,
7faa62e8464b2ca45d9ca4bfd3ef95a4,argumentation,argumentation,test,trivial,1,1,3,SAT,0.065153076997376,0.067334117993596,0.0688242519972845,,,,,
81d2158d506ea1049708837460b9387e,argumentation,argumentation,dev,dura,1,1,0,,800.0,800.0,800.0,800.000,15201.000,,,
8270ae50e6f2881136868db6d3a88eee,argumentation,argumentation,test,dura,1,1,0,,800.0,800.0,800.0,,,,,
84a0931700324abf2ffb39ad6469f76a,argumentation,argumentation,reserva,sin-ref,1,0,,,,,,,,,,
84bdf44171ffa3ffbc187c7244c83bf5,argumentation,argumentation,dev,dura,1,1,0,,800.0,800.0,800.0,836.000,17335.000,,,
89b778a6b654bd3107b4fc10b3a0fdee,argumentation,argumentation,dev,inestable,1,1,2,SAT,187.97809167001105,193.4428139899973,800.0,,,,,
8b267f95678c90b2179944de7233b090,argumentation,argumentation,reserva,sin-ref,1,0,,,,,,,,,,
8b31606e10656ff7eb2936262b647443,argumentation,argumentation,reserva,sin-ref,1,0,,,,,,,,,,
8b363b12850e5d205a4565a352006e77,argumentation,argumentation,reserva,sin-ref,1,0,,,,,,,,,,
8db36208fc6ce43b4002cf048c549b3f,argumentation,argumentation,reserva,sin-ref,1,0,,,,,,,,,,
8e028e63015dc3e6c1f91b4dfc8d7bfa,argumentation,argumentation,reserva,sin-ref,1,0,,,,,,,,,,
9164165d7f1960b7d6317ff09cd9e2a2,argumentation,argumentation,dev,dura,1,1,0,,800.0,800.0,800.0,,,,,
92a730305d3ebc88e06cdf74deb5e484,argumentation,argumentation,dev,dura,1,1,0,,800.0,800.0,800.0,1002.000,113965.000,,,
92ce18c41203c97938c9566b6920d9f2,argumentation,argumentation,reserva,sin-ref,1,0,,,,,,,,,,
945d67baeb7860df648ab6ef4782d5ed,argumentation,argumentation,reserva,sin-ref,1,0,,,,,,,,,,
953e9ff735bdf5ada27b0ab2b908b6af,argumentation,argumentation,test,dura,1,1,0,,800.0,800.0,800.0,,,,,
96a472b1fd7bf855fbe44fc2d5e745ce,argumentation,argumentation,excluida,sin-ref,0,0,,,,,,,,,,
96a6796405061571e12d383efe27b703,argumentation,argumentation,reserva,sin-ref,1,0,,,,,,,,,,
97233f12f268ea7dc29f8fc280278c2b,argumentation,argumentation,reserva,sin-ref,1,0,,,,,,,,,,
9749dfccb16cf9c3978e508e58b7e793,argumentation,argumentation,dev,dura,1,1,0,,800.0,800.0,800.0,,,,,
9754fc1acf450ee2ed2083a211cfa487,argumentation,argumentation,dev,inestable,1,1,1,SAT,191.49296460500045,800.0,800.0,,,,,
9811b95bfd5888014d27e6dd384ff502,argumentation,argumentation,reserva,sin-ref,1,0,,,,,,,,,,
9c7043290cee8127c3626d8067759267,argumentation,argumentation,reserva,sin-ref,1,0,,,,,,,,,,
9c8e0ab5c6c0614c6e6984e1aabfa6d1,argumentation,argumentation,reserva,sin-ref,1,0,,,,,,,,,,
9da5ac8c85d8a5ff3d81cd40004cf4b7,argumentation,argumentation,dev,dura,1,1,0,,800.0,800.0,800.0,,,,,
9e5f847d97c4aa584e9c89d342ff886b,argumentation,argumentation,dev,media,1,1,3,UNSAT,165.7291790140007,166.36252758099,197.9785032200016,,,,,
9e749596a8de36d8ab706c96cf128455,argumentation,argumentation,dev,dura,1,1,0,,800.0,800.0,800.0,,,,,
a10ac377ffa3193589df4d06f6506f3b,argumentation,argumentation,reserva,sin-ref,1,0,,,,,,800.000,20401.000,,,
a12bb1cc7368a41319792a395275eee1,argumentation,argumentation,test,inestable,1,1,2,SAT,12.946790333007812,99.21775571000762,800.0,,,,,
a1617458de611b0dca934ea3a60a0749,argumentation,argumentation,test,dura,1,1,0,,800.0,800.0,800.0,,,,,
a2b8ca54a01de6473900476c87f30146,argumentation,argumentation,reserva,sin-ref,1,0,,,,,,,,,,
a343d3e91beb4d857f802ec1896359d6,argumentation,argumentation,reserva,sin-ref,1,0,,,,,,,,,,
a4d0045e0c0ae0bae72dccc0bdc30627,argumentation,argumentation,reserva,sin-ref,1,0,,,,,,800.000,20401.000,,,
a58b8a5eb61d3110d9fa36a03de588d2,argumentation,argumentation,reserva,sin-ref,1,0,,,,,,,,,,
a73a34088fda4ebcf173015b036b5e92,argumentation,argumentation,test,dura,1,1,0,,800.0,800.0,800.0,800.000,20401.000,,,
a9f4302b847b9408077d3f7aa4aa85af,argumentation,argumentation,reserva,sin-ref,1,0,,,,,,,,,,
aa4a861240c0c39b5aa44602133ae5e1,argumentation,argumentation,reserva,sin-ref,1,0,,,,,,836.000,17335.000,,,
aa5585572cc045a3c2209b083635d598,argumentation,argumentation,test,dura,1,1,0,,800.0,800.0,800.0,,,,,
aa7346b1ad1e46590bcf4cb65ac91fd5,argumentation,argumentation,test,dura,1,1,0,,800.0,800.0,800.0,,,,,
abf7c338e1183f74f3e8a6619bb19348,argumentation,argumentation,test,dura,1,1,0,,800.0,800.0,800.0,,,,,
ac51df6b340190cd1182c06ff2955afa,argumentation,argumentation,test,media,1,1,3,SAT,40.580872703008936,289.9717364840035,341.4020683540002,,,,,
ad65eff6de4d7da5c4197919936819d5,argumentation,argumentation,dev,trivial,1,1,3,SAT,0.0598128819983685,0.0645455060002859,0.066689261002466,,,,,
ae7e391be73431e5dddf2bbafe95758a,argumentation,argumentation,test,dura,1,1,0,,800.0,800.0,800.0,,,,,
b11374f7fe60b9a63fbfde24b1a0a439,argumentation,argumentation,reserva,sin-ref,1,0,,,,,,,,,,
b15976296ff876956f98444866a50bb6,argumentation,argumentation,reserva,sin-ref,1,0,,,,,,,,,,
b1de5ff3eb1bfd64a2111f29061f06a6,argumentation,argumentation,reserva,sin-ref,1,0,,,,,,,,,,
b46f01eda843af257a0620285ad6dce8,argumentation,argumentation,reserva,sin-ref,1,0,,,,,,,,,,
b86f2425cafeb1239d65bd529e372e02,argumentation,argumentation,reserva,sin-ref,1,0,,,,,,,,,,
b9ed6fd14f4fc969ec966a4b54c36872,argumentation,argumentation,reserva,sin-ref,1,0,,,,,,,,,,
bacdba12584c2ac2ef65e0ff3540f565,argumentation,argumentation,reserva,sin-ref,1,0,,,,,,,,,,
bbf800109d039e117ed60593c185692c,argumentation,argumentation,test,dura,1,1,0,,800.0,800.0,800.0,,,,,
bd19da88800086971e554e9d66bc641d,argumentation,argumentation,reserva,sin-ref,1,0,,,,,,,,,,
bdfee78154d94ce8f7225950e9d30ae9,argumentation,argumentation,dev,dura,1,1,0,,800.0,800.0,800.0,,,,,
bee9b6cc37c70a5fb70d0e73b4cc8163,argumentation,argumentation,reserva,sin-ref,1,0,,,,,,,,,,
bf701b504bdefc046b637fdaf8ea065c,argumentation,argumentation,dev,dura,1,1,0,,800.0,800.0,800.0,,,,,
c0074020a48535e6062421cea2850dd0,argumentation,argumentation,reserva,sin-ref,1,0,,,,,,,,,,
c26ca353bf47730b0e5c545a6c927a85,argumentation,argumentation,test,dura,1,1,0,,800.0,800.0,800.0,1002.000,76525.000,,,
c3d8096db125f4bade48cfd0dcf441f3,argumentation,argumentation,reserva,sin-ref,1,0,,,,,,,,,,
c41c74f316a2067cc19708ce982d960a,argumentation,argumentation,test,media,1,1,3,UNSAT,217.00168860299163,217.7749393849953,220.01121497699933,,,,,
c78802dadb6d6f5c543a5923799ecd64,argumentation,argumentation,reserva,sin-ref,1,0,,,,,,,,,,
c892ecdacc0cd27450d201bf1fae433c,argumentation,argumentation,reserva,sin-ref,1,0,,,,,,1328.000,22623.000,,,
c8f1448967383f3fa8281c00123cbcc8,argumentation,argumentation,reserva,sin-ref,1,0,,,,,,,,,,
ca8f36f9c54cb7f5d070abeaeec489fe,argumentation,argumentation,dev,dura,1,1,0,,800.0,800.0,800.0,,,,,
caf26e6aaa0adebbc670ae3d082c8e33,argumentation,argumentation,reserva,sin-ref,1,0,,,,,,,,,,
cfc5b08fa24149afb9a67426dbe871e9,argumentation,argumentation,dev,dura,1,1,0,,800.0,800.0,800.0,,,,,
d3daba681653ea969bedf0c4a2fdb947,argumentation,argumentation,reserva,sin-ref,1,0,,,,,,,,,,
d41878466122ace3061c2bc62309ca69,argumentation,argumentation,reserva,sin-ref,1,0,,,,,,,,,,
d4b34487d867f3c56146c58cef8f7066,argumentation,argumentation,reserva,sin-ref,1,0,,,,,,,,,,
d4faf72067242c3c52f8a5596a2389c7,argumentation,argumentation,reserva,sin-ref,1,0,,,,,,,,,,
d5828176cbe49f8fe8f65d51744c8af4,argumentation,argumentation,reserva,sin-ref,1,0,,,,,,,,,,
d5f6b2092795aad67d1df1fd3a329552,argumentation,argumentation,dev,dura,1,1,0,,800.0,800.0,800.0,,,,,
d7f2e4ec8e631387c928c79e1054c663,argumentation,argumentation,dev,dura,1,1,0,,800.0,800.0,800.0,,,,,
db099269d468029b70419bf4a49e99a1,argumentation,argumentation,test,dura,1,1,0,,800.0,800.0,800.0,400.000,30926.000,,,
db1905e1d74befc396c4ced0a26a4742,argumentation,argumentation,dev,media,1,1,3,SAT,26.65296929799661,49.890121933000046,431.4488086920028,,,,,
db4a0d4ba26c46d66ad6cdcb0645a4d9,argumentation,argumentation,dev,media,1,1,3,UNSAT,687.1433745129907,762.5430626029993,793.352042864004,,,,,
dbaec2770ce9d23324d530a1c53f8412,argumentation,argumentation,reserva,sin-ref,1,0,,,,,,,,,,
dcdc3d1d35c7ecee04826b8361f0d08b,argumentation,argumentation,reserva,sin-ref,1,0,,,,,,,,,,
dd2a651971987244956321d7a4b1efaa,argumentation,argumentation,reserva,sin-ref,1,0,,,,,,1198.000,21549.000,,,
ddb3decfe4a53709806d60535bbb3de8,argumentation,argumentation,reserva,sin-ref,1,0,,,,,,,,,,
df5854c32714147e085ec209b8c0f5ac,argumentation,argumentation,dev,dura,1,1,0,,800.0,800.0,800.0,,,,,
e27e439d19bd1d246b7a669feb2d5e7e,argumentation,argumentation,dev,media,1,1,3,SAT,104.93695547699464,518.9927543950034,520.7922451280028,,,,,
e3920fc15989f1d914b4210a7864eecf,argumentation,argumentation,dev,dura,1,1,0,,800.0,800.0,800.0,,,,,
e3bd4a397f34a99c47d1b2e0e9abcd43,argumentation,argumentation,excluida,danada,0,0,,,,,,,,,,
e4695710aef0fb01226d484be4055dfc,argumentation,argumentation,test,media,1,1,3,UNSAT,203.2007851590024,207.9656436590012,225.36444383100024,,,,,
e67d733d9938c565d6359002333611ff,argumentation,argumentation,reserva,sin-ref,1,0,,,,,,,,,,
e7736f693835ebec4ced74ad3c146e81,argumentation,argumentation,dev,media,1,1,3,UNSAT,99.17728404000808,101.2888805859984,114.93323406600392,,,,,
e84b00b1f134e0e071a2baf54cfc90e8,argumentation,argumentation,reserva,sin-ref,1,0,,,,,,,,,,
e90c47854301126a15d599fb323b21bc,argumentation,argumentation,dev,dura,1,1,0,,800.0,800.0,800.0,,,,,
e95e284c3a0e7ba69f480af696b2d174,argumentation,argumentation,test,dura,1,1,0,,800.0,800.0,800.0,,,,,
ea827f81bd0e9735739adc0d9da1b446,argumentation,argumentation,reserva,sin-ref,1,0,,,,,,1002.000,113464.000,,,
eae448bcbe947fb35084a8ac8e82e068,argumentation,argumentation,dev,dura,1,1,0,,800.0,800.0,800.0,,,,,
ef0712f558986be079b9bab249af88ba,argumentation,argumentation,test,dura,1,1,0,,800.0,800.0,800.0,800.000,20001.000,,,
f08395cb2a776af1a659f4ad1c4863ca,argumentation,argumentation,reserva,sin-ref,1,0,,,,,,,,,,
f15ad4206d95a3f8f1358b33301539be,argumentation,argumentation,test,dura,1,1,0,,800.0,800.0,800.0,802.000,48038.000,,,
f35c75373ea4331d8bbb668dc6819eb1,argumentation,argumentation,reserva,sin-ref,1,0,,,,,,,,,,
f371fb73e6bd6d05b306519818bd5c89,argumentation,argumentation,reserva,sin-ref,1,0,,,,,,1000.000,13501.000,,,
f569dc48ad062a3110ff08a8d59e59ab,argumentation,argumentation,reserva,sin-ref,1,0,,,,,,,,,,
f788ba6dd26cdc70f890422d54c875f3,argumentation,argumentation,excluida,danada,0,0,,,,,,,,,,
f828cf8d7e59a8f1f16375f58e33a9b0,argumentation,argumentation,reserva,sin-ref,1,0,,,,,,,,,,
fc8c01b4e729cad266d31fe3fec9caac,argumentation,argumentation,test,dura,1,1,0,,800.0,800.0,800.0,,,,,
fda6ca467c5e2d2cd3f02fbcde359961,argumentation,argumentation,reserva,sin-ref,1,0,,,,,,,,,,
fdfd5975c57d7cd2264ef6aff6cb4815,argumentation,argumentation,reserva,sin-ref,1,0,,,,,,,,,,
ff8727f8f3e2d408412320923a4bf977,argumentation,argumentation,reserva,sin-ref,1,0,,,,,,,,,,
00ae4072f9b57d5d3cfe8919aff1b776,bitvector,bitvector,excluida,sin-ref,0,0,,,,,,,,,,
0294158664d9ada36bd23fbb652cb823,bitvector,bitvector,reserva,sin-ref,1,0,,,,,,,,,,
03b0e7b608a5f1052c1cdb58ffc69262,bitvector,bitvector,reserva,sin-ref,1,0,,,,,,,,,,
0504d4dc55e80f42ffa698a4ece021c0,bitvector,bitvector,test,inestable,1,1,1,UNSAT,799.4498549329874,800.0,800.0,,,,,
07b48aebb6cc968704afb001b7a50d8d,bitvector,bitvector,excluida,danada,0,0,,,,,,,,,,
096e485489025895cdc59887baafa08b,bitvector,bitvector,excluida,sin-ref,0,0,,,,,,,,,,
09afcece2714c5f1a477c6166933cab5,bitvector,bitvector,reserva,sin-ref,1,0,,,,,,,,,,
09dcc6149a23787a3aa96af8825bda60,bitvector,bitvector,reserva,sin-ref,1,0,,,,,,,,,,
09ea7a837fa92ee285890f2187fcff0a,bitvector,bitvector,reserva,sin-ref,1,0,,,,,,,,,,
0aeec01727d2c23cd3f075494541a7b4,bitvector,bitvector,dev,inestable,1,1,1,SAT,781.938447847002,800.0,800.0,,,,,
0cf4d222987cb88e010b4059c4454dcb,bitvector,bitvector,reserva,sin-ref,1,0,,,,,,,,,,
0ddf53c673ce101b55cc995a357c21f4,bitvector,bitvector,dev,facil,1,1,3,UNSAT,17.30959275200439,18.098752129008066,18.241903939997428,,,,,
0e1a40f65b2fa25ee94a687fa76d5443,bitvector,bitvector,test,dura,1,1,0,,800.0,800.0,800.0,,,,,
0eb24d15f5f858aae0ab4cca22d44a22,bitvector,bitvector,reserva,sin-ref,1,0,,,,,,,,,,
1080c841e6f6a8756f3c3633da98c91d,bitvector,bitvector,reserva,sin-ref,1,0,,,,,,,,,,
11eb35e15cc12c52b20174da5b71f039,bitvector,bitvector,reserva,sin-ref,1,0,,,,,,,,,,
124b725bc84e58ee0a8b72a028a75173,bitvector,bitvector,test,media,1,1,3,UNSAT,249.54074841400143,315.0057467730076,340.6301855400088,,,,,
12fc09b9f66357cf31bb1e4584e28c1a,bitvector,bitvector,dev,dura,1,1,0,,800.0,800.0,800.0,,,,,
135ee583d7609243c526c206cf2ffe1d,bitvector,bitvector,reserva,sin-ref,1,0,,,,,,,,,,
151e3f6c15130b20ab695722318e64b3,bitvector,bitvector,dev,dura,1,1,0,,800.0,800.0,800.0,,,,,
16473d2acfc310d6ed6fc67656c35ade,bitvector,bitvector,reserva,sin-ref,1,0,,,,,,,,,,
1698bc45adbd800076d24e622a227436,bitvector,bitvector,reserva,sin-ref,1,0,,,,,,164758.000,456350.000,,,
1756f9aaead72843a446521cf005550b,bitvector,bitvector,test,dura,1,1,0,,800.0,800.0,800.0,,,,,
1933096e8f9cd581bd376d252fd2ac7c,bitvector,bitvector,test,dura,1,1,0,,800.0,800.0,800.0,,,,,
1a314a2c6095985bdb6f7a2d987d31fc,bitvector,bitvector,test,dura,1,1,0,,800.0,800.0,800.0,,,,,
1a62267c798f13033f7fdb438a3accc9,bitvector,bitvector,dev,dura,1,1,0,,800.0,800.0,800.0,,,,,
1b8e995452d94c2db70cedf14a3f26da,bitvector,bitvector,reserva,sin-ref,1,0,,,,,,,,,,
1f1ab8bc58bb4bc09d309418bbf474da,bitvector,bitvector,test,media,1,1,3,UNSAT,539.027343113994,643.2999583320052,738.4461728499882,,,,,
1faa2c4c17f5f9f13aa48dd8220bbbca,bitvector,bitvector,test,dura,1,1,0,,800.0,800.0,800.0,7877.000,23594.000,,,
20132fb2ea02d8606840eb1d63f9f5c5,bitvector,bitvector,reserva,sin-ref,1,0,,,,,,,,,,
20af7a90131ea05e1ef53ea3705088c9,bitvector,bitvector,dev,trivial,1,1,3,SAT,0.7888014479976846,0.8268824510014383,1.009539600010612,,,,,
22794a7bf4b1d2dbfcfa17a83afc76a9,bitvector,bitvector,test,dura,1,1,0,,800.0,800.0,800.0,,,,,
2285ff99f985f8f926d5159299cc8787,bitvector,bitvector,reserva,sin-ref,1,0,,,,,,,,,,
23bad002bd076e1e2bbbb53e44d5b00d,bitvector,bitvector,dev,dura,1,1,0,,800.0,800.0,800.0,,,,,
2602a408af148cd920698aeff90dd853,bitvector,bitvector,dev,dura,1,1,0,,800.0,800.0,800.0,,,,,
26d1a43c2e8064faffd54bb81484926e,bitvector,bitvector,test,inestable,1,1,1,UNSAT,757.5152788080013,800.0,800.0,,,,,
278ff892ccf6cc1b2ae1ed7161825b13,bitvector,bitvector,reserva,sin-ref,1,0,,,,,,,,,,
2a8c0c4fb5de19ace564b5bdf0efc815,bitvector,bitvector,reserva,sin-ref,1,0,,,,,,,,,,
2c6909b32a7ba218e95c89c3fff48861,bitvector,bitvector,reserva,sin-ref,1,0,,,,,,,,,,
2dfce8dfd050eefb91c57a8f2270cff9,bitvector,bitvector,dev,dura,1,1,0,,800.0,800.0,800.0,,,,,
2ff7611145c4178415d29508434e062f,bitvector,bitvector,reserva,sin-ref,1,0,,,,,,,,,,
301958019bf585f861265c68670487d5,bitvector,bitvector,dev,dura,1,1,0,,800.0,800.0,800.0,,,,,
3154f269851c216ac1ddb39e092db3e3,bitvector,bitvector,test,trivial,1,1,3,UNSAT,2.766949322001892,3.335860137012787,4.186481408993132,,,,,
333aeb46000bbf119635a71cf39389c9,bitvector,bitvector,excluida,sin-ref,0,0,,,,,,,,,,
343885733b441b8dbf2d90886f39c746,bitvector,bitvector,reserva,sin-ref,1,0,,,,,,6328.000,19518.000,,,
363bd16100a90bc47d0dfb637492f6e1,bitvector,bitvector,reserva,sin-ref,1,0,,,,,,,,,,
36e318243695ce6262805797e8535aa4,bitvector,bitvector,reserva,sin-ref,1,0,,,,,,,,,,
37dfb9d60131ccd4b6d5b2ac50ab6fb2,bitvector,bitvector,dev,dura,1,1,0,,800.0,800.0,800.0,,,,,
38ba4510b6bcbb91682c5ab567f900bc,bitvector,bitvector,dev,dura,1,1,0,,800.0,800.0,800.0,,,,,
3f2a362bb7d5a8ea3076020892cde807,bitvector,bitvector,dev,inestable,1,1,1,SAT,534.603218668999,800.0,800.0,,,,,
4169e793a00937655ba8a424287e151d,bitvector,bitvector,reserva,sin-ref,1,0,,,,,,,,,,
42b879c316e63ffcb22776b18bbb1cb1,bitvector,bitvector,reserva,sin-ref,1,0,,,,,,318375.000,440824.000,,,
42d7ff70b7e93478a912ebbab48c17d1,bitvector,bitvector,reserva,sin-ref,1,0,,,,,,,,,,
445f835be7805993f89cc2b6f3bea065,bitvector,bitvector,dev,dura,1,1,0,,800.0,800.0,800.0,,,,,
44c99863cd1634d6b18acff6397b2bfe,bitvector,bitvector,reserva,sin-ref,1,0,,,,,,,,,,
4538c77a99dfab4d31d0ffe2cc1149ea,bitvector,bitvector,excluida,danada,0,0,,,,,,,,,,
458a3a6b271e7a431f8c623fea47c38d,bitvector,bitvector,reserva,sin-ref,1,0,,,,,,,,,,
4622ccd57b5cfc2f13810e1e01bfbdb9,bitvector,bitvector,reserva,sin-ref,1,0,,,,,,,,,,
469aff5a43a9257e35f9c6742222d75d,bitvector,bitvector,reserva,sin-ref,1,0,,,,,,,,,,
47c04ee3a0d07cbbc272f4af73c9ef3c,bitvector,bitvector,reserva,sin-ref,1,0,,,,,,8443.000,39060.000,,,
49538efad8a86131663aff9cd8e6d891,bitvector,bitvector,reserva,sin-ref,1,0,,,,,,344323.000,476752.000,,,
4b537d3c18082eb884bf9429b8146214,bitvector,bitvector,excluida,sin-ref,0,0,,,,,,,,,,
4c8cfa75c8ecb03e728be6a2f305877a,bitvector,bitvector,reserva,sin-ref,1,0,,,,,,,,,,
4efe61249ce9cd61cdd3ffc13ea20db2,bitvector,bitvector,dev,dura,1,1,0,,800.0,800.0,800.0,,,,,
511d84e258608c28ac893aa740ba0968,bitvector,bitvector,reserva,sin-ref,1,0,,,,,,,,,,
51925dbfcd5534b312265098fd439b12,bitvector,bitvector,test,dura,1,1,0,,800.0,800.0,800.0,54460.000,141324.000,,,
529bb3dc6340f2fc0ea617190acc4c31,bitvector,bitvector,reserva,sin-ref,1,0,,,,,,5203.000,21941.000,,,
536f3a4dbb98b717f4c58b6e0162882e,bitvector,bitvector,dev,media,1,1,3,UNSAT,494.2608657689998,607.1243572839885,632.8683159600041,5042.000,15466.000,,,
53fc1da0e1caf50d2e6e7b200850b51b,bitvector,bitvector,dev,trivial,1,1,3,SAT,0.341938832993037,0.6044030139892129,1.073529386005248,,,,,
5631c2f4852893a72c242d2bee5efd39,bitvector,bitvector,reserva,sin-ref,1,0,,,,,,,,,,
595b5843c8c12b6a84a67aeab93ea8e8,bitvector,bitvector,reserva,sin-ref,1,0,,,,,,,,,,
599b58ab6fe8214e7250f974f36ec71b,bitvector,bitvector,reserva,sin-ref,1,0,,,,,,,,,,
5ae0187ac5442a7054a08b71b53ef8ac,bitvector,bitvector,test,dura,1,1,0,,800.0,800.0,800.0,438936.000,1756231.000,,,
5d3ebffb0eb6b25c122c4c385517795d,bitvector,bitvector,dev,dura,1,1,0,,800.0,800.0,800.0,,,,,
5e6cacbbb7bb0e88f4ad932120b5a9dc,bitvector,bitvector,test,inestable,1,1,2,UNSAT,214.36906735500088,287.78568743400683,800.0,17570.000,60644.000,,,
5f597b611d0d14d12c09099e69e21a4a,bitvector,bitvector,excluida,sin-ref,0,0,,,,,,,,,,
5fb0d1f02c02c6a7fb485707b637d7e4,bitvector,bitvector,test,dura,1,1,0,,800.0,800.0,800.0,,,,,
6020adfdd5e17de1ac59e1933737cfcf,bitvector,bitvector,reserva,sin-ref,1,0,,,,,,,,,,
6088fba41b1711d09d7ea147870434d0,bitvector,bitvector,reserva,sin-ref,1,0,,,,,,,,,,
61491d8717f1b5a99f3d9acf609934b3,bitvector,bitvector,reserva,sin-ref,1,0,,,,,,,,,,
655681362024c10869610709e1a22246,bitvector,bitvector,dev,dura,1,1,0,,800.0,800.0,800.0,,,,,
68962ef48674e066d91ec37cf02ba1e6,bitvector,bitvector,dev,inestable,1,1,1,SAT,86.2210407800012,800.0,800.0,,,,,
68db53c17dd9b22950722efaad1d47a3,bitvector,bitvector,test,media,1,1,3,SAT,128.17186922900146,247.96879434899893,314.08212277399434,,,,,
6d2e3b7369083eb90e069c7be9eb5cfc,bitvector,bitvector,test,media,1,1,3,SAT,152.72446507800487,154.80581400300434,257.26177836899296,320014.000,1013357.000,,,
6d94754a1f66188c8e2a66f67e7e208e,bitvector,bitvector,test,inestable,1,1,2,SAT,564.6732623250136,580.670158605004,800.0,,,,,
6ddb1d74448f67dbc7f9ce40023125df,bitvector,bitvector,test,facil,1,1,3,SAT,18.20833687100093,26.28774246398825,33.82550311399973,,,,,
6ec01b2e5492583e95562ee487f7b4bd,bitvector,bitvector,test,dura,1,1,0,,800.0,800.0,800.0,,,,,
6f49136f1db5de033da1dafec6455d1c,bitvector,bitvector,test,media,1,1,3,UNSAT,428.4611584259983,433.0334192900045,694.0482560100063,,,,,
6f6f7fe094a4c5f053473c53c22bb2b7,bitvector,bitvector,excluida,sin-ref,0,0,,,,,,,,,,
76fd824a330e9ddd19142ecfda6ad66b,bitvector,bitvector,reserva,sin-ref,1,0,,,,,,,,,,
7b54419c9a90f3bec4adb173ef9a09c1,bitvector,bitvector,reserva,sin-ref,1,0,,,,,,,,,,
7bdd0f1b712cc4729f2377dfc5ee9bd0,bitvector,bitvector,test,media,1,1,3,SAT,56.83901810599491,151.6187041289959,253.19899697999065,,,,,
7c7f6685df08401a63a112ca5d5a32ac,bitvector,bitvector,reserva,sin-ref,1,0,,,,,,,,,,
7da0582f7f105caeedcee2a216ecc0c8,bitvector,bitvector,dev,inestable,1,1,1,SAT,698.4890395370021,800.0,800.0,,,,,
7f71ccf22cd5bc2cdaab8bf1b2f95eac,bitvector,bitvector,test,dura,1,1,0,,800.0,800.0,800.0,,,,,
80bd8826bd9fc15b734b2468cb0c6be2,bitvector,bitvector,reserva,sin-ref,1,0,,,,,,,,,,
818cd5a3766f397991638bbe19cd0f18,bitvector,bitvector,reserva,sin-ref,1,0,,,,,,,,,,
82200fee50cab595a1fd44bec2451e89,bitvector,bitvector,test,media,1,1,3,UNSAT,3.719128339012968,53.0639159620041,484.4036889359995,,,,,
82e6d1219d747172e414e37428a74133,bitvector,bitvector,dev,inestable,1,1,2,SAT,197.7842457730003,223.805118164004,800.0,,,,,
84083fc2a125cb20046b06f7fceb6e1c,bitvector,bitvector,reserva,sin-ref,1,0,,,,,,688013.000,2181469.000,,,
8417e50b6b730737a084c868de7b60d6,bitvector,bitvector,test,dura,1,1,0,,800.0,800.0,800.0,,,,,
84611c5ceece78f517c71ff6b90bcf92,bitvector,bitvector,reserva,sin-ref,1,0,,,,,,,,,,
854bdbc346c8aa047ee35273fd04944e,bitvector,bitvector,reserva,sin-ref,1,0,,,,,,463900.000,1177912.000,,,
85ba4d1a72145ca1885e905a9797ce28,bitvector,bitvector,test,dura,1,1,0,,800.0,800.0,800.0,,,,,
85d6fe0d5a19bfa55ea9ccc2b58924d8,bitvector,bitvector,dev,inestable,1,1,1,UNSAT,494.46196284100006,800.0,800.0,8013.000,24248.000,,,
870ebd2501c12dd597ca5fda0d9c1a90,bitvector,bitvector,reserva,sin-ref,1,0,,,,,,14654.000,62036.000,,,
87494c9d7d01468c75382b79f11c5abe,bitvector,bitvector,reserva,sin-ref,1,0,,,,,,,,,,
882482a0622ccdf8f355b6a11d7fbc72,bitvector,bitvector,dev,media,1,1,3,UNSAT,240.6514492349961,255.7738542559964,275.73500030300056,,,,,
89d1a19b5a8f40eb71dcadae8b0dfd20,bitvector,bitvector,reserva,sin-ref,1,0,,,,,,,,,,
8cbcbe55f1dc45cc2aa2f95e237756c5,bitvector,bitvector,reserva,sin-ref,1,0,,,,,,,,,,
8f806d79e52189fb9fdc1ecb1e3654ca,bitvector,bitvector,reserva,sin-ref,1,0,,,,,,,,,,
90346ea0f260db4f459c4a22a853c5de,bitvector,bitvector,test,dura,1,1,0,,800.0,800.0,800.0,,,,,
920f65d49a7dc72c5771a73c38688a55,bitvector,bitvector,reserva,sin-ref,1,0,,,,,,,,,,
92afef62e7c2a187982f88e57fff9a5a,bitvector,bitvector,reserva,sin-ref,1,0,,,,,,14342.000,42272.000,,,
92b98ab8055b143e0283a215a70cf001,bitvector,bitvector,dev,media,1,1,3,SAT,30.827018106007017,58.65411145699909,110.36006635399826,,,,,
9392508e4275ef96d427c30b393be70f,bitvector,bitvector,reserva,sin-ref,1,0,,,,,,,,,,
95eb43cf0a4a829e14fe362c2f1a8474,bitvector,bitvector,reserva,sin-ref,1,0,,,,,,,,,,
997f40a6afd8054e3d6a84dfb65ef157,bitvector,bitvector,dev,media,1,1,3,SAT,155.72064235300058,269.5706703379983,285.2599924469978,,,,,
99fb55dfbb28f470dcbd1722536e0daa,bitvector,bitvector,test,dura,1,1,0,,800.0,800.0,800.0,,,,,
9a5010593dfc8a26510ac906df38c05b,bitvector,bitvector,reserva,sin-ref,1,0,,,,,,,,,,
9fe5c949cfc43c135c028243889134a8,bitvector,bitvector,reserva,sin-ref,1,0,,,,,,,,,,
a17efb89fadde5be43b05cf36181f6ba,bitvector,bitvector,reserva,sin-ref,1,0,,,,,,,,,,
a36e3b4507dc96d4564bac179a13e252,bitvector,bitvector,test,dura,1,1,0,,800.0,800.0,800.0,,,,,
a3c6cf1776a3b89e8b5ed137a2169a46,bitvector,bitvector,dev,dura,1,1,0,,800.0,800.0,800.0,,,,,
a553e9cdf676a45c44c4223e75a7c604,bitvector,bitvector,reserva,sin-ref,1,0,,,,,,,,,,
a5e6de7a46556a09ccb12136aaea1dee,bitvector,bitvector,excluida,danada,0,0,,,,,,,,,,
a6f9888133aa12dfff27831645bd0eb3,bitvector,bitvector,reserva,sin-ref,1,0,,,,,,,,,,
a70be851b3e1d994d3c3729d8c9dcf1a,bitvector,bitvector,dev,media,1,1,3,UNSAT,187.7572220730072,241.24746647100253,262.14966846200696,,,,,
a8963c507ec3834e0be841b79a2b5edc,bitvector,bitvector,reserva,sin-ref,1,0,,,,,,,,,,
aa96db501deb704c0be26fca804348c0,bitvector,bitvector,reserva,sin-ref,1,0,,,,,,,,,,
abc2d706e3cb72aa9f0edc8b67cd11f6,bitvector,bitvector,reserva,sin-ref,1,0,,,,,,259992.000,359986.000,,,
ac2165cbc6c18e4e47f3b8741553e082,bitvector,bitvector,dev,dura,1,1,0,,800.0,800.0,800.0,,,,,
ad2b1829387e1ec0cf33172ceca59cb6,bitvector,bitvector,test,media,1,1,3,UNSAT,173.5519898210041,240.5014015790075,344.2555276089988,,,,,
b1770a04ee8e33b42f589e31da819ad5,bitvector,bitvector,test,dura,1,1,0,,800.0,800.0,800.0,,,,,
b3d40f5c1f8ad9873775a885469ada26,bitvector,bitvector,excluida,sin-ref,0,0,,,,,,,,,,
b41f6db1fee18a3aa5630aac4d07f3f9,bitvector,bitvector,reserva,sin-ref,1,0,,,,,,1232855.000,3896468.000,,,
b45c330de5e628bc623a52c4c6555445,bitvector,bitvector,test,dura,1,1,0,,800.0,800.0,800.0,,,,,
b52aa29d244bf58f84e742a20dd8bf69,bitvector,bitvector,dev,dura,1,1,0,,800.0,800.0,800.0,,,,,
b5997123626c2d12fa7e2ef8972d38e4,bitvector,bitvector,reserva,sin-ref,1,0,,,,,,,,,,
b676ad852ca0867aef85be90753e5745,bitvector,bitvector,test,dura,1,1,0,,800.0,800.0,800.0,,,,,
b6f21018d65de834513fbd94a5e06377,bitvector,bitvector,reserva,sin-ref,1,0,,,,,,,,,,
b7ab774b6d91a8b0edaf36c3e61c374f,bitvector,bitvector,dev,dura,1,1,0,,800.0,800.0,800.0,,,,,
b8399c47701dc509b97506fc1b8a5361,bitvector,bitvector,reserva,sin-ref,1,0,,,,,,9659.000,28685.000,,,
b86fb8a1c823be5dc73b89d3b20dfda8,bitvector,bitvector,reserva,sin-ref,1,0,,,,,,,,,,
b8f8dcfa84a6f10d2a11ed556c8d3e7d,bitvector,bitvector,excluida,danada,0,0,,,,,,,,,,
b96034d2fd2868e568c2945611fb5d96,bitvector,bitvector,reserva,sin-ref,1,0,,,,,,,,,,
ba2002f1181352a4314c416e78ca0aca,bitvector,bitvector,reserva,sin-ref,1,0,,,,,,,,,,
bac55b0c8df161600983a66c006be087,bitvector,bitvector,reserva,sin-ref,1,0,,,,,,,,,,
bb2847c158b6773a972dac3a823850a5,bitvector,bitvector,test,dura,1,1,0,,800.0,800.0,800.0,,,,,
bd3b4e932106a55b57598b7e783c6c58,bitvector,bitvector,dev,dura,1,1,0,,800.0,800.0,800.0,,,,,
bdd6bae29aa7c535e97bd65dbc8464bd,bitvector,bitvector,dev,dura,1,1,0,,800.0,800.0,800.0,,,,,
bde51396855219ffe527bfa85bdc59ed,bitvector,bitvector,dev,media,1,1,3,UNSAT,31.29327277700941,163.3980876870046,169.34954071900574,,,,,
c1616d4244670607260e06e0506d1fad,bitvector,bitvector,dev,media,1,1,3,UNSAT,290.1490156179934,340.6591656689998,451.2016210849979,,,,,
c2626a4c70dacabe504b8feaff7e185f,bitvector,bitvector,reserva,sin-ref,1,0,,,,,,,,,,
c2758faefec5e7abcc6c077106214581,bitvector,bitvector,dev,facil,1,1,3,UNSAT,45.81177420499444,54.753766934998566,56.42314014499425,,,,,
c3c80c8b7e9a4eb4c99be20bee4e2c48,bitvector,bitvector,test,trivial,1,1,3,UNSAT,0.1779453820054186,0.1785534509981516,0.1897421110043069,,,,,
c3d373950f657fbc2752d4ef8ed05a35,bitvector,bitvector,reserva,sin-ref,1,0,,,,,,55045.000,143155.000,,,
c4e77bfa7a50ea633445d23e3ca9d929,bitvector,bitvector,dev,media,1,1,3,UNSAT,148.73179056399383,187.73908528099128,283.6769859490014,,,,,
c507d80b1603bb1e9c980524e1a57431,bitvector,bitvector,dev,media,1,1,3,UNSAT,369.65759298000194,415.6358876279992,547.5479293530079,227491.000,663516.000,,,
c541c7c6b0167540a447c68bd566b619,bitvector,bitvector,dev,inestable,1,1,2,UNSAT,229.82230430000345,340.9018827149994,800.0,,,,,
c5b1697acea10f276108c600475d2a4f,bitvector,bitvector,excluida,danada,0,0,,,,,,,,,,
c62646f39b21cf741627d8e1a97d6534,bitvector,bitvector,reserva,sin-ref,1,0,,,,,,,,,,
c6b0ea900f2fdddad7fc5afa1b41f89d,bitvector,bitvector,reserva,sin-ref,1,0,,,,,,,,,,
c87d77dd5456866cf10d56e0e05bbdc8,bitvector,bitvector,reserva,sin-ref,1,0,,,,,,,,,,
ca4b2e306cc33b518dde145745db32d5,bitvector,bitvector,dev,dura,1,1,0,,800.0,800.0,800.0,,,,,
ca53d7b58ed8920c28bb08c8ccd709bd,bitvector,bitvector,reserva,sin-ref,1,0,,,,,,443833.000,1399837.000,,,
cb43d6462c351764815a693fbf94cb71,bitvector,bitvector,excluida,danada,0,0,,,,,,,,,,
cc436db9fe0278663ce376e068069815,bitvector,bitvector,test,dura,1,1,0,,800.0,800.0,800.0,,,,,
cc9a6cf6d19647e643802f4a870fe3c2,bitvector,bitvector,test,dura,1,1,0,,800.0,800.0,800.0,,,,,
cca1774ad0e4c13ddfeca49c75d75d29,bitvector,bitvector,dev,media,1,1,3,UNSAT,440.5302323369978,489.98868659700383,523.3587455419911,,,,,
cd2bc98659d17859ba3c97e68d4af5b5,bitvector,bitvector,reserva,sin-ref,1,0,,,,,,,,,,
ce9fa3e32d9e1172a56a6c233a5ac56a,bitvector,bitvector,excluida,danada,0,0,,,,,,,,,,
d0261efd3e55848b11c1f71a22049a1e,bitvector,bitvector,reserva,sin-ref,1,0,,,,,,,,,,
d0a4e3b4b89dcdb4c4f79a2becfce170,bitvector,bitvector,reserva,sin-ref,1,0,,,,,,,,,,
d1e28cbdecedb0dbceebb79f4d7e4773,bitvector,bitvector,reserva,sin-ref,1,0,,,,,,,,,,
d2692603e0aadebf8944f7bf39d773cb,bitvector,bitvector,test,dura,1,1,0,,800.0,800.0,800.0,,,,,
d2ea887fc8915807474187d5f5199ab7,bitvector,bitvector,test,inestable,1,1,2,SAT,436.1160819250072,755.2598927389918,800.0,1045992.000,3306787.000,,,
d37d113fbacd6c0b5f4cd56a49e65d9b,bitvector,bitvector,excluida,danada,0,0,,,,,,,,,,
d411137584419b1fd3b1a8925a17fa1d,bitvector,bitvector,reserva,sin-ref,1,0,,,,,,,,,,
d6a644670ef23096924ca6518e73691a,bitvector,bitvector,reserva,sin-ref,1,0,,,,,,,,,,
d73632fec32a7c578f7226e275146c53,bitvector,bitvector,excluida,danada,0,0,,,,,,,,,,
d767f073d0d9e1f5ab3619eb83d03f8e,bitvector,bitvector,reserva,sin-ref,1,0,,,,,,,,,,
d7b38c8ead74ae705aa60b8771debda1,bitvector,bitvector,dev,dura,1,1,0,,800.0,800.0,800.0,,,,,
d9d3ba7ec21d4b7c3d7622734f180505,bitvector,bitvector,dev,dura,1,1,0,,800.0,800.0,800.0,,,,,
da6ce310adfacd0804de988af6fdf092,bitvector,bitvector,reserva,sin-ref,1,0,,,,,,,,,,
da7a564a661110a17274c2082c83d5de,bitvector,bitvector,reserva,sin-ref,1,0,,,,,,,,,,
dbcc775ffd10da39efe1f481ae033087,bitvector,bitvector,reserva,sin-ref,1,0,,,,,,,,,,
dc852bacf85798b0bef47c4f449b07c5,bitvector,bitvector,reserva,sin-ref,1,0,,,,,,,,,,
dc8c5af672295b99cc520281fd5bbbfc,bitvector,bitvector,excluida,danada,0,0,,,,,,,,,,
de24a43766cbd9ba5afaa1eb07017d23,bitvector,bitvector,dev,dura,1,1,0,,800.0,800.0,800.0,,,,,
e00db2d014120892e94713590fc32948,bitvector,bitvector,test,trivial,1,1,3,SAT,0.6082149129942991,0.6248393020068761,0.953253624989884,,,,,
e0bce8c3f9c1abb9b36ae9dd20e40bd9,bitvector,bitvector,reserva,sin-ref,1,0,,,,,,,,,,
e1b7eb30b30fe24bd77898312bf42c8f,bitvector,bitvector,reserva,sin-ref,1,0,,,,,,,,,,
e45e5784cba0411dcef66e49b3bb46e6,bitvector,bitvector,reserva,sin-ref,1,0,,,,,,,,,,
e76231dcffcc280d0eb62dcde5b72e7e,bitvector,bitvector,dev,trivial,1,1,3,SAT,1.1208933659945617,1.435927359998459,1.462592629992287,,,,,
e8c5dde6a433205becb34fa9d3937a7d,bitvector,bitvector,reserva,sin-ref,1,0,,,,,,,,,,
ec6a463d5efffd3600940d031de0c5e9,bitvector,bitvector,test,media,1,1,3,UNSAT,187.05125501700968,200.38787198001228,213.18650151100883,,,,,
ed2af4dc9bb395c6f1bbde490f9f5f3e,bitvector,bitvector,dev,dura,1,1,0,,800.0,800.0,800.0,,,,,
ed7074fe9190f3b39eab1a627fc24e61,bitvector,bitvector,dev,dura,1,1,0,,800.0,800.0,800.0,,,,,
eeb5ce8260a0ebaa1f39f36a49c76735,bitvector,bitvector,reserva,sin-ref,1,0,,,,,,,,,,
f0d67e021e0091c5954396dbd0da9f60,bitvector,bitvector,reserva,sin-ref,1,0,,,,,,,,,,
f197c1e28acb1c284fd111509eb2e76b,bitvector,bitvector,test,inestable,1,1,2,SAT,368.62881335499696,371.3333690950094,800.0,,,,,
f309a6c4d92f04cd7f6eebe2b9f6f878,bitvector,bitvector,reserva,sin-ref,1,0,,,,,,369603.000,1170319.000,,,
f359f5ebf2c84dabf8da4bb3a5ef4518,bitvector,bitvector,excluida,sin-ref,0,0,,,,,,,,,,
f3f6b1bdf843e3f2df370189b5fccad7,bitvector,bitvector,reserva,sin-ref,1,0,,,,,,,,,,
f48c7778c0de0a62d9e2bc6e39b6988e,bitvector,bitvector,reserva,sin-ref,1,0,,,,,,,,,,
f51557fafd667aacc6cd4cca945f0099,bitvector,bitvector,reserva,sin-ref,1,0,,,,,,,,,,
f5f7cffa8fe9fb98e43654dbde38c5f9,bitvector,bitvector,reserva,sin-ref,1,0,,,,,,,,,,
f6b72ccc5182b6115aaa9b06861e57a8,bitvector,bitvector,reserva,sin-ref,1,0,,,,,,,,,,
f81c3aeaf852faf68af51f9c2820184d,bitvector,bitvector,test,trivial,1,1,3,SAT,0.0525214840017724,0.0527468119980767,0.0545746400021016,,,,,
f99956a76d70c8213b63c107483a7869,bitvector,bitvector,test,dura,1,1,0,,800.0,800.0,800.0,11508.000,33725.000,,,
f9a1fa4351f918914d7a7ba881a3a6c4,bitvector,bitvector,reserva,sin-ref,1,0,,,,,,,,,,
fb3d56089d0e7b403190a3dc661f1293,bitvector,bitvector,reserva,sin-ref,1,0,,,,,,,,,,
fb4d5fc86b53307c2f7fe6f7cafeb0d3,bitvector,bitvector,test,media,1,1,3,UNSAT,699.3336023449956,713.3665858690074,761.8967116019921,,,,,
fd4c29e643c9a6d9b86716ddc731a258,bitvector,bitvector,reserva,sin-ref,1,0,,,,,,,,,,
fdaa0081c32cfdaa40ca1c23f03ef255,bitvector,bitvector,excluida,danada,0,0,,,,,,,,,,
ffdfce174618b76c8cd0e4bd45b55130,bitvector,bitvector,dev,trivial,1,1,3,SAT,0.6294527349964483,0.631692185997963,0.7494412180094514,,,,,
00f4aca773e5675f35263dcd46b15bde,cryptography,cryptography,dev,inestable,1,1,2,SAT,288.99242886700085,316.56501189499977,800.0,,,,,
0205e0724a8a912dde9ad7dfba2aee0b,cryptography,cryptography,reserva,sin-ref,1,0,,,,,,4288.000,132592.000,,,
0262e0507796703aeed95b8eb6346828,cryptography,cryptography,dev,dura,1,1,0,,800.0,800.0,800.0,,,,,
05eee75ab69270c322b9ef6bc1ee8604,cryptography,cryptography,dev,dura,1,1,0,,800.0,800.0,800.0,53118.000,178062.000,,,
05ff725eef6dbf5b1bff07bedd89d6c0,cryptography,cryptography,test,dura,1,1,0,,800.0,800.0,800.0,,,,,
06e928088bd822602edb83e41ce8dadb,cryptography,cryptography,reserva,sin-ref,1,0,,,,,,,,,,
0832446f790662899f2275ccef2e09fd,cryptography,cryptography,test,dura,1,1,0,,800.0,800.0,800.0,,,,,
0ba5ff25b8f67d50e7adcdde9716a5c2,cryptography,cryptography,reserva,sin-ref,1,0,,,,,,,,,,
0c1229dd6d69a3435089228613a4586a,cryptography,cryptography,test,media,1,1,3,SAT,66.96774693699263,331.95096110099985,353.1453299160057,,,,,
0d2bcd9d503431148295cd116b446609,cryptography,cryptography,dev,dura,1,1,0,,800.0,800.0,800.0,,,,,
0e6aed984e421d24cd22c298c9fcc496,cryptography,cryptography,reserva,sin-ref,1,0,,,,,,,,,,
0fa39d9540a4021202b574be6cdcb99d,cryptography,cryptography,reserva,sin-ref,1,0,,,,,,,,,,
11f9fb52d305af8fb00e7f6e7071c820,cryptography,cryptography,dev,facil,1,1,3,SAT,10.093344080989482,14.769177641006536,29.66059562900045,,,,,
12bb20e3ad925897977f85af71db7c94,cryptography,cryptography,reserva,sin-ref,1,0,,,,,,,,,,
13fe83cc7a856ff2358f76b96daf51e3,cryptography,cryptography,test,media,1,1,3,SAT,29.96256424499734,59.6477924399951,148.68492868100293,,,,,
144ff2831056bafda1124d98fceec5c7,cryptography,cryptography,test,media,1,1,3,SAT,118.41999901799136,576.7239115519915,673.4801394379901,,,,,
150d5db53b79cad35248536274c2662a,cryptography,cryptography,test,dura,1,1,0,,800.0,800.0,800.0,,,,,
16ad0f4e6759ead8d0cff5349f0136a2,cryptography,cryptography,reserva,sin-ref,1,0,,,,,,,,,,
18d6a042cec732fbf3aa175852cff0c4,cryptography,cryptography,excluida,sin-ref,0,0,,,,,,,,,,
19969dbd50d4cd01c7e8323377364a4e,cryptography,cryptography,dev,media,1,1,3,SAT,136.79525275999913,219.9570886019937,297.5398838789988,,,,,
1cd196414a8f8b83e4c2a3d368369d3a,cryptography,cryptography,reserva,sin-ref,1,0,,,,,,,,,,
205eb49eebcb24bf0b7293fb9fcb87f6,cryptography,cryptography,test,inestable,1,1,1,SAT,48.08093552000355,800.0,800.0,,,,,
2360aab665f3a285d3f1fa7d4863ccea,cryptography,cryptography,reserva,sin-ref,1,0,,,,,,,,,,
24358ac5f7d5d1cd06fd93398dbbcf77,cryptography,cryptography,reserva,sin-ref,1,0,,,,,,,,,,
24ec197c44822a55ab9dcd4eff19e11e,cryptography,cryptography,dev,dura,1,1,0,,800.0,800.0,800.0,,,,,
26e9e6f76821074fec971ba27aae0bea,cryptography,cryptography,dev,dura,1,1,0,,800.0,800.0,800.0,2722.000,11400.000,,,
27910179710bda7747c98bf10ce9a5a3,cryptography,cryptography,reserva,sin-ref,1,0,,,,,,,,,,
28a4a5d2789d9f6a2f0367ab7e344817,cryptography,cryptography,reserva,sin-ref,1,0,,,,,,7089.000,121197.000,,,
2900e0902b39ca81551fc80aca4bf201,cryptography,cryptography,reserva,sin-ref,1,0,,,,,,,,,,
2c4e0ec3514d121eb77e995aa7c061ff,cryptography,cryptography,dev,dura,1,1,0,,800.0,800.0,800.0,,,,,
2d2480ecc9cf28ffab434e5a01283fe4,cryptography,cryptography,dev,dura,1,1,0,,800.0,800.0,800.0,,,,,
2e29192bee7f468c3c6e1b7088829575,cryptography,cryptography,test,dura,1,1,0,,800.0,800.0,800.0,,,,,
2e8985e9103ac6593d2f8c2b168f28b0,cryptography,cryptography,test,media,1,1,3,SAT,75.57425664400216,149.8512896359898,301.3072546829935,,,,,
2eccd163fc5fff906d03d1186336a91e,cryptography,cryptography,test,dura,1,1,0,,800.0,800.0,800.0,,,,,
2f734109b7f0ccf86c85ade14a238b1a,cryptography,cryptography,dev,dura,1,1,0,,800.0,800.0,800.0,,,,,
2f779374c7998f8bdfc2eb9f259c75ae,cryptography,cryptography,dev,dura,1,1,0,,800.0,800.0,800.0,,,,,
2fd5b95206bcb7d829680ec2a50d7a6f,cryptography,cryptography,dev,trivial,1,1,3,SAT,4.215747870999621,5.851109441995504,9.028835895995144,,,,,
3198bf396bbf9fbf335513f05293275e,cryptography,cryptography,dev,facil,1,1,3,SAT,34.742414558000746,70.34858282699133,86.02800537300936,,,,,
326d2f05b98c9f3d14112c6bc07da792,cryptography,cryptography,reserva,sin-ref,1,0,,,,,,,,,,
368e1120462a3cf25f540536fc204d53,cryptography,cryptography,dev,facil,1,1,3,SAT,68.72354768500372,77.39283350500045,95.3389050209953,,,,,
380602278a69c8356d72ee604d62a426,cryptography,cryptography,test,dura,1,1,0,,800.0,800.0,800.0,,,,,
39ad133b95ca87ca0842d3b4d17ec926,cryptography,cryptography,test,dura,1,1,0,,800.0,800.0,800.0,,,,,
39c768d18b13569f65149dc57097c7d7,cryptography,cryptography,reserva,sin-ref,1,0,,,,,,,,,,
3a867aefadefc8c59b283d6a176a0a24,cryptography,cryptography,reserva,sin-ref,1,0,,,,,,,,,,
3b5f922e28a18ed17be03f0fd3923ce8,cryptography,cryptography,reserva,sin-ref,1,0,,,,,,,,,,
3c3e9221a6b2cfc052f5bc8740a94195,cryptography,cryptography,dev,media,1,1,3,SAT,81.78457297000568,181.04098893799528,277.9269473069872,,,,,
3f4946b0d78b8b112b8e7737ae6db0f1,cryptography,cryptography,test,media,1,1,3,SAT,30.72128788700502,107.36938171400108,116.5969077940099,1545.000,17584.000,,,
42365fbbd12dbec267d75aead42e620a,cryptography,cryptography,reserva,sin-ref,1,0,,,,,,,,,,
425c28cab2c9945f9d2058b47ef1ed1d,cryptography,cryptography,dev,dura,1,1,0,,800.0,800.0,800.0,,,,,
430ea7b80a96824380cd1d1e649cc5ea,cryptography,cryptography,test,facil,1,1,3,SAT,4.616537237990997,13.897500217004565,25.15389643498929,,,,,
4397cf03b3285e780558eb1cece52d88,cryptography,cryptography,reserva,sin-ref,1,0,,,,,,13408.000,478484.000,,,
43bb6589bf0a0b3734c8d4d40f7ca31a,cryptography,cryptography,reserva,sin-ref,1,0,,,,,,,,,,
4452f6e48237a5be57cc2166d290ee85,cryptography,cryptography,dev,inestable,1,1,1,SAT,381.34730137600855,800.0,800.0,,,,,
44f304b3659209a3230067913f996ac3,cryptography,cryptography,dev,media,1,1,3,UNSAT,95.43217372299114,103.6238953939901,114.32950842900028,,,,,
467455dc38f984b5f5ae12b17fe3353c,cryptography,cryptography,test,dura,1,1,0,,800.0,800.0,800.0,,,,,
484c4480db0cfadd4d70dfddf3f34f67,cryptography,cryptography,reserva,sin-ref,1,0,,,,,,,,,,
4ab0b18400b3cab22e3d6a3bb1114bf8,cryptography,cryptography,test,dura,1,1,0,,800.0,800.0,800.0,,,,,
4ae4df72bf3703f0fbe505e13bdae54e,cryptography,cryptography,test,inestable,1,1,1,SAT,61.48757064300298,800.0,800.0,,,,,
4b09c4fb82b0ae819b7f3766d9b7dcf1,cryptography,cryptography,dev,dura,1,1,0,,800.0,800.0,800.0,,,,,
4c0756270c5a96bfb110b51d96feeee3,cryptography,cryptography,test,dura,1,1,0,,800.0,800.0,800.0,,,,,
4e36fd96262a32fd673e2b16b967993c,cryptography,cryptography,reserva,sin-ref,1,0,,,,,,,,,,
4f1576d4959e12250e87be157dd25aac,cryptography,cryptography,reserva,sin-ref,1,0,,,,,,,,,,
507ef3714023cc219051508152ac8385,cryptography,cryptography,dev,media,1,1,3,SAT,85.03457093400357,131.5808552410017,180.66884478498832,13409.000,478985.000,,,
511c31a42505f9c6c389faafd051f3fe,cryptography,cryptography,reserva,sin-ref,1,0,,,,,,,,,,
530c85a5e64ccb38f44a4ff73c46b07e,cryptography,cryptography,reserva,sin-ref,1,0,,,,,,13408.000,478484.000,,,
53fbcb20ea8a4672d8a9fbe3eb641ba6,cryptography,cryptography,reserva,sin-ref,1,0,,,,,,,,,,
5546ba75beb2172688a87347234405ff,cryptography,cryptography,test,dura,1,1,0,,800.0,800.0,800.0,,,,,
556ccbb8c839397fa16f270eb902bf61,cryptography,cryptography,reserva,sin-ref,1,0,,,,,,199968.000,810924.000,,,
55c79e8538f8889acf8f1901441d0779,cryptography,cryptography,reserva,sin-ref,1,0,,,,,,,,,,
57431bbb8b3dbd31a54f3bbe630dab2d,cryptography,cryptography,reserva,sin-ref,1,0,,,,,,4448.000,138764.000,,,
575fb26a2a0a978595fcb433192ae40f,cryptography,cryptography,dev,dura,1,1,0,,800.0,800.0,800.0,1156.000,194072.000,,,
5a6988558882b13219eaef164b910c50,cryptography,cryptography,test,media,1,1,3,SAT,114.8263758289977,249.0921624320036,289.20993305099546,,,,,
5bfc79df8a6890db6beb8b6d9c3db028,cryptography,cryptography,dev,trivial,1,1,3,SAT,2.526780013009557,5.287252392998198,5.312531742994906,,,,,
5d5c0c05c8e7b3443aaa912528aa136f,cryptography,cryptography,reserva,sin-ref,1,0,,,,,,,,,,
5d6727fce664860a97745374e3293200,cryptography,cryptography,dev,inestable,1,1,1,SAT,382.0260204400111,800.0,800.0,,,,,
5e66b728b2445ec69f27e0f1a49f4b29,cryptography,cryptography,reserva,sin-ref,1,0,,,,,,,,,,
60e34dc00aa952de4354fb11ad6c9860,cryptography,cryptography,reserva,sin-ref,1,0,,,,,,,,,,
6459e59740fcabcf6cf65a0bdbb80474,cryptography,cryptography,reserva,sin-ref,1,0,,,,,,,,,,
64cde914155e5a8314fbc0251482007e,cryptography,cryptography,reserva,sin-ref,1,0,,,,,,,,,,
65610b4f985968aa4fdc119d325290ea,cryptography,cryptography,test,inestable,1,1,1,SAT,550.0401975249988,800.0,800.0,,,,,
667c91a7d9ad40a399d0448576b2c329,cryptography,cryptography,reserva,sin-ref,1,0,,,,,,,,,,
671ea3307f4d05a2b0116d5ca6c837dc,cryptography,cryptography,reserva,sin-ref,1,0,,,,,,,,,,
67e4e350f9df597fc344567f4a252d04,cryptography,cryptography,reserva,sin-ref,1,0,,,,,,,,,,
68cf19ff167bdd80c7ec00d609308417,cryptography,cryptography,reserva,sin-ref,1,0,,,,,,,,,,
6a7e2442211bec545e8929e02a8b6b22,cryptography,cryptography,test,trivial,1,1,3,SAT,0.0842143449990544,0.0859517200005939,0.0863386609998997,,,,,
6b10e4ddf39b316ffe87d148a4626ed4,cryptography,cryptography,dev,facil,1,1,3,SAT,17.61930138900061,51.49165014499158,63.76541229899158,,,,,
6cfbe40aef5061ce7ad323456fad2c06,cryptography,cryptography,dev,inestable,1,1,1,SAT,566.9051021699997,800.0,800.0,,,,,
6e3015f2ce1f17e4f2b81dae06d73eec,cryptography,cryptography,dev,dura,1,1,0,,800.0,800.0,800.0,,,,,
6e792d345b2ef27f082ac3eb7186aa56,cryptography,cryptography,dev,dura,1,1,0,,800.0,800.0,800.0,,,,,
6f442819f6086522c7e58ab49fb522db,cryptography,cryptography,reserva,sin-ref,1,0,,,,,,,,,,
716c8871d3e910d7d644983db94ef4da,cryptography,cryptography,reserva,sin-ref,1,0,,,,,,,,,,
72383aa59a94c147711058fe3dca1ceb,cryptography,cryptography,reserva,sin-ref,1,0,,,,,,,,,,
747af0c580bcd617c34790329f75b86d,cryptography,cryptography,reserva,sin-ref,1,0,,,,,,,,,,
753c9ef4667230d97f4c26307df9e817,cryptography,cryptography,reserva,sin-ref,1,0,,,,,,,,,,
77a4fb9d8a7947ee4a6c5d0ccf26c636,cryptography,cryptography,reserva,sin-ref,1,0,,,,,,,,,,
79c77abd149e08e9b2f51f668ba86eed,cryptography,cryptography,reserva,sin-ref,1,0,,,,,,,,,,
7ac024dfdade18de631f5fcbf00de9e2,cryptography,cryptography,reserva,sin-ref,1,0,,,,,,7089.000,121197.000,,,
7cbd0ea9e55d23cbf9b89d119c571213,cryptography,cryptography,reserva,sin-ref,1,0,,,,,,13409.000,478985.000,,,
80916cc0ee83c448ca7e1940a0e9e242,cryptography,cryptography,reserva,sin-ref,1,0,,,,,,,,,,
80d28ac25ef1ba24a3d20f2b1ac0e766,cryptography,cryptography,reserva,sin-ref,1,0,,,,,,,,,,
81814719f17eff94659312d242384cd2,cryptography,cryptography,reserva,sin-ref,1,0,,,,,,,,,,
842e012d4ef31f3c62f3c58ae04254b1,cryptography,cryptography,dev,media,1,1,3,SAT,139.75125988198852,150.7367408630089,154.86252797298948,,,,,
857c20349fb4b0c34ba3fe9c9e2762d0,cryptography,cryptography,test,dura,1,1,0,,800.0,800.0,800.0,1404.000,7572.000,,,
864d71fe8c05b7c80999c97550d76e8f,cryptography,cryptography,test,dura,1,1,0,,800.0,800.0,800.0,,,,,
86588441607cb5a2b7fcbdb50753239c,cryptography,cryptography,dev,dura,1,1,0,,800.0,800.0,800.0,,,,,
86bb0984620f619ffb88c7b002dfb541,cryptography,cryptography,test,dura,1,1,0,,800.0,800.0,800.0,,,,,
87d08b9b2233029ecb6060bde0e2d192,cryptography,cryptography,dev,dura,1,1,0,,800.0,800.0,800.0,,,,,
87da979b7363a9fdc7f88fa8103cc9aa,cryptography,cryptography,reserva,sin-ref,1,0,,,,,,,,,,
8a71b6a5e2d32f3ff3b08e91045e7875,cryptography,cryptography,reserva,sin-ref,1,0,,,,,,,,,,
8bc05816923b7e9e01d88c2fae53f5b0,cryptography,cryptography,dev,dura,1,1,0,,800.0,800.0,800.0,,,,,
8e3321b7ea3071613457497f1166f6e5,cryptography,cryptography,reserva,sin-ref,1,0,,,,,,,,,,
8f09e4ff82c040b6506f5f3df9f2d235,cryptography,cryptography,reserva,sin-ref,1,0,,,,,,,,,,
91429dba2f09b625c1715cfd7ba065b9,cryptography,cryptography,dev,trivial,1,1,3,SAT,0.6405818240018561,0.6487808219972067,1.1317888519988628,,,,,
9276ce38c625b2d00de247f8588f1542,cryptography,cryptography,reserva,sin-ref,1,0,,,,,,,,,,
937ec5362b95ce46f73ded8d5dbbd3ad,cryptography,cryptography,test,dura,1,1,0,,800.0,800.0,800.0,,,,,
9586cd6b322e00831ee5548436511fb1,cryptography,cryptography,reserva,sin-ref,1,0,,,,,,,,,,
964b08e46077d5e4138651ac19ff707e,cryptography,cryptography,test,facil,1,1,3,SAT,4.077805437002098,8.671874378007487,14.130257870987409,,,,,
993196979dccc14ecf0a10d8f02305be,cryptography,cryptography,dev,dura,1,1,0,,800.0,800.0,800.0,,,,,
9a4e05c9741963618893549d1a03f5d0,cryptography,cryptography,dev,media,1,1,3,SAT,276.020837456992,499.37497281000833,790.836677018,,,,,
9c5b0cccda51996a35cf9c57616b2fbb,cryptography,cryptography,reserva,sin-ref,1,0,,,,,,,,,,
9d58803352a8d9d7e9400412e0c6b8d3,cryptography,cryptography,reserva,sin-ref,1,0,,,,,,,,,,
9d5c62b763d68600804562ced442b033,cryptography,cryptography,reserva,sin-ref,1,0,,,,,,,,,,
9e421b7671701520ce1d90479a51b374,cryptography,cryptography,reserva,sin-ref,1,0,,,,,,,,,,
9eb044b760cce747a2e694f55dd42950,cryptography,cryptography,reserva,sin-ref,1,0,,,,,,,,,,
9ee9f18f9057c696a5a6f74e9970ff2e,cryptography,cryptography,reserva,sin-ref,1,0,,,,,,,,,,
9ef46b401df36e4110d09c4f60a13ad4,cryptography,cryptography,test,media,1,1,3,SAT,61.46925633499632,67.15790694300085,153.8419105810026,,,,,
a085449b0de14c330b1aa81db88830da,cryptography,cryptography,reserva,sin-ref,1,0,,,,,,,,,,
a4efbba2fd80c504dbeebcf96bff9752,cryptography,cryptography,test,dura,1,1,0,,800.0,800.0,800.0,,,,,
a6108ce30f9288e9d0c22bb072a1f6d4,cryptography,cryptography,dev,dura,1,1,0,,800.0,800.0,800.0,,,,,
a6e940f95d1dd14227bf121f6a35dd8d,cryptography,cryptography,dev,dura,1,1,0,,800.0,800.0,800.0,,,,,
a81fe8e3c5860c5b0de52e7458cdc04d,cryptography,cryptography,reserva,sin-ref,1,0,,,,,,,,,,
a87e18789493f69e6b092606ab05d0b3,cryptography,cryptography,reserva,sin-ref,1,0,,,,,,,,,,
a9134092aa25629caf3b7d7600b84e83,cryptography,cryptography,test,dura,1,1,0,,800.0,800.0,800.0,,,,,
a953b74ff8c8d6cc63fd17ebfbd39c7a,cryptography,cryptography,reserva,sin-ref,1,0,,,,,,,,,,
a9e23838767ee4cad6cf8a0dd6dda643,cryptography,cryptography,reserva,sin-ref,1,0,,,,,,,,,,
ad07687a32d88007a519820da419085b,cryptography,cryptography,reserva,sin-ref,1,0,,,,,,,,,,
ad1a3c12aeb696e4a4f6988430b8abe6,cryptography,cryptography,test,trivial,1,1,3,SAT,3.1079882379999617,3.926634813004057,4.79800962000445,,,,,
aedae96e0c8165005c51e44e232f548f,cryptography,cryptography,dev,media,1,1,3,SAT,13.4201444920036,156.78692450201197,420.7159621109895,3559.000,14654.000,,,
b11d7f9b26fb27225eb5e7089bd346c0,cryptography,cryptography,dev,dura,1,1,0,,800.0,800.0,800.0,,,,,
b330bb80d25571dd4fc6cf5137e133d3,cryptography,cryptography,test,dura,1,1,0,,800.0,800.0,800.0,,,,,
b41237541845d0fcc83866f3b81025f4,cryptography,cryptography,dev,dura,1,1,0,,800.0,800.0,800.0,900.000,133080.000,,,
b5d1d9800b30e09d81e83934046fae38,cryptography,cryptography,dev,inestable,1,1,1,SAT,156.82578403000662,800.0,800.0,,,,,
b759e541cce6fa03b061f56985845ee4,cryptography,cryptography,reserva,sin-ref,1,0,,,,,,,,,,
b79f4e762b59169dd24e815f58151aa2,cryptography,cryptography,reserva,sin-ref,1,0,,,,,,,,,,
b7d13b7f71e875221e0d4ccb9a48954e,cryptography,cryptography,test,dura,1,1,0,,800.0,800.0,800.0,,,,,
b7eff8e18bcc8d6a4688491ee81f3eb5,cryptography,cryptography,test,dura,1,1,0,,800.0,800.0,800.0,,,,,
b7fcf471bfeb3fd4659691faaf9de098,cryptography,cryptography,reserva,sin-ref,1,0,,,,,,227573.000,752034.000,,,
b8a14a939eb373007308e61e44db9da5,cryptography,cryptography,reserva,sin-ref,1,0,,,,,,,,,,
b9e8b9a81de71e12018fb63da04183e4,cryptography,cryptography,test,dura,1,1,0,,800.0,800.0,800.0,,,,,
bc2e7477ffd668db449bad5155548186,cryptography,cryptography,dev,trivial,1,1,3,SAT,9.599701932995233,9.6111936160014,9.92870046600001,134781.000,648806.000,,,
bc6247d3bbeda28c1c71568297c6ea6a,cryptography,cryptography,reserva,sin-ref,1,0,,,,,,,,,,
be417818c4ddb778ccb930678a3b8e27,cryptography,cryptography,reserva,sin-ref,1,0,,,,,,,,,,
be788c19b500d6c18a395558504ca78d,cryptography,cryptography,reserva,sin-ref,1,0,,,,,,,,,,
bee00691dfe8e514cdb4aa86082339b6,cryptography,cryptography,dev,media,1,1,3,SAT,197.13541803900443,365.7532218030101,422.6512381249922,,,,,
bfd82798e759710ce0e95f958668d1e1,cryptography,cryptography,test,dura,1,1,0,,800.0,800.0,800.0,,,,,
c01feb6883815ed905fe48a55491620d,cryptography,cryptography,reserva,sin-ref,1,0,,,,,,,,,,
c1a0eb1c3c4030371ec74026f1476a49,cryptography,cryptography,dev,dura,1,1,0,,800.0,800.0,800.0,,,,,
c2885cf0f5bf276ae4b90e1b7cc6dc46,cryptography,cryptography,dev,trivial,1,1,3,SAT,6.212722787022358,7.012413123011356,7.894829035998555,,,,,
c3145593f27dff74d60bd837f95ad3aa,cryptography,cryptography,test,inestable,1,1,2,SAT,63.179906389006646,100.14313644598587,800.0,,,,,
c46cf18bdbfca9e64b038f995e3d1a94,cryptography,cryptography,test,trivial,1,1,3,SAT,0.1321213839983102,0.1329268789850175,0.1361712380021345,,,,,
c5a46b97916d90586c012e38672419e7,cryptography,cryptography,reserva,sin-ref,1,0,,,,,,,,,,
c5acbd27a083c911ab5c6540b638a2db,cryptography,cryptography,test,dura,1,1,0,,800.0,800.0,800.0,,,,,
c5f5d1e2ada41572a7a44ac9f72fe87a,cryptography,cryptography,reserva,sin-ref,1,0,,,,,,,,,,
c615d49f357813514966186ab834be28,cryptography,cryptography,reserva,sin-ref,1,0,,,,,,,,,,
c6b5706d1b1afbebf18a5067a8f98e1d,cryptography,cryptography,test,media,1,1,3,SAT,75.38781089900294,100.2557370159775,121.66469753999264,,,,,
c7521de7185e34acff45bb634335c82a,cryptography,cryptography,reserva,sin-ref,1,0,,,,,,,,,,
c7c11649a58fc7667a232e182fc91191,cryptography,cryptography,reserva,sin-ref,1,0,,,,,,,,,,
c8ca29b62a3969e7e488cda032c950d0,cryptography,cryptography,reserva,sin-ref,1,0,,,,,,2316.000,31013.000,,,
c8da226b105aead63428f75bd6060670,cryptography,cryptography,test,media,1,1,3,SAT,67.96926466800505,101.33562391399757,350.3396441009827,1729.000,21718.000,,,
c8feaa9803b904cdee90694c654147f2,cryptography,cryptography,test,inestable,1,1,1,SAT,635.1282122730045,800.0,800.0,,,,,
ca0932db554b057ebd30142762a63d43,cryptography,cryptography,reserva,sin-ref,1,0,,,,,,,,,,
ca675aeca2450ad1e330bdadb41320de,cryptography,cryptography,dev,dura,1,1,0,,800.0,800.0,800.0,,,,,
cb4830f02309ce485b18d761675e32c0,cryptography,cryptography,dev,dura,1,1,0,,800.0,800.0,800.0,,,,,
cc67be7ae5a65ae5665e5ef9397f6a3d,cryptography,cryptography,dev,inestable,1,1,1,SAT,388.69980580799165,800.0,800.0,13409.000,478985.000,,,
cd72a64e1b857fd30b9ec831cf462bf1,cryptography,cryptography,reserva,sin-ref,1,0,,,,,,,,,,
ce3b67f829cc3476ba48dcd3bd0cf8ce,cryptography,cryptography,reserva,sin-ref,1,0,,,,,,9253.000,31200.000,,,
cf3e3966cab271572496706623621db1,cryptography,cryptography,test,trivial,1,1,3,SAT,3.203184796991991,3.205072253011167,3.324647779983934,,,,,
d45ce74aa51bf078725a22d8f4b5f253,cryptography,cryptography,dev,trivial,1,1,3,SAT,0.1584896819840651,0.1705301649926696,0.2149830460257362,7089.000,121197.000,,,
d6225b558573881fef17b6f64f4bf044,cryptography,cryptography,reserva,sin-ref,1,0,,,,,,,,,,
d625797aa7f4cb74b1f8960c5ea1a2c3,cryptography,cryptography,reserva,sin-ref,1,0,,,,,,,,,,
d7c70bef991df85822145b9457127cea,cryptography,cryptography,test,trivial,1,1,3,SAT,3.302416825987166,3.3728465129970573,4.514902472001268,,,,,
d88baaa735c644728b0d0cb3f015708b,cryptography,cryptography,reserva,sin-ref,1,0,,,,,,,,,,
d8c6caa9a5ecf5ba05e3d4de66ae7972,cryptography,cryptography,test,media,1,1,3,SAT,141.00445428601233,279.0205018009874,377.4528601979837,76943.000,245006.000,,,
d8c7a5f2584b8b08e53fcc7cb04f9a34,cryptography,cryptography,reserva,sin-ref,1,0,,,,,,,,,,
d8e9d33780aa854af40e47c5bb86b2f6,cryptography,cryptography,reserva,sin-ref,1,0,,,,,,,,,,
d9042de56b5a0ee763ad7f9629aa52f8,cryptography,cryptography,test,dura,1,1,0,,800.0,800.0,800.0,,,,,
dc306e55bbd71adf6e14a7e3e0aa8b4a,cryptography,cryptography,dev,dura,1,1,0,,800.0,800.0,800.0,,,,,
ddfd170730b58b283d98518477b52fe5,cryptography,cryptography,reserva,sin-ref,1,0,,,,,,,,,,
de1210fbecfa61933543adc384a62bcb,cryptography,cryptography,reserva,sin-ref,1,0,,,,,,,,,,
de3aeb3e027567f5922246d620724d90,cryptography,cryptography,reserva,sin-ref,1,0,,,,,,9534.000,73676.000,,,
e0bf26a7527cd162c7d3016d4b2ab9fb,cryptography,cryptography,reserva,sin-ref,1,0,,,,,,,,,,
eba7f569a9faed0b8e88ce3d6fa576f7,cryptography,cryptography,test,facil,1,1,3,SAT,35.04053914101678,51.164703051006654,55.02418844398926,,,,,
ecca77b5350eca6a4323edd5b38208c6,cryptography,cryptography,dev,media,1,1,3,SAT,83.25259913300397,119.849600068992,183.9592158659944,4288.000,132576.000,,,
ef7a2dffe0d26978d3604ad32695690b,cryptography,cryptography,reserva,sin-ref,1,0,,,,,,,,,,
efa17f27e70e8de7f3f5f8a35b037b99,cryptography,cryptography,reserva,sin-ref,1,0,,,,,,,,,,
f14372638fc9cccd940df1aacc5aa879,cryptography,cryptography,reserva,sin-ref,1,0,,,,,,,,,,
f24dbbdcac17bcbaeb187c03e11bdf49,cryptography,cryptography,reserva,sin-ref,1,0,,,,,,,,,,
f35598a7f825266b848022f07fd71e7f,cryptography,cryptography,test,dura,1,1,0,,800.0,800.0,800.0,,,,,
f386dcf0146780dbe494e0723f8d6145,cryptography,cryptography,reserva,sin-ref,1,0,,,,,,,,,,
f42ff899418dfff5c9c7c958b2a09177,cryptography,cryptography,reserva,sin-ref,1,0,,,,,,,,,,
f46e3fe5b0e876a56e954df52cf51d1e,cryptography,cryptography,reserva,sin-ref,1,0,,,,,,,,,,
f57f9b3e3eb5fb8fea5ebde6f8ae8820,cryptography,cryptography,dev,dura,1,1,0,,800.0,800.0,800.0,,,,,
f640e39db9ae2d1da0f1212dae34f424,cryptography,cryptography,test,dura,1,1,0,,800.0,800.0,800.0,,,,,
f65e6b35a8aeb517edca599b8ad1d443,cryptography,cryptography,dev,media,1,1,3,SAT,40.21461617798195,68.76389131098404,263.200015282986,,,,,
f6e17b4abfa8ea9b89899525baf5e253,cryptography,cryptography,test,dura,1,1,0,,800.0,800.0,800.0,,,,,
f74506246cab3ad1ce2945b420d159c2,cryptography,cryptography,test,trivial,1,1,3,SAT,0.215977019019192,0.2370539310213644,0.5155097430106252,15233.000,211949.000,,,
f86dad4ba35369eb720a0c9ddc45037a,cryptography,cryptography,reserva,sin-ref,1,0,,,,,,,,,,
fb694693d0473af837923f9b77aac412,cryptography,cryptography,reserva,sin-ref,1,0,,,,,,37633.000,618749.000,,,
fb8870796ae73ec7998376bda529f6b1,cryptography,cryptography,dev,dura,1,1,0,,800.0,800.0,800.0,,,,,
fbc694fc1c89942c03419264d204185c,cryptography,cryptography,dev,dura,1,1,0,,800.0,800.0,800.0,,,,,
fbd5ec01130c1799011f6c7cab30fc85,cryptography,cryptography,reserva,sin-ref,1,0,,,,,,,,,,
fcaaac300114a140238922fc8d87453c,cryptography,cryptography,reserva,sin-ref,1,0,,,,,,,,,,
fcfefd89b9c39178f7f0589deb1c36a2,cryptography,cryptography,test,dura,1,1,0,,800.0,800.0,800.0,37633.000,618749.000,,,
fdfd862e436bad8217d2d7c5625d1d16,cryptography,cryptography,reserva,sin-ref,1,0,,,,,,13408.000,478488.000,,,
fe6c4ae7ffa9af61ca62caf3cd2d1ec1,cryptography,cryptography,dev,dura,1,1,0,,800.0,800.0,800.0,,,,,
ff6b6ad55c0dffe034bc8daa9129ff1d,cryptography,cryptography,excluida,sin-ref,0,0,,,,,,,,,,
ffc6478580fa7b48bfe3f7c7097accf0,cryptography,cryptography,test,dura,1,1,0,,800.0,800.0,800.0,,,,,
008e7716c69009090ff6bd0048dc55f8,hardware-verification,hardware-verification,dev,facil,1,1,3,UNSAT,57.02598095299618,75.2227528709991,77.0142474940003,,,,,
01225987412b6f8423cc68be93385f6e,hardware-verification,hardware-verification,dev,dura,1,1,0,,800.0,800.0,800.0,,,,,
01243b47967a3d012ea22e993355c833,hardware-verification,hardware-verification,excluida,sin-ref,0,0,,,,,,,,,,
01dd5feb463fa80f73809718f6ff735b,hardware-verification,hardware-verification,test,dura,1,1,0,,800.0,800.0,800.0,,,,,
02009b14e291072e12a5b27dffdf5a7b,hardware-verification,hardware-verification,excluida,sin-ref,0,0,,,,,,,,,,
021686368317a35103f1f671f783d958,hardware-verification,hardware-verification,excluida,danada,0,0,,,,,,,,,,
02609dfe236c0c2beeac79e61cbe6151,hardware-verification,hardware-verification,excluida,danada,0,0,,,,,,,,,,
03083b81684212efcf3f415df0127130,hardware-verification,hardware-verification,excluida,sin-ref,0,0,,,,,,,,,,
05680de3febd39916e496dd772cb8c19,hardware-verification,hardware-verification,reserva,sin-ref,1,0,,,,,,,,,,
06b27debc937e605bb3198297d4ccaf1,hardware-verification,hardware-verification,reserva,sin-ref,1,0,,,,,,,,,,
06e997650b24ac5b5f87c1c64f4a5dcb,hardware-verification,hardware-verification,dev,trivial,1,1,3,UNSAT,1.8880379940019336,2.07517631900555,2.108145874000911,486400.000,1412178.000,,,
0aaca2f750b30e7b500b149999022ae8,hardware-verification,hardware-verification,reserva,sin-ref,1,0,,,,,,,,,,
0acbab472c9386683c07f7a3ec214be3,hardware-verification,hardware-verification,reserva,sin-ref,1,0,,,,,,,,,,
0bfe8bb459031e17646c7a15cc9265e8,hardware-verification,hardware-verification,reserva,sin-ref,1,0,,,,,,,,,,
0cca2c91974f5ad8064965cd97bcea74,hardware-verification,hardware-verification,reserva,sin-ref,1,0,,,,,,,,,,
0d32d1684e3bf275566925e996ee525b,hardware-verification,hardware-verification,test,facil,1,1,3,SAT,8.961527236999245,10.30069246700441,13.33917456799827,,,,,
0e5473ee6c2085b34c798f23fbebc08e,hardware-verification,hardware-verification,dev,media,1,1,3,UNSAT,287.8675863410026,290.74544480199984,311.3293379950046,,,,,
0e5a211e7c3d52b6cbede3fef45f4f3a,hardware-verification,hardware-verification,reserva,sin-ref,1,0,,,,,,5356.000,89506.000,,,
123f20f98b8ceea5bb6a17bc0189f52e,hardware-verification,hardware-verification,test,facil,1,1,3,UNSAT,16.506372339004884,18.54975064899918,18.710165857999527,,,,,
12cd0c3196589ac8105653cbfe613fc6,hardware-verification,hardware-verification,reserva,sin-ref,1,0,,,,,,,,,,
142d58c9e9d4f66ef43a1ba97a7ed3aa,hardware-verification,hardware-verification,dev,facil,1,1,3,SAT,14.367400823000937,23.957571967999684,26.7010492240006,,,,,
14e979e1360191196b871ec8c53fe8bc,hardware-verification,hardware-verification,reserva,sin-ref,1,0,,,,,,,,,,
15190f252ac286e5d8c479ce342272f3,hardware-verification,hardware-verification,reserva,sin-ref,1,0,,,,,,,,,,
1528eb6d52af13c24177d4b4dcc3621e,hardware-verification,hardware-verification,dev,dura,1,1,0,,800.0,800.0,800.0,,,,,
15749785b7435c5c3aa4d99022a90aed,hardware-verification,hardware-verification,reserva,sin-ref,1,0,,,,,,,,,,
1591e8fcf2c06b0e72390027c2ae11ef,hardware-verification,hardware-verification,reserva,sin-ref,1,0,,,,,,183371.000,547078.000,,,
15a83459f3d2ee86944bf12f96e0002c,hardware-verification,hardware-verification,reserva,sin-ref,1,0,,,,,,265398.000,1053961.000,,,
16df9b08c78189e7ce5db809fd872d13,hardware-verification,hardware-verification,reserva,sin-ref,1,0,,,,,,18878.000,216156.000,,,
1710ba66b2b28bc6a8b0bf1337330a9c,hardware-verification,hardware-verification,reserva,sin-ref,1,0,,,,,,27846.000,538853.000,,,
1864e7c8a5cb5854e5933bae9f17f636,hardware-verification,hardware-verification,reserva,sin-ref,1,0,,,,,,,,,,
19308e66f43a54e66e9ea9c9cbfd2c5d,hardware-verification,hardware-verification,dev,trivial,1,1,3,UNSAT,3.0191867300018203,3.425949683994986,3.851488480999251,,,,,
1a54d40df8c785978f943b19a073f498,hardware-verification,hardware-verification,test,media,1,1,3,UNSAT,148.52329669599567,203.7063525260019,210.26873118200456,,,,,
1b03ec4f0dbdfc0ad208c315f08197ea,hardware-verification,hardware-verification,dev,dura,1,1,0,,800.0,800.0,800.0,,,,,
1bda13dc3f81e34d66e3987011d23edf,hardware-verification,hardware-verification,reserva,sin-ref,1,0,,,,,,,,,,
1c75c324c67bd3d1017b9445047fac73,hardware-verification,hardware-verification,dev,media,1,1,3,UNSAT,264.8931521720005,300.6195961560006,333.8551255159982,,,,,
1d884c436577868fdcb7913394e23d38,hardware-verification,hardware-verification,excluida,sin-ref,0,0,,,,,,,,,,
1de53f8041472f3682ac15f8d282abc7,hardware-verification,hardware-verification,reserva,sin-ref,1,0,,,,,,,,,,
1e3bc16711797a3757873f6768a50bf9,hardware-verification,hardware-verification,excluida,danada,0,0,,,,,,,,,,
1fd84cdc6a0f7b2aee1cb2be393b9b04,hardware-verification,hardware-verification,reserva,sin-ref,1,0,,,,,,,,,,
2094741e84d03f957cd3a627f3a289e2,hardware-verification,hardware-verification,reserva,sin-ref,1,0,,,,,,,,,,
21740843d60acdfd70276cdfd634bebe,hardware-verification,hardware-verification,excluida,sin-ref,0,0,,,,,,,,,,
227bc0e707ddf8387605787bba84eb9c,hardware-verification,hardware-verification,excluida,sin-ref,0,0,,,,,,,,,,
2283d9428f6f80339dd167727eff82ba,hardware-verification,hardware-verification,reserva,sin-ref,1,0,,,,,,,,,,
229902fd290825f37fd2d80fb46ad94a,hardware-verification,hardware-verification,reserva,sin-ref,1,0,,,,,,,,,,
231be1a0ebcd7547804271515a257e93,hardware-verification,hardware-verification,reserva,sin-ref,1,0,,,,,,173479.000,514267.000,,,
238ac19e2323131e3e64e24de08edda6,hardware-verification,hardware-verification,test,media,1,1,3,UNSAT,224.4357537299948,260.9982598360002,533.7948524390013,,,,,
24085934701c1459db776550a3584376,hardware-verification,hardware-verification,excluida,danada,0,0,,,,,,,,,,
26699963c6073018bb80602b0f207574,hardware-verification,hardware-verification,excluida,sin-ref,0,0,,,,,,,,,,
266eb88975be72196f5bc82f371464c1,hardware-verification,hardware-verification,dev,facil,1,1,3,UNSAT,41.22543503299676,50.35404692299926,57.741519472998334,,,,,
267b5d6528c2afb5bc9ccc4d2151f110,hardware-verification,hardware-verification,reserva,sin-ref,1,0,,,,,,,,,,
2867ddc744fd8472628880c49a1c8931,hardware-verification,hardware-verification,reserva,sin-ref,1,0,,,,,,4583.000,41704.000,,,
288093fb8e940d222048b82fa4d3d39c,hardware-verification,hardware-verification,reserva,sin-ref,1,0,,,,,,,,,,
2990a988ad038b3042c99ae04fe67aa2,hardware-verification,hardware-verification,excluida,danada,0,0,,,,,,,,,,
29cdfa5d3fa13d709b509d8194f5e1da,hardware-verification,hardware-verification,test,facil,1,1,3,SAT,31.39981295399776,32.401693795996835,67.3170733569932,,,,,
2b1e5d364a185c3b87130064694dabe5,hardware-verification,hardware-verification,test,media,1,1,3,SAT,253.9624807299988,406.9157104639962,414.0914838340032,,,,,
2c99d11353db6e6ba0768ccb9951379b,hardware-verification,hardware-verification,excluida,danada,0,0,,,,,,,,,,
2ca82d36bf188d2078831a1e82e9aac0,hardware-verification,hardware-verification,reserva,sin-ref,1,0,,,,,,,,,,
302a54a4763dbe1c0c09414311b37e4a,hardware-verification,hardware-verification,reserva,sin-ref,1,0,,,,,,,,,,
318c711fcd004ffce67b958b200fe04e,hardware-verification,hardware-verification,excluida,danada,0,0,,,,,,,,,,
33bc7daf6c398d1577e904833e889e33,hardware-verification,hardware-verification,excluida,danada,0,0,,,,,,,,,,
341c4f501ceb036a1ff19f653986cf04,hardware-verification,hardware-verification,dev,trivial,1,1,3,UNSAT,3.6849782149947714,4.12090183699911,4.9606655899988255,,,,,
34d6e19fd57e7d586925b622f95cf4d4,hardware-verification,hardware-verification,dev,facil,1,1,3,UNSAT,16.95381061799708,19.626559848002216,20.727049913999508,15728.000,46914.000,,,
36680cee102d6ba9a60ca66b27e8be4a,hardware-verification,hardware-verification,test,trivial,1,1,3,UNSAT,1.1012331760066445,1.6711149800030398,1.7038931409988436,3250.000,24640.000,,,
369e43b21ec5bf07cf21ae24f60c470a,hardware-verification,hardware-verification,reserva,sin-ref,1,0,,,,,,,,,,
3775c6a0499709d67b73c3e1a08b2fac,hardware-verification,hardware-verification,reserva,sin-ref,1,0,,,,,,,,,,
3809622bf2828655a0979750ccb7f1aa,hardware-verification,hardware-verification,excluida,danada,0,0,,,,,,,,,,
3851a0831791fe01373d3494db10c826,hardware-verification,hardware-verification,excluida,danada,0,0,,,,,,,,,,
386e2db4e4acc71a97cba0cefd0a7ac9,hardware-verification,hardware-verification,excluida,sin-ref,0,0,,,,,,,,,,
3b280166c22bcfaf051aa52f48741033,hardware-verification,hardware-verification,excluida,danada,0,0,,,,,,,,,,
3c051cd40445c52a093f048c4100e470,hardware-verification,hardware-verification,reserva,sin-ref,1,0,,,,,,,,,,
3c881c253d7a0cccc58b7cb2e65de414,hardware-verification,hardware-verification,test,dura,1,1,0,,800.0,800.0,800.0,,,,,
3d61c13029e64073b9f6f4185bde409f,hardware-verification,hardware-verification,reserva,sin-ref,1,0,,,,,,,,,,
3dd2492548059b47e5266ff28beea74b,hardware-verification,hardware-verification,test,trivial,1,1,3,UNSAT,1.8994556570032728,1.993803240002308,2.298018471003161,,,,,
40a2e69c03e5d5dc28d4ece13f9e5091,hardware-verification,hardware-verification,test,dura,1,1,0,,800.0,800.0,800.0,,,,,
43750663da799fef85a7a6ca6fb05262,hardware-verification,hardware-verification,reserva,sin-ref,1,0,,,,,,,,,,
45841645d9d9a6917b463205d632ec6b,hardware-verification,hardware-verification,excluida,danada,0,0,,,,,,,,,,
45d1ec439af0d122dccbcd1d2193c72f,hardware-verification,hardware-verification,excluida,sin-ref,0,0,,,,,,,,,,
462e4c51cd56c9c06478b8baf026e669,hardware-verification,hardware-verification,test,media,1,1,3,SAT,27.021623895998346,88.45791398399888,361.8756203439989,,,,,
47c150d498542d8b2cbe0fc454148760,hardware-verification,hardware-verification,reserva,sin-ref,1,0,,,,,,,,,,
48a407b2975b78b1ba0656766ba51005,hardware-verification,hardware-verification,test,trivial,1,1,3,UNSAT,0.3261677570044412,0.3311301889989408,0.3469880820048274,,,,,
48eadf7f72185cdeff63995004f25eb1,hardware-verification,hardware-verification,reserva,sin-ref,1,0,,,,,,,,,,
48f807b9cbfad5bf71a8529da014156a,hardware-verification,hardware-verification,reserva,sin-ref,1,0,,,,,,,,,,
4949bd3c227f6766caa26fcb903d4265,hardware-verification,hardware-verification,reserva,sin-ref,1,0,,,,,,,,,,
4c0e1658f1ebe6b33cb3dda80aec4541,hardware-verification,hardware-verification,test,facil,1,1,3,UNSAT,18.5923472689974,19.432164058001945,19.43306463699992,,,,,
4d8e0adec900a53873d1ea4a2e8623bf,hardware-verification,hardware-verification,reserva,sin-ref,1,0,,,,,,,,,,
4dcf9b525d9f46f4b17b132c765322ed,hardware-verification,hardware-verification,dev,facil,1,1,3,UNSAT,62.01572793100058,76.89836865800316,81.8719201260028,,,,,
4f1f8b35f33f5d08d00c6aa6f4ad362b,hardware-verification,hardware-verification,reserva,sin-ref,1,0,,,,,,,,,,
4f6c12da41e2faddfda107ad9be5a66f,hardware-verification,hardware-verification,dev,facil,1,1,3,UNSAT,9.131296163002844,10.045729299999948,14.010614420003549,,,,,
51172e425fec0dbe626ef3011e4fa1f3,hardware-verification,hardware-verification,reserva,sin-ref,1,0,,,,,,,,,,
51f8d1e7186facde54fc28b5798fdeb9,hardware-verification,hardware-verification,reserva,sin-ref,1,0,,,,,,,,,,
52b47ce322dd8d15430c198db8ebfdb8,hardware-verification,hardware-verification,dev,trivial,1,1,3,UNSAT,0.2755212510019191,0.3087556549944565,0.321326550001686,,,,,
537b5346fc13489204d50e61a712e81d,hardware-verification,hardware-verification,test,inestable,1,1,1,UNSAT,790.084148259004,800.0,800.0,,,,,
55c648ed1a8cde597f4ecc71ca0a1562,hardware-verification,hardware-verification,dev,facil,1,1,3,UNSAT,13.021031018004578,18.66637539200019,19.68498438999813,27568.000,80439.000,,,
57f0793d7cd7f4922da334049eaf96b0,hardware-verification,hardware-verification,reserva,sin-ref,1,0,,,,,,169072.000,501421.000,,,
5b1c392c656eb867c69d566bb7985357,hardware-verification,hardware-verification,excluida,sin-ref,0,0,,,,,,,,,,
5c06d8549811167b025b9e47d905e8f9,hardware-verification,hardware-verification,dev,trivial,1,1,3,UNSAT,0.4696903090007254,0.4877699590069824,0.5318206590018235,33084.000,94713.000,,,
620630dfb3a7574180000296503043cc,hardware-verification,hardware-verification,reserva,sin-ref,1,0,,,,,,,,,,
6250e3198f8c736a80beb49bc1af71b2,hardware-verification,hardware-verification,reserva,sin-ref,1,0,,,,,,,,,,
63c6886839a82442cdfbb3167d464baf,hardware-verification,hardware-verification,excluida,danada,0,0,,,,,,,,,,
6749ddb8cf1789c349e790f7125175e4,hardware-verification,hardware-verification,reserva,sin-ref,1,0,,,,,,,,,,
67ee23581bb6dddab15f287f39c27822,hardware-verification,hardware-verification,test,facil,1,1,3,UNSAT,14.164411969999492,36.83039365500008,37.40627057800157,,,,,
6832fe907740af686fde98518067ea3f,hardware-verification,hardware-verification,dev,inestable,1,1,2,SAT,461.4567799979996,517.1609530019996,800.0,,,,,
6937bc90b2e172ac2de03f4b894f7309,hardware-verification,hardware-verification,reserva,sin-ref,1,0,,,,,,,,,,
694a5a54fd830b1b8ac82484241cf5e2,hardware-verification,hardware-verification,reserva,sin-ref,1,0,,,,,,,,,,
6d637f8934c46e2a2638f3cfcba1c75f,hardware-verification,hardware-verification,dev,facil,1,1,3,SAT,10.170343147001404,14.205278986002668,16.350805933005176,,,,,
6d63b8efda126c4c3fb3ac17c7ea332c,hardware-verification,hardware-verification,excluida,sin-ref,0,0,,,,,,,,,,
71b2e3b3fe4ab92e7bc178a7df91195b,hardware-verification,hardware-verification,test,trivial,1,1,3,UNSAT,3.96344607300125,4.517614997996134,5.1312633819979965,,,,,
7279929ad5026c568a5477fb144ea5ce,hardware-verification,hardware-verification,dev,facil,1,1,3,UNSAT,62.75625188599952,90.57090003099438,91.6568205069998,,,,,
734ee15e08f357d991d22b97b736d4c9,hardware-verification,hardware-verification,reserva,sin-ref,1,0,,,,,,,,,,
7428f9475ea5edafd4d12eb616516255,hardware-verification,hardware-verification,test,trivial,1,1,3,UNSAT,0.2658357590044033,0.2753338260008604,0.2762771060006344,,,,,
743ea2db196135f24feb98c487bb255d,hardware-verification,hardware-verification,excluida,danada,0,0,,,,,,,,,,
7a46e599654b9b0e4ecae12665497692,hardware-verification,hardware-verification,excluida,sin-ref,0,0,,,,,,,,,,
7c161c9db65367fffd7bccf94b0550c0,hardware-verification,hardware-verification,dev,media,1,1,3,SAT,373.09862795499794,588.0997044750038,625.695979656004,,,,,
7c4a22218b720c559b2d9bc642e4e8d1,hardware-verification,hardware-verification,dev,facil,1,1,3,UNSAT,40.74210042999766,43.45926553800382,50.81685444600589,,,,,
7ca07adf30ff0a7637d92339236b7644,hardware-verification,hardware-verification,excluida,danada,0,0,,,,,,,,,,
7ca8e1d0545335d5d060f82f13a56481,hardware-verification,hardware-verification,test,media,1,1,3,UNSAT,155.99248086100124,158.2641328880054,183.993949785996,,,,,
7ce742e1b79596a204fb3be1fe239808,hardware-verification,hardware-verification,dev,dura,1,1,0,,800.0,800.0,800.0,,,,,
7d39db575c4b7d2f3c799286ecb9c8db,hardware-verification,hardware-verification,dev,trivial,1,1,3,UNSAT,2.402993810006592,2.4546587920049205,2.532929360000708,,,,,
7d89daff5013fc5acc0e0c86ba805224,hardware-verification,hardware-verification,dev,media,1,1,3,UNSAT,337.8400822180047,346.0373779729998,387.9117556999991,,,,,
7de705a9c6bf38917fd41b4892c8d69e,hardware-verification,hardware-verification,test,dura,1,1,0,,800.0,800.0,800.0,,,,,
8012832d327f2989636e949e560cd7dc,hardware-verification,hardware-verification,dev,facil,1,1,3,UNSAT,29.380155090999324,38.14931708099903,41.48657417399954,,,,,
8175dacde2d6517a91c1912847a34006,hardware-verification,hardware-verification,dev,media,1,1,3,SAT,114.7273000990026,189.95383417500125,469.3437828599999,,,,,
81af889cf906b3196620e53fff42fea3,hardware-verification,hardware-verification,reserva,sin-ref,1,0,,,,,,169072.000,501421.000,,,
82e2dffb51dad05544f389f9360a2ec5,hardware-verification,hardware-verification,reserva,sin-ref,1,0,,,,,,,,,,
85bcea9916a558523a9b90394fe8c79d,hardware-verification,hardware-verification,dev,dura,1,1,0,,800.0,800.0,800.0,,,,,
88237c957457996543d4e048d22d5230,hardware-verification,hardware-verification,excluida,sin-ref,0,0,,,,,,,,,,
89155fcd27d2b2e9a953ef2dd1aa7995,hardware-verification,hardware-verification,dev,facil,1,1,3,UNSAT,65.82194537299802,73.5125380909958,87.95785714100202,,,,,
8bf8a0204795cca07ff648a3fbdcd6b6,hardware-verification,hardware-verification,dev,trivial,1,1,3,UNSAT,0.3648170590022346,0.397724358997948,0.4441476439969847,406538.000,1179043.000,,,
8d5c629fd178c8bbcff81d4f69428342,hardware-verification,hardware-verification,reserva,sin-ref,1,0,,,,,,,,,,
8da3fbd1b5207f2abba76eab3f5441f9,hardware-verification,hardware-verification,reserva,sin-ref,1,0,,,,,,,,,,
9315761d5ccdcab3793023d1884da49c,hardware-verification,hardware-verification,excluida,sin-ref,0,0,,,,,,,,,,
9520286de6129ca36e7eb75dce83b1f9,hardware-verification,hardware-verification,excluida,sin-ref,0,0,,,,,,,,,,
96f74759994035aa90cb0d33233755d5,hardware-verification,hardware-verification,reserva,sin-ref,1,0,,,,,,,,,,
971dfda5e57470d4e547ee472898632b,hardware-verification,hardware-verification,reserva,sin-ref,1,0,,,,,,,,,,
9745874a51a6544f13f98ed43bd69c66,hardware-verification,hardware-verification,reserva,sin-ref,1,0,,,,,,,,,,
974c493d0611331a96d3395118d752d5,hardware-verification,hardware-verification,dev,trivial,1,1,3,UNSAT,2.760502359000384,4.128468456001428,4.18899915899965,,,,,
98865668b0af15a1e1fa433d102e007b,hardware-verification,hardware-verification,excluida,sin-ref,0,0,,,,,,,,,,
996da012b0d259f1269debe628f44a98,hardware-verification,hardware-verification,excluida,sin-ref,0,0,,,,,,,,,,
9aa98b3e04145583bff4dea1932f1935,hardware-verification,hardware-verification,dev,trivial,1,1,3,UNSAT,5.895268640000722,7.34082461700018,9.6680940130027,,,,,
9bd96394b3c077cccb5d71ea405e4733,hardware-verification,hardware-verification,dev,facil,1,1,3,UNSAT,15.323004238001886,16.37200215599296,27.79442522400496,,,,,
9ceddae6b7f196ae74ab95d01ac491a4,hardware-verification,hardware-verification,reserva,sin-ref,1,0,,,,,,,,,,
9fc26aba0bfe4f836ab7945a6db59c53,hardware-verification,hardware-verification,test,dura,1,1,0,,800.0,800.0,800.0,,,,,
a1084b11d2004093a0aa6ec19fa2a4e4,hardware-verification,hardware-verification,test,trivial,1,1,3,UNSAT,1.9320961179982987,1.9939726529992183,2.566544795001392,,,,,
a10983c44cb44730ade4261f1671a6db,hardware-verification,hardware-verification,test,facil,1,1,3,UNSAT,13.03673407700262,13.61443612099538,15.82403800499742,,,,,
a3df62a4e3dedb2354760137416e8bcf,hardware-verification,hardware-verification,dev,dura,1,1,0,,800.0,800.0,800.0,,,,,
a4bc0d5aeebbea89e98f122f9d3e8021,hardware-verification,hardware-verification,test,trivial,1,1,3,UNSAT,0.1207117190060671,0.1227782939968165,0.1235612899981788,,,,,
a5efb6b4082b25a90f2756a45d390619,hardware-verification,hardware-verification,reserva,sin-ref,1,0,,,,,,,,,,
a7ae3234b0cf64bfc9c40063f7cb40fa,hardware-verification,hardware-verification,dev,facil,1,1,3,UNSAT,21.43483625699446,22.495336886000587,26.00213163599983,,,,,
abdd296f58175391f3c500b89f1e8ebe,hardware-verification,hardware-verification,reserva,sin-ref,1,0,,,,,,,,,,
ac047c52c86534813ec7aff3618b43e8,hardware-verification,hardware-verification,excluida,danada,0,0,,,,,,,,,,
ae3ef040ff88ebea0faa1e90e9532f47,hardware-verification,hardware-verification,reserva,sin-ref,1,0,,,,,,,,,,
b1a707a833a2ef4ce72a93be3c6862af,hardware-verification,hardware-verification,test,facil,1,1,3,UNSAT,32.58827947500686,35.44796669000061,39.967822173006425,,,,,
b27017cae233481c679e3c3be6f00af8,hardware-verification,hardware-verification,excluida,sin-ref,0,0,,,,,,,,,,
b3de1f4bb0d27d5b0a2514a713c96e1d,hardware-verification,hardware-verification,reserva,sin-ref,1,0,,,,,,,,,,
b8140073a17ba33d9e2cf2a9871cbc35,hardware-verification,hardware-verification,reserva,sin-ref,1,0,,,,,,,,,,
b95f86c28d0b47a378407235882ba6bf,hardware-verification,hardware-verification,excluida,danada,0,0,,,,,,,,,,
b99fecdb9f768598d9e1db697736566b,hardware-verification,hardware-verification,dev,trivial,1,1,3,UNSAT,0.5962698639996233,0.6041125749979983,0.6650577990003512,78672.000,232726.000,,,
bcc463117abdbc5904e042d039f2af5d,hardware-verification,hardware-verification,test,facil,1,1,3,SAT,18.115267366003536,18.40928346799774,49.32198924499971,,,,,
bd0098f679a9eb2eca6fb5d071133529,hardware-verification,hardware-verification,excluida,danada,0,0,,,,,,,,,,
bd399d9205839483f9a9e95838d38795,hardware-verification,hardware-verification,excluida,danada,0,0,,,,,,,,,,
bdb17339f02dc8d3d7eb835f74d44961,hardware-verification,hardware-verification,excluida,sin-ref,0,0,,,,,,,,,,
bde72d8a88a0433046a5f1f4e9991b41,hardware-verification,hardware-verification,excluida,sin-ref,0,0,,,,,,,,,,
be427c40fe3924f7c5cbeea176b539be,hardware-verification,hardware-verification,reserva,sin-ref,1,0,,,,,,,,,,
be97f31d4c992de493905ac6f08de72d,hardware-verification,hardware-verification,dev,facil,1,1,3,UNSAT,23.41754934799974,27.07382944299752,31.02887799799646,,,,,
c0fa5f3254e6b246e954f48038600d87,hardware-verification,hardware-verification,excluida,danada,0,0,,,,,,,,,,
c19bb3d425ef822f8f2b9bb4f4ce6b5b,hardware-verification,hardware-verification,excluida,danada,0,0,,,,,,,,,,
c4de14be0d4b3ffcf22d3021857e7e3a,hardware-verification,hardware-verification,reserva,sin-ref,1,0,,,,,,224920.000,3596474.000,,,
c54340c97f3c32aa351db64076df21de,hardware-verification,hardware-verification,excluida,sin-ref,0,0,,,,,,,,,,
c7c3bc3fd3b513c41052983f1f4d784b,hardware-verification,hardware-verification,test,trivial,1,1,3,UNSAT,2.731683403995703,2.7802248959997087,3.0884001169979456,,,,,
c8a46d737c221d3907747b204029e0c3,hardware-verification,hardware-verification,reserva,sin-ref,1,0,,,,,,,,,,
cb37e5a44cadd7b1bd70b892a0931278,hardware-verification,hardware-verification,excluida,danada,0,0,,,,,,,,,,
cbb42f3a5de02d7ef80a7901423c8adc,hardware-verification,hardware-verification,reserva,sin-ref,1,0,,,,,,,,,,
cca75ed0eae3357d0e9d84a877bc9269,hardware-verification,hardware-verification,reserva,sin-ref,1,0,,,,,,5384.000,15676.000,,,
cd2b1551237491541a9c572e97c83123,hardware-verification,hardware-verification,excluida,sin-ref,0,0,,,,,,,,,,
cd8b6bf799840735edb35bc95d30f614,hardware-verification,hardware-verification,test,facil,1,1,3,UNSAT,26.763322790997336,43.129893887002254,54.02325163799833,,,,,
ce492517202b4d870280cb2c6e38e03f,hardware-verification,hardware-verification,test,media,1,1,3,UNSAT,125.90505102599856,137.52030354899762,162.74487769799453,2205.000,6556.000,,,
cec96be7ec1ff12260f3e3f630f7b843,hardware-verification,hardware-verification,dev,media,1,1,3,UNSAT,166.7650017479973,184.24278788499944,185.65934307199493,43850.000,194561.000,,,
cef57901b9185d3b2ad048dcbaaf288b,hardware-verification,hardware-verification,reserva,sin-ref,1,0,,,,,,,,,,
cf7e3aa713a4733d0ebb53c79ac39d43,hardware-verification,hardware-verification,test,facil,1,1,3,UNSAT,61.10501562400168,84.33473211999808,88.57315254300192,24604.000,261473.000,,,
cfa562765bd1a658788f599fc9f6d84d,hardware-verification,hardware-verification,test,facil,1,1,3,UNSAT,46.37956421299896,49.30845795699861,54.01185677000467,,,,,
d0bed5ab76bfdad3a120c709766e096b,hardware-verification,hardware-verification,reserva,sin-ref,1,0,,,,,,,,,,
d0cfcfaff439029a7c143adede13a241,hardware-verification,hardware-verification,test,facil,1,1,3,SAT,38.73124346000259,47.97757692099549,85.27160985599767,,,,,
d1f4348ad66cae01386777daae51c024,hardware-verification,hardware-verification,test,dura,1,1,0,,800.0,800.0,800.0,,,,,
d2b400b2836f4062accaafe6aa9d6668,hardware-verification,hardware-verification,test,trivial,1,1,3,UNSAT,0.371053100003337,0.3731889080008841,0.381681696002488,,,,,
d2d1fb679f1a172655bfb46345afe80f,hardware-verification,hardware-verification,excluida,sin-ref,0,0,,,,,,,,,,
d5ed2be381f3a58b0abaed0d95c1b2a2,hardware-verification,hardware-verification,reserva,sin-ref,1,0,,,,,,,,,,
d672bdbca3b1fb26d585e78add79537e,hardware-verification,hardware-verification,reserva,sin-ref,1,0,,,,,,,,,,
d674040e92c3386136c82f07b578edc7,hardware-verification,hardware-verification,reserva,sin-ref,1,0,,,,,,,,,,
d822f6dc162fd34a89090a00d99314a6,hardware-verification,hardware-verification,test,trivial,1,1,3,UNSAT,1.2397513239993714,1.3027230099978624,1.408832766006526,,,,,
d83b487390a7d0015b69978c7d855b2d,hardware-verification,hardware-verification,excluida,danada,0,0,,,,,,,,,,
da04938ba1f77f11748308f114fff467,hardware-verification,hardware-verification,dev,trivial,1,1,3,UNSAT,1.929779245001555,1.935190837997652,3.252263451002364,,,,,
db480ef956c6e29f7aa1b4ba155cfa75,hardware-verification,hardware-verification,dev,dura,1,1,0,,800.0,800.0,800.0,,,,,
dc28c21a9b7620965659889a64ade84b,hardware-verification,hardware-verification,reserva,sin-ref,1,0,,,,,,,,,,
dcedc50975c0fa19442874a32294c12c,hardware-verification,hardware-verification,reserva,sin-ref,1,0,,,,,,,,,,
dcfdf31943b65080a2e4b8ec46a89c7d,hardware-verification,hardware-verification,dev,dura,1,1,0,,800.0,800.0,800.0,,,,,
dd603e68bcb21400d09683e07f5ca1df,hardware-verification,hardware-verification,test,facil,1,1,3,UNSAT,16.213824692000344,18.291661427996587,20.128621105999628,,,,,
def5caa0f44ba59ae8b62ffb82d42608,hardware-verification,hardware-verification,test,dura,1,1,0,,800.0,800.0,800.0,,,,,
e167c48227c8cb2e9c9ff7fb76231d78,hardware-verification,hardware-verification,excluida,sin-ref,0,0,,,,,,,,,,
e20e4d15853f581ce4f277739219700f,hardware-verification,hardware-verification,excluida,sin-ref,0,0,,,,,,,,,,
e263da0d376e1eea55db124c81659a08,hardware-verification,hardware-verification,reserva,sin-ref,1,0,,,,,,,,,,
e2ffb03d95f450787b8affdea8f1b927,hardware-verification,hardware-verification,dev,media,1,1,3,UNSAT,235.1261484839997,246.255986987002,277.6374256830022,266405.000,792175.000,,,
e5e81b88152c18f060d4d4617750ea23,hardware-verification,hardware-verification,reserva,sin-ref,1,0,,,,,,,,,,
e75706c2ac3b1e32d2e50383bcc2c0a8,hardware-verification,hardware-verification,test,media,1,1,3,UNSAT,264.8387731199982,314.8111980440008,387.11838413700025,,,,,
e8fee4776a0c163458f01ad02a83280f,hardware-verification,hardware-verification,dev,media,1,1,3,SAT,146.09258732500166,220.2651926030012,249.16894861600304,,,,,
e9f65d119b945ea9687b4b6b689324e9,hardware-verification,hardware-verification,reserva,sin-ref,1,0,,,,,,259762.000,707913.000,,,
ea34348768c8da353de9b95082862587,hardware-verification,hardware-verification,excluida,sin-ref,0,0,,,,,,,,,,
ec2d825d633137e0824a1fee2f8962e2,hardware-verification,hardware-verification,reserva,sin-ref,1,0,,,,,,,,,,
eca4d284c68f149d8125c6ea257ffe04,hardware-verification,hardware-verification,dev,inestable,1,1,1,UNSAT,688.979143757002,800.0,800.0,23909.000,751116.000,,,
ed2e7f1ce7d994c2daa0662b9cb5b410,hardware-verification,hardware-verification,excluida,danada,0,0,,,,,,,,,,
ef129c2bd48dd27e5d20e5d10bcc42d9,hardware-verification,hardware-verification,test,trivial,1,1,3,UNSAT,0.2508723479986656,0.2694188630048302,0.3012971370044397,,,,,
efe1951069311bc03eadd11547cf02ab,hardware-verification,hardware-verification,reserva,sin-ref,1,0,,,,,,,,,,
f57d3c68ff7c001002fc7ae56daea07b,hardware-verification,hardware-verification,test,facil,1,1,3,UNSAT,59.7636992129992,70.17734580199613,72.44883064600435,,,,,
f6e0b35a8293b3e629d339bda14cc883,hardware-verification,hardware-verification,reserva,sin-ref,1,0,,,,,,,,,,
fa90aeace60376ba8e25dc50b7e00ed7,hardware-verification,hardware-verification,excluida,sin-ref,0,0,,,,,,,,,,
fc0a678a1c4ee14ac8cd48cf66915da6,hardware-verification,hardware-verification,dev,trivial,1,1,3,UNSAT,5.142974725000386,6.493555471999571,6.566211058998306,,,,,
fe946647b3fb7270befe8ab7544c094d,hardware-verification,hardware-verification,excluida,danada,0,0,,,,,,,,,,
fec81a0409cbdc164aa5681d27d6c3f8,hardware-verification,hardware-verification,reserva,sin-ref,1,0,,,,,,,,,,
00063d88244921d6ec46aeab6866a8e2,miter,miter,reserva,sin-ref,1,0,,,,,,,,miter,main_2015,6s16.cnf.xz
00d239e486137a4f7264adb4fb57d5ae,miter,miter,dev,media,1,1,3,UNSAT,115.15873070000087,136.4939497000014,153.37068315099896,162.000,774.000,miter,handmade_2003,hwb-n24-01-S1048418025.shuffled-as.sat03-1617.cnf.xz
017ba03ed108f492c9293c7c95e5cae9,miter,miter,test,dura,1,1,0,,800.0,800.0,800.0,,,miter,submissions_2023,multiplier_14bits__miter_14.cnf.xz
03a1a18521814692f56a8ecbea0031d4,miter,miter,test,media,1,1,3,UNSAT,151.35238764400128,152.17788313100027,159.18422849900526,,,miter,main_2019,ablmulub2x32o-sc2016.cnf.xz
044d27388c142e8e47812d9518e01b2f,miter,miter,reserva,sin-ref,1,0,,,,,,,,miter,industrial_2004,shuffling-2-s2123257475-of-bench-sat04-327.used-as.sat04-589.cnf.xz
04674c7c9520c7edc0426b820f837726,miter,miter,reserva,sin-ref,1,0,,,,,,,,miter,handmade_2004,hwb-n30-01-S682466202.shuffled-as.sat03-1632.cnf.xz
06e91448c6aacd9086890ea46b4659b0,miter,miter,dev,media,1,1,3,UNSAT,347.98744378699485,350.5660510089947,368.02946202900057,,,miter,submissions_2024,lec_mult_DvK_10x10.sanitized.cnf.xz
0811f761eee5e4ef28196fd98884a67b,miter,miter,test,dura,1,1,0,,800.0,800.0,800.0,,,miter,submissions_2023,multiplier_13bits__miter_15.cnf.xz
08e617c2069f128f8387fcc962ecdc6c,miter,miter,reserva,sin-ref,1,0,,,,,,,,miter,unknown,c7552-s.cnf.xz
09df54b3d75b42dbd0020c6b60a68fc6,miter,miter,dev,facil,1,1,3,UNSAT,10.613575793002385,14.45641318699927,15.49793077600043,,,miter,industrial_2004,shuffling-1-s1931574585-of-bench-sat04-328.used-as.sat04-449.cnf.xz
0a02751cacf5e1cdfcc842a7f220199f,miter,miter,dev,trivial,1,1,3,UNSAT,0.2699100350000663,0.2763952340028481,0.2782608989946311,,,miter,submissions_2024,hwmcc17miters-xits-iso-bobsmfpu.sanitized.cnf.xz
0a6722970ab81da486ca8c79b85f6c59,miter,miter,reserva,sin-ref,1,0,,,,,,134.000,630.000,miter,handmade_2003,hwb-n20-03-S1899964371.shuffled-as.sat03-1609.cnf.xz
0ae0c5a4fb9001d63669a0aa5b592167,miter,miter,test,dura,1,1,0,,800.0,800.0,800.0,,,miter,submissions_2023,multiplier_16bits__miter_19.cnf.xz
0c920a26142a23c7313871f0508bfa8b,miter,miter,test,media,1,1,3,UNSAT,166.4849113579985,168.09410214499803,168.66119248899486,,,miter,unknown,lang24.cnf.gz.CP3-cnfmiter.cnf.xz
0cfe9c90d3a51435a5e4dba7634b882f,miter,miter,reserva,sin-ref,1,0,,,,,,,,miter,main_2024,g2-ak128boothbg2msisc.cnf.xz
0d33d876dda3913196d9778357982038,miter,miter,test,trivial,1,1,3,UNSAT,2.2521676939941244,2.316884401996504,2.3345274240055005,,,miter,application_2013,6s139.cnf.xz
0e13290ed42fd04c50249f41b0e127f1,miter,miter,reserva,sin-ref,1,0,,,,,,539624.000,1616577.000,miter,main_2017,g2-ak128boothdiagoaig.cnf.xz
0f5921fb01e9157f405741b6d0a276d2,miter,miter,reserva,sin-ref,1,0,,,,,,,,miter,main_2017,g2-hwmcc15deep-bobpcihm-k33.cnf.xz
1001a2a87617b59d50cc24f324533090,miter,miter,dev,trivial,1,1,3,UNSAT,0.0256507039957796,0.0268554130016127,0.0272412739941501,,,miter,industrial_2002,ca016.shuffled.cnf.xz
10aca82b7b9798a9a088f4df2c324d1d,miter,miter,dev,inestable,1,1,2,UNSAT,408.89915323299647,631.8895402870039,800.0,,,miter,main_2019,cruxmiter29seed9.cnf.xz
119fbc4bf0a3d1b60b24bc1bf7e24920,miter,miter,reserva,sin-ref,1,0,,,,,,1132.000,3264.000,miter,mus_2011,ca064.shuffled.cnf.xz
12dcc1a612a248fddbc8e6d2ed2bf72d,miter,miter,test,dura,1,1,0,,800.0,800.0,800.0,,,miter,unknown,hard-6s398b09.aig.cnf.xz
137850d8a2886b3cdd1684b23384c9ad,miter,miter,test,facil,1,1,3,UNSAT,15.25953423199826,15.953510095998354,16.416473282995867,,,miter,industrial_2004,shuffling-1-s1735667200-of-bench-sat04-332.used-as.sat04-445.cnf.xz
13c6c5d376f59a6a2ad2a3bddd308011,miter,miter,dev,trivial,1,1,3,UNSAT,0.0328789109989884,0.0403309510002145,0.0443729159960639,,,miter,industrial_2002,rand_net40-40-5.shuffled.cnf.xz
1521bf4c6531b57b4052f24f8a1ea7d9,miter,miter,test,facil,1,1,3,UNSAT,21.77721732799546,22.5197469420018,22.75000826700125,,,miter,industrial_2004,shuffling-2-s356209203-of-bench-sat04-338.used-as.sat04-616.cnf.xz
1545660e72158c7e90da5ad4c877a124,miter,miter,dev,trivial,1,1,3,UNSAT,0.4067117159938789,0.4068330320005771,0.4247092770019662,,,miter,submissions_2024,hwmcc20miters-iso-rast-p06.sanitized.cnf.xz
15b21ad2edfb8de81db7bf2481b0424c,miter,miter,reserva,sin-ref,1,0,,,,,,,,miter,industrial_2004,am_8_8.used-as.sat04-341.cnf.xz
16112e129150b076e1ed0ad9afd717af,miter,miter,reserva,sin-ref,1,0,,,,,,,,miter,industrial_2004,shuffling-1-s1513542704-of-bench-sat04-338.used-as.sat04-477.cnf.xz
18dde1481ff149a919e00db6eb6cc609,miter,miter,test,facil,1,1,3,UNSAT,14.50087165900186,15.601462751001236,16.485211689003336,28902.000,179895.000,miter,industrial_2004,shuffling-1-s526006719-of-bench-sat04-330.used-as.sat04-447.cnf.xz
19004c7d629f7e6e83c6e1d7a9a768a9,miter,miter,test,trivial,1,1,3,UNSAT,3.8456162989969016,4.954239411999879,7.37362806499732,,,miter,main_2023,6s166.cnf.xz
1a2b050423f028ab26b163bfa3601aba,miter,miter,reserva,sin-ref,1,0,,,,,,,,miter,main_2017,g2-ak128astepmodasaig.cnf.xz
1aa7cd96ab1f7bf58984deccf8362ab4,miter,miter,test,trivial,1,1,3,UNSAT,0.040653887001099,0.0423026499993284,0.0445643120037857,6000.000,17901.000,miter,main_2023,rand_net50-60-10.shuffled.cnf.xz
1b6ad52b2db90aa6123a64b4f6a5e201,miter,miter,reserva,sin-ref,1,0,,,,,,,,miter,main_2015,6s11-opt.cnf.xz
1b8d4c52a9e18659d8912ee6aaf785ff,miter,miter,reserva,sin-ref,1,0,,,,,,2500.000,7401.000,miter,industrial_2002,rand_net50-25-10.shuffled.cnf.xz
1bd9d36816a8b56557a2fe470a8cbf1c,miter,miter,reserva,sin-ref,1,0,,,,,,,,miter,crafted_2012,hwb-n26-03-S540351185.sat05-490.reshuffled-07.cnf.xz
1d4a6342116b787bc5de11c523df8456,miter,miter,test,dura,1,1,0,,800.0,800.0,800.0,216247.000,639883.000,miter,main_2017,g2-hwmcc15deep-bob12s02-k17.cnf.xz
1defc0ba54776f3972e801d4bdc2a19b,miter,miter,test,facil,1,1,3,UNSAT,20.027457616997708,20.730551076994743,20.879987822998373,,,miter,industrial_2004,goldberg03:hard_eq_check:x1mul.miter.used-as.sat04-338.cnf.xz
1e0796ada9950ce80117102eb7913a85,miter,miter,test,trivial,1,1,3,UNSAT,1.3774981099995784,1.8627086480046275,1.9382459340049536,,,miter,main_2019,6s169-opt-sc2014.cnf.xz
1e1667279af339045c52218ac807c245,miter,miter,dev,facil,1,1,3,UNSAT,12.064320826997571,13.638609756999358,14.14904733000003,,,miter,industrial_2003,c3540mul.miter.shuffled-as.sat03-345.cnf.xz
1e43089090db421e981fe62b3f3dbce7,miter,miter,reserva,sin-ref,1,0,,,,,,,,miter,application_2016,custmulsb2x32o.cnf.xz
1ebf4009339b90c3575cf9d1dec33b45,miter,miter,dev,facil,1,1,3,UNSAT,7.68448459499632,13.088177867997729,14.081706359000236,,,miter,unknown,hwmcc10-timeframe-expansion-k50-pdtswvqis8x8p1-tseitin.cnf.xz
23440a591245328b42455fa0b8714ffd,miter,miter,test,dura,1,1,0,,800.0,800.0,800.0,,,miter,main_2017,g2-hwmcc15deep-oski15a10b06s-k24.cnf.xz
235b63e79c79d5307a27a034454dbb0d,miter,miter,dev,trivial,1,1,3,UNSAT,6.45851868900354,6.773044415000186,8.038287404000585,,,miter,industrial_2004,shuffling-1-s1783682068-of-bench-sat04-331.used-as.sat04-446.cnf.xz
24f15c98ee76c000c8406e68bc9dceab,miter,miter,dev,trivial,1,1,3,UNSAT,0.0235548630007542,0.025926005000656,0.0360690309971687,,,miter,unknown,c1908-s.cnf.xz
25447f441df2f134223d3e43319c99ad,miter,miter,reserva,sin-ref,1,0,,,,,,,,miter,submissions_2024,lec_mult_CvW_12x11.sanitized.cnf.xz
2599aea8d99ad36471ee4dcc649993ac,miter,miter,reserva,sin-ref,1,0,,,,,,,,miter,application_2016,ak064simpbbg2btaig.cnf.xz
2a7e0dc32677b708d83281d1791d2c55,miter,miter,reserva,sin-ref,1,0,,,,,,,,miter,unknown,lang19.cnf.gz.CP3-cnfmiter.cnf.xz
2b45c27e40b561b2ace9768e5a45010c,miter,miter,reserva,sin-ref,1,0,,,,,,,,miter,industrial_2003,k2mul.miter.shuffled-as.sat03-355.cnf.xz
2b9793f3e830c87d87d1a4a0e46e823f,miter,miter,reserva,sin-ref,1,0,,,,,,,,miter,industrial_2002,rand_net60-25-10.shuffled.cnf.xz
2c6a20f1f740c221e48453fc1f609108,miter,miter,reserva,sin-ref,1,0,,,,,,,,miter,crafted_2005,hwb-n30-01-S682466202.shuffled-as.sat05-494.cnf.xz
2cf0b2b42bb4e0ebdf410478d028d57a,miter,miter,dev,trivial,1,1,3,UNSAT,6.301975438997033,6.725880683996365,7.032397474999016,,,miter,industrial_2003,frg1mul.miter.shuffled-as.sat03-351.cnf.xz
2e7ba230f7260df60ac5ef469c98757e,miter,miter,reserva,sin-ref,1,0,,,,,,,,miter,unknown,wff.4.100.500.cnf.gz.CP3-cnfmiter.cnf.xz
3067c64c195a00141cae08f283d27172,miter,miter,reserva,sin-ref,1,0,,,,,,,,miter,industrial_2004,shuffling-1-s382583204-of-bench-sat04-337.used-as.sat04-440.cnf.xz
30c26154809e48143f2f4328c9736578,miter,miter,test,trivial,1,1,3,UNSAT,4.057806484001048,4.132558752004115,4.556722761997662,,,miter,industrial_2003,rotmul.miter.shuffled-as.sat03-356.cnf.xz
3401b0bb31b5ba87cc59fdd248d44fae,miter,miter,test,trivial,1,1,3,UNSAT,0.426960067001346,0.479330886999378,0.4813099349994445,,,miter,submissions_2024,hwmcc20miters-iso-rast-p14.sanitized.cnf.xz
35aecf60b589c7b71dcf251ad90aea7f,miter,miter,test,dura,1,1,0,,800.0,800.0,800.0,,,miter,crafted_2005,hwb-n30-03-S44661219.shuffled-as.sat05-496.cnf.xz
361bc22fcce8aba53fbd08f52f8d0871,miter,miter,reserva,sin-ref,1,0,,,,,,,,miter,main_2019,cruxmiter28seed8.cnf.xz
3663000b31a5c80922afc6e48322accb,miter,miter,test,trivial,1,1,3,UNSAT,0.7596044319943758,1.054750042996602,1.195923187005974,,,miter,main_2023,6s165.cnf.xz
368c56bd8417b17c56224f7b118df3a8,miter,miter,reserva,sin-ref,1,0,,,,,,,,miter,main_2019,6s166-sc2013.cnf.xz
3ad0933f3ce3e171fca56abad1d119ec,miter,miter,test,inestable,1,1,1,UNSAT,547.4817993640027,800.0,800.0,,,miter,crafted_2005,hwb-n26-01-S1957858365.shuffled-as.sat05-500.cnf.xz
3b8a337e506ebb2f6020083ebf329366,miter,miter,reserva,sin-ref,1,0,,,,,,10316.000,62943.000,miter,industrial_2004,shuffling-2-s1182968979-of-bench-sat04-332.used-as.sat04-584.cnf.xz
3e34fa41a180c434b7eef6735be541cb,miter,miter,dev,trivial,1,1,3,UNSAT,8.91247798299446,8.954889951004589,8.982749399001477,,,miter,unknown,20_rd_r45.cnf.gz.CP3-cnfmiter.cnf.xz
42bae687b8c0f3061b135ddc21b24d7a,miter,miter,dev,media,1,1,3,UNSAT,139.60289905600075,143.85165352700278,154.93345526800113,,,miter,portfolio_2012,hwmcc10-timeframe-expansion-k45-pdtpmsgoodbakery-tseitin.cnf.xz
440726d9140cd2414b7d42b3f3dbb97a,miter,miter,dev,trivial,1,1,3,SAT,0.1736544579980545,0.1901474629994481,0.2088208100030897,,,miter,application_2016,ak064paralbg2btaig.cnf.xz
4533388344869b71c3305577ac3c299a,miter,miter,dev,trivial,1,1,3,UNSAT,0.0274190039999666,0.0278634100031922,0.0294515729983686,,,miter,industrial_2002,rand_net70-30-10.shuffled.cnf.xz
465a2609dba34a4dcb56dd03643fb3b8,miter,miter,reserva,sin-ref,1,0,,,,,,,,miter,unknown,grid40.cnf.gz.CP3-cnfmiter.cnf.xz
47655cd4c6198c47a271a0e31a93b27d,miter,miter,dev,trivial,1,1,3,UNSAT,0.0249830040047527,0.0252242419956019,0.0252274270023917,,,miter,industrial_2002,rand_net50-30-10.shuffled.cnf.xz
47e3b78c2157b685e23b53915a1b33b5,miter,miter,reserva,sin-ref,1,0,,,,,,,,miter,mus_2011,ca002.shuffled.cnf.xz
48108995c886d103feda7b3ce8d790b3,miter,miter,reserva,sin-ref,1,0,,,,,,,,miter,application_2011,hwmcc10-timeframe-expansion-k50-nusmvreactorp4-tseitin.cnf.xz
48b7bbf2520ca7652296cc19959ed529,miter,miter,reserva,sin-ref,1,0,,,,,,,,miter,application_2016,ak064diagodiagoisc.cnf.xz
497dc211b04000440bdd949eaf606630,miter,miter,dev,dura,1,1,0,,800.0,800.0,800.0,,,miter,application_2013,6s139.cnf.xz
4afe58f1411a91caffdaf28eb24db279,miter,miter,reserva,sin-ref,1,0,,,,,,,,miter,main_2017,g2-ak128modbtbg1asaig.cnf.xz
4b831ae59da3bc1b197c8dc9c69af18c,miter,miter,test,trivial,1,1,3,UNSAT,4.138564576001954,4.436328887997661,5.173143450003408,,,miter,unknown,goldb-heqc-rotmul.cnf.xz
4b960da1843b5a4a7fed68f7ba7c3f4e,miter,miter,reserva,sin-ref,1,0,,,,,,,,miter,submissions_2023,multiplier_14bits__miter_15.cnf.xz
4c54efa61599e33d514bf718ff23ad09,miter,miter,reserva,sin-ref,1,0,,,,,,,,miter,submissions_2024,lec_mult_CvK_12x11.sanitized.cnf.xz
4fdb8f0242acf7f0c38a400b8326cb33,miter,miter,reserva,sin-ref,1,0,,,,,,,,miter,industrial_2003,desmul.miter.shuffled-as.sat03-350.cnf.xz
5180ab4873124f1a572b895fd9ab8f0d,miter,miter,reserva,sin-ref,1,0,,,,,,,,miter,industrial_2004,c6288mul.miter.used-as.sat04-328.cnf.xz
51d91901484f11dad4367aaad5f98323,miter,miter,reserva,sin-ref,1,0,,,,,,,,miter,unknown,lang27.cnf.gz.CP3-cnfmiter.cnf.xz
52aa6129cbf1fc57bd9fce305257d9b9,miter,miter,dev,media,1,1,3,UNSAT,359.79233546400064,427.7295342970028,505.30912945299497,44692.000,129620.000,miter,application_2012,hwmcc10-timeframe-expansion-k45-bobsmhdlc2-tseitin.cnf.xz
54ff7ae09469921a47c6971a12e5b805,miter,miter,reserva,sin-ref,1,0,,,,,,,,miter,mus_2011,hwmcc10-timeframe-expansion-k45-pdtswvtms14x8p1-tseitin.cnf.xz
567964f034c8ffa65952897ce4927c6c,miter,miter,reserva,sin-ref,1,0,,,,,,,,miter,main_2022,ablmulub16x4o.cnf.xz
57c305967b30c503da1737258e6cc7e5,miter,miter,test,dura,1,1,0,,800.0,800.0,800.0,58614.000,175093.000,miter,main_2023,6s20-sc2013.cnf.xz
585e46bd5dc0c4c9d47ec1aba082f007,miter,miter,dev,dura,1,1,0,,800.0,800.0,800.0,,,miter,industrial_2004,shuffling-2-s1137334707-of-bench-sat04-340.used-as.sat04-618.cnf.xz
58a9623e1f359010600f93d878149a97,miter,miter,dev,facil,1,1,3,UNSAT,9.496629736000614,10.737223812000591,11.3560082719996,,,miter,main_2006,goldb-heqc-desmul.cnf.xz
593c30780f1664e1d1349b905f680dcb,miter,miter,dev,dura,1,1,0,,800.0,800.0,800.0,,,miter,crafted_2013,hwb-n28-02-S818962541.sat05-492.reshuffled-07.cnf.xz
5ab3040d8617bf9f4d4cef4e56dcfd03,miter,miter,reserva,sin-ref,1,0,,,,,,44195.000,128349.000,miter,main_2024,g2-hwmcc15deep-6s161-k17.cnf.xz
5b4b98e05a08e730566d69b715e2231a,miter,miter,dev,dura,1,1,0,,800.0,800.0,800.0,,,miter,submissions_2023,multiplier_16bits__miter_20.cnf.xz
5c316aee257edaeb78a52498eeb3d5bd,miter,miter,test,trivial,1,1,3,UNSAT,0.0342470920004416,0.0367374510024092,0.0443739619950065,,,miter,industrial_2002,rand_net70-30-5.shuffled.cnf.xz
5ed0bbcb957ecc8ef2a049620f91385a,miter,miter,dev,trivial,1,1,3,UNSAT,0.0279801939977915,0.0296703249987331,0.0301129450017469,,,miter,handmade_2002,c3540-s.shuffled.cnf.xz
5f3075e95b0fe5a28812f1af3c2e4e85,miter,miter,reserva,sin-ref,1,0,,,,,,,,miter,main_2017,g2-hwmcc15deep-bobpcihm-k30.cnf.xz
6049e056b2b148699dcf0268652c9ffd,miter,miter,dev,dura,1,1,0,,800.0,800.0,800.0,,,miter,submissions_2023,multiplier_14bits__miter_19.cnf.xz
609ab29d02c73af38b7cb1c6e0de0142,miter,miter,test,media,1,1,3,UNSAT,315.86198716999934,355.32804137100175,793.3763889109978,,,miter,main_2019,cruxmiter29seed4.cnf.xz
63832d9feb66485b5d1698febe76364a,miter,miter,reserva,sin-ref,1,0,,,,,,,,miter,main_2017,g2-ak128modbtbg1asisc.cnf.xz
65c5a5d228ec5e52d1a72f918086f584,miter,miter,test,facil,1,1,3,SAT,42.816654848000326,47.4679786869965,48.71234824700514,,,miter,submissions_2024,32_100.sanitized.cnf.xz
65fd1c223a6bdd2a17e75b388b94d6b8,miter,miter,dev,trivial,1,1,3,UNSAT,0.0944471570037421,0.1041929260027245,0.1053866280053625,,,miter,main_2015,beempgsol2b1.cnf.xz
66646b227a6b602fcde3a6c9acd676a2,miter,miter,reserva,sin-ref,1,0,,,,,,,,miter,industrial_2002,rand_net60-40-1.shuffled.cnf.xz
693746f12f4dff530f68ff7497f2f3f3,miter,miter,test,trivial,1,1,3,UNSAT,5.335867316003714,5.692396641999949,5.838851376000093,34094.000,132604.000,miter,unknown,ls13-normalized.cnf.gz.CP3-cnfmiter.cnf.xz
6b8af7c21b57d9f7c751d3cae9d45eff,miter,miter,reserva,sin-ref,1,0,,,,,,,,miter,industrial_2004,shuffling-2-s544294839-of-bench-sat04-341.used-as.sat04-619.cnf.xz
6dd57612dab7692b8c38225bb852ce36,miter,miter,reserva,sin-ref,1,0,,,,,,,,miter,main_2022,hwmcc15deep-6s516r-k18-sc2017.cnf.xz
6e789d6b080067f2ecf0b167b77fb80d,miter,miter,dev,trivial,1,1,3,UNSAT,0.0414006459977827,0.0451265830051852,0.3812919939955463,7200.000,21481.000,miter,industrial_2002,rand_net60-60-5.shuffled.cnf.xz
6e858531064077cc8a0dfde91f272dff,miter,miter,test,trivial,1,1,3,SAT,0.7375347420020262,0.8147808039939264,0.8972353569988627,,,miter,main_2017,ak128astepbg2msaig.cnf.xz
701c96dc91c057c23026454520da2054,miter,miter,test,trivial,1,1,3,UNSAT,5.178333229996497,7.083238364997669,7.548648084994056,,,miter,mus_2011,hwmcc10-timeframe-expansion-k45-pdtswvqis8x8p2-tseitin.cnf.xz
71dbf7ab78ef93c3d491c67752f03fd1,miter,miter,reserva,sin-ref,1,0,,,,,,,,miter,mus_2011,hwmcc10-timeframe-expansion-k45-nusmvguidancep9-tseitin.cnf.xz
72a1b82b2c1f17b0e5e0d4a44937d848,miter,miter,reserva,sin-ref,1,0,,,,,,,,miter,main_2020,fclqcolor-18-14-11.cnf.gz.CP3-cnfmiter.cnf.xz
72b98682d24c8c75951745688d2f60ff,miter,miter,reserva,sin-ref,1,0,,,,,,,,miter,application_2016,sat_prob_3.cnf.xz
73136fc8525998860da8e165ff184c74,miter,miter,dev,trivial,1,1,3,SAT,0.5377801709983032,0.6151577000055113,0.6545778330037137,,,miter,main_2017,ak128diagobg2asaig.cnf.xz
73bb8b6c8c2c4b495b70fb1f44616d3a,miter,miter,reserva,sin-ref,1,0,,,,,,4736.000,30465.000,miter,industrial_2004,shuffling-2-s1765005333-of-bench-sat04-326.used-as.sat04-590.cnf.xz
73e41f41b5d4c67e5a7885363aa1a478,miter,miter,reserva,sin-ref,1,0,,,,,,,,miter,application_2014,6s126-opt.cnf.xz
75d7d42dedd8bcaba2b6f9826574ac42,miter,miter,reserva,sin-ref,1,0,,,,,,,,miter,application_2014,6s123.cnf.xz
76b123949b3de136ea1a69824671cb96,miter,miter,reserva,sin-ref,1,0,,,,,,,,miter,main_2015,6s9.cnf.xz
791415d8a85d0bfc67dd2d3d4edcac7c,miter,miter,dev,trivial,1,1,3,SAT,0.4856976029986981,0.5146534200030146,0.6357036519984831,,,miter,main_2017,g2-ak128simpbbg1sbisc.cnf.xz
7a83634c455aae979dfadc671f52d88f,miter,miter,dev,trivial,1,1,3,UNSAT,0.0944402159948367,0.0967158769999514,0.0974239309944096,,,miter,handmade_2002,c5315.shuffled.cnf.xz
7b5895f110a6aa5a5ac5d5a6eb3fd322,miter,miter,test,trivial,1,1,3,SAT,0.4859260029988945,0.4962107350002043,0.5126849070002208,,,miter,main_2017,g2-ak128modasbg1sbisc.cnf.xz
7bb7e38eb84a758724be452aeacdfbe8,miter,miter,reserva,sin-ref,1,0,,,,,,,,miter,submissions_2024,lec_mult_KvW_11x11.sanitized.cnf.xz
7c61be426f173543b3a4ce9bdb57874d,miter,miter,test,trivial,1,1,3,UNSAT,0.0375650440037134,0.0391516689996933,0.0543465640002978,,,miter,industrial_2002,rand_net60-60-10.shuffled.cnf.xz
7c7bf097f80d226d14095a56c13e5bb1,miter,miter,reserva,sin-ref,1,0,,,,,,1612.000,9373.000,miter,industrial_2003,C880mul.miter.shuffled-as.sat03-348.cnf.xz
8038e8a2750e1ff5d511a6cfa9e98d6b,miter,miter,test,trivial,1,1,3,UNSAT,5.330056015998707,5.336302966003132,6.873019630002091,,,miter,industrial_2004,shuffling-2-s388109912-of-bench-sat04-337.used-as.sat04-579.cnf.xz
80d21cb597eea3567f593ba6e0007260,miter,miter,dev,trivial,1,1,3,UNSAT,0.0196944740018807,0.0210580769999069,0.0211365380018833,,,miter,unknown,ls8-simplified5.cnf.gz.CP3-cnfmiter.cnf.xz
818c585e5986431917605fca8d775034,miter,miter,reserva,sin-ref,1,0,,,,,,,,miter,main_2025,g2-hwmcc15deep-oski15a10b10s-k20.cnf.xz
821051235cf90eba420d5569c2e58eef,miter,miter,dev,facil,1,1,3,UNSAT,10.363364264005211,10.446785633997932,10.553053215000546,47621.000,185722.000,miter,unknown,ls14-normalized.cnf.gz.CP3-cnfmiter.cnf.xz
82f505a08b971644a73ed738129e84cf,miter,miter,reserva,sin-ref,1,0,,,,,,,,miter,industrial_2002,rand_net60-40-10.shuffled.cnf.xz
83628f8fe950fde6e67a24f9eb18c884,miter,miter,reserva,sin-ref,1,0,,,,,,,,miter,industrial_2003,x1mul.miter.shuffled-as.sat03-359.cnf.xz
84d9a6877ddeb347ff4e433be3ae87d1,miter,miter,reserva,sin-ref,1,0,,,,,,,,miter,industrial_2002,rand_net40-40-1.shuffled.cnf.xz
853031a6aece919daca2c509546e5d81,miter,miter,reserva,sin-ref,1,0,,,,,,,,miter,industrial_2003,vdamul.miter.shuffled-as.sat03-358.cnf.xz
8647c26ddc3d8d67dd6691583b83f310,miter,miter,test,trivial,1,1,3,UNSAT,0.056892736996815,0.0585332679984276,0.0645121859997743,3008.000,11794.000,miter,unknown,LS6_diag.cnf.gz.CP3-cnfmiter.cnf.xz
87a1663f9e45c299ea776f037eacf240,miter,miter,reserva,sin-ref,1,0,,,,,,,,miter,industrial_2004,shuffling-1-s1289525658-of-bench-sat04-341.used-as.sat04-480.cnf.xz
88e89266e58f1f125ebc4e0f66e2c060,miter,miter,excluida,danada,1,0,,,,,,,,miter,submissions_2024,32_200.sanitized.cnf.xz
8971386b2aa05d4029deaead24340fff,miter,miter,test,media,1,1,3,UNSAT,432.09138352300215,433.9591867490017,434.0471131769955,,,miter,main_2020,lang28.cnf.gz.CP3-cnfmiter.cnf.xz
8a0642cb4474c985d53dbd3d135f1567,miter,miter,test,dura,1,1,0,,800.0,800.0,800.0,,,miter,unknown,hard-6s398b16.aig.cnf.xz
8a91cfa85a65d06bc923a32bf130636c,miter,miter,reserva,sin-ref,1,0,,,,,,12998.000,77941.000,miter,industrial_2003,i10mul.miter.shuffled-as.sat03-353.cnf.xz
8a9bda2f923ab36497e66adb95c29ff5,miter,miter,dev,facil,1,1,3,UNSAT,23.94636733300285,28.79059723200044,38.890192388003925,,,miter,application_2013,beempgsol5b1.cnf.xz
8b91c5bf4dfd87ffb46c5ef88a3ef1cd,miter,miter,reserva,sin-ref,1,0,,,,,,,,miter,submissions_2024,lec_mult_DvW_12x11.sanitized.cnf.xz
8d4b50ec0cf99097e9ab0835937afee5,miter,miter,reserva,sin-ref,1,0,,,,,,,,miter,submissions_2024,hwmcc17miters-xits-iso-6s281b35.sanitized.cnf.xz
8fa68e4ae4dc0395c853cb7d4dafdb35,miter,miter,reserva,sin-ref,1,0,,,,,,,,miter,mus_2011,hwmcc10-timeframe-expansion-k45-nusmvtcastp2-tseitin.cnf.xz
94b9d678461a28a8f679b05866610c7b,miter,miter,test,facil,1,1,3,UNSAT,32.224910994998936,33.442170239002735,34.02140574800433,,,miter,industrial_2004,goldberg03:hard_eq_check:k2mul.miter.used-as.sat04-335.cnf.xz
992d4c8d223bd4f91d8fd0fed071ce17,miter,miter,reserva,sin-ref,1,0,,,,,,,,miter,main_2017,g2-ak128modasbg1msisc.cnf.xz
99e090515eedf3dc34e5db7b157dbc6a,miter,miter,reserva,sin-ref,1,0,,,,,,,,miter,industrial_2004,shuffling-2-s184229172-of-bench-sat04-339.used-as.sat04-617.cnf.xz
9aa75e3cf1beee54793e5a584680ea45,miter,miter,dev,dura,1,1,0,,800.0,800.0,800.0,,,miter,submissions_2024,lec_mult_CvW_11x11.sanitized.cnf.xz
9b102d2ff81f3759559038bc6ee0c93b,miter,miter,test,media,1,1,3,UNSAT,230.52476829200168,247.59263432100124,268.9127895540005,,,miter,submissions_2024,lec_mult_CvW_10x10.sanitized.cnf.xz
9c3d41761f7044b5a48618886b3e987a,miter,miter,reserva,sin-ref,1,0,,,,,,,,,,
9c8430677e4412a76fb4639d74ddae03,miter,miter,reserva,sin-ref,1,0,,,,,,,,miter,mus_2011,am_4_4.shuffled-as.sat03-360.cnf.xz
9d20bb1bd01838d70177ffd3aa284aeb,miter,miter,reserva,sin-ref,1,0,,,,,,296051.000,968713.000,miter,main_2017,ak128modbtbg2msisc.cnf.xz
9e1d9fd2570d90cdd85e8f369295196e,miter,miter,reserva,sin-ref,1,0,,,,,,,,miter,application_2016,ablmulub2x32o.cnf.xz
9f939a249b15a528f977dd23378a553d,miter,miter,test,trivial,1,1,3,UNSAT,5.774523291998776,5.887988498005143,7.445087654996314,,,miter,main_2006,goldb-heqc-term1mul.cnf.xz
9fd1fff5539dc6d57481346dc6b23769,miter,miter,test,trivial,1,1,3,UNSAT,1.4116330359975109,1.437042008001299,1.512261807001778,,,miter,main_2017,g2-ak128modasmodasisc.cnf.xz
a1fb4bacbd592bd7821ffb7a9969e30f,miter,miter,reserva,sin-ref,1,0,,,,,,,,miter,industrial_2002,rand_net50-40-10.shuffled.cnf.xz
a24ce4beb8c7dd7e5453e2a0456af8ee,miter,miter,test,facil,1,1,3,UNSAT,14.995406103000278,15.824888792005368,18.19105762700201,,,miter,handmade_2003,hwb-n22-01-S1917708524.shuffled-as.sat03-1612.cnf.xz
a5e71d3ade64c68c244a4446998442a2,miter,miter,reserva,sin-ref,1,0,,,,,,,,miter,main_2019,hwb-n26-01-S1957858365.shuffled-as.sat03-1622-sc2002.cnf.xz
a61fde91986cc31ce2b1a59462f0b730,miter,miter,dev,trivial,1,1,3,UNSAT,0.3780542019958375,0.3862281039982917,0.3877294059930136,,,miter,submissions_2024,hwmcc20miters-iso-rast-p00.sanitized.cnf.xz
a94340df4ef860085535c86982912993,miter,miter,test,trivial,1,1,3,UNSAT,0.0318076550029218,0.0323972209953353,0.0396100660000229,,,miter,handmade_2002,c6288-s.shuffled.cnf.xz
abd7c7aeca310a2ce7ab471049890dc2,miter,miter,reserva,sin-ref,1,0,,,,,,,,miter,application_2014,6s12.cnf.xz
ad7d0eea6c7f8c9f06cf56a14e01353d,miter,miter,dev,trivial,1,1,3,UNSAT,3.594724018999841,3.786222260001523,4.55600790099561,5980.000,35229.000,miter,industrial_2004,shuffling-1-s1521634232-of-bench-sat04-336.used-as.sat04-441.cnf.xz
af258def798954d74a608a0fa578e15b,miter,miter,dev,media,1,1,3,UNSAT,441.7542098350023,482.31165807800426,499.771334997,,,miter,submissions_2024,lec_mult_CvD_11x10.sanitized.cnf.xz
b1578bead697161bfac089b44424730d,miter,miter,test,dura,1,1,0,,800.0,800.0,800.0,,,miter,submissions_2023,multiplier_16bits__miter_27.cnf.xz
b2c4dbb573a041c842d969b5d858f89c,miter,miter,reserva,sin-ref,1,0,,,,,,,,miter,submissions_2024,hwmcc20miters-iso-rast-p03.sanitized.cnf.xz
b40b45805104e59a2463c9b471c103ba,miter,miter,reserva,sin-ref,1,0,,,,,,,,miter,main_2017,g2-hwmcc15deep-6s341r-k16.cnf.xz
b5cab29563ae86ab38829f58a895a180,miter,miter,dev,dura,1,1,0,,800.0,800.0,800.0,,,miter,parallel_2015,hwmcc10-timeframe-expansion-k45-pdtvisns3p02-tseitin.cnf.xz
b60d31b452c173492b9f8c74a28c138f,miter,miter,test,dura,1,1,0,,800.0,800.0,800.0,213938.000,631036.000,miter,main_2017,g2-hwmcc15deep-6s188-k46.cnf.xz
b67539fcf963803446a5193ee8480616,miter,miter,dev,dura,1,1,0,,800.0,800.0,800.0,,,miter,application_2016,sat_prob_143.cnf.xz
b680dff3be5cb5839d6b54821cd38b41,miter,miter,dev,facil,1,1,3,UNSAT,70.48916827900393,76.54215065899916,78.4288760329946,,,miter,application_2013,6s19.cnf.xz
b6a597cf8ee0031341730aaf77ef2fcf,miter,miter,dev,dura,1,1,0,,800.0,800.0,800.0,,,miter,main_2017,g2-hwmcc15deep-6s161-k18.cnf.xz
b73732437929683a8456180464a5ef46,miter,miter,test,media,1,1,3,UNSAT,274.4592751789969,275.1168426870063,286.16218495099747,,,miter,submissions_2024,lec_mult_DvW_10x10.sanitized.cnf.xz
b76fa2f50a42120ec54fa98c29113326,miter,miter,dev,dura,1,1,0,,800.0,800.0,800.0,,,miter,submissions_2024,lec_mult_DvK_12x12.sanitized.cnf.xz
b9ce9e1a9435615676982bde8bf4e82d,miter,miter,test,facil,1,1,3,UNSAT,23.45506341800501,26.750663793005515,28.100653803994646,,,miter,industrial_2004,shuffling-2-s56834739-of-bench-sat04-333.used-as.sat04-583.cnf.xz
ba468264504dcd363e9de21f3e93e71a,miter,miter,test,dura,1,1,0,,800.0,800.0,800.0,,,miter,main_2019,cruxmiter32seed4.cnf.xz
bb0e52bdee5a6d247eb2e6d8f5ae6fd2,miter,miter,reserva,sin-ref,1,0,,,,,,,,miter,application_2014,6s10.cnf.xz
bb86b80e60493b43cd8770697420b9e7,miter,miter,dev,inestable,1,1,1,UNSAT,697.4218402199913,800.0,800.0,,,miter,industrial_2004,shuffling-1-s1628049261-of-bench-sat04-339.used-as.sat04-478.cnf.xz
bc5261f21ea0214543370d2278ae6ecf,miter,miter,dev,dura,1,1,0,,800.0,800.0,800.0,,,miter,handmade_2004,hwb-n28-03-S1967922763.shuffled-as.sat03-1629.cnf.xz
bca6197602db462e6642dd126d195978,miter,miter,dev,inestable,1,1,1,UNSAT,719.3400449030014,800.0,800.0,,,miter,application_2013,6s20.cnf.xz
bd4029974222c7876aba4d12d20fc41e,miter,miter,reserva,sin-ref,1,0,,,,,,,,miter,mus_2011,c7552mul.miter.shuffled-as.sat03-347.cnf.xz
bf35ce0ecec01f25ff9de6174e7277a5,miter,miter,reserva,sin-ref,1,0,,,,,,,,miter,industrial_2003,frg2mul.miter.shuffled-as.sat03-352.cnf.xz
c209eb796aff7b3f3ddc6ee7a14fea79,miter,miter,dev,trivial,1,1,3,UNSAT,0.0266979470034129,0.0330250640108715,0.0350141679955413,,,miter,industrial_2002,rand_net40-40-10.shuffled.cnf.xz
c49255402c653d2c90478b4e8f88381c,miter,miter,test,trivial,1,1,3,UNSAT,0.0262819899944588,0.0292605480062775,0.0314665420009987,,,miter,industrial_2002,rand_net60-25-1.shuffled.cnf.xz
c4dc4893f96456aad091deca9b9ea0bc,miter,miter,test,facil,1,1,3,UNSAT,54.678219940004055,54.91557530499995,54.936268920006114,,,miter,unknown,lang20.cnf.gz.CP3-cnfmiter.cnf.xz
c5206c847d19a651d1252981a3907575,miter,miter,reserva,sin-ref,1,0,,,,,,,,miter,industrial_2004,shuffling-2-s73165169-of-bench-sat04-334.used-as.sat04-582.cnf.xz
c7e1c685f8ea6134f621b7bd7c22c823,miter,miter,dev,facil,1,1,3,UNSAT,17.541396697997698,19.03180692400201,19.150946738009225,,,miter,application_2011,hwmcc10-timeframe-expansion-k45-pdtswvrod6x8p1-tseitin.cnf.xz
c80370f0d6197b10a0b93c24f3b19046,miter,miter,dev,dura,1,1,0,,800.0,800.0,800.0,,,miter,main_2019,6s139-sc2013.cnf.xz
c89b0bd74f1d727fe6c8b7221d402f3e,miter,miter,dev,trivial,1,1,3,UNSAT,8.085857983009191,8.250421795994043,8.937155638996046,,,miter,industrial_2004,shuffling-2-s1672286451-of-bench-sat04-331.used-as.sat04-585.cnf.xz
c93be5a6216392787130e76afaaa44dc,miter,miter,test,facil,1,1,3,UNSAT,14.63514033499814,18.12694438100152,18.64553849199729,,,miter,industrial_2004,frg2mul.miter.used-as.sat04-332.cnf.xz
ce0691c2eb48d5fb706c436570671466,miter,miter,reserva,sin-ref,1,0,,,,,,,,miter,main_2019,c6288mul.miter.shuffled-as.sat03-346-sc2002.cnf.xz
cebdff69bbdc5d02033917180c906ba5,miter,miter,test,trivial,1,1,3,UNSAT,0.0478742270061047,0.0559306209906935,0.0716930430062348,,,miter,industrial_2002,rand_net50-40-1.shuffled.cnf.xz
d17ece3e7feefbac9dec0061bb188d45,miter,miter,reserva,sin-ref,1,0,,,,,,7652.000,20423.000,miter,handmade_2002,c7552.shuffled.cnf.xz
d2e92ad424f2bdf1115e3edbeb1630b1,miter,miter,dev,dura,1,1,0,,800.0,800.0,800.0,242811.000,707932.000,miter,main_2017,g2-hwmcc15deep-6s44-k38.cnf.xz
d3ad4a7150543ec5977e31388a7c99dc,miter,miter,dev,dura,1,1,0,,800.0,800.0,800.0,3345.000,9988.000,miter,submissions_2024,lec_mult_CvD_12x12.sanitized.cnf.xz
d58e5a366ad370495f5d94e12cf67198,miter,miter,reserva,sin-ref,1,0,,,,,,,,miter,submissions_2024,lec_mult_DvW_11x11.sanitized.cnf.xz
d667a6eb622a12264637691c0fe43c89,miter,miter,reserva,sin-ref,1,0,,,,,,,,miter,handmade_2004,hwb-n30-02-S77299857.shuffled-as.sat03-1633.cnf.xz
d7c0b9a5bc3235734d3dfabb23d10d26,miter,miter,dev,dura,1,1,0,,800.0,800.0,800.0,,,,,
d88078cbd02dc174f02dc7c14a90d2a2,miter,miter,reserva,sin-ref,1,0,,,,,,,,,,
dc81cd1ae0f4e8ad19469f6f264a3807,miter,miter,test,dura,1,1,0,,800.0,800.0,800.0,,,,,
dc98cb692e3203258be6d4d31f566388,miter,miter,dev,trivial,1,1,3,SAT,0.1454050119937164,0.1482970200013369,0.1796173229959095,,,,,
dd57f6ebf07a7f932a82bed1877788e6,miter,miter,reserva,sin-ref,1,0,,,,,,,,miter,submissions_2024,lec_mult_KvW_10x10.sanitized.cnf.xz
dd59b346420e715ca47a3dc1e78ca961,miter,miter,reserva,sin-ref,1,0,,,,,,,,,,
ddc0720fa5a91d9cc0dc726644ab9e9f,miter,miter,reserva,sin-ref,1,0,,,,,,,,miter,main_2024,6s167-opt.cnf.xz
deae318eae938b98b190860658887932,miter,miter,reserva,sin-ref,1,0,,,,,,,,,,
df5370a462d175b6973d686f7b83421e,miter,miter,test,trivial,1,1,3,UNSAT,0.0315470659988932,0.0321686550014419,0.0351625350012909,1202.000,5254.000,,,
e392b878c6653e89866ed0b45ee7df60,miter,miter,reserva,sin-ref,1,0,,,,,,,,,,
e3e8cf23d3a7469a3907b1f40931fa4d,miter,miter,dev,media,1,1,3,UNSAT,94.63717007200466,128.37708827199822,148.11670937099552,,,,,
e4251e70ce53c977df65696b274e8d3f,miter,miter,reserva,sin-ref,1,0,,,,,,184.000,896.000,,,
e4a88576c0acc5fa691cd0d91a2136a5,miter,miter,reserva,sin-ref,1,0,,,,,,,,,,
e4c32dcfef4f80078111484c8eed84fd,miter,miter,dev,facil,1,1,3,UNSAT,21.36371488100849,21.463024715005304,21.70450472299126,,,,,
e6e1bcf8c840a0661cfa287c7a834e29,miter,miter,reserva,sin-ref,1,0,,,,,,,,,,
e7bb3ecd36cf994dba52956016e38231,miter,miter,reserva,sin-ref,1,0,,,,,,,,,,
e8d1a7efae0d7f9199dd5fec7da3a891,miter,miter,reserva,sin-ref,1,0,,,,,,,,,,
e999fcc527febef914832c3bc37c32fc,miter,miter,test,inestable,1,1,1,UNSAT,672.8800270960055,800.0,800.0,11456.000,32807.000,,,
ead9f0f95528875bbdbe323625cdf8b9,miter,miter,test,trivial,1,1,3,UNSAT,0.1246806660055881,0.1304067609889898,0.1315477089956402,,,,,
ecfa1f0b2d8ce80aef5122a65979a773,miter,miter,dev,trivial,1,1,3,UNSAT,0.2906629359931685,0.3027851799997734,0.3039825590094551,,,,,
ed4bdf5cf58ab21141048e08bb8ffc43,miter,miter,test,dura,1,1,0,,800.0,800.0,800.0,,,,,
ee3864c2fadf5caf85f6c1a9a2fabd79,miter,miter,reserva,sin-ref,1,0,,,,,,,,,,
ee7b9f52837d86848e8c9473f2b16bad,miter,miter,reserva,sin-ref,1,0,,,,,,2400.000,7121.000,,,
f0954079e3028cd6c8d049ad146d5df5,miter,miter,reserva,sin-ref,1,0,,,,,,,,,,
f67a0e48ea55cd9ed949731008a6fdce,miter,miter,dev,facil,1,1,3,UNSAT,31.73834106499271,32.410448705995805,32.71004998800345,,,,,
f70788e8446c1bc42684316de0a6c164,miter,miter,reserva,sin-ref,1,0,,,,,,,,miter,submissions_2024,hwmcc20miters-iso-mul3.sanitized.cnf.xz
f7d34470d887c8fd66afeb28ba2911d3,miter,miter,test,facil,1,1,3,UNSAT,33.46852576400852,35.55033750500297,36.2426317169884,,,,,
f996311dc45c9d484cc9d3c697ff1d83,miter,miter,test,trivial,1,1,3,UNSAT,0.0406960399996023,0.0554396319930674,0.0585049320070538,7200.000,21481.000,,,
f9f936e5bb9f43fc9beedeba1a1c0308,miter,miter,dev,facil,1,1,3,UNSAT,29.631056726997485,32.40731061800034,35.23123446099635,,,,,
fa6253a4cb5f8192fa03b87bac4a6d4a,miter,miter,dev,trivial,1,1,3,UNSAT,0.0278418859961675,0.0278503379959147,0.0291902339959051,,,,,
fb83bb2a43d873fd7982ae4317f9dcaa,miter,miter,reserva,sin-ref,1,0,,,,,,,,,,
fbd5795dd8533cc97e6cdf2440adacf7,miter,miter,reserva,sin-ref,1,0,,,,,,,,,,
fcf83277696ff9fba4d9c14870a2f2ba,miter,miter,reserva,sin-ref,1,0,,,,,,,,,,
fe2c6df3250d04882d7d253f488d60b9,miter,miter,test,trivial,1,1,3,UNSAT,0.0230568409897387,0.0272915290115633,0.0299963699944783,,,,,
006dcf7e3d0fa7c39b0f542ad0ec949e,planning,planning,excluida,sin-ref,0,0,,,,,,,,planning,planning_2020,UNSAT_P_sat_snake_p05.pddl_30.cnf.xz
00aefd1fc30c425075166ca051e57218,planning,planning,reserva,sin-ref,1,0,,,,,,,,planning,main_2022,barman-pfile10-038.sas.ex.15.cnf.xz
00d41fe5805aef9e2e3b63e1d9497edf,planning,planning,reserva,sin-ref,1,0,,,,,,,,planning,planning_2020,UNSAT_MS_opt_termes_p15.pddl_139.cnf.xz
022dc7e9935f3570c088db58bd84b2c6,planning,planning,reserva,sin-ref,1,0,,,,,,,,planning,main_2015,mrpp_6x6#12_8.cnf.xz
03041657b7177746724b819433c83b20,planning,planning,reserva,sin-ref,1,0,,,,,,,,planning,portfolio_2012,blocks-4-ipc5-h21-unknown.cnf.xz
03980ada4055f6198fcd7ee52bb220f1,planning,planning,test,dura,1,1,0,,800.0,800.0,800.0,,,planning,planning_2020,SAT_MS_opt_termes_p18.pddl_76.cnf.xz
045613366353b062992e68937ca53edf,planning,planning,dev,trivial,1,1,3,SAT,2.4410012990119867,2.572891099000117,2.767524274007883,,,planning,crafted_2014,mrpp_6x6#14_12.cnf.xz
047fbe00ecc60835f1ee9d458bbd7ee8,planning,planning,dev,facil,1,1,3,SAT,92.61356388300192,92.73707018600544,93.33513027599838,,,planning,planning_2020,SAT_H_instances_childsnack_p06.hddl_2.cnf.xz
0593e6814f02ec9749e87bdc6aff8275,planning,planning,reserva,sin-ref,1,0,,,,,,,,planning,crafted_2013,mrpp_6x6#14_10.cnf.xz
06166a0dd78f45c213add974a6711dfe,planning,planning,dev,facil,1,1,3,UNSAT,33.634944828998414,39.89666080400639,42.85931516499841,,,planning,application_2016,barman-pfile10-038.sas.cr.25.cnf.xz
06385be5ecfc7df22b2c956093cef85f,planning,planning,reserva,sin-ref,1,0,,,,,,,,planning,industrial_2005,depots3_v01a.renamed-as.sat05-3950.cnf.xz
0a015b7f4b4ec96e881f2f5f5e55265c,planning,planning,dev,media,1,1,3,SAT,2.1778638559917454,49.506584693008335,136.37608546498814,,,,,
0ac5ff376b826f68d384ba05a1d00de0,planning,planning,dev,dura,1,1,0,,800.0,800.0,800.0,,,planning,main_2024,sokoban-p20.sas.cr.33.cnf.xz
0b9f8c85eaff9eed98a0c5cd3189afb7,planning,planning,reserva,sin-ref,1,0,,,,,,,,,,
0cbcada24ef542516f9d29ce9e9b330a,planning,planning,reserva,sin-ref,1,0,,,,,,,,,,
0dd29074a3f1ffa57429990b5260d5fe,planning,planning,excluida,sin-ref,0,0,,,,,,,,,,
0ef68fc7aa6f2bc7fb74ada9d865da06,planning,planning,reserva,sin-ref,1,0,,,,,,,,,,
11f42e0d5ec5000614a12daeb322ba49,planning,planning,reserva,sin-ref,1,0,,,,,,,,,,
13a72d8a4bb5a6414fdc8ae989fee92d,planning,planning,reserva,sin-ref,1,0,,,,,,,,,,
16545a249c97d043ce9456c3434dba19,planning,planning,test,dura,1,1,0,,800.0,800.0,800.0,,,,,
1874a7dc05a2c2bbb28241515ea32323,planning,planning,reserva,sin-ref,1,0,,,,,,,,,,
1887e65903abc935ed8315f61463e4cb,planning,planning,reserva,sin-ref,1,0,,,,,,27916.000,157751.000,,,
191a745164f245117f40a1a2f6942ee4,planning,planning,dev,dura,1,1,0,,800.0,800.0,800.0,,,,,
199c6440994723f43344ca124b72b8ba,planning,planning,dev,dura,1,1,0,,800.0,800.0,800.0,,,,,
1a3320d3cf32f211b3e7b875745713e2,planning,planning,reserva,sin-ref,1,0,,,,,,,,,,
1d9844df75946687f81a4306766e9079,planning,planning,reserva,sin-ref,1,0,,,,,,,,,,
1de5dab21b0f1be4617ca5e0422a769a,planning,planning,test,trivial,1,1,3,SAT,0.124468893991434,0.1266617469955235,0.170340053999098,,,,,
1e91b465bc8ea51467272b44487428f8,planning,planning,reserva,sin-ref,1,0,,,,,,,,,,
2022659f96388494baf939f542ba2c6f,planning,planning,test,media,1,1,3,SAT,135.7311830159888,171.27666961601062,172.27491583999654,18970.000,1470020.000,,,
21b173943af57eefaac5e88bfa2662ad,planning,planning,reserva,sin-ref,1,0,,,,,,,,,,
24706f6663f0524f28b62e0c8b6abf1e,planning,planning,dev,trivial,1,1,3,SAT,0.1126690629898803,0.1127986890060128,0.5037263489939505,,,,,
2604532388bbb5b79e8e467dcfb13005,planning,planning,reserva,sin-ref,1,0,,,,,,,,,,
261227751e41065551cbeebe9b11ee40,planning,planning,dev,facil,1,1,3,SAT,15.014633365004556,30.049639406992355,32.90282271099568,,,,,
28792301119a25fb8edec6cde91eee21,planning,planning,reserva,sin-ref,1,0,,,,,,,,,,
2aab943d5ee5d7b3888f1ca30a453c4f,planning,planning,test,facil,1,1,3,UNSAT,18.41207278899674,19.79532489398844,22.46057944600761,,,,,
2b79a32fe5eab5954569261405d7601c,planning,planning,dev,inestable,1,1,2,SAT,419.8598618010001,485.3836172779993,800.0,,,,,
2bc5e5760c6a7180ecf739884e81c720,planning,planning,reserva,sin-ref,1,0,,,,,,,,,,
2ca513f98cb00bf9ff0ff1f8a9caaf78,planning,planning,test,dura,1,1,0,,800.0,800.0,800.0,,,,,
2d137e66499461e04c064daf97028989,planning,planning,reserva,sin-ref,1,0,,,,,,,,,,
2dda613f6926dd5afddef5b4a6731690,planning,planning,reserva,sin-ref,1,0,,,,,,,,,,
31d7d9e146f7caddeb476bd56be4561b,planning,planning,reserva,sin-ref,1,0,,,,,,,,,,
325bedaebd99c3cd5e9f91aced5e9fac,planning,planning,test,trivial,1,1,3,SAT,0.0542547670047497,0.0584921730041969,0.0730109039868693,,,,,
34fe66c8384052646208b85f18d6b4fa,planning,planning,excluida,sin-ref,0,0,,,,,,,,,,
365fd9f0ff905a4d3b1f0d6adcffc416,planning,planning,test,dura,1,1,0,,800.0,800.0,800.0,,,,,
3728eb69fc6046897251cc33e0b25a5a,planning,planning,dev,dura,1,1,0,,800.0,800.0,800.0,,,,,
3d9a4a300b2121b2c36d93b20fa61b91,planning,planning,reserva,sin-ref,1,0,,,,,,,,,,
40bd4eb80921341b7b3ad067a74cf46a,planning,planning,dev,trivial,1,1,3,SAT,7.274160846995073,7.37068111699773,8.883759627002291,,,,,
40c14c38362c8a8b8fb9849ecb2fb66e,planning,planning,dev,facil,1,1,3,SAT,6.79297802101064,8.190013009007089,10.013451816004816,,,,,
4279643a5f8d65f0c864d7919346d211,planning,planning,reserva,sin-ref,1,0,,,,,,,,,,
441639a2fdfe632efe1a87df0507bc1d,planning,planning,test,facil,1,1,3,UNSAT,33.16862603300251,45.92532172899519,48.568617713986896,,,,,
445c4da95ba97d07846283633be5384a,planning,planning,reserva,sin-ref,1,0,,,,,,,,,,
4483f9654fdf809f93ded32e47cea3d3,planning,planning,test,trivial,1,1,3,SAT,0.0874887230020249,0.0881988400069531,0.0965176160098053,,,,,
460f2c5cbd5d64a53671890005df99fb,planning,planning,dev,media,1,1,3,UNSAT,680.2558985490032,715.2019596559985,730.595636375001,,,,,
4777e305e53a46a97e784abae072c204,planning,planning,reserva,sin-ref,1,0,,,,,,,,,,
48536cf83e806cb66dacd3c4b99952fb,planning,planning,reserva,sin-ref,1,0,,,,,,,,,,
4976621bf1df43fe819c29eb30735e31,planning,planning,reserva,sin-ref,1,0,,,,,,,,,,
497740800307a81fbbf22b2911535472,planning,planning,reserva,sin-ref,1,0,,,,,,,,,,
4a02d1c16b2de591ae2aa95c79a62cb8,planning,planning,reserva,sin-ref,1,0,,,,,,,,,,
4a423d08d748970f1d6b965a8f4c7a61,planning,planning,reserva,sin-ref,1,0,,,,,,,,,,
4c5d4cce5ac439c0540b76bbf3e9b44c,planning,planning,dev,media,1,1,3,SAT,7.28701994799485,33.84398397200857,132.6226755730022,,,,,
4d29214a6c9e374ea2dc96cc73c51dad,planning,planning,reserva,sin-ref,1,0,,,,,,,,,,
4da532170986c551e4b0642187cdb6d0,planning,planning,reserva,sin-ref,1,0,,,,,,6401.000,50273.000,,,
4e9db599219d8bbd2d4b5e0bee095534,planning,planning,reserva,sin-ref,1,0,,,,,,,,,,
51715b2bb9948a938bc78c6a0ffb00da,planning,planning,test,trivial,1,1,3,SAT,0.1219410539924865,0.2967906200065044,0.3220122519996948,3328.000,18295.000,,,
51e9cba23a2dcfd39278539d38820d20,planning,planning,test,trivial,1,1,3,UNSAT,1.305908335998538,1.38336820800032,1.7280725849996088,,,,,
5257a9575db38fcfe307a4f004e840a4,planning,planning,dev,facil,1,1,3,SAT,2.485087734996341,5.34834206099913,29.17794450699876,,,,,
54709a801e916f6a8e931714a23eeaf8,planning,planning,reserva,sin-ref,1,0,,,,,,,,,,
54abd7dd5ed7dd1d003f3e56d021d768,planning,planning,reserva,sin-ref,1,0,,,,,,,,,,
55d6ee7178934d1940318ef5c2011107,planning,planning,test,facil,1,1,3,UNSAT,32.66987233198597,33.40845037999679,34.096863939994364,,,,,
56c489526e53816b9ac0d8a73dbf2879,planning,planning,reserva,sin-ref,1,0,,,,,,,,,,
572e5f8d24e5624aff2c6d51a6d9b8c3,planning,planning,dev,trivial,1,1,3,SAT,1.1566251069889404,1.2682101919926936,1.3713037060078932,,,,,
574cbc90335786670058de4c8a717b87,planning,planning,reserva,sin-ref,1,0,,,,,,,,,,
578f9377bfbfcc6ea3a18eb630667956,planning,planning,dev,trivial,1,1,3,SAT,0.3973238509934162,0.458292725001229,0.4708698970061959,2547.000,32525.000,,,
579135d4b2f5231db817b387b1729dec,planning,planning,test,trivial,1,1,3,SAT,2.33341672300594,3.146831687001395,3.353380336993723,,,,,
57f34c7f226121206e07b7219879838d,planning,planning,reserva,sin-ref,1,0,,,,,,,,,,
59db5319f6f63caeaf75b42eb6c2a1f5,planning,planning,reserva,sin-ref,1,0,,,,,,,,,,
5bb73a6f9f07a55f65fdc9c972a9c426,planning,planning,reserva,sin-ref,1,0,,,,,,,,,,
5c356f123206d39b8dc68bbaac906562,planning,planning,test,trivial,1,1,3,SAT,0.1022317110036965,0.1085105349920922,0.1143474269920261,,,,,
5d04e26490462c5e78a113bb8135bc14,planning,planning,reserva,sin-ref,1,0,,,,,,,,,,
5f3042793127010ea9f496a8f40ab8a0,planning,planning,dev,trivial,1,1,3,SAT,0.0200107829878106,0.0210198480053804,0.0213504290004493,,,,,
61d22dfa1ff94cac2b571a55306962f9,planning,planning,excluida,sin-ref,0,0,,,,,,,,,,
63e60dee344666a182efd0b5b4e03a0b,planning,planning,reserva,sin-ref,1,0,,,,,,,,,,
64cabd8c7a48d2eb9067a58cf274b8b7,planning,planning,test,dura,1,1,0,,800.0,800.0,800.0,,,,,
667fa9dc90464bd156df7e88b13c4001,planning,planning,excluida,danada,1,0,,,,,,,,,,
66815f8c5c22b9e40e0ed692eb9c8aa1,planning,planning,test,trivial,1,1,3,SAT,0.8143296610069228,1.133883073009201,1.4569172549963696,,,,,
66a1f530c185e09dc920e5ee57c8f6b1,planning,planning,dev,trivial,1,1,3,SAT,0.0187015479896217,0.0190105709916679,0.0195716129965148,475.000,12402.000,,,
66e35170e72c3233f2ad23afce22491d,planning,planning,dev,facil,1,1,3,UNSAT,60.98298683699977,66.18738367500191,91.59479180599736,,,,,
681ec30b9f3f0ffd60b8f14231508ffc,planning,planning,reserva,sin-ref,1,0,,,,,,,,,,
6d2aca2a97e05cc7e5ee613891454730,planning,planning,reserva,sin-ref,1,0,,,,,,,,,,
6d6bbc183e9054f627e578db6ade59ec,planning,planning,dev,facil,1,1,3,UNSAT,25.32986841299862,49.29440454200085,49.780333016999066,,,,,
6e808c491e0b4d6472313d74d408df7f,planning,planning,test,facil,1,1,3,UNSAT,17.417720161000034,31.459811421998893,31.579283508996014,,,,,
6f50de5acf3a0343b00e1c9f1127b929,planning,planning,test,trivial,1,1,3,SAT,0.082629700002144,0.0879319989908253,0.0917683110019424,420.000,7940.000,,,
701fcca512472c9978327f0436e4d49f,planning,planning,reserva,sin-ref,1,0,,,,,,,,,,
7258e2522a6b6bbdf94d09ebbee8b915,planning,planning,reserva,sin-ref,1,0,,,,,,,,,,
73549f75e30bdfda72cdd25cdf15b983,planning,planning,excluida,sin-ref,0,0,,,,,,,,,,
74f282b1376a9d21a8a888eb49381e79,planning,planning,reserva,sin-ref,1,0,,,,,,,,,,
78d8140d9ecf62492911a1ec73a06212,planning,planning,dev,trivial,1,1,3,SAT,0.013408951999736,0.0162695080070989,0.0175154960015788,,,,,
799eb371fc9cb7092d3e12bf2270b117,planning,planning,reserva,sin-ref,1,0,,,,,,,,,,
79fe0b87911d5d3efc253afe688ba6bd,planning,planning,dev,dura,1,1,0,,800.0,800.0,800.0,,,,,
7b1d6f4f75ee4f561f5e69a4b17e7ca8,planning,planning,reserva,sin-ref,1,0,,,,,,,,,,
7b7ac3218e43cb8347ee0f857d30a98c,planning,planning,reserva,sin-ref,1,0,,,,,,87475.000,414657.000,,,
7e19f295d35c30ac4d5386ffec1fcf28,planning,planning,dev,trivial,1,1,3,SAT,0.0189933490037219,0.022216796001885,0.0229659720062045,,,,,
7f71af39bd460da2bf60efe59f74928b,planning,planning,dev,dura,1,1,0,,800.0,800.0,800.0,,,,,
8283c39961440603bb73d95fddbcaeb1,planning,planning,reserva,sin-ref,1,0,,,,,,,,,,
83980f552b5e39ba31ed2d71a184d57b,planning,planning,test,trivial,1,1,3,SAT,0.084120992993121,0.0859437470062403,0.0927846429985947,,,,,
84732661a082f6f9739927fbf8d23e86,planning,planning,test,trivial,1,1,3,UNSAT,5.331798927989439,6.520300771997427,6.939098439004738,,,,,
86b50dbc0e6d25e78792b1ec7d8910a1,planning,planning,reserva,sin-ref,1,0,,,,,,,,,,
86f1b4ff42db7b2fd92c62044b5d52d0,planning,planning,excluida,danada,1,0,,,,,,,,,,
8bc827a04706f235a82de54d0b30c4ab,planning,planning,dev,trivial,1,1,3,SAT,0.0924111050117062,0.0933601080032531,0.0975156530039385,,,,,
8cc277adc1b861c9db879a378779fcb1,planning,planning,test,facil,1,1,3,SAT,7.645724816989968,10.537831720008398,13.117678313996294,12197.000,77598.000,,,
8e0dd5c191f74cd38e2d6b306a889cc9,planning,planning,reserva,sin-ref,1,0,,,,,,,,,,
9259dd7212c77534851e7bdde2e17e88,planning,planning,reserva,sin-ref,1,0,,,,,,,,,,
93be9c580b2c695ee9c9339a62765f87,planning,planning,dev,media,1,1,3,SAT,81.54159484899719,101.99653382899125,159.43511285699788,,,,,
946aef9c0169855b5f2851e89a0f44cd,planning,planning,excluida,danada,0,0,,,,,,,,,,
94ad97f750345300b7baf257cf91fc4c,planning,planning,dev,trivial,1,1,3,UNSAT,1.2809733120084277,1.307199040995329,1.3106548490031855,,,,,
94b133e594be601e22c0e1570cfd1a75,planning,planning,reserva,sin-ref,1,0,,,,,,,,,,
94f515f8db5e860d4ec3e71c999fef13,planning,planning,test,facil,1,1,3,UNSAT,30.63470005999261,32.56830139399972,48.491850979000446,,,,,
9654f68ba29003516cfcb146cec60f46,planning,planning,dev,trivial,1,1,3,SAT,0.1604673310066573,0.2786965480045182,0.3364529599930392,,,,,
979cc3fe9a0ceb5933557646a62e90c6,planning,planning,reserva,sin-ref,1,0,,,,,,117871.000,939088.000,,,
97ca509daaaea004f722198ab69480af,planning,planning,reserva,sin-ref,1,0,,,,,,8157.000,675513.000,,,
9910533c2683cd7f7812a5fd968a1c80,planning,planning,reserva,sin-ref,1,0,,,,,,,,,,
995e7dba6337cfba9ef882945876252b,planning,planning,reserva,sin-ref,1,0,,,,,,,,,,
99e400c3e20ea3041de4e6ab381bc157,planning,planning,reserva,sin-ref,1,0,,,,,,,,,,
9a2b7e7439dfd80e17a4bf26124bd0e5,planning,planning,dev,trivial,1,1,3,SAT,0.1917993749957531,0.464323214997421,0.5509438470035093,,,,,
9a32ea1cc1f83e6c23ba8b55c3df519a,planning,planning,reserva,sin-ref,1,0,,,,,,,,,,
9c5820bb66988fcab00e788ecb2bd182,planning,planning,test,dura,1,1,0,,800.0,800.0,800.0,,,,,
9c92de4d3854135c43f93ee8d04b3111,planning,planning,reserva,sin-ref,1,0,,,,,,3600.000,22931.000,,,
9d5795b7e996c413292129c1eb5b9843,planning,planning,dev,facil,1,1,3,SAT,7.960252045013476,32.05050341399328,39.50577059900388,,,,,
9dd18fb3553cf393e28c1ca3aca2336b,planning,planning,dev,trivial,1,1,3,SAT,0.1390930069901514,0.2384295079973526,0.355335713000386,,,,,
9ee3fbf8510f0c8ffef198cf70396369,planning,planning,reserva,sin-ref,1,0,,,,,,5291.000,41800.000,,,
9f3c0ffa57aa53aef6861b08ddff4a51,planning,planning,reserva,sin-ref,1,0,,,,,,,,,,
a08d3e023351c057394ab34512fe1030,planning,planning,reserva,sin-ref,1,0,,,,,,1598.000,21427.000,,,
a1540dda323aaa9fc611df1d32a10421,planning,planning,reserva,sin-ref,1,0,,,,,,,,,,
a2a84cd949f39903c7a4b94b8e3b94e9,planning,planning,dev,dura,1,1,0,,800.0,800.0,800.0,126982.000,1856948.000,,,
a2f602abd1e1bcddb1f167bd4985cee4,planning,planning,test,dura,1,1,0,,800.0,800.0,800.0,,,,,
a3dbd2e6357ea899bb079c393271347b,planning,planning,reserva,sin-ref,1,0,,,,,,612.000,17700.000,,,
a3e38c27d6d1d21b315da0c4ea454b2a,planning,planning,test,trivial,1,1,3,SAT,0.0647400640009436,0.0654757300071651,0.0896190700004808,,,,,
a510b12e91213d57cdf6249d5f501b44,planning,planning,reserva,sin-ref,1,0,,,,,,,,,,
a66bb4a01e21f05b59ada97a91a61048,planning,planning,test,trivial,1,1,3,SAT,0.5271447740087751,0.7574447590013733,0.770155545003945,,,,,
a99895026999b6ed637222c64f0ebf19,planning,planning,dev,trivial,1,1,3,UNSAT,0.1320030150091042,0.1345822010043775,0.1361947190016508,,,,,
acdf3c810df7614cd6cd5e68c0a412bc,planning,planning,reserva,sin-ref,1,0,,,,,,,,,,
ad3ac62501d0f149826aa91b33e6d99d,planning,planning,test,trivial,1,1,3,SAT,0.1279393120057648,0.3007457200001227,0.8641112500044983,,,,,
ae5316a6e04102a9ca4cd594daaf22e3,planning,planning,test,media,1,1,3,SAT,123.61640936498588,149.1972104729939,198.30751331801,,,,,
af3e5fba8f4fae7570310c7a56d5dc30,planning,planning,reserva,sin-ref,1,0,,,,,,,,,,
af8d0f51b19fa5ecfe833742f39c61c9,planning,planning,test,trivial,1,1,3,SAT,0.0789627310005016,0.0855625260010128,0.099103684988222,,,,,
b01ffb1055c2a944a64c99cd98a3c9fc,planning,planning,reserva,sin-ref,1,0,,,,,,,,,,
b1654713158a777352b4bf00e6ffc820,planning,planning,test,trivial,1,1,3,SAT,2.571684427995933,2.7528192110039527,3.636615190000157,,,,,
b4212dd5b85b95c731dfb26333465795,planning,planning,excluida,danada,0,0,,,,,,,,,,
b4447e8364ea60c671ca3b6dfd9943de,planning,planning,reserva,sin-ref,1,0,,,,,,295.000,3944.000,,,
ba093c6ed285bf1e5643ca761cf8b8b2,planning,planning,dev,trivial,1,1,3,SAT,0.0226314129977254,0.0229151600069599,0.0242574369913199,,,,,
bafe29b777d8546e978ca83952bdcf88,planning,planning,reserva,sin-ref,1,0,,,,,,,,,,
bbe2e708ed3a07f5b9c34ee9e04242b3,planning,planning,reserva,sin-ref,1,0,,,,,,,,,,
bccbc06e6489f33757576c8a066b8410,planning,planning,reserva,sin-ref,1,0,,,,,,,,,,
bee9c640aa16582d1a1a821b111eaacf,planning,planning,dev,trivial,1,1,3,SAT,0.1206246260117041,0.1223310189961921,0.1231198659952497,,,,,
bef5929bffa0452f2145f61e3f85137f,planning,planning,reserva,sin-ref,1,0,,,,,,,,,,
bf98b225d34a293bb9d10f588e2653a9,planning,planning,reserva,sin-ref,1,0,,,,,,,,,,
c16e30ef121b729ed3ec587598478ba5,planning,planning,reserva,sin-ref,1,0,,,,,,,,,,
c2355a212a2f6295ac6050518becc62d,planning,planning,dev,media,1,1,3,SAT,137.13578585699724,141.39425618700625,175.61560258601094,,,,,
c3621075609bccb71f473444d4bb32a1,planning,planning,test,dura,1,1,0,,800.0,800.0,800.0,,,,,
c45ec3ab625feb33e97fba7896933c2a,planning,planning,test,trivial,1,1,3,SAT,0.2649194859986892,0.2736400029971264,0.2977497259998927,,,,,
c4b48d9af3fda943472f3a2ede31b6f7,planning,planning,reserva,sin-ref,1,0,,,,,,28932.000,1195473.000,,,
c8821b3db9c48a6e2d84c8d9f0f32645,planning,planning,dev,trivial,1,1,3,SAT,0.1777461809979286,0.2736852560046827,0.555595251993509,3480.000,25499.000,,,
c95644adaafc88852c36287090a7d2df,planning,planning,test,dura,1,1,0,,800.0,800.0,800.0,,,,,
c9ce173177f091f397ac8be79fba5d66,planning,planning,test,trivial,1,1,3,SAT,0.1874062569986563,0.4680037929938407,0.5060853480099468,,,,,
cb13dbb4c855de5f8db842bf0d8702f1,planning,planning,dev,trivial,1,1,3,SAT,0.5395846430037636,0.5606194760039216,1.1101746700005606,,,,,
cb576136b0c2bd11deb2d0de33faa440,planning,planning,dev,trivial,1,1,3,SAT,7.104797366002458,7.863492628996028,9.116131546994438,,,,,
cbfdc1183daf7250681c3ab1f3f07397,planning,planning,test,inestable,1,1,2,SAT,352.7168665729987,473.70590171200456,800.0,,,,,
cd1fa4fa52834cf5c0c744dae3b226c7,planning,planning,test,media,1,1,3,SAT,315.27222102999804,509.7009709300037,635.8586241929879,,,,,
cdbd9c75d4d3ae3c23788463abaee53a,planning,planning,dev,media,1,1,3,UNSAT,581.7345049690048,665.0157418150047,710.8247985539929,,,,,
ce98b37388caf28a782a9877633e271c,planning,planning,reserva,sin-ref,1,0,,,,,,2342.000,15747.000,,,
ce9d0b1d7f0a92b9fee43fc0e0106fef,planning,planning,test,trivial,1,1,3,SAT,0.1156320450099883,0.1164434239908587,0.1638317700126208,,,,,
cef0194e667b920e5055a48d45251f57,planning,planning,reserva,sin-ref,1,0,,,,,,,,,,
d2800199a7c8d459cd0f26f10acb04a0,planning,planning,dev,trivial,1,1,3,SAT,0.0644084429950453,0.0691147739998996,0.0719989789940882,,,,,
d28981444ef65f40d521d743831ccb31,planning,planning,dev,dura,1,1,0,,800.0,800.0,800.0,,,,,
d57782168dd3b2a89a41180801d55d2d,planning,planning,reserva,sin-ref,1,0,,,,,,,,,,
d73873b44da21fa1f46de63bfe5a82cc,planning,planning,test,trivial,1,1,3,SAT,0.1156954699981724,0.1194326660042861,0.1536077340133488,,,,,
d752a22325ed125c86615ff3171938b8,planning,planning,reserva,sin-ref,1,0,,,,,,,,,,
d9a9d4165420979bf8cd2d77fbc1f086,planning,planning,test,media,1,1,3,UNSAT,35.78913715199451,64.78409735500463,151.36199131599278,,,,,
d9b8070a46cf4dc4dcaab2548c7abcaf,planning,planning,reserva,sin-ref,1,0,,,,,,3222.000,27199.000,,,
dc4fd85539d03b3998610442adc9040b,planning,planning,reserva,sin-ref,1,0,,,,,,,,,,
de04d7949cce0847dc72414fc4249bb1,planning,planning,reserva,sin-ref,1,0,,,,,,,,,,
dfe6e6bb34cfca922dffc3c48ba09e63,planning,planning,reserva,sin-ref,1,0,,,,,,,,,,
e38f653ac840b5f286c1849bd29da41f,planning,planning,test,media,1,1,3,SAT,50.95563825000136,80.50399930200365,248.68090730000404,,,,,
e523b622d3aa0fde3337c7c4a16af0a8,planning,planning,reserva,sin-ref,1,0,,,,,,,,,,
e708c10a771818b51e7c93cd06e1d416,planning,planning,test,trivial,1,1,3,SAT,0.4039789429953089,0.4092931399936788,0.4109675770014291,,,,,
e8b1cf92d8911d0c08ca69ba75cd21ca,planning,planning,test,trivial,1,1,3,SAT,0.8778205639973748,0.896249479992548,0.897619263996603,,,,,
e9c650b71e13274781c56e0d0996d275,planning,planning,dev,trivial,1,1,3,SAT,0.0949732739973114,0.0961032079940196,0.0966936479962896,,,,,
eaecd11ef57212f1dfa7947603410477,planning,planning,reserva,sin-ref,1,0,,,,,,,,,,
ecd53fc2b0acde7f8911a742509d3b16,planning,planning,reserva,sin-ref,1,0,,,,,,7194.000,513601.000,,,
ee68d8042b246565dfa474364227487f,planning,planning,test,facil,1,1,3,SAT,15.66742505900038,18.87379715598945,22.19952012799331,,,,,
f3f082ab4d3404ddc81b19370dd402bc,planning,planning,reserva,sin-ref,1,0,,,,,,207.000,588.000,,,
f57dfed6d13d0ae0383ea4f77ba26ef6,planning,planning,reserva,sin-ref,1,0,,,,,,,,,,
f750311b2f5b7bf7048b1e3956a3a6f3,planning,planning,test,facil,1,1,3,SAT,28.67529580900737,47.10672086299746,91.8914614910027,3502.000,30746.000,,,
f91374ab8dae4f8e6103191b91c7fb44,planning,planning,excluida,danada,0,0,,,,,,,,,,
fa7bfa59f0f8463f8249f162ebd3489a,planning,planning,reserva,sin-ref,1,0,,,,,,,,,,
faf3f6eb845fe9f286cdef8556576318,planning,planning,dev,trivial,1,1,3,SAT,0.0726547359954565,0.0742850850074319,0.1069273809989681,,,,,
fbe4f6664edfbbfb0a395e1bf1ba3b44,planning,planning,dev,dura,1,1,0,,800.0,800.0,800.0,,,,,
ff2ab0c36be68af20b031b7cd80a3683,planning,planning,reserva,sin-ref,1,0,,,,,,,,,,
ffb72a0a3b8c7856ba58acefaea31a55,planning,planning,reserva,sin-ref,1,0,,,,,,,,,,
ffd9876e00afe1ffb01f48e99fc555d3,planning,planning,excluida,sin-ref,0,0,,,,,,,,,,
01135f7a79d555bd0406f00fac22cbe2,scheduling,scheduling,reserva,sin-ref,1,0,,,,,,,,,,
02404a08ea36dd43362bbddc578c839d,scheduling,scheduling,reserva,sin-ref,1,0,,,,,,,,,,
0240f5bddc39ad2f0a786c811fc434a8,scheduling,scheduling,excluida,sin-ref,0,0,,,,,,,,,,
02d8847ee38504792705d794eb93e9a7,scheduling,scheduling,test,media,1,1,3,UNSAT,311.3174576649999,354.69673263500044,375.3721010730005,26061.000,742909.000,,,
03bb7baaa45980753a0e7050ae44755d,scheduling,scheduling,reserva,sin-ref,1,0,,,,,,,,,,
03c44a93577c98119dc498053888937a,scheduling,scheduling,reserva,sin-ref,1,0,,,,,,,,,,
03d93f5c0378205e17260e16e463ac67,scheduling,scheduling,dev,dura,1,1,0,,800.0,800.0,800.0,,,,,
04dbb417a7eeebd7ffe3199b414f4242,scheduling,scheduling,reserva,sin-ref,1,0,,,,,,,,,,
055f942145df4b6c9fd0d10a3f1da98e,scheduling,scheduling,dev,facil,1,1,3,SAT,18.01423833700028,18.117740566000062,21.493910951001453,,,,,
0802ae5412e1596c92a036b52792eef7,scheduling,scheduling,reserva,sin-ref,1,0,,,,,,,,,,
0855033e761d91ae367e867c5a569f9e,scheduling,scheduling,dev,media,1,1,3,UNSAT,238.1611120349989,250.1005302619997,282.1323973660001,,,,,
0ac6aaf6db6a0e4ec3a06e865d01086f,scheduling,scheduling,dev,media,1,1,3,UNSAT,329.8674187380002,356.4150839080012,403.152867887,,,,,
0d3fcbb89bfb8e821058ba3ea4284de1,scheduling,scheduling,dev,inestable,1,1,1,SAT,123.21981127799882,800.0,800.0,14560.000,48881.000,,,
0e1d562093d5f4fc9013cf4a14a03f70,scheduling,scheduling,test,facil,1,1,3,SAT,7.76360549400124,10.996172759998444,22.825707999998485,,,,,
102ddb414ef5a0f8cf06f168df8f271a,scheduling,scheduling,reserva,sin-ref,1,0,,,,,,,,,,
11cc532ecddfb10a47e0a869b4867c1b,scheduling,scheduling,reserva,sin-ref,1,0,,,,,,,,,,
125fe063849a753f60f98a174fb6af9f,scheduling,scheduling,test,media,1,1,3,SAT,87.9399102210009,94.06526031000068,116.9175109530006,,,,,
1335cf5a529c51c86733b20450a41ac1,scheduling,scheduling,reserva,sin-ref,1,0,,,,,,,,,,
1433d3205714ca12c49bb276b9498bd8,scheduling,scheduling,reserva,sin-ref,1,0,,,,,,,,,,
16de92335666e9714a3add7f604f3714,scheduling,scheduling,dev,dura,1,1,0,,800.0,800.0,800.0,,,,,
17127821f541755ba13937dcab5958ac,scheduling,scheduling,test,dura,1,1,0,,800.0,800.0,800.0,,,,,
1b5b70b44ef517a92a8d97904d66c7ca,scheduling,scheduling,reserva,sin-ref,1,0,,,,,,,,,,
1c1d04b20da61c0bc2328cdca8b8aa3a,scheduling,scheduling,reserva,sin-ref,1,0,,,,,,,,,,
1c342a5fa98241132762a00ba0f7b022,scheduling,scheduling,test,facil,1,1,3,SAT,5.100097279999318,9.35953011199672,26.020683815000663,,,,,
1dce69ee6685597d6c56e5fd7a47f8e0,scheduling,scheduling,dev,dura,1,1,0,,800.0,800.0,800.0,,,,,
1f51b0aa1e22067d219cf0e168019ea8,scheduling,scheduling,reserva,sin-ref,1,0,,,,,,,,,,
22b4cf412c811872d6ba5078106aeb6c,scheduling,scheduling,dev,media,1,1,3,SAT,14.764545460999216,60.83432290900237,218.97219315999973,14174.000,66784.000,,,
22f4d5363eeca74616d4addb06c5b224,scheduling,scheduling,test,dura,1,1,0,,800.0,800.0,800.0,,,,,
234fa06ab4b13e5094ecf82fb26836ae,scheduling,scheduling,reserva,sin-ref,1,0,,,,,,,,,,
25390e9d1fa1926485db7eb2d5a20ea8,scheduling,scheduling,test,dura,1,1,0,,800.0,800.0,800.0,,,,,
25bd6c4f6f2fff8fdabbcc9402125283,scheduling,scheduling,reserva,sin-ref,1,0,,,,,,,,,,
262ba88b7b11338ab81938c1dfe8dac7,scheduling,scheduling,reserva,sin-ref,1,0,,,,,,,,,,
27fdb1955d53d72e3b1df6ff23334aa8,scheduling,scheduling,reserva,sin-ref,1,0,,,,,,113517.000,329644.000,,,
2852ff304840ef05f74484839c68af5a,scheduling,scheduling,reserva,sin-ref,1,0,,,,,,,,,,
29e61b1317804fb897e84237613d42bb,scheduling,scheduling,reserva,sin-ref,1,0,,,,,,,,,,
2a15a30186afdad41a49c5c5366d01be,scheduling,scheduling,reserva,sin-ref,1,0,,,,,,282525.000,1748363.000,,,
2c123bd2fe27c56c92048322e8c880e7,scheduling,scheduling,test,media,1,1,3,SAT,27.3677889449973,123.60823756699756,164.76441430699924,,,,,
2ebedc91c450f24174cafd48f929cea7,scheduling,scheduling,reserva,sin-ref,1,0,,,,,,,,,,
2efa3ca1d314662c94cd6ebb4b86da7a,scheduling,scheduling,dev,media,1,1,3,SAT,115.79913371400109,139.49976817300194,255.7411899209983,,,,,
2fc3ab0c6dd059bae1189b672f44908e,scheduling,scheduling,dev,media,1,1,3,SAT,219.8319608040001,427.5298304399985,513.4947746170001,,,,,
2fdd1060b7b84e0a467ce815f808d72f,scheduling,scheduling,test,dura,1,1,0,,800.0,800.0,800.0,,,,,
31e9cd07f730b20faa7c3d0f1ba2ea2e,scheduling,scheduling,dev,facil,1,1,3,SAT,31.467918226997423,38.08541596499708,55.24347214999944,,,,,
324b2441c6f1fa9d5f3cf3a4c8447fc7,scheduling,scheduling,reserva,sin-ref,1,0,,,,,,,,,,
333c6e832c1c560bb453ce7ce1392cb8,scheduling,scheduling,reserva,sin-ref,1,0,,,,,,,,,,
33bcf82677b7fdacf18dd48892596a1d,scheduling,scheduling,reserva,sin-ref,1,0,,,,,,,,,,
3454285436b59c94031a9d8831dae833,scheduling,scheduling,reserva,sin-ref,1,0,,,,,,,,,,
358fa14f8971d1fbd99901dc87b2921d,scheduling,scheduling,reserva,sin-ref,1,0,,,,,,,,,,
3593875d75d6e836a3ac328c5426c1b5,scheduling,scheduling,reserva,sin-ref,1,0,,,,,,,,,,
35ec95b9b2398fb522db178855016ae0,scheduling,scheduling,test,dura,1,1,0,,800.0,800.0,800.0,,,,,
37c88155822f1934a190dd6f4614f0ce,scheduling,scheduling,reserva,sin-ref,1,0,,,,,,,,,,
39feaada031121eaeb4140a86cd5ef9f,scheduling,scheduling,reserva,sin-ref,1,0,,,,,,,,,,
3a1f1b4b9a521737cc760017fe9d8b43,scheduling,scheduling,reserva,sin-ref,1,0,,,,,,,,,,
3bdc74c99f45d1f4e00bd207c2173c9d,scheduling,scheduling,test,dura,1,1,0,,800.0,800.0,800.0,,,,,
3c3085d5c38a80773c71f85881d78fcc,scheduling,scheduling,test,media,1,1,3,SAT,25.35771092700088,77.49851978800143,154.33055665600114,,,,,
3f688306f4263de7915f9d16dc907cd8,scheduling,scheduling,dev,inestable,1,1,2,UNSAT,728.1187021110018,764.0594243839987,800.0,,,,,
3f72fda296bb564f0c0bd035e7276f06,scheduling,scheduling,reserva,sin-ref,1,0,,,,,,,,,,
41eb30a2c1c34e869ba767cd4a0bacf7,scheduling,scheduling,dev,inestable,1,1,2,SAT,197.36896540299853,237.68174587999965,800.0,,,,,
43e492bccfd57029b758897b17d7f04f,scheduling,scheduling,test,facil,1,1,3,SAT,5.4462097989999165,17.854694095000013,70.97884227599934,,,,,
448bc3366a8793b08e67bc5b816eafe8,scheduling,scheduling,dev,dura,1,1,0,,800.0,800.0,800.0,,,,,
44c25de7963c45e92a2407ad839f6e8b,scheduling,scheduling,dev,dura,1,1,0,,800.0,800.0,800.0,,,,,
47752d6f7fca7e1caae7aa0d0138c067,scheduling,scheduling,test,media,1,1,3,SAT,34.607220868001605,50.08104461899711,156.22342650299834,,,,,
487c01b15c84c08657895a10cbe565de,scheduling,scheduling,reserva,sin-ref,1,0,,,,,,,,,,
49f5d904bb2e762219287d33f5621971,scheduling,scheduling,reserva,sin-ref,1,0,,,,,,,,,,
4a4d879d0110bb7a8f011ff77d81ac07,scheduling,scheduling,test,facil,1,1,3,SAT,7.393099554003129,9.14071502799925,14.22347518999959,,,,,
4a78e8278caab52d8a1edef308f1ef56,scheduling,scheduling,reserva,sin-ref,1,0,,,,,,,,,,
4c1a79a2b9d532f6158d4a862f980127,scheduling,scheduling,reserva,sin-ref,1,0,,,,,,,,,,
4f76257bbc58d6d57930cecae506e4f9,scheduling,scheduling,reserva,sin-ref,1,0,,,,,,,,,,
5001aff0503c1dcede8e757fe5aa3b57,scheduling,scheduling,reserva,sin-ref,1,0,,,,,,,,,,
504cbc745c1d000ff950f5696a91bb68,scheduling,scheduling,test,dura,1,1,0,,800.0,800.0,800.0,182685.000,566333.000,,,
50a8878e272e023965c30f5dc5c495fd,scheduling,scheduling,test,trivial,1,1,3,UNSAT,0.0638354120019357,0.084941051001806,0.0856749619997572,,,,,
51a52a104231f5c84230202f5e5ccbd4,scheduling,scheduling,dev,facil,1,1,3,SAT,44.121503553000366,44.33984274199975,53.90396465400045,,,,,
51dfae1683e9bfbce0b7e04a9f050098,scheduling,scheduling,reserva,sin-ref,1,0,,,,,,,,,,
5432e4dd44480fadbd66647db1750c80,scheduling,scheduling,reserva,sin-ref,1,0,,,,,,24101.000,255206.000,,,
547ee6e6f03bfe77e39987b8c6936519,scheduling,scheduling,reserva,sin-ref,1,0,,,,,,,,,,
54fafa92a0eb46edaebb498cb6390d99,scheduling,scheduling,reserva,sin-ref,1,0,,,,,,,,,,
556af938b4ca822fcca49b3ad4db877e,scheduling,scheduling,reserva,sin-ref,1,0,,,,,,,,,,
557886f84b253deab1b83b0c7168926f,scheduling,scheduling,reserva,sin-ref,1,0,,,,,,,,,,
55add9c1c8ad002a0faa34ecf47919a1,scheduling,scheduling,dev,dura,1,1,0,,800.0,800.0,800.0,,,,,
55d87cc5368fa41103327399df9b9859,scheduling,scheduling,reserva,sin-ref,1,0,,,,,,,,,,
5729bd425073edfae0518ecba915193e,scheduling,scheduling,dev,trivial,1,1,3,SAT,0.0273991660033061,0.0293636949973006,0.0304372829996282,,,,,
576ebc1333f2c466c2dec98792721e1f,scheduling,scheduling,reserva,sin-ref,1,0,,,,,,,,,,
58e8a0db8e260b498d269103766799ba,scheduling,scheduling,excluida,danada,0,0,,,,,,,,,,
5952b9f18b73dabb531c60e3ac85d26f,scheduling,scheduling,dev,dura,1,1,0,,800.0,800.0,800.0,17850.000,154655.000,,,
5c6495ff589cbbcb550e1655dadbd143,scheduling,scheduling,test,dura,1,1,0,,800.0,800.0,800.0,,,,,
60632fce4132ceacfddb8d0764befd96,scheduling,scheduling,test,media,1,1,3,SAT,89.20209167600115,108.24738204599998,196.6321498690013,,,,,
608db2c7672b56765b40d9d4bbc7351f,scheduling,scheduling,reserva,sin-ref,1,0,,,,,,,,,,
60cb70c5f0455288776d01b7c4418d3d,scheduling,scheduling,reserva,sin-ref,1,0,,,,,,,,,,
61600fb33883e1e9077ea8a163316010,scheduling,scheduling,dev,media,1,1,3,SAT,75.99800986300033,80.33865283199702,144.02875776399742,,,,,
61b3c83de65f274fa4e623632fda6fb4,scheduling,scheduling,test,trivial,1,1,3,SAT,0.0811299289998714,0.0849749049993988,0.111510268998245,1280.000,5443.000,,,
622787535593269d5e9a1dc4fe01c4af,scheduling,scheduling,test,media,1,1,3,SAT,392.3141833519985,483.54402101400046,633.1602995280009,,,,,
64ac2fa4336178304e4a1d45f3893f4c,scheduling,scheduling,reserva,sin-ref,1,0,,,,,,,,,,
64da114a666c2637ea39e68fe834ad41,scheduling,scheduling,dev,trivial,1,1,3,SAT,0.2812440199995762,0.5668237439967925,0.6118110740026168,3774.000,13941.000,,,
68f1baafb3c777c3fb603ab988efc697,scheduling,scheduling,test,facil,1,1,3,SAT,32.106057261997194,46.22915544499847,57.4956775110004,,,,,
69f6dd335626a9b71bfc6f2332f52b9d,scheduling,scheduling,dev,trivial,1,1,3,SAT,0.0405219909989682,0.0474549450009362,0.0515756529966893,,,,,
6cdee89246c8ce7db8387cf202c21e97,scheduling,scheduling,reserva,sin-ref,1,0,,,,,,,,,,
6e3ba15d8b33f40738f7e7d7355799a5,scheduling,scheduling,test,dura,1,1,0,,800.0,800.0,800.0,,,,,
6f431ab662f17ed29cab904dc9bfae84,scheduling,scheduling,test,dura,1,1,0,,800.0,800.0,800.0,,,,,
6f6a20cd654701b5e7fe9e9e0e5e7787,scheduling,scheduling,reserva,sin-ref,1,0,,,,,,,,,,
728e6c35cb5a5a5f4efeeb1364f19d42,scheduling,scheduling,test,media,1,1,3,SAT,78.10187036100251,192.5819400670007,345.18812661000266,,,,,
73def4c8f18a27681197a626ebd973d8,scheduling,scheduling,reserva,sin-ref,1,0,,,,,,,,,,
74f145bb935650f5c982d7eec6967945,scheduling,scheduling,dev,dura,1,1,0,,800.0,800.0,800.0,38781.000,385402.000,,,
753e751b32c0674e880bba9365f6c836,scheduling,scheduling,reserva,sin-ref,1,0,,,,,,,,,,
77c5b572d4eb78766331a6f27e61ecd7,scheduling,scheduling,dev,dura,1,1,0,,800.0,800.0,800.0,,,,,
79c0df739ce3d7895fc546a69dca4f3e,scheduling,scheduling,reserva,sin-ref,1,0,,,,,,,,,,
7a23bbe5ad79c0049e80e94b91520f7b,scheduling,scheduling,test,trivial,1,1,3,UNSAT,0.2062578120021498,0.2841564599984849,0.3129106900014449,,,,,
7aaddb977571c2e8e61f35a24942703f,scheduling,scheduling,reserva,sin-ref,1,0,,,,,,,,,,
7ba757fb94e0df41f1741551c3fb3c80,scheduling,scheduling,test,inestable,1,1,1,SAT,262.30773469999986,800.0,800.0,,,,,
7df2f8f8e10073332dbf8f0b7830035b,scheduling,scheduling,test,trivial,1,1,3,SAT,0.2637132820018451,0.3715492109986371,0.5399161640016246,,,,,
7f09f477d319cd79821c80504aa06a6e,scheduling,scheduling,reserva,sin-ref,1,0,,,,,,,,,,
7f7109dce621ef361a72b3e8cee9a962,scheduling,scheduling,test,trivial,1,1,3,UNSAT,1.2289821440026572,1.2370012940009474,1.5728005599994503,,,,,
7fc64dd40a4fee40c41f03e4ac0e97e3,scheduling,scheduling,reserva,sin-ref,1,0,,,,,,,,,,
80b4f7ca1dabdbf27c6d1fd20dbab0b5,scheduling,scheduling,dev,inestable,1,1,2,SAT,257.2927659150009,284.24443946399697,800.0,,,,,
8226a866770c4e3da127e54ca0dbd496,scheduling,scheduling,dev,facil,1,1,3,SAT,47.05725329899724,47.242758804000914,49.047538915001496,,,,,
83b330c934d6dd35d56e1b1ca3638b3c,scheduling,scheduling,reserva,sin-ref,1,0,,,,,,,,,,
849b95fcc6b5ad7e11b65227b7aa5c5b,scheduling,scheduling,reserva,sin-ref,1,0,,,,,,,,,,
857dec8a9f83f996d214054b5a50272b,scheduling,scheduling,reserva,sin-ref,1,0,,,,,,,,,,
85eef885042cc63551c8938d4f6ab02e,scheduling,scheduling,test,inestable,1,1,2,SAT,305.04233607399874,685.4729037430006,800.0,,,,,
86aae8fcfcec93584f6c212bc5075214,scheduling,scheduling,reserva,sin-ref,1,0,,,,,,,,,,
8892a54c85de57f8ec232d3a2ab9ef97,scheduling,scheduling,dev,dura,1,1,0,,800.0,800.0,800.0,,,,,
8aa9da1b9faca7329acaea993d163d0d,scheduling,scheduling,reserva,sin-ref,1,0,,,,,,,,,,
8bb5819a23a8f1dff851d608bec008ca,scheduling,scheduling,dev,media,1,1,3,SAT,19.56467202799832,39.07365850600036,102.26865626599827,,,,,
8bf7748864d530e7cbe1091873d3c42e,scheduling,scheduling,dev,media,1,1,3,SAT,107.42355093000153,117.82497261900062,360.60683616400274,656818.000,1192036.000,,,
8bfbffbfea9e5a5993bc024f39adff84,scheduling,scheduling,test,dura,1,1,0,,800.0,800.0,800.0,,,,,
8e27e1a8a840eb474fe3f07108bcf4c5,scheduling,scheduling,test,dura,1,1,0,,800.0,800.0,800.0,107329.000,380275.000,,,
8eff8708d366c1044430c0e127ce0fc7,scheduling,scheduling,dev,trivial,1,1,3,SAT,1.3254015439997602,2.46889160900173,7.334939610998845,,,,,
908433870bee8ba2c86f266d0b002fdb,scheduling,scheduling,reserva,sin-ref,1,0,,,,,,7600.000,499890.000,,,
90e839c4b05d4a7ac011435921551060,scheduling,scheduling,dev,dura,1,1,0,,800.0,800.0,800.0,,,,,
93679e929befb269dd4308a72579cd1a,scheduling,scheduling,test,dura,1,1,0,,800.0,800.0,800.0,,,,,
94dd280b1562ee7dae44b303b8fed233,scheduling,scheduling,test,dura,1,1,0,,800.0,800.0,800.0,,,,,
95ee4af256f84b50aae14f8f620850a5,scheduling,scheduling,reserva,sin-ref,1,0,,,,,,,,,,
96222d7f27c97b3c2c2ba028733b0a1e,scheduling,scheduling,dev,dura,1,1,0,,800.0,800.0,800.0,,,,,
97f0882d3c8f1d17c100c1b3214c00e7,scheduling,scheduling,reserva,sin-ref,1,0,,,,,,,,,,
9a40f58b6cb174cd771d99f393aef61e,scheduling,scheduling,reserva,sin-ref,1,0,,,,,,,,,,
a08e66296d00f480e9ccadd79fa8b904,scheduling,scheduling,reserva,sin-ref,1,0,,,,,,,,,,
a1e216cb19bc64a073cf423340f42f69,scheduling,scheduling,excluida,danada,0,0,,,,,,,,,,
a2609893b71f219f4635d33ef1ff6eca,scheduling,scheduling,test,dura,1,1,0,,800.0,800.0,800.0,,,,,
a2af943b8846d402eeeb58a4560d33ea,scheduling,scheduling,reserva,sin-ref,1,0,,,,,,253757.000,1513965.000,,,
a4451734e7f5f2ce7b481688a693c4e9,scheduling,scheduling,test,dura,1,1,0,,800.0,800.0,800.0,,,,,
a51f07c9c0fc7211610128f4561e3c34,scheduling,scheduling,excluida,sin-ref,0,0,,,,,,,,,,
a61273f6cd049ec4ab87bbbc59cf09a4,scheduling,scheduling,reserva,sin-ref,1,0,,,,,,,,,,
a65dfd8b3468d202ff3ba8731018622e,scheduling,scheduling,reserva,sin-ref,1,0,,,,,,,,,,
b087c195e5b7bb191d3a701aa0aa8cf1,scheduling,scheduling,reserva,sin-ref,1,0,,,,,,,,,,
b0eb84246bf661e26b25357c35bc4f55,scheduling,scheduling,test,media,1,1,3,SAT,100.00307326199982,126.95816087999992,194.2788270129968,23292.000,85384.000,,,
b47f8c7b20354eba57bc28fee009a803,scheduling,scheduling,test,dura,1,1,0,,800.0,800.0,800.0,,,,,
b5b8d29cfe10a087da664517e5c4bb77,scheduling,scheduling,dev,trivial,1,1,3,SAT,0.3378393050006707,0.4148023050001939,0.4338038389978464,,,,,
b5c8a5f017fb47eae558f966f0fb28ac,scheduling,scheduling,reserva,sin-ref,1,0,,,,,,,,,,
b8d10f8c82a85c03c000fbd005e5a838,scheduling,scheduling,reserva,sin-ref,1,0,,,,,,3669.000,175498.000,,,
b962abe508e5a677dbce14056111b48b,scheduling,scheduling,reserva,sin-ref,1,0,,,,,,,,,,
ba5451cace1bb09e2d36b9f34c19146e,scheduling,scheduling,dev,dura,1,1,0,,800.0,800.0,800.0,,,,,
ba71e5c87a5d9db532d1c60299dea50c,scheduling,scheduling,test,media,1,1,3,SAT,194.72841190300096,221.946260566001,298.4091793100015,,,,,
bbe2d2c9513e5d7c6502deb2c89d81e1,scheduling,scheduling,reserva,sin-ref,1,0,,,,,,,,,,
bbf921d4a706d913feae923db73acfe0,scheduling,scheduling,test,dura,1,1,0,,800.0,800.0,800.0,774085.000,1127990.000,,,
bc198d71cb3513573584ec4b7ba9a0e0,scheduling,scheduling,dev,dura,1,1,0,,800.0,800.0,800.0,,,,,
bd12a2b66110451b050bd5d2943b1854,scheduling,scheduling,test,dura,1,1,0,,800.0,800.0,800.0,,,,,
bd8bc25be2b36c64b38459c17e815814,scheduling,scheduling,test,facil,1,1,3,UNSAT,49.835307428002125,61.25717147199612,74.84562294000352,,,,,
bdb95cad1b6d8043a05402d63185bf8d,scheduling,scheduling,dev,dura,1,1,0,,800.0,800.0,800.0,,,,,
be6411f4784a3c879886dda807cdc607,scheduling,scheduling,reserva,sin-ref,1,0,,,,,,,,,,
bf6a49b7bec5f8f6a200485dc938b224,scheduling,scheduling,dev,dura,1,1,0,,800.0,800.0,800.0,,,,,
c160729bf1b59e914ede97a3ece56e2d,scheduling,scheduling,test,dura,1,1,0,,800.0,800.0,800.0,7021.000,95854.000,,,
c5de36538149b595c16b39ed0940958f,scheduling,scheduling,dev,facil,1,1,3,SAT,40.89741818399489,46.88291025399667,54.32421064299706,657654.000,1193217.000,,,
c747ec9b3f81730aa9cff350b4ec74b1,scheduling,scheduling,reserva,sin-ref,1,0,,,,,,,,,,
c801a020a6c8bc3c287fea495203b114,scheduling,scheduling,reserva,sin-ref,1,0,,,,,,,,,,
c86b261162cef181dc513963a8acb77f,scheduling,scheduling,dev,facil,1,1,3,SAT,18.23343367199413,19.06487908699637,19.66575719599496,,,,,
c99a5f7021cad3b83f5ed9631eae4778,scheduling,scheduling,dev,facil,1,1,3,SAT,5.247313052997924,11.7711787119988,26.542161457000475,,,,,
caa35d6c504bb38779d3b2bf7adf75d2,scheduling,scheduling,reserva,sin-ref,1,0,,,,,,,,,,
cc07e92fc74cdaf6f2c60ba097de98f5,scheduling,scheduling,reserva,sin-ref,1,0,,,,,,,,,,
cc30e4eedbcf9c3bc110894d08781246,scheduling,scheduling,reserva,sin-ref,1,0,,,,,,,,,,
cc54b7fa1e2da7d9e8919b86a3cf66b5,scheduling,scheduling,dev,media,1,1,3,SAT,54.396191145002376,122.50318438900284,168.38449724499517,,,,,
cd29b40b25690fe2598ef76fddbab2f6,scheduling,scheduling,reserva,sin-ref,1,0,,,,,,,,,,
cda5b9994c6b86600f02975cae8fe0bd,scheduling,scheduling,reserva,sin-ref,1,0,,,,,,,,,,
cef060898753d1d61cef36414dd9264b,scheduling,scheduling,test,facil,1,1,3,SAT,63.66022339800111,64.32843323899579,68.18325338399882,,,,,
cfb196665cc0598c7fb6d2afe6eb4a57,scheduling,scheduling,reserva,sin-ref,1,0,,,,,,,,,,
d0c0c94f179fc91a0cc3275b4b205c2b,scheduling,scheduling,dev,media,1,1,3,UNSAT,56.27846152100392,88.91466685299383,137.802851501001,,,,,
d124b589e211c27ed60b19a495c95e94,scheduling,scheduling,reserva,sin-ref,1,0,,,,,,,,,,
d14a5970e2787c4a0583d56ceaf1707d,scheduling,scheduling,dev,inestable,1,1,1,UNSAT,788.3659385549981,800.0,800.0,,,,,
d2b395be97d8ef720dee0f5c8a191d8f,scheduling,scheduling,dev,facil,1,1,3,SAT,8.30955774299946,12.51417115899676,13.55687752400263,,,,,
d30532d41d17098bc0a89388fcdd0d83,scheduling,scheduling,reserva,sin-ref,1,0,,,,,,,,,,
d90c519010bfda89d1626c0321a55a64,scheduling,scheduling,dev,dura,1,1,0,,800.0,800.0,800.0,,,,,
d9b1ff2d48c5c8859d1fb8106023287a,scheduling,scheduling,dev,media,1,1,3,UNSAT,273.3260164309977,313.7623036520017,324.62882918200194,,,,,
db5739060cc056b6b4733e4527bb630c,scheduling,scheduling,reserva,sin-ref,1,0,,,,,,,,,,
dce791c02087fd6dd1e58ab924807edd,scheduling,scheduling,test,dura,1,1,0,,800.0,800.0,800.0,37061.000,188430.000,,,
df230ceeb400ef0c150c5b50cbdd1bc9,scheduling,scheduling,dev,dura,1,1,0,,800.0,800.0,800.0,,,,,
df4aa7724f377245d82486ada37910de,scheduling,scheduling,dev,dura,1,1,0,,800.0,800.0,800.0,,,,,
df9c8c3dc16d515aee134cc6591203ff,scheduling,scheduling,reserva,sin-ref,1,0,,,,,,,,,,
e0b938c32e36e2939d712dd4024f9ec6,scheduling,scheduling,test,inestable,1,1,2,SAT,115.92932846499752,341.6472204540041,800.0,,,,,
e0e9fad48bea2e36c5e03857904549bc,scheduling,scheduling,test,trivial,1,1,3,SAT,0.0934617469974909,0.1083302230035769,0.1100441180024063,,,,,
e481a97a93fd6b4303f39024d19c2867,scheduling,scheduling,test,media,1,1,3,SAT,141.89728210900648,168.778478678003,190.59258322200185,,,,,
e5f6db0a2913891f35c9959bba2643e5,scheduling,scheduling,reserva,sin-ref,1,0,,,,,,32110.000,129877.000,,,
e707c7e87816dd02ae433d268bd327c6,scheduling,scheduling,dev,media,1,1,3,SAT,40.72563425900444,86.95095733299968,192.17273687599663,24089.000,86884.000,,,
e81f7ec1e367548bc88c443fa36d8710,scheduling,scheduling,reserva,sin-ref,1,0,,,,,,,,,,
e87e93daea1e1fafeaef8cce2c167ded,scheduling,scheduling,dev,facil,1,1,3,SAT,19.091671501002565,25.972414454998216,49.81719688799785,,,,,
e9628d628be1ba64f110ed381c55a348,scheduling,scheduling,test,facil,1,1,3,SAT,10.06821928499994,10.236249100998975,10.271111565001776,,,,,
eae918cf9ef468beb4ea91aafbbc9708,scheduling,scheduling,dev,dura,1,1,0,,800.0,800.0,800.0,113407.000,1010625.000,,,
eb66beca99f86281e4c89053d1887778,scheduling,scheduling,reserva,sin-ref,1,0,,,,,,,,,,
eb6f0d50ca6a4a352c2f79b4c422bb4f,scheduling,scheduling,test,media,1,1,3,SAT,42.36894295499951,155.99689762099297,251.43853321699865,,,,,
eb8a05f11e4720d801e213c3648f8bba,scheduling,scheduling,test,dura,1,1,0,,800.0,800.0,800.0,,,,,
ec437adc6e2100b7154b7bbf5017a818,scheduling,scheduling,test,media,1,1,3,SAT,20.67009045899613,26.49854490799771,180.170184224,215094.000,711482.000,,,
ed9f304b537a768f462bd1c723c5396e,scheduling,scheduling,reserva,sin-ref,1,0,,,,,,,,,,
eda4aa84aeeb306468396fa82a6bba5a,scheduling,scheduling,reserva,sin-ref,1,0,,,,,,145862.000,654003.000,,,
f14c73a0cb78a66ad2af999a4a3fbe4d,scheduling,scheduling,test,dura,1,1,0,,800.0,800.0,800.0,,,,,
f177ffb49b8333845b17314d15d43ec8,scheduling,scheduling,reserva,sin-ref,1,0,,,,,,,,,,
f1b3d254596523910f3af07fc1942e64,scheduling,scheduling,reserva,sin-ref,1,0,,,,,,,,,,
f2a65dd471c96fb3d752412324265873,scheduling,scheduling,test,trivial,1,1,3,SAT,2.2800559570023324,4.263458372995956,7.178418415998749,14057.000,53977.000,,,
f33b2b99b991e02e7c9729fc3f336aac,scheduling,scheduling,dev,dura,1,1,0,,800.0,800.0,800.0,,,,,
f5ba0569627d667e9834902c5e0ea985,scheduling,scheduling,dev,trivial,1,1,3,SAT,0.5123429680024856,1.500258535001194,5.453887299001508,,,,,
f623b8d71e2cab0e8ddc9b33e94d7482,scheduling,scheduling,reserva,sin-ref,1,0,,,,,,56533.000,526872.000,,,
f7731051ae1403996ce04b47f741f2cf,scheduling,scheduling,dev,trivial,1,1,3,SAT,0.0942829390041879,0.0950715549988672,0.1759814620018005,,,,,
f7e4d64c8d6ac73d4dcd7b7408986b0e,scheduling,scheduling,dev,dura,1,1,0,,800.0,800.0,800.0,,,,,
f7e855b18105170b0718086d3f5b5923,scheduling,scheduling,dev,media,1,1,3,SAT,173.5589763780008,222.5789578729964,449.4215061210052,,,,,
f87af7ce29551c596013ff914da29fe8,scheduling,scheduling,test,trivial,1,1,3,SAT,1.008206471997255,1.2399376009998375,3.154532022002968,,,,,
f8f958aaaf81a03162dc42fad18cd70c,scheduling,scheduling,dev,trivial,1,1,3,UNSAT,0.0555453760025557,0.0943299209975521,0.0980776630021864,,,,,
fae08ac5b6d7eeb4f56f1cfac6c51703,scheduling,scheduling,reserva,sin-ref,1,0,,,,,,13043.000,52096.000,,,
fb45d41807bcbbbe689de282c1310798,scheduling,scheduling,dev,dura,1,1,0,,800.0,800.0,800.0,,,,,
fbe9ed60a08a08226b9e087c67105888,scheduling,scheduling,test,inestable,1,1,1,SAT,564.367826362999,800.0,800.0,,,,,
fce0ce58f247195b07817f57dc25b69c,scheduling,scheduling,reserva,sin-ref,1,0,,,,,,,,,,
fd35244b9fd3879209545ee404824b39,scheduling,scheduling,excluida,danada,0,0,,,,,,,,,,
ff3fb90712683b3e0f722c5c3f38818c,scheduling,scheduling,reserva,sin-ref,1,0,,,,,,,,,,
02f6ca52f1ada872d82035088701b66a,software-verification,software-verification,reserva,sin-ref,1,0,,,,,,,,,,
06f538d7af257560476f9100e36d4445,software-verification,software-verification,dev,facil,1,1,3,SAT,70.98484399699373,79.65838281199831,88.43416774999787,,,,,
0823bc5f954c6366702877556f0d3680,software-verification,software-verification,reserva,sin-ref,1,0,,,,,,,,,,
0850db65220080c130d2f54005f9e2b3,software-verification,software-verification,test,trivial,1,1,3,UNSAT,2.315386671994929,2.3252361829945585,2.355286263002199,,,,,
08cb0cf252b65c30c7c55218825c6ca0,software-verification,software-verification,dev,trivial,1,1,3,UNSAT,1.0008352780059795,1.0227451329992618,1.0847778739989735,,,,,
08e7044c1542a366b7da389d31466d19,software-verification,software-verification,excluida,danada,0,0,,,,,,,,,,
0927e331376a98070ddd7a8cf9373514,software-verification,software-verification,excluida,sin-ref,0,0,,,,,,,,,,
0a3cb69074519646b0f2933ba7ad2d30,software-verification,software-verification,excluida,danada,0,0,,,,,,,,,,
0a514edbeace21927e52d75f2d4a8efd,software-verification,software-verification,reserva,sin-ref,1,0,,,,,,,,,,
0bc50447e2e588fd424e4cc40eb669bb,software-verification,software-verification,reserva,sin-ref,1,0,,,,,,118226.000,375379.000,,,
0d3160b80aa406bfc718c007265b9e73,software-verification,software-verification,excluida,sin-ref,0,0,,,,,,,,,,
0f262afd5b117000f8b4734d175aadab,software-verification,software-verification,excluida,sin-ref,0,0,,,,,,,,,,
117e5ce2f2189661c2d693df1593969e,software-verification,software-verification,reserva,sin-ref,1,0,,,,,,,,,,
12f8fea31d4fd70934c3523feb2f924b,software-verification,software-verification,excluida,sin-ref,0,0,,,,,,,,,,
13b13b34fe88f093aca06d6d035ee797,software-verification,software-verification,reserva,sin-ref,1,0,,,,,,,,,,
16a0949c23ac67c57c5773403daaca60,software-verification,software-verification,excluida,sin-ref,0,0,,,,,,,,,,
18e86b73af9b6adadc355a281387348b,software-verification,software-verification,excluida,danada,0,0,,,,,,,,,,
190c646aa93f0fe89d9850a9b4260835,software-verification,software-verification,reserva,sin-ref,1,0,,,,,,,,,,
191f06be45548773cfc64903bfd7dfc4,software-verification,software-verification,dev,facil,1,1,3,UNSAT,26.11355418300081,28.27955491400644,29.53203663000022,,,,,
19821901aff6ef7b8b739c32eebe20de,software-verification,software-verification,reserva,sin-ref,1,0,,,,,,,,,,
19b53b597955dd41aa4d12a87d127daf,software-verification,software-verification,reserva,sin-ref,1,0,,,,,,162939.000,456921.000,,,
1a9512580b2d946ebd41de4e8c08c42d,software-verification,software-verification,reserva,sin-ref,1,0,,,,,,,,,,
1dd5ffcc6c443948656e5c5d9a982098,software-verification,software-verification,dev,facil,1,1,3,UNSAT,11.126010370004224,13.034252334000485,14.42300305700337,,,,,
1e0da402100982e53001a64281149dd9,software-verification,software-verification,excluida,sin-ref,0,0,,,,,,,,,,
1e3f808581534a79cbb7dbd0e111837b,software-verification,software-verification,reserva,sin-ref,1,0,,,,,,,,,,
1eb3ccb3f88643710a3f6e860b6e44d9,software-verification,software-verification,dev,media,1,1,3,UNSAT,81.25470956999925,96.49080108599446,100.72234050100089,,,,,
20262e9643d524e66cd542e9ba1a4a20,software-verification,software-verification,test,facil,1,1,3,SAT,24.094864478996897,24.810940452000068,25.333591415001138,,,,,
2371c9fc251aee8478c9b7c83df952fe,software-verification,software-verification,test,dura,1,1,0,,800.0,800.0,800.0,,,,,
23e61c50ee2ac5cad1d337572abdebcf,software-verification,software-verification,excluida,sin-ref,0,0,,,,,,,,,,
24ad26cf2508045a931398593bba850b,software-verification,software-verification,dev,dura,1,1,0,,800.0,800.0,800.0,,,,,
25cc054738293c0d9377d7b72b78a341,software-verification,software-verification,excluida,sin-ref,0,0,,,,,,,,,,
27d9905476897885d29cea2744db9805,software-verification,software-verification,dev,dura,1,1,0,,42.41786702000536,42.4893465080022,42.728566083998885,,,,,
28991e85ab5e76226c0041653bde1233,software-verification,software-verification,reserva,sin-ref,1,0,,,,,,,,,,
2968f33b6a38f33bf119711d55053d01,software-verification,software-verification,excluida,danada,0,0,,,,,,,,,,
2ae0c3508d66560f75c48eb3fc360bb1,software-verification,software-verification,excluida,sin-ref,0,0,,,,,,,,,,
2b024ec66a64352afefaef0bd34d8821,software-verification,software-verification,reserva,sin-ref,1,0,,,,,,,,,,
2f9cb22859718ab6c201726a91cfefe1,software-verification,software-verification,excluida,sin-ref,0,0,,,,,,,,,,
30709dbc2618e94ac9d463b1677c1d38,software-verification,software-verification,reserva,sin-ref,1,0,,,,,,,,,,
31a2d926fe8c7af1245c856b9e99d7f7,software-verification,software-verification,dev,trivial,1,1,3,UNSAT,0.0813642840003012,0.0871854910001275,0.1475408020050963,110923.000,286428.000,,,
31baef6607ced2d80be0c89536fe00a7,software-verification,software-verification,excluida,danada,0,0,,,,,,,,,,
31ca75d627054565ad6c028b61ea036d,software-verification,software-verification,reserva,sin-ref,1,0,,,,,,,,,,
31f9def879e3f935137fde395aa41d90,software-verification,software-verification,reserva,sin-ref,1,0,,,,,,279946.000,841640.000,,,
32bed31ddefe3725cce5b267ef36c489,software-verification,software-verification,reserva,sin-ref,1,0,,,,,,,,,,
33f30196a8621928deb37d204729e218,software-verification,software-verification,test,facil,1,1,3,UNSAT,85.07405561199994,86.61542609299795,88.83681466000417,,,,,
35ad744923721e37a2f58443179c31a8,software-verification,software-verification,excluida,sin-ref,0,0,,,,,,,,,,
38c7c02fec1a10aa147248c3bebef2e7,software-verification,software-verification,dev,dura,1,1,0,,800.0,800.0,800.0,1948.000,8324.000,,,
3a1aeb4f09c3e2c147b5abb785019137,software-verification,software-verification,test,trivial,1,1,3,UNSAT,0.8250806449941592,0.8315942680055741,0.9027075940030044,,,,,
3a6e0eaa0dd2614de70d527bfadbb3cd,software-verification,software-verification,excluida,danada,0,0,,,,,,,,,,
3bbdfd39be8452f73c3fda0a1c0b3260,software-verification,software-verification,dev,media,1,1,3,UNSAT,65.15230502699706,71.135567927995,162.6127648019974,,,,,
3f45c38fe605917727ddd9fdc220ad19,software-verification,software-verification,test,trivial,1,1,3,UNSAT,0.8699548200020217,0.9721484920009972,0.9800597119974556,,,,,
3fd4b68d0ed2e186238cd85a83e27d6d,software-verification,software-verification,reserva,sin-ref,1,0,,,,,,,,,,
4265a12f8bd326f3f2d3bdb3192151a5,software-verification,software-verification,reserva,sin-ref,1,0,,,,,,,,,,
4348c6b9af237291558b154a9de82969,software-verification,software-verification,excluida,danada,0,0,,,,,,,,,,
4349766428c6b640585f1f4b02cbefbc,software-verification,software-verification,excluida,sin-ref,0,0,,,,,,,,,,
4408f3ebfc37275a23ef57cfcc8aba6d,software-verification,software-verification,reserva,sin-ref,1,0,,,,,,,,,,
44bba88af37cce7712701583b09c3033,software-verification,software-verification,reserva,sin-ref,1,0,,,,,,,,,,
44cf070b508c46a678590f7d668b6777,software-verification,software-verification,reserva,sin-ref,1,0,,,,,,,,,,
4757eea090ae6aa5f7187fa62a5c4c86,software-verification,software-verification,reserva,sin-ref,1,0,,,,,,,,,,
48a4c66f04afe54063562e304024eb0f,software-verification,software-verification,reserva,sin-ref,1,0,,,,,,,,,,
4b3c7fb5a7b24f2680395176380ec8e3,software-verification,software-verification,dev,trivial,1,1,3,SAT,1.064658593000786,1.1613759829997434,1.2006668890026049,112287.000,327768.000,,,
4cc8e55799ecda9e666a4c767fb290d8,software-verification,software-verification,dev,trivial,1,1,3,UNSAT,1.4875640269965515,1.496616880001966,1.577991407000809,,,,,
4d0ee8ce77532b0fa5b023475f6de32b,software-verification,software-verification,reserva,sin-ref,1,0,,,,,,,,,,
4ed40dca9d17e37f77bbbef074561585,software-verification,software-verification,dev,trivial,1,1,3,UNSAT,0.8944408020033734,0.9785107479983708,1.0414847490028478,240349.000,691064.000,,,
4f791cf68e50693751a57bdaaf3fa8e7,software-verification,software-verification,reserva,sin-ref,1,0,,,,,,,,,,
4f8f31bf2d3a816b560b0ed39420199b,software-verification,software-verification,excluida,danada,0,0,,,,,,,,,,
505e0d6cd0b327ccd8f3776a69dedd8e,software-verification,software-verification,excluida,danada,0,0,,,,,,,,,,
5220b0e01fb49440531004bebbafbc44,software-verification,software-verification,excluida,sin-ref,0,0,,,,,,,,,,
54f93e488688de4ae2db64d9e8fef3a5,software-verification,software-verification,reserva,sin-ref,1,0,,,,,,,,,,
55f3756b9caefb5139a6ffd2de555677,software-verification,software-verification,dev,facil,1,1,3,UNSAT,23.90326068500144,29.92904094599362,30.0519351299954,,,,,
56072d5c5852e9d4bcbb460361e38618,software-verification,software-verification,reserva,sin-ref,1,0,,,,,,,,,,
5696ebc151f271257ba3a98782667932,software-verification,software-verification,test,dura,1,1,0,,172.3784338760015,800.0,800.0,,,,,
57a67219171de01711aa6d9604b1c1df,software-verification,software-verification,test,media,1,1,3,UNSAT,228.7448370330021,377.4169697929974,522.5469841560043,,,,,
58c83e2ef19a9c16d394c092c8633787,software-verification,software-verification,excluida,sin-ref,0,0,,,,,,,,,,
58cc7129e37b53bc55aa51d29aba9a6a,software-verification,software-verification,excluida,sin-ref,0,0,,,,,,,,,,
59e596f5f845a2487370950b37ec3db2,software-verification,software-verification,excluida,danada,1,0,,,,,,,,,,
5a9cbd90229cc41bdb388150c53ed756,software-verification,software-verification,reserva,sin-ref,1,0,,,,,,,,,,
5bacf2f0845f8566e1fc6cef4b510519,software-verification,software-verification,reserva,sin-ref,1,0,,,,,,281118.000,1290344.000,,,
5bc21e42f3f7bc17836a70649236fa6c,software-verification,software-verification,reserva,sin-ref,1,0,,,,,,,,,,
5c257009a97cdac455df115b916abf45,software-verification,software-verification,reserva,sin-ref,1,0,,,,,,,,,,
5e29ace02e3073d2c0b9ba6382e0eccf,software-verification,software-verification,excluida,danada,0,0,,,,,,,,,,
5f0edef6cc45f7e7157c4b3dee4cb88a,software-verification,software-verification,excluida,sin-ref,0,0,,,,,,,,,,
6008b958ff6877f32c26b72728df4523,software-verification,software-verification,excluida,danada,0,0,,,,,,,,,,
603a2d6f8962be577c6609e70296b8ee,software-verification,software-verification,excluida,danada,0,0,,,,,,,,,,
61233bc0f30b777dffe931b0e708050d,software-verification,software-verification,reserva,sin-ref,1,0,,,,,,,,,,
613be3fce8fa3e517d10e292f0a2542d,software-verification,software-verification,dev,dura,1,1,0,,157.39420816300117,180.7058451300036,800.0,,,,,
64f62a88827125462f5cb02c15520d8e,software-verification,software-verification,test,dura,1,1,0,,800.0,800.0,800.0,,,,,
6599c100159c344992559e6e28c4d3fc,software-verification,software-verification,excluida,sin-ref,0,0,,,,,,,,,,
683a0eb8955c471a343d6c7d7a1101f9,software-verification,software-verification,dev,facil,1,1,3,UNSAT,48.69580879499699,65.14984899600677,69.52149663299497,,,,,
698987f56da93127250a3978d32a2511,software-verification,software-verification,reserva,sin-ref,1,0,,,,,,,,,,
6f2eb49b87902db54a6f281e47f0b983,software-verification,software-verification,reserva,sin-ref,1,0,,,,,,,,,,
71e9e9a680d64a1e5e4753e9efdefe84,software-verification,software-verification,test,trivial,1,1,3,UNSAT,0.6521805100055644,0.6554267629981041,0.7694654299993999,,,,,
732e48e5621342c72d4e7ceb6603c9d6,software-verification,software-verification,test,dura,1,1,0,,30.70375820699701,30.70691472099861,33.37597494199872,,,,,
7646cd65091e52908afd06294bce1053,software-verification,software-verification,reserva,sin-ref,1,0,,,,,,,,,,
77a0ff05f77e03cfe3261b41143edaa3,software-verification,software-verification,dev,facil,1,1,3,UNSAT,86.80386960999749,86.82442933700077,99.2265146589998,15258.000,68130.000,,,
78046f4c3951b8e93ddce25b6cacad70,software-verification,software-verification,reserva,sin-ref,1,0,,,,,,,,,,
79ba99947a30cf6953d7cdf88bedaf7a,software-verification,software-verification,reserva,sin-ref,1,0,,,,,,,,,,
7a8852d373e6b59919e0906c03cc6d3a,software-verification,software-verification,excluida,sin-ref,0,0,,,,,,,,,,
7e8051b9cd369f3b68340e1b3dd77d79,software-verification,software-verification,excluida,sin-ref,0,0,,,,,,,,,,
807531febe395275bbf58f84f49f1db3,software-verification,software-verification,reserva,sin-ref,1,0,,,,,,,,,,
81268da6548a14c8658a6dd9786e56f4,software-verification,software-verification,test,trivial,1,1,3,UNSAT,0.994482745998539,0.99865342600242,1.00621009599854,,,,,
81392be4e5fc7aa2232c1f460321e0c6,software-verification,software-verification,reserva,sin-ref,1,0,,,,,,,,,,
813fe43a360a8ece2c26a76aa6a0a0a0,software-verification,software-verification,excluida,sin-ref,0,0,,,,,,,,,,
81bd2dd3df93684890449edad69253dd,software-verification,software-verification,dev,trivial,1,1,3,UNSAT,0.7589906459979829,0.7673169939953368,0.8003093629959039,,,,,
81ea9e08430a8a983b4052d5936adcf5,software-verification,software-verification,dev,facil,1,1,3,UNSAT,10.225956201000372,10.795806214002369,12.292636533005862,,,,,
84978bdbf48c9485b04c37709d65c591,software-verification,software-verification,reserva,sin-ref,1,0,,,,,,,,,,
877d1b0a193dac2932c1c71d89790c37,software-verification,software-verification,reserva,sin-ref,1,0,,,,,,,,,,
878bcc11e1e243680f7946bcf428f465,software-verification,software-verification,test,facil,1,1,3,UNSAT,54.33446140400338,66.15417537900066,67.49779640799534,,,,,
87b586668328ee71f3bb0b71f65b8029,software-verification,software-verification,excluida,danada,0,0,,,,,,,,,,
88bfa72210baef40a2903d95044dc19d,software-verification,software-verification,test,media,1,1,3,UNSAT,94.45757553099976,115.22967644799792,145.92403167399607,,,,,
89937a16a7b8167058f538fed6a998b3,software-verification,software-verification,excluida,sin-ref,0,0,,,,,,,,,,
8a4f454be62c1efe2001953d40e6501b,software-verification,software-verification,reserva,sin-ref,1,0,,,,,,,,,,
8dd15d5a2356cabe1e5a3bb3aad975ed,software-verification,software-verification,test,media,1,1,3,SAT,495.9278689190032,515.4068409520041,567.755806092995,164916.000,766416.000,,,
8e2bf97f9861eefd74a692fde1945702,software-verification,software-verification,dev,trivial,1,1,3,UNSAT,1.015323161998822,1.1858873949968256,1.1907175840024138,,,,,
90d7e34800b9c8338d4a1bd2563ee9ec,software-verification,software-verification,excluida,danada,0,0,,,,,,,,,,
92ba26eaf09b27c929710e1886af73f8,software-verification,software-verification,test,facil,1,1,3,UNSAT,46.93981603599968,50.84461008200015,64.93678742000338,,,,,
943723c80441fa1f89b8bc7463145a78,software-verification,software-verification,reserva,sin-ref,1,0,,,,,,,,,,
9515ea48d49bb64ec687e7913d3eea64,software-verification,software-verification,reserva,sin-ref,1,0,,,,,,,,,,
96fd73d32e5abe7f0f5234053e236019,software-verification,software-verification,test,dura,1,1,0,,800.0,800.0,800.0,,,,,
976606f25ece3e6e859cb87c5c3b3011,software-verification,software-verification,reserva,sin-ref,1,0,,,,,,,,,,
97d873cfd984140f2cb782993fb5b637,software-verification,software-verification,reserva,sin-ref,1,0,,,,,,,,,,
97e6687a5a2bb9f61f670ebf0d5945d1,software-verification,software-verification,reserva,sin-ref,1,0,,,,,,,,,,
9834e67bb8d0379eb872b3ad155ee05b,software-verification,software-verification,test,trivial,1,1,3,UNSAT,0.549942353994993,0.6045027229993138,0.6321435550053138,,,,,
98692be27ce7df6b8c32b09b916aa551,software-verification,software-verification,excluida,sin-ref,0,0,,,,,,,,,,
98797d187fa732a0226062c20f5c001b,software-verification,software-verification,excluida,danada,0,0,,,,,,,,,,
994ead5bcfd3210b197cf9e2004293f3,software-verification,software-verification,reserva,sin-ref,1,0,,,,,,1039.000,4342.000,,,
994f336832f84532ac98a1cd48a1ae9b,software-verification,software-verification,reserva,sin-ref,1,0,,,,,,,,,,
99d81725dcbb49eefb7b78d03dc595c3,software-verification,software-verification,reserva,sin-ref,1,0,,,,,,,,,,
9e35558ea8ffba630cd8c8f90e14af14,software-verification,software-verification,excluida,sin-ref,0,0,,,,,,,,,,
a02c0e8f8847fd439995417f87149b9b,software-verification,software-verification,reserva,sin-ref,1,0,,,,,,,,,,
a0cb3207550d35f88b7d32748020610e,software-verification,software-verification,reserva,sin-ref,1,0,,,,,,,,,,
a13ab802fc36bd27ffa61ec561ec6c47,software-verification,software-verification,test,media,1,1,3,UNSAT,133.63912304100086,164.7394778750022,172.60650860700116,,,,,
a37b83b23f52f6ebd06c5769584a4b3e,software-verification,software-verification,reserva,sin-ref,1,0,,,,,,276427.000,798348.000,,,
a49e09ba2e553c2311ac9d0a09a82007,software-verification,software-verification,dev,trivial,1,1,3,UNSAT,1.0809614679965307,1.099991401002626,1.1307928699970944,,,,,
a58badecf3c901594f06d021f54c3a11,software-verification,software-verification,reserva,sin-ref,1,0,,,,,,,,,,
a5e0082efb1da4dabaa165c2bda5f85e,software-verification,software-verification,excluida,sin-ref,0,0,,,,,,,,,,
a7a67f8c2c327f92b765845123cd09d5,software-verification,software-verification,dev,dura,1,1,0,,800.0,800.0,800.0,,,,,
a7cb2567e1f5b7ec2f4ba09931e29b96,software-verification,software-verification,excluida,sin-ref,0,0,,,,,,,,,,
a980a9f2baa55b0f751f7ca6de0b2111,software-verification,software-verification,excluida,sin-ref,0,0,,,,,,,,,,
aaa3654cc92d80da84ecf5d18040c634,software-verification,software-verification,excluida,sin-ref,0,0,,,,,,,,,,
ab8a0d70916ef1a61c8e6d29df7f9f02,software-verification,software-verification,excluida,sin-ref,0,0,,,,,,,,,,
ac601039610505997f89c5e089624610,software-verification,software-verification,dev,media,1,1,3,UNSAT,113.5225699349976,124.28166187599707,128.7535116289946,,,,,
acd0c7fee27c40d6d3345f07b7c6d6c4,software-verification,software-verification,dev,media,1,1,3,UNSAT,88.31589591199736,98.8315258950024,102.84163794600316,,,,,
ae3b156c0a461198e90d5b834d640e11,software-verification,software-verification,reserva,sin-ref,1,0,,,,,,,,,,
ae3e774dda19c84566a1ba222bb44bab,software-verification,software-verification,dev,inestable,1,1,2,UNSAT,590.7699358080063,659.1435258369966,800.0,,,,,
ae6b56d7b71bdf281a0a83c500aaa213,software-verification,software-verification,reserva,sin-ref,1,0,,,,,,115769.000,338946.000,,,
af0d4ae466a64e31098ef99f52ce08ee,software-verification,software-verification,reserva,sin-ref,1,0,,,,,,,,,,
af6981f392bac37df4519249af562e83,software-verification,software-verification,reserva,sin-ref,1,0,,,,,,,,,,
afb7ad01c6a10cf624dfa61f3d392c4f,software-verification,software-verification,reserva,sin-ref,1,0,,,,,,,,,,
b14723fd0acbb7a5b497c4ddb4e3d813,software-verification,software-verification,excluida,danada,0,0,,,,,,,,,,
b2059a77acce5836fcaa1e26cd1bb1dc,software-verification,software-verification,dev,inestable,1,1,1,UNSAT,496.06513870100025,800.0,800.0,,,,,
b3233e009976748e3a55d7cd0ea30c41,software-verification,software-verification,dev,media,1,1,3,UNSAT,267.14407382100035,269.8403129829967,292.03550387499854,,,,,
b418ff1175e0b727ac09053fdec0f7a2,software-verification,software-verification,reserva,sin-ref,1,0,,,,,,,,,,
b51583e32432c5778c7e3e996c3bfeba,software-verification,software-verification,reserva,sin-ref,1,0,,,,,,,,,,
b60d0ccd10b79b0de6e76c1c05a9eb7c,software-verification,software-verification,excluida,sin-ref,0,0,,,,,,,,,,
b835bbe3c0b4447c3e936326e10dacc4,software-verification,software-verification,dev,media,1,1,3,SAT,74.70766450600058,98.27257610899689,132.99129918599647,,,,,
b8f9b018d16835c564dcd8395118c79f,software-verification,software-verification,excluida,danada,0,0,,,,,,,,,,
ba59d213e2ef3197046ed07fe86f5cc1,software-verification,software-verification,excluida,sin-ref,0,0,,,,,,,,,,
bb03fa0be008cce77c83f597bc34dee2,software-verification,software-verification,test,facil,1,1,3,UNSAT,9.214637693999975,12.125160830000825,14.17747491999762,,,,,
bb7aed760137c3250190ef9053dc0bef,software-verification,software-verification,test,trivial,1,1,3,UNSAT,1.7745642200025031,1.8560519610036863,2.109770725000999,,,,,
bbdc1542ad1cd21301bcb6ab89893615,software-verification,software-verification,dev,dura,1,1,0,,215.5601520060009,800.0,800.0,,,,,
bbe0587d3fc899352fccf7cbb10fa874,software-verification,software-verification,test,media,1,1,3,UNSAT,78.20963454199955,82.09776614099974,114.56117462000113,,,,,
c03c0266c3342f785a6ea93a53acd3ea,software-verification,software-verification,reserva,sin-ref,1,0,,,,,,,,,,
c03f7f84f6ac9e523c17e391c3895183,software-verification,software-verification,excluida,danada,0,0,,,,,,,,,,
c084fcafd1435d2e5e9693da60ac53f7,software-verification,software-verification,test,facil,1,1,3,UNSAT,5.247719253995456,7.4588850410000305,14.23327283099934,,,,,
c21cea390a50204944aa00babd56b53c,software-verification,software-verification,excluida,danada,0,0,,,,,,,,,,
c2894b8d82492f03bb73bbc65896c016,software-verification,software-verification,excluida,danada,0,0,,,,,,,,,,
c39f953f8863861b57a561577139508a,software-verification,software-verification,reserva,sin-ref,1,0,,,,,,,,,,
c3d1ff3c02e2d003202b8a9b1f411bf7,software-verification,software-verification,reserva,sin-ref,1,0,,,,,,,,,,
c3de1f05d136b8ec420732ca829f3217,software-verification,software-verification,reserva,sin-ref,1,0,,,,,,,,,,
c597584300c33b1ee175909f92d9a693,software-verification,software-verification,dev,trivial,1,1,3,UNSAT,0.8180623689986533,0.8711037730026874,0.9087165980017744,,,,,
c796794d6786a23597f30d66cc62f1f3,software-verification,software-verification,excluida,danada,1,0,,,,,,,,,,
c8b129b9e4835b8a40d5ef0d27a45bef,software-verification,software-verification,excluida,sin-ref,0,0,,,,,,,,software-verification,submissions_2022,linked_list_swap_contents_safety_unwind78.cnf.xz
c98459d6a1763d809729e276b9c4cbbd,software-verification,software-verification,excluida,sin-ref,0,0,,,,,,,,,,
cbe5cfad93124afd70a24f04a15de630,software-verification,software-verification,excluida,sin-ref,0,0,,,,,,,,,,
cd711ea43647d0b4b4ee57e78a8b7a1c,software-verification,software-verification,test,facil,1,1,3,UNSAT,60.62798127600399,63.11565337100183,68.76835765600117,,,,,
cdd8ab284c8c33aada20bef1db5bbcb7,software-verification,software-verification,test,media,1,1,3,UNSAT,84.7705278909998,93.58779665199836,101.9022696079992,,,,,
ce4ddb6d7cceb2686acd7160e2fa60a6,software-verification,software-verification,reserva,sin-ref,1,0,,,,,,,,,,
d0ee45ac97c6b5cc63a528f46a5797aa,software-verification,software-verification,reserva,sin-ref,1,0,,,,,,,,,,
d1dbf88a58406c931fd696267ed8159e,software-verification,software-verification,dev,media,1,1,3,UNSAT,61.73574812399602,75.33301125100115,106.4691888400048,,,,,
d34e2b88e21a34f274b87469164a01bb,software-verification,software-verification,excluida,danada,1,0,,,,,,,,,,
d379c7535ffd073d48804b5e41c55081,software-verification,software-verification,reserva,sin-ref,1,0,,,,,,2496.000,11312.000,,,
d570bbe4e59e242a18260d9e2f616496,software-verification,software-verification,test,media,1,1,3,UNSAT,133.56928741799493,134.70279379800195,158.09164509399852,,,,,
d646d69fe2f66663f380a6d742bbb38a,software-verification,software-verification,excluida,sin-ref,0,0,,,,,,,,,,
d69851de5b015182614d22c936a4ae8c,software-verification,software-verification,test,inestable,1,1,2,UNSAT,592.6378263680017,697.3499746519956,800.0,,,,,
d7d2303922b89acd508812d51908e719,software-verification,software-verification,excluida,sin-ref,0,0,,,,,,,,,,
d7f675bf3503c0e8c7af89934b84c9a2,software-verification,software-verification,reserva,sin-ref,1,0,,,,,,,,,,
d8bb23406e76bf5a4b7a6edba8784a74,software-verification,software-verification,excluida,sin-ref,0,0,,,,,,,,,,
da72fa2e7bc48f9c0288b31db6c3f2e4,software-verification,software-verification,test,facil,1,1,3,SAT,45.37624428499839,51.5521261449976,92.47808160600108,,,,,
dae02301d9adb7868c542b83239e21c4,software-verification,software-verification,excluida,sin-ref,0,0,,,,,,,,,,
db599c16135ce55618717ca61d54cef3,software-verification,software-verification,excluida,danada,1,0,,,,,,,,,,
dc408ce6c50c342c51e4ffc6f82266f3,software-verification,software-verification,excluida,sin-ref,0,0,,,,,,,,,,
dd0196aee30d0a83b6fe8bc7eba01806,software-verification,software-verification,excluida,danada,0,0,,,,,,,,,,
ddcb0cd9b7bca43c3a5189326ae88aab,software-verification,software-verification,excluida,sin-ref,0,0,,,,,,,,,,
df5f488a1d1285f0e10e98f81c56faa4,software-verification,software-verification,reserva,sin-ref,1,0,,,,,,,,,,
e16c33062a8fa678573cd7b335187b32,software-verification,software-verification,excluida,danada,0,0,,,,,,,,,,
e21b0a7567ec71858105a52f99cbbcd9,software-verification,software-verification,test,trivial,1,1,3,UNSAT,1.2657218539970927,1.30345586999465,1.3207693040021695,,,,,
e6fa27dfe90f1f92c8ee9b9979ca44b6,software-verification,software-verification,excluida,danada,0,0,,,,,,,,,,
e8209cd050c81226a57e93a0a83220d4,software-verification,software-verification,excluida,sin-ref,0,0,,,,,,,,,,
e8abb9c83efdd96a99990f3b914ea873,software-verification,software-verification,excluida,danada,0,0,,,,,,,,,,
e8cb09882ba424f1e5d3be231f31d2eb,software-verification,software-verification,reserva,sin-ref,1,0,,,,,,,,,,
e8f4058878deb35689f4c4b433961d03,software-verification,software-verification,reserva,sin-ref,1,0,,,,,,,,,,
e9787c0bf64f89f71b71bf992433b065,software-verification,software-verification,excluida,danada,1,0,,,,,,,,,,
ea3dbefa6a8a5015e2c476d6a5dda695,software-verification,software-verification,test,trivial,1,1,3,UNSAT,1.3391096069972264,1.3916099490015768,1.4521370889997345,,,,,
eb34dcb040e9956397c306400da096f1,software-verification,software-verification,dev,trivial,1,1,3,UNSAT,0.8600297600060003,0.9173143899970456,0.9653332100060652,199248.000,564196.000,,,
ed412109097759664fd4aa15179e4fe3,software-verification,software-verification,excluida,sin-ref,0,0,,,,,,,,,,
eee341a50e28cee542dcbd5b1c049612,software-verification,software-verification,excluida,sin-ref,0,0,,,,,,,,,,
efe204e6f0b514d4cc429cb8a9ce17d0,software-verification,software-verification,reserva,sin-ref,1,0,,,,,,,,,,
f42db099462934eac8519f523fc3f959,software-verification,software-verification,reserva,sin-ref,1,0,,,,,,,,,,
f542a49a9b309544a32489c6f6493303,software-verification,software-verification,reserva,sin-ref,1,0,,,,,,,,,,
f54b352934be08821aa75b3424112956,software-verification,software-verification,excluida,danada,1,0,,,,,,,,,,
f88e2d6315cb45d3ac5444e07438ad1d,software-verification,software-verification,excluida,sin-ref,0,0,,,,,,,,,,
fa05befb93002cefb24eee1f058aba4c,software-verification,software-verification,reserva,sin-ref,1,0,,,,,,,,,,
fa7055908271153a5d9f46f6882aa1ab,software-verification,software-verification,dev,facil,1,1,3,UNSAT,9.097443003993249,16.123056907999853,16.26853203599603,,,,,
fcf26433d464956876b1c393de122a95,software-verification,software-verification,reserva,sin-ref,1,0,,,,,,24841.000,70332.000,,,
fdd731b1dcf176619a899d610c20aeb5,software-verification,software-verification,reserva,sin-ref,1,0,,,,,,,,,,
ff90d59262f6fb2b5fb30e0279ac4de2,software-verification,software-verification,excluida,danada,1,0,,,,,,,,,,
ffa085aada0572f95a3d319657d78783,software-verification,software-verification,excluida,sin-ref,0,0,,,,,,,,,,
0049919cdf9556bfda5bb365af72414c,station-repacking,station-repacking,dev,media,1,1,3,SAT,141.865875609,156.454845878,221.1075937100001,,,station-repacking,unknown,57-124044.cnf.xz
0230774d18baa0fb8e3267dcac0014f3,station-repacking,station-repacking,reserva,sin-ref,1,0,,,,,,,,station-repacking,unknown,49-126600.cnf.xz
03873e44115e30db6c3ccc2941c14101,station-repacking,station-repacking,test,trivial,1,1,3,SAT,1.713035477005178,2.052087908014073,2.130060976996901,,,station-repacking,unknown,44-107977.cnf.xz
03b297cfd24f7fffb743780ef9578886,station-repacking,station-repacking,reserva,sin-ref,1,0,,,,,,,,station-repacking,unknown,48-119936.cnf.xz
04121bd92efc49da7b54943da62c993f,station-repacking,station-repacking,reserva,sin-ref,1,0,,,,,,,,station-repacking,unknown,42-133298.cnf.xz
041df0acc65530f7e1e628130c3d411d,station-repacking,station-repacking,reserva,sin-ref,1,0,,,,,,,,station-repacking,unknown,52-89557.cnf.xz
0568ff4af327110a55355527e3c454e2,station-repacking,station-repacking,reserva,sin-ref,1,0,,,,,,,,station-repacking,unknown,41-131904.cnf.xz
07022ad84cf8decdf213d2fd2c59fbae,station-repacking,station-repacking,reserva,sin-ref,1,0,,,,,,,,,,
095abfecc3d54908ae4eeaa17f0f0b44,station-repacking,station-repacking,dev,trivial,1,1,3,SAT,1.674313045994495,1.7100087580038237,1.8340543500089552,,,,,
09c34d5c989469373633702ea8c9d87b,station-repacking,station-repacking,dev,facil,1,1,3,SAT,19.99669054000003,52.227555644000006,73.85405577,27156.000,619801.000,,,
0a584e40865fa99bfdda6c365d18e60f,station-repacking,station-repacking,test,trivial,1,1,3,SAT,1.8688549760000228,2.1435127670000043,2.285382979000019,,,,,
0c9b16ea7f673a4074acad537c3b9a91,station-repacking,station-repacking,reserva,sin-ref,1,0,,,,,,31100.000,788827.000,,,
0d0884803351d1b0fafe276c0e77081d,station-repacking,station-repacking,test,trivial,1,1,3,SAT,3.168995518000031,3.2850826039999674,3.465666357000032,,,,,
0d34c66573f8a066b01de94a4a529503,station-repacking,station-repacking,reserva,sin-ref,1,0,,,,,,20166.000,365435.000,,,
0d79a79d1dbd0639f493874d846a62fc,station-repacking,station-repacking,test,trivial,1,1,3,SAT,0.0689308479999795,0.0896607700000231,0.1189399200000025,15463.000,249909.000,,,
0dda71fd38768e740982e07a324fab70,station-repacking,station-repacking,reserva,sin-ref,1,0,,,,,,,,,,
0e310f9cd9ccfd741403f8e32d6b70f5,station-repacking,station-repacking,reserva,sin-ref,1,0,,,,,,,,,,
110abea2cac57d734683619f799bf18a,station-repacking,station-repacking,test,media,1,1,3,SAT,207.3675839160001,430.569012132,447.810125162,,,,,
112077ee2bc8658d7d17a760ed5b47fd,station-repacking,station-repacking,reserva,sin-ref,1,0,,,,,,,,,,
129caeaf2f89ad7446d0232e4dea5126,station-repacking,station-repacking,reserva,sin-ref,1,0,,,,,,,,,,
12ad2843906d3d1304ffddd62be996b0,station-repacking,station-repacking,reserva,sin-ref,1,0,,,,,,18605.000,325537.000,,,
13429c9211d51320d0c071a9d86fe51a,station-repacking,station-repacking,test,dura,1,1,0,,800.0,800.0,800.0,,,,,
136def3cc3aaa79169643f2a0e8d3158,station-repacking,station-repacking,reserva,sin-ref,1,0,,,,,,,,,,
13f971348e5c308d867acae79dec07cc,station-repacking,station-repacking,test,facil,1,1,3,SAT,6.475810486,8.572763013999975,10.15751814700002,,,,,
151c2cfd863402422953a2b274670595,station-repacking,station-repacking,reserva,sin-ref,1,0,,,,,,,,,,
1534c8506c9e261309e6fe886308e1e7,station-repacking,station-repacking,dev,dura,1,1,0,,800.0,800.0,800.0,29192.000,702842.000,,,
15f12bdf02e43f71b10c20ed256355b9,station-repacking,station-repacking,dev,dura,1,1,0,,800.0,800.0,800.0,,,,,
16bf326c818320bf4022bc2ee87f5ca2,station-repacking,station-repacking,reserva,sin-ref,1,0,,,,,,26518.000,583843.000,,,
171ded15d8af000371cc0e8f5301d1a9,station-repacking,station-repacking,dev,facil,1,1,3,SAT,7.774546977,11.008309043999816,22.881097332999843,,,,,
189476b82beea47f8f851fb98c92cff3,station-repacking,station-repacking,test,trivial,1,1,3,SAT,4.187148797999953,4.271358400000054,6.296825412000089,,,,,
1945e85b067c49cdec8f1d468f3c0cd4,station-repacking,station-repacking,reserva,sin-ref,1,0,,,,,,,,,,
1c816a0ed040c391676156f1aa7e5d5a,station-repacking,station-repacking,test,inestable,1,1,2,SAT,461.56836663700005,614.6146203840001,800.0,,,,,
1da1726056880291bea67893f6c117a9,station-repacking,station-repacking,reserva,sin-ref,1,0,,,,,,,,,,
1e7aca691093ba117574a5d6f4b6a4fa,station-repacking,station-repacking,test,media,1,1,3,SAT,93.83646618000012,158.73023184500016,182.81367556199984,,,,,
1fe66c63e4848f2ca7deefae9bd2a293,station-repacking,station-repacking,test,dura,1,1,0,,800.0,800.0,800.0,,,,,
20022a81fd370faef2c6229fd9188e00,station-repacking,station-repacking,reserva,sin-ref,1,0,,,,,,,,,,
20433fa77046eea86c9f0f189efc1e2c,station-repacking,station-repacking,reserva,sin-ref,1,0,,,,,,,,,,
21d8b956fdd9c1884cad185d72c97610,station-repacking,station-repacking,reserva,sin-ref,1,0,,,,,,,,,,
2323fc4fe29e619354b260a7a829934c,station-repacking,station-repacking,reserva,sin-ref,1,0,,,,,,,,,,
238c6e425952fa6999b93537ef510e73,station-repacking,station-repacking,reserva,sin-ref,1,0,,,,,,,,,,
25729b4354afa484ca72c9724331ea3e,station-repacking,station-repacking,test,media,1,1,3,SAT,58.14712072500015,228.13721697499977,241.4428705199998,,,,,
26f90e183a60e0571fc50bbff53e9026,station-repacking,station-repacking,reserva,sin-ref,1,0,,,,,,,,,,
28ccb35dd24496f6ade1d0b62529c968,station-repacking,station-repacking,reserva,sin-ref,1,0,,,,,,,,,,
2a3456cfe79ecaf6e0f70f307b71fc5f,station-repacking,station-repacking,dev,trivial,1,1,3,SAT,2.0045513879999817,2.28084345399975,2.368736959999751,,,,,
2bbe9df3616dc6b72c9cd8f89b463dd4,station-repacking,station-repacking,reserva,sin-ref,1,0,,,,,,,,,,
2e6b35b71c9a817b01c0f925dd61480d,station-repacking,station-repacking,dev,trivial,1,1,3,SAT,1.4800096330000088,1.6236412500002189,1.6425900839999483,,,,,
2e76c980bb44428c47c58ac8c3de3840,station-repacking,station-repacking,dev,trivial,1,1,3,SAT,2.539812568999878,2.888979113000005,3.655816676999621,,,,,
2ebdc7689626455811ae26c891397077,station-repacking,station-repacking,dev,trivial,1,1,3,SAT,2.2839233519998743,2.3272502820000227,2.7053865299999416,,,,,
2ed8cb4e59d245480f9317c8908ba75a,station-repacking,station-repacking,test,media,1,1,3,SAT,119.06022990299972,134.0238638149999,140.3630223389996,,,,,
303f4db49f8902b2428a337fdd4f3aa4,station-repacking,station-repacking,dev,facil,1,1,3,SAT,6.558881740000288,45.388800703000015,48.07243078800002,28039.000,650356.000,,,
313b2e9fbeb4ce71a43aab655734d298,station-repacking,station-repacking,reserva,sin-ref,1,0,,,,,,,,,,
316026fe544240912aeada47725c81d5,station-repacking,station-repacking,reserva,sin-ref,1,0,,,,,,,,,,
3232055fdef074f20988471dbd5b00f2,station-repacking,station-repacking,reserva,sin-ref,1,0,,,,,,,,,,
32f7984a11a3efe6475e235d3cd15da5,station-repacking,station-repacking,reserva,sin-ref,1,0,,,,,,,,,,
340a7a71f72121f2ee90ed6d7d996186,station-repacking,station-repacking,test,trivial,1,1,3,SAT,2.0964005669998187,2.195745992999946,2.197156922999966,,,,,
375cfec5363c81fe9226dea54dd4de74,station-repacking,station-repacking,test,dura,1,1,0,,800.0,800.0,800.0,,,,,
379537fd734a1c8713b6474a9e9c6703,station-repacking,station-repacking,test,trivial,1,1,3,SAT,3.41010555999992,5.4098432259997935,6.682655700000396,,,,,
39650f3fa7a305d68f66bd38a55855f9,station-repacking,station-repacking,test,facil,1,1,3,SAT,23.039930135000304,49.25820185500015,99.28608617300006,,,,,
3eb91f64eb8369c3c0fade4fc36ac71f,station-repacking,station-repacking,test,trivial,1,1,3,SAT,2.19511277599986,2.2309788909997224,2.252110447999712,,,,,
3f939e8711b8404ff252cf437675ee7c,station-repacking,station-repacking,dev,trivial,1,1,3,SAT,2.0538031450000744,2.0826206560000173,2.161985689000176,,,,,
3fcc882c3bb2c7cebeb2935dacdf103d,station-repacking,station-repacking,reserva,sin-ref,1,0,,,,,,,,,,
407fee3d11125e381e15efd6d9078a34,station-repacking,station-repacking,dev,dura,1,1,0,,800.0,800.0,800.0,31267.000,799362.000,,,
413a81726d9f82baa51d6a7380db8963,station-repacking,station-repacking,reserva,sin-ref,1,0,,,,,,,,,,
41f1c183da5e10c13d46d43decac12f8,station-repacking,station-repacking,dev,trivial,1,1,3,SAT,2.5320398160001787,2.61206355100012,3.290697044999888,,,,,
4242c7f13aec7bc83c2c35c9897e7174,station-repacking,station-repacking,reserva,sin-ref,1,0,,,,,,,,,,
42478f9dc6c32a8eaf622875216cece4,station-repacking,station-repacking,dev,dura,1,1,0,,800.0,800.0,800.0,33190.000,901407.000,,,
45ee8e525775859ac5a71ae8418262b9,station-repacking,station-repacking,test,trivial,1,1,3,SAT,1.1019705079997948,1.146923144999619,1.3039442419999432,,,,,
477a443a3d78c87801a2440280f8a1ff,station-repacking,station-repacking,test,trivial,1,1,3,SAT,1.6669162739999592,1.6918351360000088,2.103489048000029,25170.000,531597.000,,,
47abb040a7d877a9392cf246bd5270ce,station-repacking,station-repacking,dev,trivial,1,1,3,SAT,1.7045169100001658,1.7096087600002647,2.3114185370000087,,,,,
4824ea00f56253e81ba93a4080e0309b,station-repacking,station-repacking,reserva,sin-ref,1,0,,,,,,,,,,
488bb0b505fe9167119e296bedafa2b0,station-repacking,station-repacking,dev,trivial,1,1,3,SAT,2.3829848989998936,2.445337639000172,2.921618459000001,,,,,
48d67fadc29f071de43a7caa4d09eacf,station-repacking,station-repacking,reserva,sin-ref,1,0,,,,,,11634.000,187166.000,,,
49026c1800607a6a6520555e77087d98,station-repacking,station-repacking,reserva,sin-ref,1,0,,,,,,,,,,
49fea8da4ce8fe8da71c5cfb1561d48b,station-repacking,station-repacking,test,facil,1,1,3,SAT,12.302411397000014,39.10565110400012,53.5966710419998,,,,,
4cc49c7416fb1c882ef1c90a8e1c38e7,station-repacking,station-repacking,test,trivial,1,1,3,SAT,1.4291088329996455,1.438425585999994,1.549048780999783,,,,,
4ec411e07fa68d4203096fc99ee0f293,station-repacking,station-repacking,reserva,sin-ref,1,0,,,,,,,,,,
517665b26d35413f4f10071731d38e86,station-repacking,station-repacking,test,trivial,1,1,3,SAT,1.4949348179998196,1.703883438000048,1.7724637420001272,24037.000,489487.000,,,
518986fff1dce8cbe33bd5c540b22633,station-repacking,station-repacking,reserva,sin-ref,1,0,,,,,,,,,,
51eaad05e9e6842ff97941355a716e2b,station-repacking,station-repacking,reserva,sin-ref,1,0,,,,,,,,,,
52716698fafe0a39cf01f416fc72a1db,station-repacking,station-repacking,test,trivial,1,1,3,SAT,0.1038120680000247,0.1045042259997899,0.1084843809999256,,,,,
52b63419c8e72c66ddf1d084b39d4327,station-repacking,station-repacking,reserva,sin-ref,1,0,,,,,,,,,,
53a7dc3f626c5903d29fa219ced097fd,station-repacking,station-repacking,reserva,sin-ref,1,0,,,,,,,,,,
53ce284a3eb6d1e429234fca267cd3f3,station-repacking,station-repacking,reserva,sin-ref,1,0,,,,,,,,,,
53dc07930186fece5ba4176cff6fb0a1,station-repacking,station-repacking,test,dura,1,1,0,,800.0,800.0,800.0,31679.000,814057.000,,,
540f649521171d2c5900dfb17d6ed236,station-repacking,station-repacking,dev,dura,1,1,0,,800.0,800.0,800.0,,,,,
54678d9bda5f37c33a3a16bea1c66c91,station-repacking,station-repacking,dev,trivial,1,1,3,SAT,2.914721750999888,2.9769496050003,3.0302396899996893,,,,,
57888e3e3ac58f525eb02b702ebc630e,station-repacking,station-repacking,reserva,sin-ref,1,0,,,,,,,,,,
586361a5d67aec01f913a145bb0f6252,station-repacking,station-repacking,reserva,sin-ref,1,0,,,,,,,,,,
596401c4ebbd9982827198695adb935a,station-repacking,station-repacking,test,dura,1,1,0,,800.0,800.0,800.0,,,,,
5ae96d60c9afc18a555a69b55eeca00f,station-repacking,station-repacking,test,trivial,1,1,3,SAT,5.40766692499983,7.519588275999922,7.785845751999659,,,,,
5f06772e86f14cb3507c3e34e5c1e7f1,station-repacking,station-repacking,dev,trivial,1,1,3,SAT,3.1514268920000177,3.1659638860001,3.324470008999924,,,,,
5fa5188c5da7a741be5825103f46b85d,station-repacking,station-repacking,reserva,sin-ref,1,0,,,,,,,,,,
61a1a532a9c821055a7fa0d9d6562d46,station-repacking,station-repacking,dev,trivial,1,1,3,SAT,0.118834574000175,0.11943442699976,0.119917912999881,,,,,
6395f628f6bd8faecdd143d1202092cc,station-repacking,station-repacking,reserva,sin-ref,1,0,,,,,,38116.000,1143805.000,,,
64e38097799c3e0e3fe9d8a17372b0c4,station-repacking,station-repacking,dev,facil,1,1,3,SAT,16.225746765000622,19.07252472099936,22.341895309000392,,,,,
66f4f22f14dea05b9fbcd825fe191e4a,station-repacking,station-repacking,reserva,sin-ref,1,0,,,,,,,,,,
670834e36ca30a5aae87dcb164ba06c3,station-repacking,station-repacking,test,trivial,1,1,3,SAT,1.6734539819999554,1.6745645689998128,1.7192441979996147,,,,,
688214700ed04c186b1c355047465d2f,station-repacking,station-repacking,reserva,sin-ref,1,0,,,,,,,,,,
68ee66c662d28d41d3ae041cba7298ab,station-repacking,station-repacking,dev,dura,1,1,0,,800.0,800.0,800.0,,,,,
6bfc5ec05a83aa79d3a7b43ae3fa6534,station-repacking,station-repacking,test,trivial,1,1,3,SAT,1.8645407109997905,2.031638445999306,2.111498056000528,,,,,
6c2d4015940d300614de3d5bb86e6ca8,station-repacking,station-repacking,reserva,sin-ref,1,0,,,,,,,,,,
6c6c032a902a7ad5bbd8ba17ef7dbcdd,station-repacking,station-repacking,reserva,sin-ref,1,0,,,,,,,,,,
6ce4afc30eaef7190ee089d10cda4114,station-repacking,station-repacking,test,trivial,1,1,3,SAT,1.2766536879998966,1.3359576860002562,1.4180605159999686,,,,,
6d1d1bec7a40835e5b2ac618666f350d,station-repacking,station-repacking,dev,dura,1,1,0,,800.0,800.0,800.0,32351.000,854792.000,,,
6d714e4815d99ff9c6d93e002ca18c94,station-repacking,station-repacking,reserva,sin-ref,1,0,,,,,,,,,,
719c081bcdc6f1b752e5cfa2f208a9bc,station-repacking,station-repacking,reserva,sin-ref,1,0,,,,,,,,,,
7477e93517c74d2f32f8cd2eba6244c5,station-repacking,station-repacking,dev,media,1,1,3,SAT,26.41470105999997,68.05556923699987,205.66168146700056,,,,,
786ad68415bf846e07124233d583a7ae,station-repacking,station-repacking,reserva,sin-ref,1,0,,,,,,,,,,
7ad03f68df2f4da1d71f1478925b7b26,station-repacking,station-repacking,test,trivial,1,1,3,SAT,1.6020139769998425,1.6189190129998678,1.8494851619998367,,,,,
7bd5ba8111af65b77647e762c1a7de7d,station-repacking,station-repacking,reserva,sin-ref,1,0,,,,,,,,,,
7d1a7133d76b2660eb58da07071dd577,station-repacking,station-repacking,reserva,sin-ref,1,0,,,,,,,,,,
7d250a6142ddf04f3af5b7cb765eca70,station-repacking,station-repacking,reserva,sin-ref,1,0,,,,,,,,,,
7d493c4d42762f6e8d3dbaf5a5e2d644,station-repacking,station-repacking,reserva,sin-ref,1,0,,,,,,,,,,
80d6cfb15ed5f55d8aa998c66954996e,station-repacking,station-repacking,test,trivial,1,1,3,SAT,1.0559836230004294,1.0933210379998854,1.424274291999609,19980.000,358036.000,,,
8112e3052e7d7eb2a37477f3c09f2d93,station-repacking,station-repacking,reserva,sin-ref,1,0,,,,,,19954.000,360830.000,,,
82f93fab632d14741a1659c17be4fd1e,station-repacking,station-repacking,test,trivial,1,1,3,SAT,2.5247099600001093,2.5726980569997977,2.5749246220002533,,,,,
8568907805e9346e5a722d444e543e92,station-repacking,station-repacking,dev,media,1,1,3,SAT,40.6309171439998,67.87245212700054,137.44886788999975,,,,,
8684d1e27161a5c51d0b134621f1d1bc,station-repacking,station-repacking,dev,trivial,1,1,3,SAT,1.6196914689999176,1.8612465280002648,1.992408093999984,24904.000,526378.000,,,
898c8c21def60861cd68c771902ffe88,station-repacking,station-repacking,reserva,sin-ref,1,0,,,,,,,,,,
8e1fdee5ce7575adc975bcb1c58d411b,station-repacking,station-repacking,dev,dura,1,1,0,,800.0,800.0,800.0,,,,,
8ff5e11cdf96daeb98d1b90385e7230c,station-repacking,station-repacking,reserva,sin-ref,1,0,,,,,,,,,,
9038d4a7ac9ab8c0b23d63d39fac74eb,station-repacking,station-repacking,reserva,sin-ref,1,0,,,,,,,,,,
90a3143b8f5346392bbd78a5cfe12780,station-repacking,station-repacking,reserva,sin-ref,1,0,,,,,,,,,,
9240a80a501de769294c6b0494631d12,station-repacking,station-repacking,test,trivial,1,1,3,SAT,2.894233682000049,4.768347076000282,5.381719126000462,,,,,
92d6d1839d9278bf6d3da5a885ed3d47,station-repacking,station-repacking,dev,inestable,1,1,2,SAT,390.874067109,576.8841052429998,800.0,,,,,
93c757776a5f6a8756b2fb8207dfc5ef,station-repacking,station-repacking,test,media,1,1,3,SAT,131.5951664940003,171.79720465799983,211.033568025,,,,,
93f54208b6aa505552ff6d4551b03318,station-repacking,station-repacking,reserva,sin-ref,1,0,,,,,,,,,,
944f09ecb87de4f837b65925d5f5c0a5,station-repacking,station-repacking,reserva,sin-ref,1,0,,,,,,,,,,
94750ddfd49994ac4e2abe258a7ba4e2,station-repacking,station-repacking,dev,trivial,1,1,3,SAT,5.15943231700021,6.043070755999906,6.1091759429991725,27058.000,608740.000,,,
966e7945753f3cac0d7e4cf44941ced3,station-repacking,station-repacking,test,media,1,1,3,SAT,50.57787876700058,139.92748916399978,140.6759835009998,,,,,
98414b5ccb33b971c9cdbde7beb5a078,station-repacking,station-repacking,reserva,sin-ref,1,0,,,,,,15041.000,241340.000,,,
98d909406244b8582cd2f5d6235d621f,station-repacking,station-repacking,dev,facil,1,1,3,SAT,5.882042131000162,39.94858986899999,40.24869740600025,,,,,
9963c075a09f58d74c836f230f647201,station-repacking,station-repacking,dev,dura,1,1,0,,800.0,800.0,800.0,,,,,
99cb1e89c89fcd94657735ee85fef678,station-repacking,station-repacking,test,dura,1,1,0,,800.0,800.0,800.0,,,,,
9be7a9084cfdd328724a492fb2ad088d,station-repacking,station-repacking,reserva,sin-ref,1,0,,,,,,,,,,
9dc8a05f04ad5f3ba5aa874008495b66,station-repacking,station-repacking,reserva,sin-ref,1,0,,,,,,,,,,
9e4ed7d6e3ea544e8738ee21f4eaaa39,station-repacking,station-repacking,dev,trivial,1,1,3,SAT,0.1029621179995956,0.1190102709997518,0.1484739340003216,,,,,
a10850361971c1e2256f9de690a36ea5,station-repacking,station-repacking,dev,trivial,1,1,3,SAT,2.0382178919999205,2.0535523080006897,2.074183226000059,,,,,
a15eac6b1e4f848579b3cfce7fbf91cb,station-repacking,station-repacking,dev,trivial,1,1,3,SAT,1.895258819999981,1.9048304369998728,2.2514344420005727,,,,,
a1b7808b7d75fe8cc3467a17dbd144a6,station-repacking,station-repacking,reserva,sin-ref,1,0,,,,,,,,,,
a257347e37a06e536966dfc2b2fcd98d,station-repacking,station-repacking,test,facil,1,1,3,SAT,17.226937690999875,27.108125983999344,37.036034427999766,,,,,
a3d1cfb271c73089e019ef1b2f25a295,station-repacking,station-repacking,reserva,sin-ref,1,0,,,,,,,,,,
a53e321b1f986922565b943df4571c91,station-repacking,station-repacking,test,dura,1,1,0,,800.0,800.0,800.0,,,,,
a59cc501142314b47fa893d8cd69a7e5,station-repacking,station-repacking,reserva,sin-ref,1,0,,,,,,,,,,
a6708f54ffd04c26a8ec1f8353a43ca0,station-repacking,station-repacking,reserva,sin-ref,1,0,,,,,,,,,,
a77eec01d0b2c6dd8c811921e353143a,station-repacking,station-repacking,reserva,sin-ref,1,0,,,,,,,,,,
a7cc332d081adad4e5e207a7c7723b85,station-repacking,station-repacking,test,media,1,1,3,SAT,106.38638733800052,203.581844462,207.0753098530004,,,,,
a9bdc27575ccbcfb02e01613ddff8e31,station-repacking,station-repacking,dev,trivial,1,1,3,SAT,2.578975554999488,2.781584493000082,3.254896200000076,,,,,
a9c18b790b81fb37eccba4d2dfb6c022,station-repacking,station-repacking,dev,trivial,1,1,3,SAT,2.0099703569994745,2.1027396770005,2.1530606920005084,,,,,
ac748da0b1e266dc5e5dd9160b7f4ccf,station-repacking,station-repacking,reserva,sin-ref,1,0,,,,,,,,,,
ae7d9e6557ba86eb07cd4dd92548d0a2,station-repacking,station-repacking,reserva,sin-ref,1,0,,,,,,33153.000,894302.000,,,
ae96b9dd15fd67a7d42340f3098eef2f,station-repacking,station-repacking,test,facil,1,1,3,SAT,6.308110895000027,9.327727044000312,10.15836001200023,,,,,
aea5296e69ab13219420bf11d22dd987,station-repacking,station-repacking,reserva,sin-ref,1,0,,,,,,,,,,
af15e7338b59f1d15c843e85c75e9e19,station-repacking,station-repacking,reserva,sin-ref,1,0,,,,,,,,,,
af91ac00e992bc9b6e1dc85572bbd0a9,station-repacking,station-repacking,reserva,sin-ref,1,0,,,,,,,,,,
b00b555f0d26046e20489338433cc246,station-repacking,station-repacking,dev,media,1,1,3,SAT,32.529346053000154,313.2888699140003,505.6129855899999,,,,,
b1564215e346e99ccbe80da356e57f65,station-repacking,station-repacking,dev,media,1,1,3,SAT,89.37840896899979,142.80774953900072,151.44586024199998,,,,,
b56113d8aba369039cad9ee80d581852,station-repacking,station-repacking,reserva,sin-ref,1,0,,,,,,,,,,
b583f8db3a609d32ddfc55d7f26b5fbb,station-repacking,station-repacking,dev,inestable,1,1,1,SAT,732.892546219,800.0,800.0,,,,,
b6833528198e5be3c7125646c1ce4829,station-repacking,station-repacking,test,dura,1,1,0,,800.0,800.0,800.0,,,,,
b6902df1cc3959a39dde61ca6cf77990,station-repacking,station-repacking,reserva,sin-ref,1,0,,,,,,,,,,
b6e87d28cda2f1ede37c135b6179b0e1,station-repacking,station-repacking,reserva,sin-ref,1,0,,,,,,,,,,
b7491914d6357881e86ecc2b4ffe7b08,station-repacking,station-repacking,test,dura,1,1,0,,800.0,800.0,800.0,,,,,
baf537b8d5df86e94690c041f7ec7d79,station-repacking,station-repacking,reserva,sin-ref,1,0,,,,,,10938.000,178901.000,,,
bb410f9a7c9966e252a97fd75e5dd229,station-repacking,station-repacking,reserva,sin-ref,1,0,,,,,,,,,,
bca4d800747af5f26dcbdba922d78bf5,station-repacking,station-repacking,dev,trivial,1,1,3,SAT,1.1703777399998216,1.2884560849997797,1.3779834830002071,,,,,
bcd0fefc2d535c2166dac3b5f5cd46e3,station-repacking,station-repacking,reserva,sin-ref,1,0,,,,,,,,,,
bd6ba5bb2162c8cca2f5509a3e2c4ea4,station-repacking,station-repacking,reserva,sin-ref,1,0,,,,,,,,,,
bea7fe2ed13ee8fcf3713e1cefff9f93,station-repacking,station-repacking,dev,trivial,1,1,3,SAT,1.2215661179998278,1.232851507000305,1.2480002310003329,,,,,
bfa2e64dc4d6354ec0d804beca8d51a8,station-repacking,station-repacking,test,trivial,1,1,3,SAT,4.772389140000087,6.120402696000383,6.796565763001127,,,,,
c07367b639b8db5ab4612b31b5d91224,station-repacking,station-repacking,reserva,sin-ref,1,0,,,,,,,,,,
c088916bd03d5d9e8b052dca4c9d38fd,station-repacking,station-repacking,dev,trivial,1,1,3,SAT,0.1148559950015624,0.1737215360008122,0.2224093299992091,,,,,
c0a04501bb6e48877c39bc3f7f92c35d,station-repacking,station-repacking,reserva,sin-ref,1,0,,,,,,,,,,
c2c8540324c03e325d590f022fa9d7d7,station-repacking,station-repacking,dev,trivial,1,1,3,SAT,1.8210702750002383,1.9290822429993568,1.9303049980007927,,,,,
c3a5d310a4b5fe3121f507b4ef1ecf7e,station-repacking,station-repacking,reserva,sin-ref,1,0,,,,,,,,,,
c458c1fbdb89d5573fdebb241df1322d,station-repacking,station-repacking,reserva,sin-ref,1,0,,,,,,,,,,
c4a016b49dd371596daca61ab466fcf6,station-repacking,station-repacking,reserva,sin-ref,1,0,,,,,,,,,,
c5d7ecd3564749d55ab27adf1bcf8ec3,station-repacking,station-repacking,reserva,sin-ref,1,0,,,,,,,,,,
c654bbbcc3c5c71a08f3f467f1bcc512,station-repacking,station-repacking,reserva,sin-ref,1,0,,,,,,,,,,
c66342279973e6d5da488cb73d973bce,station-repacking,station-repacking,test,trivial,1,1,3,SAT,1.3328607369985548,1.3603362350004318,1.7277502529996127,,,,,
cdd689a9094878864e2aaae4ad2cb6bc,station-repacking,station-repacking,test,dura,1,1,0,,800.0,800.0,800.0,,,,,
ce63768a2e5d2f5713bdaef159e35c42,station-repacking,station-repacking,reserva,sin-ref,1,0,,,,,,,,,,
d0ae6f2835f3e33ff09472454404e625,station-repacking,station-repacking,dev,dura,1,1,0,,800.0,800.0,800.0,,,,,
d270d225174afb2c1edc71224464f53a,station-repacking,station-repacking,reserva,sin-ref,1,0,,,,,,,,,,
d479d5a497df5268a8ecb2eb6f9225d2,station-repacking,station-repacking,reserva,sin-ref,1,0,,,,,,,,,,
d645158355a9050d493ae0cefc0bcc5a,station-repacking,station-repacking,test,trivial,1,1,3,SAT,2.4330569360008667,2.4470496119993186,2.588918318000651,,,,,
d712442cd23dd64defa214d126148e2f,station-repacking,station-repacking,dev,media,1,1,3,SAT,52.56578022899885,89.76406441899962,132.01065275600013,28537.000,681587.000,,,
d730c23c6417e0f80000e196fce8df82,station-repacking,station-repacking,dev,trivial,1,1,3,SAT,2.147717456000464,2.268883275999542,2.312044627000432,,,,,
d756099575dc55aaac6d0ec6802dc168,station-repacking,station-repacking,test,media,1,1,3,UNSAT,235.2094238009995,264.3924932919999,319.8111971790004,,,,,
d8e35290dd21f1576ab2e89519ae74bb,station-repacking,station-repacking,test,trivial,1,1,3,SAT,2.2385964330005663,2.2593848840006103,2.3906246320002538,,,,,
db62a7a931a27a92626db60d1ac962cb,station-repacking,station-repacking,reserva,sin-ref,1,0,,,,,,,,,,
dbcfafa8d432f5eb8a64c47a02dfe0c8,station-repacking,station-repacking,reserva,sin-ref,1,0,,,,,,,,,,
de61b93d63f1a7fc20dac37f37b2fa18,station-repacking,station-repacking,reserva,sin-ref,1,0,,,,,,,,,,
de725c381c93e577921e0f3f7f45b7f4,station-repacking,station-repacking,reserva,sin-ref,1,0,,,,,,,,,,
e12ce6cf17276fc15de0313f7e637946,station-repacking,station-repacking,reserva,sin-ref,1,0,,,,,,26771.000,594759.000,,,
e1ce724f355128aab6f62ec1eaef63fe,station-repacking,station-repacking,reserva,sin-ref,1,0,,,,,,,,,,
e37181c0b7122b88adf53d79ca78d2d4,station-repacking,station-repacking,test,inestable,1,1,1,SAT,411.2794078759998,800.0,800.0,31143.000,795997.000,,,
e459c2966e63215f127fe1bba8b34aea,station-repacking,station-repacking,reserva,sin-ref,1,0,,,,,,,,,,
e5141351792417b6a5f4087627cb25d7,station-repacking,station-repacking,test,dura,1,1,0,,800.0,800.0,800.0,,,,,
e793abc733527d0e5ca3fae994553333,station-repacking,station-repacking,dev,trivial,1,1,3,SAT,2.103790224000477,2.251847146000728,2.352899779998552,,,,,
e7ab44eedb57052685ffe837c6c850e3,station-repacking,station-repacking,test,trivial,1,1,3,SAT,1.9209837760008668,2.002011297001445,2.1353964929985523,,,,,
e851bd8cda601ec1eae5cc136a84289e,station-repacking,station-repacking,dev,media,1,1,3,SAT,302.31956050700137,431.054688319,659.8341373610001,30528.000,762161.000,,,
e97c4d19ff52a724fede2cab2b5f5c66,station-repacking,station-repacking,test,trivial,1,1,3,SAT,2.0898913250002806,2.165342693000639,2.377936620001492,,,,,
e9bd5c3516630bd0edac5f2f5c994a14,station-repacking,station-repacking,reserva,sin-ref,1,0,,,,,,,,,,
ea9cffbfb3f10b8781caea5b72eb7918,station-repacking,station-repacking,reserva,sin-ref,1,0,,,,,,31244.000,797853.000,,,
eb064256d3bb89c433a4ade5ff1c8805,station-repacking,station-repacking,dev,media,1,1,3,SAT,335.8252044569999,402.8016416980008,602.279928203001,,,,,
ebea470eda4ffb15e481be1290db31a8,station-repacking,station-repacking,reserva,sin-ref,1,0,,,,,,,,,,
ee63fe17ff2a10aa144822887b03bbb5,station-repacking,station-repacking,reserva,sin-ref,1,0,,,,,,,,,,
f16338532e9c27077a329ad782a27ca0,station-repacking,station-repacking,test,trivial,1,1,3,SAT,2.358648612998877,2.6569502080001257,2.7265554169989628,27696.000,632509.000,,,
f1a163d3d732cc8d012b48b5cf326527,station-repacking,station-repacking,reserva,sin-ref,1,0,,,,,,,,,,
f4ff0a601ae7de20812c394047c6afcb,station-repacking,station-repacking,dev,dura,1,1,0,,800.0,800.0,800.0,,,,,
f5d66cf257efb96bde9c3db2b8ba646a,station-repacking,station-repacking,reserva,sin-ref,1,0,,,,,,,,,,
f645d8d18c2602ebb7f764e5c9b8dcaa,station-repacking,station-repacking,reserva,sin-ref,1,0,,,,,,27187.000,608440.000,,,
f6eee7f155356d5def36888b8c1ba335,station-repacking,station-repacking,dev,trivial,1,1,3,SAT,0.9993930860000546,1.0262693990007392,1.0952590329998202,,,,,
fbcddc9484a07523fe44e8f0e2ba6c8c,station-repacking,station-repacking,reserva,sin-ref,1,0,,,,,,,,,,
fc8dee6ce0d9388f16c92820a9a719ac,station-repacking,station-repacking,reserva,sin-ref,1,0,,,,,,,,,,
fdd87db23c584319aa91801a227409d3,station-repacking,station-repacking,test,media,1,1,3,SAT,332.6855708869989,347.1013856509999,386.98243850700055,,,,,
fe0d88607c6a0ba16890f1bce20346e3,station-repacking,station-repacking,dev,trivial,1,1,3,SAT,1.7947028170001431,1.8369362480007112,2.133507365000696,,,,,
feb7f4a9414a3c92ddd2effa30bae801,station-repacking,station-repacking,dev,media,1,1,3,SAT,142.59996618200057,156.97645011900022,330.8354860360014,,,,,
ff0fe8a68fdbcbee9e77ca5555e744fe,station-repacking,station-repacking,dev,trivial,1,1,3,SAT,3.5521605310004816,6.194076358999155,6.2602985899993655,,,,,
