hash,family,seed,result,time,conflicts,decisions,propagations,returncode,maquina
0091ac9434f528a4007d82d2443d2dc9,argumentation,42,TIMEOUT,800.000,,,,-1,pc1
0091ac9434f528a4007d82d2443d2dc9,argumentation,123,TIMEOUT,800.000,,,,-1,pc1
0091ac9434f528a4007d82d2443d2dc9,argumentation,777,TIMEOUT,800.000,,,,-1,pc1
00d5a43a481477fa4d56a2ce152a6cfb,argumentation,42,TIMEOUT,800.000,,,,-1,pc1
00d5a43a481477fa4d56a2ce152a6cfb,argumentation,123,TIMEOUT,800.000,,,,-1,pc1
00d5a43a481477fa4d56a2ce152a6cfb,argumentation,777,TIMEOUT,800.000,,,,-1,pc1
041bf8c064b4f6f8fabcd2a9793b8c7b,argumentation,42,TIMEOUT,800.000,,,,-1,pc1
041bf8c064b4f6f8fabcd2a9793b8c7b,argumentation,123,TIMEOUT,800.000,,,,-1,pc1
041bf8c064b4f6f8fabcd2a9793b8c7b,argumentation,777,TIMEOUT,800.000,,,,-1,pc1
05ed64e4e6229f446082752936768489,argumentation,42,UNSAT,412.782,4676414.000,6066560.000,267288828.000,20,pc1
05ed64e4e6229f446082752936768489,argumentation,123,UNSAT,381.521,4417900.000,5754329.000,254060824.000,20,pc1
05ed64e4e6229f446082752936768489,argumentation,777,UNSAT,409.892,4683746.000,6084505.000,268965936.000,20,pc1
06e46ab0acac57a61638cbb741949a98,argumentation,42,SAT,0.110,0.000,0.000,1000.000,10,pc1
06e46ab0acac57a61638cbb741949a98,argumentation,123,SAT,0.093,0.000,0.000,1000.000,10,pc1
06e46ab0acac57a61638cbb741949a98,argumentation,777,SAT,0.090,0.000,0.000,1000.000,10,pc1
0ae2cbfc4650a25f7bb6230799ac5fbb,argumentation,42,TIMEOUT,800.000,,,,-1,pc1
0ae2cbfc4650a25f7bb6230799ac5fbb,argumentation,123,TIMEOUT,800.000,,,,-1,pc1
0ae2cbfc4650a25f7bb6230799ac5fbb,argumentation,777,TIMEOUT,800.000,,,,-1,pc1
10253f0a4b37654146aaf73a9fbbd929,argumentation,42,SAT,0.158,0.000,0.000,1000.000,10,pc1
10253f0a4b37654146aaf73a9fbbd929,argumentation,123,SAT,0.146,0.000,0.000,1000.000,10,pc1
10253f0a4b37654146aaf73a9fbbd929,argumentation,777,SAT,0.102,0.000,0.000,1000.000,10,pc1
16564a6acba6b9fc887c447d4e507767,argumentation,42,SAT,381.713,3973037.000,6151403.000,233107788.000,10,pc1
16564a6acba6b9fc887c447d4e507767,argumentation,123,TIMEOUT,800.000,,,,-1,pc1
16564a6acba6b9fc887c447d4e507767,argumentation,777,TIMEOUT,800.000,,,,-1,pc1
2241a1fb5bdbac0c1a3c1980ed8b332d,argumentation,42,SAT,74.724,215571.000,341676.000,142796661.000,10,pc1
2241a1fb5bdbac0c1a3c1980ed8b332d,argumentation,123,SAT,84.424,232136.000,385756.000,161279692.000,10,pc1
2241a1fb5bdbac0c1a3c1980ed8b332d,argumentation,777,SAT,29.212,53370.000,96446.000,34960833.000,10,pc1
249c4efc2703de73327f590a7db38170,argumentation,42,TIMEOUT,800.000,,,,-1,pc1
249c4efc2703de73327f590a7db38170,argumentation,123,TIMEOUT,800.000,,,,-1,pc1
249c4efc2703de73327f590a7db38170,argumentation,777,TIMEOUT,800.000,,,,-1,pc1
26371835e4957bcd50f95ccf79160196,argumentation,42,SAT,6.032,74678.000,101877.000,9286057.000,10,pc1
26371835e4957bcd50f95ccf79160196,argumentation,123,SAT,274.139,2037127.000,2586901.000,200544373.000,10,pc1
26371835e4957bcd50f95ccf79160196,argumentation,777,SAT,309.280,2297103.000,2912546.000,225400181.000,10,pc1
28d3cbfb7be58cf429e74647274e56ee,argumentation,42,TIMEOUT,800.000,,,,-1,pc1
28d3cbfb7be58cf429e74647274e56ee,argumentation,123,TIMEOUT,800.000,,,,-1,pc1
28d3cbfb7be58cf429e74647274e56ee,argumentation,777,TIMEOUT,800.000,,,,-1,pc1
2a4680a801ad32ab8768030250daf0c8,argumentation,42,TIMEOUT,800.000,,,,-1,pc1
2a4680a801ad32ab8768030250daf0c8,argumentation,123,TIMEOUT,800.000,,,,-1,pc1
2a4680a801ad32ab8768030250daf0c8,argumentation,777,TIMEOUT,800.000,,,,-1,pc1
2d49eaa7be6c7be51603c6cc35979da6,argumentation,42,TIMEOUT,800.000,,,,-1,pc1
2d49eaa7be6c7be51603c6cc35979da6,argumentation,123,TIMEOUT,800.000,,,,-1,pc1
2d49eaa7be6c7be51603c6cc35979da6,argumentation,777,TIMEOUT,800.000,,,,-1,pc1
2eb039a5aa6bfb6e41d3afd41071ca55,argumentation,42,TIMEOUT,800.000,,,,-1,pc1
2eb039a5aa6bfb6e41d3afd41071ca55,argumentation,123,TIMEOUT,800.000,,,,-1,pc1
2eb039a5aa6bfb6e41d3afd41071ca55,argumentation,777,TIMEOUT,800.000,,,,-1,pc1
2f252070b79029631dff4f93611b4cc9,argumentation,42,TIMEOUT,800.000,,,,-1,pc1
2f252070b79029631dff4f93611b4cc9,argumentation,123,TIMEOUT,800.000,,,,-1,pc1
2f252070b79029631dff4f93611b4cc9,argumentation,777,TIMEOUT,800.000,,,,-1,pc1
31e0a1733fce00b0945cb2a87c02a49d,argumentation,42,SAT,568.626,3045131.000,4102602.000,237126143.000,10,pc1
31e0a1733fce00b0945cb2a87c02a49d,argumentation,123,SAT,407.562,2269433.000,3024639.000,185933091.000,10,pc1
31e0a1733fce00b0945cb2a87c02a49d,argumentation,777,SAT,597.179,3167351.000,4234223.000,245095853.000,10,pc1
3240a190f6dbb8efa026770a2e8fa602,argumentation,42,TIMEOUT,800.000,,,,-1,pc1
3240a190f6dbb8efa026770a2e8fa602,argumentation,123,TIMEOUT,800.000,,,,-1,pc1
3240a190f6dbb8efa026770a2e8fa602,argumentation,777,TIMEOUT,800.000,,,,-1,pc1
343ec0a7ec1b919d9151b656ef030f07,argumentation,42,UNSAT,295.474,2234932.000,2808733.000,127180695.000,20,pc1
343ec0a7ec1b919d9151b656ef030f07,argumentation,123,UNSAT,350.103,2540316.000,3153467.000,143233651.000,20,pc1
343ec0a7ec1b919d9151b656ef030f07,argumentation,777,UNSAT,340.692,2498671.000,3099452.000,140732302.000,20,pc1
34f22180acdb9f648e1cf65a0d3a1760,argumentation,42,TIMEOUT,800.000,,,,-1,pc1
34f22180acdb9f648e1cf65a0d3a1760,argumentation,123,TIMEOUT,800.000,,,,-1,pc1
34f22180acdb9f648e1cf65a0d3a1760,argumentation,777,TIMEOUT,800.000,,,,-1,pc1
384bdf1d5ee9dadc4b377e204e10c821,argumentation,42,TIMEOUT,800.000,,,,-1,pc1
384bdf1d5ee9dadc4b377e204e10c821,argumentation,123,TIMEOUT,800.000,,,,-1,pc1
384bdf1d5ee9dadc4b377e204e10c821,argumentation,777,TIMEOUT,800.000,,,,-1,pc1
3c15c8fb5153b9d758a9eb16c66adc5d,argumentation,42,TIMEOUT,800.000,,,,-1,pc1
3c15c8fb5153b9d758a9eb16c66adc5d,argumentation,123,SAT,602.433,4144501.000,5210295.000,324906537.000,10,pc1
3c15c8fb5153b9d758a9eb16c66adc5d,argumentation,777,SAT,183.518,1540189.000,1959839.000,128321021.000,10,pc1
3ff114cc7bee4f39fa56a0325e605c2d,argumentation,42,UNSAT,440.161,2920194.000,3584042.000,241185269.000,20,pc1
3ff114cc7bee4f39fa56a0325e605c2d,argumentation,123,UNSAT,469.406,3140309.000,3890739.000,257588113.000,20,pc1
3ff114cc7bee4f39fa56a0325e605c2d,argumentation,777,UNSAT,434.417,2787013.000,3427401.000,230894150.000,20,pc1
40737c2f46512069d54b0d2bb3b47a20,argumentation,42,UNSAT,732.243,6418633.000,9602777.000,754618387.000,20,pc1
40737c2f46512069d54b0d2bb3b47a20,argumentation,123,TIMEOUT,800.000,,,,-1,pc1
40737c2f46512069d54b0d2bb3b47a20,argumentation,777,UNSAT,776.252,6641303.000,9928598.000,778860534.000,20,pc1
414760c54a9a3432f842f2c16da861d9,argumentation,42,SAT,0.119,0.000,0.000,1000.000,10,pc1
414760c54a9a3432f842f2c16da861d9,argumentation,123,SAT,0.127,0.000,0.000,1000.000,10,pc1
414760c54a9a3432f842f2c16da861d9,argumentation,777,SAT,0.143,0.000,0.000,1000.000,10,pc1
4214f45042f8c504f9837afaec88bf8f,argumentation,42,TIMEOUT,800.000,,,,-1,pc1
4214f45042f8c504f9837afaec88bf8f,argumentation,123,TIMEOUT,800.000,,,,-1,pc1
4214f45042f8c504f9837afaec88bf8f,argumentation,777,TIMEOUT,800.000,,,,-1,pc1
4611cd26b441b8c5866e4a2c5a7952dc,argumentation,42,TIMEOUT,800.000,,,,-1,pc1
4611cd26b441b8c5866e4a2c5a7952dc,argumentation,123,TIMEOUT,800.000,,,,-1,pc1
4611cd26b441b8c5866e4a2c5a7952dc,argumentation,777,TIMEOUT,800.000,,,,-1,pc1
465c7f101b2d24de63f6a6f544faa9ee,argumentation,42,SAT,356.308,183724.000,619346.000,254011883.000,10,pc1
465c7f101b2d24de63f6a6f544faa9ee,argumentation,123,SAT,358.824,198790.000,625479.000,198610630.000,10,pc1
465c7f101b2d24de63f6a6f544faa9ee,argumentation,777,SAT,265.311,142622.000,609640.000,171649656.000,10,pc1
4b23ab2cc2fc9429a213cc6712919cc3,argumentation,42,TIMEOUT,800.000,,,,-1,pc1
4b23ab2cc2fc9429a213cc6712919cc3,argumentation,123,TIMEOUT,800.000,,,,-1,pc1
4b23ab2cc2fc9429a213cc6712919cc3,argumentation,777,TIMEOUT,800.000,,,,-1,pc1
4be4ae25aae88528bc10f8369bba86df,argumentation,42,TIMEOUT,800.000,,,,-1,pc1
4be4ae25aae88528bc10f8369bba86df,argumentation,123,UNSAT,790.181,7069718.000,10593474.000,768505465.000,20,pc1
4be4ae25aae88528bc10f8369bba86df,argumentation,777,TIMEOUT,800.000,,,,-1,pc1
4c04274d6c93b04b7edec44b21ec71c0,argumentation,42,TIMEOUT,800.000,,,,-1,pc1
4c04274d6c93b04b7edec44b21ec71c0,argumentation,123,TIMEOUT,800.000,,,,-1,pc1
4c04274d6c93b04b7edec44b21ec71c0,argumentation,777,TIMEOUT,800.000,,,,-1,pc1
4c6e57f5552d546278e192b6e332635a,argumentation,42,TIMEOUT,800.000,,,,-1,pc1
4c6e57f5552d546278e192b6e332635a,argumentation,123,TIMEOUT,800.000,,,,-1,pc1
4c6e57f5552d546278e192b6e332635a,argumentation,777,SAT,63.234,503759.000,709966.000,90619771.000,10,pc1
5884bd13ef73c1305f7fadd1188d81db,argumentation,42,TIMEOUT,800.000,,,,-1,pc1
5884bd13ef73c1305f7fadd1188d81db,argumentation,123,TIMEOUT,800.000,,,,-1,pc1
5884bd13ef73c1305f7fadd1188d81db,argumentation,777,TIMEOUT,800.000,,,,-1,pc1
5c48ad5bfb25910c611a5cb252ecf581,argumentation,42,TIMEOUT,800.000,,,,-1,pc1
5c48ad5bfb25910c611a5cb252ecf581,argumentation,123,TIMEOUT,800.000,,,,-1,pc1
5c48ad5bfb25910c611a5cb252ecf581,argumentation,777,TIMEOUT,800.000,,,,-1,pc1
5cb1ca8fe8a9d9125ea9accd498445f1,argumentation,42,UNSAT,756.985,5342727.000,6546059.000,320218636.000,20,pc1
5cb1ca8fe8a9d9125ea9accd498445f1,argumentation,123,UNSAT,627.584,5320716.000,6516437.000,319770076.000,20,pc1
5cb1ca8fe8a9d9125ea9accd498445f1,argumentation,777,UNSAT,592.828,4598740.000,5670546.000,275758279.000,20,pc1
5cba2130f3b9b5aabe6d4bef8438b5a7,argumentation,42,TIMEOUT,800.000,,,,-1,pc1
5cba2130f3b9b5aabe6d4bef8438b5a7,argumentation,123,TIMEOUT,800.000,,,,-1,pc1
5cba2130f3b9b5aabe6d4bef8438b5a7,argumentation,777,TIMEOUT,800.000,,,,-1,pc1
62b5634297cf5a00efcfe0b2ab33c705,argumentation,42,TIMEOUT,800.000,,,,-1,pc1
62b5634297cf5a00efcfe0b2ab33c705,argumentation,123,TIMEOUT,800.000,,,,-1,pc1
62b5634297cf5a00efcfe0b2ab33c705,argumentation,777,TIMEOUT,800.000,,,,-1,pc1
62eae28dcf3170b1547fb5db73e6a295,argumentation,42,TIMEOUT,800.000,,,,-1,pc1
62eae28dcf3170b1547fb5db73e6a295,argumentation,123,TIMEOUT,800.000,,,,-1,pc1
62eae28dcf3170b1547fb5db73e6a295,argumentation,777,TIMEOUT,800.000,,,,-1,pc1
674affb219c049cdbff1b65a6b7bedcc,argumentation,42,SAT,394.665,308424.000,768494.000,265665424.000,10,pc1
674affb219c049cdbff1b65a6b7bedcc,argumentation,123,SAT,190.872,84076.000,287781.000,65376070.000,10,pc1
674affb219c049cdbff1b65a6b7bedcc,argumentation,777,SAT,447.600,436525.000,1119815.000,386090097.000,10,pc1
6754a2269c4ed4c91b9fe2dabf683ca8,argumentation,42,TIMEOUT,800.000,,,,-1,pc1
6754a2269c4ed4c91b9fe2dabf683ca8,argumentation,123,TIMEOUT,800.000,,,,-1,pc1
6754a2269c4ed4c91b9fe2dabf683ca8,argumentation,777,TIMEOUT,800.000,,,,-1,pc1
67b4844c4bfbaf961cbbd79b953aa5c2,argumentation,42,TIMEOUT,800.000,,,,-1,pc1
67b4844c4bfbaf961cbbd79b953aa5c2,argumentation,123,TIMEOUT,800.000,,,,-1,pc1
67b4844c4bfbaf961cbbd79b953aa5c2,argumentation,777,TIMEOUT,800.000,,,,-1,pc1
69ed23c545d2a48f735f2187d919a5dd,argumentation,42,SAT,261.392,117495.000,293334.000,119287151.000,10,pc1
69ed23c545d2a48f735f2187d919a5dd,argumentation,123,SAT,38.311,22796.000,108513.000,12021533.000,10,pc1
69ed23c545d2a48f735f2187d919a5dd,argumentation,777,SAT,706.688,794595.000,1979969.000,700941824.000,10,pc1
6d6b5efe28f4fc13c982cd8404245950,argumentation,42,SAT,0.117,0.000,0.000,800.000,10,pc1
6d6b5efe28f4fc13c982cd8404245950,argumentation,123,SAT,0.100,0.000,0.000,800.000,10,pc1
6d6b5efe28f4fc13c982cd8404245950,argumentation,777,SAT,0.119,0.000,0.000,800.000,10,pc1
6dd45cf2d273ca149df4cabd2fea5c70,argumentation,42,TIMEOUT,800.000,,,,-1,pc1
6dd45cf2d273ca149df4cabd2fea5c70,argumentation,123,TIMEOUT,800.000,,,,-1,pc1
6dd45cf2d273ca149df4cabd2fea5c70,argumentation,777,TIMEOUT,800.000,,,,-1,pc1
6fab31665147f538da92dc16c3a239ad,argumentation,42,TIMEOUT,800.000,,,,-1,pc1
6fab31665147f538da92dc16c3a239ad,argumentation,123,TIMEOUT,800.000,,,,-1,pc1
6fab31665147f538da92dc16c3a239ad,argumentation,777,TIMEOUT,800.000,,,,-1,pc1
76257d780dcaae3c7a28b1fcfb44dad0,argumentation,42,SAT,377.115,2573342.000,3247825.000,207453234.000,10,pc1
76257d780dcaae3c7a28b1fcfb44dad0,argumentation,123,TIMEOUT,800.000,,,,-1,pc1
76257d780dcaae3c7a28b1fcfb44dad0,argumentation,777,SAT,323.339,2444645.000,3097262.000,199069304.000,10,pc1
77f2ff6b224e8f65ada066a8a11f82ea,argumentation,42,SAT,0.135,0.000,0.000,1000.000,10,pc1
77f2ff6b224e8f65ada066a8a11f82ea,argumentation,123,SAT,0.108,0.000,0.000,1000.000,10,pc1
77f2ff6b224e8f65ada066a8a11f82ea,argumentation,777,SAT,0.101,0.000,0.000,1000.000,10,pc1
7b9d8b9b31b530effd634f5a8f1f4411,argumentation,42,UNSAT,616.013,4673673.000,5780216.000,276049135.000,20,pc1
7b9d8b9b31b530effd634f5a8f1f4411,argumentation,123,UNSAT,521.054,3975306.000,4938722.000,237574061.000,20,pc1
7b9d8b9b31b530effd634f5a8f1f4411,argumentation,777,UNSAT,648.093,4610270.000,5711179.000,273874184.000,20,pc1
7faa62e8464b2ca45d9ca4bfd3ef95a4,argumentation,42,SAT,0.069,0.000,0.000,600.000,10,pc1
7faa62e8464b2ca45d9ca4bfd3ef95a4,argumentation,123,SAT,0.065,0.000,0.000,600.000,10,pc1
7faa62e8464b2ca45d9ca4bfd3ef95a4,argumentation,777,SAT,0.067,0.000,0.000,600.000,10,pc1
81d2158d506ea1049708837460b9387e,argumentation,42,TIMEOUT,800.000,,,,-1,pc1
81d2158d506ea1049708837460b9387e,argumentation,123,TIMEOUT,800.000,,,,-1,pc1
81d2158d506ea1049708837460b9387e,argumentation,777,TIMEOUT,800.000,,,,-1,pc1
8270ae50e6f2881136868db6d3a88eee,argumentation,42,TIMEOUT,800.000,,,,-1,pc1
8270ae50e6f2881136868db6d3a88eee,argumentation,123,TIMEOUT,800.000,,,,-1,pc1
8270ae50e6f2881136868db6d3a88eee,argumentation,777,TIMEOUT,800.000,,,,-1,pc1
84bdf44171ffa3ffbc187c7244c83bf5,argumentation,42,TIMEOUT,800.000,,,,-1,pc1
84bdf44171ffa3ffbc187c7244c83bf5,argumentation,123,TIMEOUT,800.000,,,,-1,pc1
84bdf44171ffa3ffbc187c7244c83bf5,argumentation,777,TIMEOUT,800.000,,,,-1,pc1
89b778a6b654bd3107b4fc10b3a0fdee,argumentation,42,SAT,193.443,1491883.000,1867674.000,97131929.000,10,pc1
89b778a6b654bd3107b4fc10b3a0fdee,argumentation,123,SAT,187.978,1473463.000,1845421.000,96026217.000,10,pc1
89b778a6b654bd3107b4fc10b3a0fdee,argumentation,777,TIMEOUT,800.000,,,,-1,pc1
9164165d7f1960b7d6317ff09cd9e2a2,argumentation,42,TIMEOUT,800.000,,,,-1,pc1
9164165d7f1960b7d6317ff09cd9e2a2,argumentation,123,TIMEOUT,800.000,,,,-1,pc1
9164165d7f1960b7d6317ff09cd9e2a2,argumentation,777,TIMEOUT,800.000,,,,-1,pc1
92a730305d3ebc88e06cdf74deb5e484,argumentation,42,TIMEOUT,800.000,,,,-1,pc1
92a730305d3ebc88e06cdf74deb5e484,argumentation,123,TIMEOUT,800.000,,,,-1,pc1
92a730305d3ebc88e06cdf74deb5e484,argumentation,777,TIMEOUT,800.000,,,,-1,pc1
953e9ff735bdf5ada27b0ab2b908b6af,argumentation,42,TIMEOUT,800.000,,,,-1,pc1
953e9ff735bdf5ada27b0ab2b908b6af,argumentation,123,TIMEOUT,800.000,,,,-1,pc1
953e9ff735bdf5ada27b0ab2b908b6af,argumentation,777,TIMEOUT,800.000,,,,-1,pc1
9749dfccb16cf9c3978e508e58b7e793,argumentation,42,TIMEOUT,800.000,,,,-1,pc1
9749dfccb16cf9c3978e508e58b7e793,argumentation,123,TIMEOUT,800.000,,,,-1,pc1
9749dfccb16cf9c3978e508e58b7e793,argumentation,777,TIMEOUT,800.000,,,,-1,pc1
9754fc1acf450ee2ed2083a211cfa487,argumentation,42,SAT,191.493,1403260.000,1772994.000,143672034.000,10,pc1
9754fc1acf450ee2ed2083a211cfa487,argumentation,123,TIMEOUT,800.000,,,,-1,pc1
9754fc1acf450ee2ed2083a211cfa487,argumentation,777,TIMEOUT,800.000,,,,-1,pc1
9da5ac8c85d8a5ff3d81cd40004cf4b7,argumentation,42,TIMEOUT,800.000,,,,-1,pc1
9da5ac8c85d8a5ff3d81cd40004cf4b7,argumentation,123,TIMEOUT,800.000,,,,-1,pc1
9da5ac8c85d8a5ff3d81cd40004cf4b7,argumentation,777,TIMEOUT,800.000,,,,-1,pc1
9e5f847d97c4aa584e9c89d342ff886b,argumentation,42,UNSAT,197.979,1694296.000,2323108.000,177382349.000,20,pc1
9e5f847d97c4aa584e9c89d342ff886b,argumentation,123,UNSAT,165.729,1670914.000,2288934.000,175773698.000,20,pc1
9e5f847d97c4aa584e9c89d342ff886b,argumentation,777,UNSAT,166.363,1686875.000,2320288.000,177540185.000,20,pc1
9e749596a8de36d8ab706c96cf128455,argumentation,42,TIMEOUT,800.000,,,,-1,pc1
9e749596a8de36d8ab706c96cf128455,argumentation,123,TIMEOUT,800.000,,,,-1,pc1
9e749596a8de36d8ab706c96cf128455,argumentation,777,TIMEOUT,800.000,,,,-1,pc1
a12bb1cc7368a41319792a395275eee1,argumentation,42,TIMEOUT,800.000,,,,-1,pc1
a12bb1cc7368a41319792a395275eee1,argumentation,123,SAT,12.947,92626.000,136028.000,18524176.000,10,pc1
a12bb1cc7368a41319792a395275eee1,argumentation,777,SAT,99.218,779867.000,1068670.000,98955338.000,10,pc1
a1617458de611b0dca934ea3a60a0749,argumentation,42,TIMEOUT,800.000,,,,-1,pc1
a1617458de611b0dca934ea3a60a0749,argumentation,123,TIMEOUT,800.000,,,,-1,pc1
a1617458de611b0dca934ea3a60a0749,argumentation,777,TIMEOUT,800.000,,,,-1,pc1
a73a34088fda4ebcf173015b036b5e92,argumentation,42,TIMEOUT,800.000,,,,-1,pc1
a73a34088fda4ebcf173015b036b5e92,argumentation,123,TIMEOUT,800.000,,,,-1,pc1
a73a34088fda4ebcf173015b036b5e92,argumentation,777,TIMEOUT,800.000,,,,-1,pc1
aa5585572cc045a3c2209b083635d598,argumentation,42,TIMEOUT,800.000,,,,-1,pc1
aa5585572cc045a3c2209b083635d598,argumentation,123,TIMEOUT,800.000,,,,-1,pc1
aa5585572cc045a3c2209b083635d598,argumentation,777,TIMEOUT,800.000,,,,-1,pc1
aa7346b1ad1e46590bcf4cb65ac91fd5,argumentation,42,TIMEOUT,800.000,,,,-1,pc1
aa7346b1ad1e46590bcf4cb65ac91fd5,argumentation,123,TIMEOUT,800.000,,,,-1,pc1
aa7346b1ad1e46590bcf4cb65ac91fd5,argumentation,777,TIMEOUT,800.000,,,,-1,pc1
abf7c338e1183f74f3e8a6619bb19348,argumentation,42,TIMEOUT,800.000,,,,-1,pc1
abf7c338e1183f74f3e8a6619bb19348,argumentation,123,TIMEOUT,800.000,,,,-1,pc1
abf7c338e1183f74f3e8a6619bb19348,argumentation,777,TIMEOUT,800.000,,,,-1,pc1
ac51df6b340190cd1182c06ff2955afa,argumentation,42,SAT,40.581,366367.000,485299.000,33438563.000,10,pc1
ac51df6b340190cd1182c06ff2955afa,argumentation,123,SAT,289.972,2492287.000,3121605.000,192412168.000,10,pc1
ac51df6b340190cd1182c06ff2955afa,argumentation,777,SAT,341.402,2545354.000,3185548.000,196046846.000,10,pc1
ad65eff6de4d7da5c4197919936819d5,argumentation,42,SAT,0.065,0.000,0.000,600.000,10,pc1
ad65eff6de4d7da5c4197919936819d5,argumentation,123,SAT,0.060,0.000,0.000,600.000,10,pc1
ad65eff6de4d7da5c4197919936819d5,argumentation,777,SAT,0.067,0.000,0.000,600.000,10,pc1
ae7e391be73431e5dddf2bbafe95758a,argumentation,42,TIMEOUT,800.000,,,,-1,pc1
ae7e391be73431e5dddf2bbafe95758a,argumentation,123,TIMEOUT,800.000,,,,-1,pc1
ae7e391be73431e5dddf2bbafe95758a,argumentation,777,TIMEOUT,800.000,,,,-1,pc1
bbf800109d039e117ed60593c185692c,argumentation,42,TIMEOUT,800.000,,,,-1,pc1
bbf800109d039e117ed60593c185692c,argumentation,123,TIMEOUT,800.000,,,,-1,pc1
bbf800109d039e117ed60593c185692c,argumentation,777,TIMEOUT,800.000,,,,-1,pc1
bdfee78154d94ce8f7225950e9d30ae9,argumentation,42,TIMEOUT,800.000,,,,-1,pc1
bdfee78154d94ce8f7225950e9d30ae9,argumentation,123,TIMEOUT,800.000,,,,-1,pc1
bdfee78154d94ce8f7225950e9d30ae9,argumentation,777,TIMEOUT,800.000,,,,-1,pc1
bf701b504bdefc046b637fdaf8ea065c,argumentation,42,TIMEOUT,800.000,,,,-1,pc1
bf701b504bdefc046b637fdaf8ea065c,argumentation,123,TIMEOUT,800.000,,,,-1,pc1
bf701b504bdefc046b637fdaf8ea065c,argumentation,777,TIMEOUT,800.000,,,,-1,pc1
c26ca353bf47730b0e5c545a6c927a85,argumentation,42,TIMEOUT,800.000,,,,-1,pc1
c26ca353bf47730b0e5c545a6c927a85,argumentation,123,TIMEOUT,800.000,,,,-1,pc1
c26ca353bf47730b0e5c545a6c927a85,argumentation,777,TIMEOUT,800.000,,,,-1,pc1
c41c74f316a2067cc19708ce982d960a,argumentation,42,UNSAT,217.775,1494437.000,1954558.000,199993550.000,20,pc1
c41c74f316a2067cc19708ce982d960a,argumentation,123,UNSAT,217.002,1460277.000,1909453.000,195995063.000,20,pc1
c41c74f316a2067cc19708ce982d960a,argumentation,777,UNSAT,220.011,1456034.000,1903036.000,197951449.000,20,pc1
ca8f36f9c54cb7f5d070abeaeec489fe,argumentation,42,TIMEOUT,800.000,,,,-1,pc1
ca8f36f9c54cb7f5d070abeaeec489fe,argumentation,123,TIMEOUT,800.000,,,,-1,pc1
ca8f36f9c54cb7f5d070abeaeec489fe,argumentation,777,TIMEOUT,800.000,,,,-1,pc1
cfc5b08fa24149afb9a67426dbe871e9,argumentation,42,TIMEOUT,800.000,,,,-1,pc1
cfc5b08fa24149afb9a67426dbe871e9,argumentation,123,TIMEOUT,800.000,,,,-1,pc1
cfc5b08fa24149afb9a67426dbe871e9,argumentation,777,TIMEOUT,800.000,,,,-1,pc1
d5f6b2092795aad67d1df1fd3a329552,argumentation,42,TIMEOUT,800.000,,,,-1,pc1
d5f6b2092795aad67d1df1fd3a329552,argumentation,123,TIMEOUT,800.000,,,,-1,pc1
d5f6b2092795aad67d1df1fd3a329552,argumentation,777,TIMEOUT,800.000,,,,-1,pc1
d7f2e4ec8e631387c928c79e1054c663,argumentation,42,TIMEOUT,800.000,,,,-1,pc1
d7f2e4ec8e631387c928c79e1054c663,argumentation,123,TIMEOUT,800.000,,,,-1,pc1
d7f2e4ec8e631387c928c79e1054c663,argumentation,777,TIMEOUT,800.000,,,,-1,pc1
db099269d468029b70419bf4a49e99a1,argumentation,42,TIMEOUT,800.000,,,,-1,pc1
db099269d468029b70419bf4a49e99a1,argumentation,123,TIMEOUT,800.000,,,,-1,pc1
db099269d468029b70419bf4a49e99a1,argumentation,777,TIMEOUT,800.000,,,,-1,pc1
db1905e1d74befc396c4ced0a26a4742,argumentation,42,SAT,26.653,289387.000,395097.000,27545547.000,10,pc1
db1905e1d74befc396c4ced0a26a4742,argumentation,123,SAT,431.449,3145257.000,4005276.000,244966330.000,10,pc1
db1905e1d74befc396c4ced0a26a4742,argumentation,777,SAT,49.890,508084.000,665126.000,44826668.000,10,pc1
db4a0d4ba26c46d66ad6cdcb0645a4d9,argumentation,42,UNSAT,687.143,4425171.000,5520182.000,345961959.000,20,pc1
db4a0d4ba26c46d66ad6cdcb0645a4d9,argumentation,123,UNSAT,793.352,5046497.000,6277673.000,391456411.000,20,pc1
db4a0d4ba26c46d66ad6cdcb0645a4d9,argumentation,777,UNSAT,762.543,4688237.000,5852180.000,362037830.000,20,pc1
df5854c32714147e085ec209b8c0f5ac,argumentation,42,TIMEOUT,800.000,,,,-1,pc1
df5854c32714147e085ec209b8c0f5ac,argumentation,123,TIMEOUT,800.000,,,,-1,pc1
df5854c32714147e085ec209b8c0f5ac,argumentation,777,TIMEOUT,800.000,,,,-1,pc1
e27e439d19bd1d246b7a669feb2d5e7e,argumentation,42,SAT,104.937,830238.000,1062404.000,76873063.000,10,pc1
e27e439d19bd1d246b7a669feb2d5e7e,argumentation,123,SAT,520.792,3883296.000,4795073.000,315879434.000,10,pc1
e27e439d19bd1d246b7a669feb2d5e7e,argumentation,777,SAT,518.993,3481512.000,4303998.000,287769517.000,10,pc1
e3920fc15989f1d914b4210a7864eecf,argumentation,42,TIMEOUT,800.000,,,,-1,pc1
e3920fc15989f1d914b4210a7864eecf,argumentation,123,TIMEOUT,800.000,,,,-1,pc1
e3920fc15989f1d914b4210a7864eecf,argumentation,777,TIMEOUT,800.000,,,,-1,pc1
e3bd4a397f34a99c47d1b2e0e9abcd43,argumentation,42,CORRUPT_XZ,0.000,,,,-4,pc1
e3bd4a397f34a99c47d1b2e0e9abcd43,argumentation,123,CORRUPT_XZ,0.000,,,,-4,pc1
e3bd4a397f34a99c47d1b2e0e9abcd43,argumentation,777,CORRUPT_XZ,0.000,,,,-4,pc1
e4695710aef0fb01226d484be4055dfc,argumentation,42,UNSAT,207.966,1701526.000,2698217.000,228475212.000,20,pc1
e4695710aef0fb01226d484be4055dfc,argumentation,123,UNSAT,225.364,1649682.000,2618635.000,225433124.000,20,pc1
e4695710aef0fb01226d484be4055dfc,argumentation,777,UNSAT,203.201,1730504.000,2769246.000,234703686.000,20,pc1
e7736f693835ebec4ced74ad3c146e81,argumentation,42,UNSAT,101.289,972306.000,1286921.000,108158946.000,20,pc1
e7736f693835ebec4ced74ad3c146e81,argumentation,123,UNSAT,114.933,988504.000,1310376.000,109030074.000,20,pc1
e7736f693835ebec4ced74ad3c146e81,argumentation,777,UNSAT,99.177,870842.000,1154207.000,97931737.000,20,pc1
e90c47854301126a15d599fb323b21bc,argumentation,42,TIMEOUT,800.000,,,,-1,pc1
e90c47854301126a15d599fb323b21bc,argumentation,123,TIMEOUT,800.000,,,,-1,pc1
e90c47854301126a15d599fb323b21bc,argumentation,777,TIMEOUT,800.000,,,,-1,pc1
e95e284c3a0e7ba69f480af696b2d174,argumentation,42,TIMEOUT,800.000,,,,-1,pc1
e95e284c3a0e7ba69f480af696b2d174,argumentation,123,TIMEOUT,800.000,,,,-1,pc1
e95e284c3a0e7ba69f480af696b2d174,argumentation,777,TIMEOUT,800.000,,,,-1,pc1
eae448bcbe947fb35084a8ac8e82e068,argumentation,42,TIMEOUT,800.000,,,,-1,pc1
eae448bcbe947fb35084a8ac8e82e068,argumentation,123,TIMEOUT,800.000,,,,-1,pc1
eae448bcbe947fb35084a8ac8e82e068,argumentation,777,TIMEOUT,800.000,,,,-1,pc1
ef0712f558986be079b9bab249af88ba,argumentation,42,TIMEOUT,800.000,,,,-1,pc1
ef0712f558986be079b9bab249af88ba,argumentation,123,TIMEOUT,800.000,,,,-1,pc1
ef0712f558986be079b9bab249af88ba,argumentation,777,TIMEOUT,800.000,,,,-1,pc1
f15ad4206d95a3f8f1358b33301539be,argumentation,42,TIMEOUT,800.000,,,,-1,pc1
f15ad4206d95a3f8f1358b33301539be,argumentation,123,TIMEOUT,800.000,,,,-1,pc1
f15ad4206d95a3f8f1358b33301539be,argumentation,777,TIMEOUT,800.000,,,,-1,pc1
f788ba6dd26cdc70f890422d54c875f3,argumentation,42,CORRUPT_XZ,0.000,,,,-4,pc1
f788ba6dd26cdc70f890422d54c875f3,argumentation,123,CORRUPT_XZ,0.000,,,,-4,pc1
f788ba6dd26cdc70f890422d54c875f3,argumentation,777,CORRUPT_XZ,0.000,,,,-4,pc1
fc8c01b4e729cad266d31fe3fec9caac,argumentation,42,TIMEOUT,800.000,,,,-1,pc1
fc8c01b4e729cad266d31fe3fec9caac,argumentation,123,TIMEOUT,800.000,,,,-1,pc1
fc8c01b4e729cad266d31fe3fec9caac,argumentation,777,TIMEOUT,800.000,,,,-1,pc1
0504d4dc55e80f42ffa698a4ece021c0,bitvector,42,TIMEOUT,800.000,,,,-1,pc1
0504d4dc55e80f42ffa698a4ece021c0,bitvector,123,TIMEOUT,800.000,,,,-1,pc1
0504d4dc55e80f42ffa698a4ece021c0,bitvector,777,UNSAT,799.450,921522.000,3450254.000,563077673.000,20,pc1
07b48aebb6cc968704afb001b7a50d8d,bitvector,42,CORRUPT_XZ,0.000,,,,-4,pc1
07b48aebb6cc968704afb001b7a50d8d,bitvector,123,CORRUPT_XZ,0.000,,,,-4,pc1
07b48aebb6cc968704afb001b7a50d8d,bitvector,777,CORRUPT_XZ,0.000,,,,-4,pc1
0aeec01727d2c23cd3f075494541a7b4,bitvector,42,TIMEOUT,800.000,,,,-1,pc1
0aeec01727d2c23cd3f075494541a7b4,bitvector,123,TIMEOUT,800.000,,,,-1,pc1
0aeec01727d2c23cd3f075494541a7b4,bitvector,777,SAT,781.938,1627958.000,3176117.000,549735382.000,10,pc1
0ddf53c673ce101b55cc995a357c21f4,bitvector,42,UNSAT,17.310,97238.000,113417.000,13677958.000,20,pc1
0ddf53c673ce101b55cc995a357c21f4,bitvector,123,UNSAT,18.242,94405.000,110853.000,13431918.000,20,pc1
0ddf53c673ce101b55cc995a357c21f4,bitvector,777,UNSAT,18.099,95461.000,112613.000,13392879.000,20,pc1
0e1a40f65b2fa25ee94a687fa76d5443,bitvector,42,TIMEOUT,800.000,,,,-1,pc1
0e1a40f65b2fa25ee94a687fa76d5443,bitvector,123,TIMEOUT,800.000,,,,-1,pc1
0e1a40f65b2fa25ee94a687fa76d5443,bitvector,777,TIMEOUT,800.000,,,,-1,pc1
124b725bc84e58ee0a8b72a028a75173,bitvector,42,UNSAT,340.630,358007.000,1183546.000,416467277.000,20,pc1
124b725bc84e58ee0a8b72a028a75173,bitvector,123,UNSAT,315.006,454393.000,1723696.000,368797864.000,20,pc1
124b725bc84e58ee0a8b72a028a75173,bitvector,777,UNSAT,249.541,318111.000,1137377.000,253872455.000,20,pc1
12fc09b9f66357cf31bb1e4584e28c1a,bitvector,42,TIMEOUT,800.000,,,,-1,pc1
12fc09b9f66357cf31bb1e4584e28c1a,bitvector,123,TIMEOUT,800.000,,,,-1,pc1
12fc09b9f66357cf31bb1e4584e28c1a,bitvector,777,TIMEOUT,800.000,,,,-1,pc1
151e3f6c15130b20ab695722318e64b3,bitvector,42,TIMEOUT,800.000,,,,-1,pc1
151e3f6c15130b20ab695722318e64b3,bitvector,123,TIMEOUT,800.000,,,,-1,pc1
151e3f6c15130b20ab695722318e64b3,bitvector,777,TIMEOUT,800.000,,,,-1,pc1
1756f9aaead72843a446521cf005550b,bitvector,42,TIMEOUT,800.000,,,,-1,pc1
1756f9aaead72843a446521cf005550b,bitvector,123,TIMEOUT,800.000,,,,-1,pc1
1756f9aaead72843a446521cf005550b,bitvector,777,TIMEOUT,800.000,,,,-1,pc1
1933096e8f9cd581bd376d252fd2ac7c,bitvector,42,TIMEOUT,800.000,,,,-1,pc1
1933096e8f9cd581bd376d252fd2ac7c,bitvector,123,TIMEOUT,800.000,,,,-1,pc1
1933096e8f9cd581bd376d252fd2ac7c,bitvector,777,TIMEOUT,800.000,,,,-1,pc1
1a314a2c6095985bdb6f7a2d987d31fc,bitvector,42,TIMEOUT,800.000,,,,-1,pc1
1a314a2c6095985bdb6f7a2d987d31fc,bitvector,123,TIMEOUT,800.000,,,,-1,pc1
1a314a2c6095985bdb6f7a2d987d31fc,bitvector,777,TIMEOUT,800.000,,,,-1,pc1
1a62267c798f13033f7fdb438a3accc9,bitvector,42,TIMEOUT,800.000,,,,-1,pc1
1a62267c798f13033f7fdb438a3accc9,bitvector,123,TIMEOUT,800.000,,,,-1,pc1
1a62267c798f13033f7fdb438a3accc9,bitvector,777,TIMEOUT,800.000,,,,-1,pc1
1f1ab8bc58bb4bc09d309418bbf474da,bitvector,42,UNSAT,738.446,1513296.000,184148701.000,1401917444.000,20,pc1
1f1ab8bc58bb4bc09d309418bbf474da,bitvector,123,UNSAT,643.300,1025596.000,147094552.000,1322812783.000,20,pc1
1f1ab8bc58bb4bc09d309418bbf474da,bitvector,777,UNSAT,539.027,901021.000,139211256.000,1159612500.000,20,pc1
1faa2c4c17f5f9f13aa48dd8220bbbca,bitvector,42,TIMEOUT,800.000,,,,-1,pc1
1faa2c4c17f5f9f13aa48dd8220bbbca,bitvector,123,TIMEOUT,800.000,,,,-1,pc1
1faa2c4c17f5f9f13aa48dd8220bbbca,bitvector,777,TIMEOUT,800.000,,,,-1,pc1
20af7a90131ea05e1ef53ea3705088c9,bitvector,42,SAT,0.827,0.000,0.000,159932.000,10,pc1
20af7a90131ea05e1ef53ea3705088c9,bitvector,123,SAT,0.789,0.000,0.000,159932.000,10,pc1
20af7a90131ea05e1ef53ea3705088c9,bitvector,777,SAT,1.010,0.000,0.000,159932.000,10,pc1
22794a7bf4b1d2dbfcfa17a83afc76a9,bitvector,42,TIMEOUT,800.000,,,,-1,pc1
22794a7bf4b1d2dbfcfa17a83afc76a9,bitvector,123,TIMEOUT,800.000,,,,-1,pc1
22794a7bf4b1d2dbfcfa17a83afc76a9,bitvector,777,TIMEOUT,800.000,,,,-1,pc1
23bad002bd076e1e2bbbb53e44d5b00d,bitvector,42,TIMEOUT,800.000,,,,-1,pc1
23bad002bd076e1e2bbbb53e44d5b00d,bitvector,123,TIMEOUT,800.000,,,,-1,pc1
23bad002bd076e1e2bbbb53e44d5b00d,bitvector,777,TIMEOUT,800.000,,,,-1,pc1
2602a408af148cd920698aeff90dd853,bitvector,42,TIMEOUT,800.000,,,,-1,pc1
2602a408af148cd920698aeff90dd853,bitvector,123,TIMEOUT,800.000,,,,-1,pc1
2602a408af148cd920698aeff90dd853,bitvector,777,TIMEOUT,800.000,,,,-1,pc1
26d1a43c2e8064faffd54bb81484926e,bitvector,42,TIMEOUT,800.000,,,,-1,pc1
26d1a43c2e8064faffd54bb81484926e,bitvector,123,UNSAT,757.515,1315937.000,1907556.000,434708947.000,20,pc1
26d1a43c2e8064faffd54bb81484926e,bitvector,777,TIMEOUT,800.000,,,,-1,pc1
2dfce8dfd050eefb91c57a8f2270cff9,bitvector,42,TIMEOUT,800.000,,,,-1,pc1
2dfce8dfd050eefb91c57a8f2270cff9,bitvector,123,TIMEOUT,800.000,,,,-1,pc1
2dfce8dfd050eefb91c57a8f2270cff9,bitvector,777,TIMEOUT,800.000,,,,-1,pc1
301958019bf585f861265c68670487d5,bitvector,42,TIMEOUT,800.000,,,,-1,pc1
301958019bf585f861265c68670487d5,bitvector,123,TIMEOUT,800.000,,,,-1,pc1
301958019bf585f861265c68670487d5,bitvector,777,TIMEOUT,800.000,,,,-1,pc1
3154f269851c216ac1ddb39e092db3e3,bitvector,42,UNSAT,3.336,8569.000,18230.000,3942557.000,20,pc1
3154f269851c216ac1ddb39e092db3e3,bitvector,123,UNSAT,2.767,8563.000,17458.000,3496337.000,20,pc1
3154f269851c216ac1ddb39e092db3e3,bitvector,777,UNSAT,4.186,8570.000,16534.000,3532342.000,20,pc1
37dfb9d60131ccd4b6d5b2ac50ab6fb2,bitvector,42,TIMEOUT,800.000,,,,-1,pc1
37dfb9d60131ccd4b6d5b2ac50ab6fb2,bitvector,123,TIMEOUT,800.000,,,,-1,pc1
37dfb9d60131ccd4b6d5b2ac50ab6fb2,bitvector,777,TIMEOUT,800.000,,,,-1,pc1
38ba4510b6bcbb91682c5ab567f900bc,bitvector,42,TIMEOUT,800.000,,,,-1,pc1
38ba4510b6bcbb91682c5ab567f900bc,bitvector,123,TIMEOUT,800.000,,,,-1,pc1
38ba4510b6bcbb91682c5ab567f900bc,bitvector,777,TIMEOUT,800.000,,,,-1,pc1
3f2a362bb7d5a8ea3076020892cde807,bitvector,42,TIMEOUT,800.000,,,,-1,pc1
3f2a362bb7d5a8ea3076020892cde807,bitvector,123,SAT,534.603,663254.000,1496910.000,410228245.000,10,pc1
3f2a362bb7d5a8ea3076020892cde807,bitvector,777,TIMEOUT,800.000,,,,-1,pc1
445f835be7805993f89cc2b6f3bea065,bitvector,42,TIMEOUT,800.000,,,,-1,pc1
445f835be7805993f89cc2b6f3bea065,bitvector,123,TIMEOUT,800.000,,,,-1,pc1
445f835be7805993f89cc2b6f3bea065,bitvector,777,TIMEOUT,800.000,,,,-1,pc1
4538c77a99dfab4d31d0ffe2cc1149ea,bitvector,42,CORRUPT_XZ,0.000,,,,-4,pc1
4538c77a99dfab4d31d0ffe2cc1149ea,bitvector,123,CORRUPT_XZ,0.000,,,,-4,pc1
4538c77a99dfab4d31d0ffe2cc1149ea,bitvector,777,CORRUPT_XZ,0.000,,,,-4,pc1
4efe61249ce9cd61cdd3ffc13ea20db2,bitvector,42,TIMEOUT,800.000,,,,-1,pc1
4efe61249ce9cd61cdd3ffc13ea20db2,bitvector,123,TIMEOUT,800.000,,,,-1,pc1
4efe61249ce9cd61cdd3ffc13ea20db2,bitvector,777,TIMEOUT,800.000,,,,-1,pc1
51925dbfcd5534b312265098fd439b12,bitvector,42,TIMEOUT,800.000,,,,-1,pc1
51925dbfcd5534b312265098fd439b12,bitvector,123,TIMEOUT,800.000,,,,-1,pc1
51925dbfcd5534b312265098fd439b12,bitvector,777,TIMEOUT,800.000,,,,-1,pc1
536f3a4dbb98b717f4c58b6e0162882e,bitvector,42,UNSAT,494.261,2430892.000,3258005.000,180191515.000,20,pc1
536f3a4dbb98b717f4c58b6e0162882e,bitvector,123,UNSAT,632.868,2929089.000,3919832.000,218881079.000,20,pc1
536f3a4dbb98b717f4c58b6e0162882e,bitvector,777,UNSAT,607.124,2887218.000,3925104.000,211739250.000,20,pc1
53fc1da0e1caf50d2e6e7b200850b51b,bitvector,42,SAT,0.342,0.000,0.000,132602.000,10,pc1
53fc1da0e1caf50d2e6e7b200850b51b,bitvector,123,SAT,0.604,0.000,0.000,132602.000,10,pc1
53fc1da0e1caf50d2e6e7b200850b51b,bitvector,777,SAT,1.074,0.000,0.000,132602.000,10,pc1
5ae0187ac5442a7054a08b71b53ef8ac,bitvector,42,TIMEOUT,800.000,,,,-1,pc1
5ae0187ac5442a7054a08b71b53ef8ac,bitvector,123,TIMEOUT,800.000,,,,-1,pc1
5ae0187ac5442a7054a08b71b53ef8ac,bitvector,777,TIMEOUT,800.000,,,,-1,pc1
5d3ebffb0eb6b25c122c4c385517795d,bitvector,42,TIMEOUT,800.000,,,,-1,pc1
5d3ebffb0eb6b25c122c4c385517795d,bitvector,123,TIMEOUT,800.000,,,,-1,pc1
5d3ebffb0eb6b25c122c4c385517795d,bitvector,777,TIMEOUT,800.000,,,,-1,pc1
5e6cacbbb7bb0e88f4ad932120b5a9dc,bitvector,42,UNSAT,214.369,2015450.000,4091583.000,161529430.000,20,pc1
5e6cacbbb7bb0e88f4ad932120b5a9dc,bitvector,123,TIMEOUT,800.000,,,,-1,pc1
5e6cacbbb7bb0e88f4ad932120b5a9dc,bitvector,777,UNSAT,287.786,4232019.000,9584621.000,174621780.000,20,pc1
5fb0d1f02c02c6a7fb485707b637d7e4,bitvector,42,TIMEOUT,800.000,,,,-1,pc1
5fb0d1f02c02c6a7fb485707b637d7e4,bitvector,123,TIMEOUT,800.000,,,,-1,pc1
5fb0d1f02c02c6a7fb485707b637d7e4,bitvector,777,TIMEOUT,800.000,,,,-1,pc1
655681362024c10869610709e1a22246,bitvector,42,TIMEOUT,800.000,,,,-1,pc1
655681362024c10869610709e1a22246,bitvector,123,TIMEOUT,800.000,,,,-1,pc1
655681362024c10869610709e1a22246,bitvector,777,TIMEOUT,800.000,,,,-1,pc1
68962ef48674e066d91ec37cf02ba1e6,bitvector,42,TIMEOUT,800.000,,,,-1,pc1
68962ef48674e066d91ec37cf02ba1e6,bitvector,123,SAT,86.221,204495.000,543201.000,163186370.000,10,pc1
68962ef48674e066d91ec37cf02ba1e6,bitvector,777,TIMEOUT,800.000,,,,-1,pc1
68db53c17dd9b22950722efaad1d47a3,bitvector,42,SAT,314.082,750425.000,1992148.000,466255260.000,10,pc1
68db53c17dd9b22950722efaad1d47a3,bitvector,123,SAT,247.969,500789.000,1384493.000,370784168.000,10,pc1
68db53c17dd9b22950722efaad1d47a3,bitvector,777,SAT,128.172,264087.000,791315.000,191630817.000,10,pc1
6d2e3b7369083eb90e069c7be9eb5cfc,bitvector,42,SAT,154.806,520502.000,1089771.000,171138199.000,10,pc1
6d2e3b7369083eb90e069c7be9eb5cfc,bitvector,123,SAT,257.262,953015.000,2105042.000,283993735.000,10,pc1
6d2e3b7369083eb90e069c7be9eb5cfc,bitvector,777,SAT,152.724,375911.000,933649.000,201908894.000,10,pc1
6d94754a1f66188c8e2a66f67e7e208e,bitvector,42,SAT,580.670,1549413.000,6513379.000,627853458.000,10,pc1
6d94754a1f66188c8e2a66f67e7e208e,bitvector,123,TIMEOUT,800.000,,,,-1,pc1
6d94754a1f66188c8e2a66f67e7e208e,bitvector,777,SAT,564.673,1326436.000,5599160.000,576972893.000,10,pc1
6ddb1d74448f67dbc7f9ce40023125df,bitvector,42,SAT,33.826,19009.000,196953.000,52480657.000,10,pc1
6ddb1d74448f67dbc7f9ce40023125df,bitvector,123,SAT,18.208,9360.000,151292.000,34069610.000,10,pc1
6ddb1d74448f67dbc7f9ce40023125df,bitvector,777,SAT,26.288,16859.000,161071.000,43134340.000,10,pc1
6ec01b2e5492583e95562ee487f7b4bd,bitvector,42,TIMEOUT,800.000,,,,-1,pc1
6ec01b2e5492583e95562ee487f7b4bd,bitvector,123,TIMEOUT,800.000,,,,-1,pc1
6ec01b2e5492583e95562ee487f7b4bd,bitvector,777,TIMEOUT,800.000,,,,-1,pc1
6f49136f1db5de033da1dafec6455d1c,bitvector,42,UNSAT,433.033,622752.000,32102218.000,6882313171.000,20,pc1
6f49136f1db5de033da1dafec6455d1c,bitvector,123,UNSAT,428.461,632411.000,21122961.000,7059236590.000,20,pc1
6f49136f1db5de033da1dafec6455d1c,bitvector,777,UNSAT,694.048,1312156.000,171553640.000,7580517133.000,20,pc1
7bdd0f1b712cc4729f2377dfc5ee9bd0,bitvector,42,SAT,56.839,144441.000,362347.000,96959743.000,10,pc1
7bdd0f1b712cc4729f2377dfc5ee9bd0,bitvector,123,SAT,253.199,689320.000,1691588.000,317702590.000,10,pc1
7bdd0f1b712cc4729f2377dfc5ee9bd0,bitvector,777,SAT,151.619,436837.000,1129370.000,244604314.000,10,pc1
7da0582f7f105caeedcee2a216ecc0c8,bitvector,42,TIMEOUT,800.000,,,,-1,pc1
7da0582f7f105caeedcee2a216ecc0c8,bitvector,123,SAT,698.489,1043734.000,3118339.000,897626089.000,10,pc1
7da0582f7f105caeedcee2a216ecc0c8,bitvector,777,TIMEOUT,800.000,,,,-1,pc1
7f71ccf22cd5bc2cdaab8bf1b2f95eac,bitvector,42,TIMEOUT,800.000,,,,-1,pc1
7f71ccf22cd5bc2cdaab8bf1b2f95eac,bitvector,123,TIMEOUT,800.000,,,,-1,pc1
7f71ccf22cd5bc2cdaab8bf1b2f95eac,bitvector,777,TIMEOUT,800.000,,,,-1,pc1
82200fee50cab595a1fd44bec2451e89,bitvector,42,UNSAT,53.064,383796.000,521031.000,77968026.000,20,pc1
82200fee50cab595a1fd44bec2451e89,bitvector,123,UNSAT,3.719,8358.000,16279.000,8185443.000,20,pc1
82200fee50cab595a1fd44bec2451e89,bitvector,777,UNSAT,484.404,3659923.000,4597126.000,305274948.000,20,pc1
82e6d1219d747172e414e37428a74133,bitvector,42,SAT,197.784,436810.000,1474360.000,308735340.000,10,pc1
82e6d1219d747172e414e37428a74133,bitvector,123,TIMEOUT,800.000,,,,-1,pc1
82e6d1219d747172e414e37428a74133,bitvector,777,SAT,223.805,686995.000,1463492.000,417764857.000,10,pc1
8417e50b6b730737a084c868de7b60d6,bitvector,42,TIMEOUT,800.000,,,,-1,pc1
8417e50b6b730737a084c868de7b60d6,bitvector,123,TIMEOUT,800.000,,,,-1,pc1
8417e50b6b730737a084c868de7b60d6,bitvector,777,TIMEOUT,800.000,,,,-1,pc1
85ba4d1a72145ca1885e905a9797ce28,bitvector,42,TIMEOUT,800.000,,,,-1,pc1
85ba4d1a72145ca1885e905a9797ce28,bitvector,123,TIMEOUT,800.000,,,,-1,pc1
85ba4d1a72145ca1885e905a9797ce28,bitvector,777,TIMEOUT,800.000,,,,-1,pc1
85d6fe0d5a19bfa55ea9ccc2b58924d8,bitvector,42,TIMEOUT,800.000,,,,-1,pc1
85d6fe0d5a19bfa55ea9ccc2b58924d8,bitvector,123,TIMEOUT,800.000,,,,-1,pc1
85d6fe0d5a19bfa55ea9ccc2b58924d8,bitvector,777,UNSAT,494.462,3197997.000,4472739.000,305986543.000,20,pc1
882482a0622ccdf8f355b6a11d7fbc72,bitvector,42,UNSAT,275.735,665060.000,1736252.000,350993945.000,20,pc1
882482a0622ccdf8f355b6a11d7fbc72,bitvector,123,UNSAT,255.774,684820.000,1736340.000,350751867.000,20,pc1
882482a0622ccdf8f355b6a11d7fbc72,bitvector,777,UNSAT,240.651,562392.000,1326247.000,337002183.000,20,pc1
90346ea0f260db4f459c4a22a853c5de,bitvector,42,TIMEOUT,800.000,,,,-1,pc1
90346ea0f260db4f459c4a22a853c5de,bitvector,123,TIMEOUT,800.000,,,,-1,pc1
90346ea0f260db4f459c4a22a853c5de,bitvector,777,TIMEOUT,800.000,,,,-1,pc1
92b98ab8055b143e0283a215a70cf001,bitvector,42,SAT,58.654,38960.000,127264.000,120527136.000,10,pc1
92b98ab8055b143e0283a215a70cf001,bitvector,123,SAT,30.827,24576.000,111083.000,54162990.000,10,pc1
92b98ab8055b143e0283a215a70cf001,bitvector,777,SAT,110.360,62676.000,185530.000,207891722.000,10,pc1
997f40a6afd8054e3d6a84dfb65ef157,bitvector,42,SAT,269.571,447037.000,2236342.000,269386776.000,10,pc1
997f40a6afd8054e3d6a84dfb65ef157,bitvector,123,SAT,285.260,469155.000,2282949.000,272275067.000,10,pc1
997f40a6afd8054e3d6a84dfb65ef157,bitvector,777,SAT,155.721,223092.000,1222069.000,140090763.000,10,pc1
99fb55dfbb28f470dcbd1722536e0daa,bitvector,42,TIMEOUT,800.000,,,,-1,pc1
99fb55dfbb28f470dcbd1722536e0daa,bitvector,123,TIMEOUT,800.000,,,,-1,pc1
99fb55dfbb28f470dcbd1722536e0daa,bitvector,777,TIMEOUT,800.000,,,,-1,pc1
a36e3b4507dc96d4564bac179a13e252,bitvector,42,TIMEOUT,800.000,,,,-1,pc1
a36e3b4507dc96d4564bac179a13e252,bitvector,123,TIMEOUT,800.000,,,,-1,pc1
a36e3b4507dc96d4564bac179a13e252,bitvector,777,TIMEOUT,800.000,,,,-1,pc1
a3c6cf1776a3b89e8b5ed137a2169a46,bitvector,42,TIMEOUT,800.000,,,,-1,pc1
a3c6cf1776a3b89e8b5ed137a2169a46,bitvector,123,TIMEOUT,800.000,,,,-1,pc1
a3c6cf1776a3b89e8b5ed137a2169a46,bitvector,777,TIMEOUT,800.000,,,,-1,pc1
a5e6de7a46556a09ccb12136aaea1dee,bitvector,42,CORRUPT_XZ,0.000,,,,-4,pc1
a5e6de7a46556a09ccb12136aaea1dee,bitvector,123,CORRUPT_XZ,0.000,,,,-4,pc1
a5e6de7a46556a09ccb12136aaea1dee,bitvector,777,CORRUPT_XZ,0.000,,,,-4,pc1
a70be851b3e1d994d3c3729d8c9dcf1a,bitvector,42,UNSAT,241.247,1470348.000,6063738.000,130120659.000,20,pc1
a70be851b3e1d994d3c3729d8c9dcf1a,bitvector,123,UNSAT,262.150,2078254.000,9112795.000,165639391.000,20,pc1
a70be851b3e1d994d3c3729d8c9dcf1a,bitvector,777,UNSAT,187.757,1198213.000,5222064.000,110579399.000,20,pc1
ac2165cbc6c18e4e47f3b8741553e082,bitvector,42,TIMEOUT,800.000,,,,-1,pc1
ac2165cbc6c18e4e47f3b8741553e082,bitvector,123,TIMEOUT,800.000,,,,-1,pc1
ac2165cbc6c18e4e47f3b8741553e082,bitvector,777,TIMEOUT,800.000,,,,-1,pc1
ad2b1829387e1ec0cf33172ceca59cb6,bitvector,42,UNSAT,240.501,1992038.000,3888190.000,176108702.000,20,pc1
ad2b1829387e1ec0cf33172ceca59cb6,bitvector,123,UNSAT,344.256,2584680.000,4815891.000,221631917.000,20,pc1
ad2b1829387e1ec0cf33172ceca59cb6,bitvector,777,UNSAT,173.552,1351159.000,2827944.000,136018874.000,20,pc1
b1770a04ee8e33b42f589e31da819ad5,bitvector,42,TIMEOUT,800.000,,,,-1,pc1
b1770a04ee8e33b42f589e31da819ad5,bitvector,123,TIMEOUT,800.000,,,,-1,pc1
b1770a04ee8e33b42f589e31da819ad5,bitvector,777,TIMEOUT,800.000,,,,-1,pc1
b45c330de5e628bc623a52c4c6555445,bitvector,42,TIMEOUT,800.000,,,,-1,pc1
b45c330de5e628bc623a52c4c6555445,bitvector,123,TIMEOUT,800.000,,,,-1,pc1
b45c330de5e628bc623a52c4c6555445,bitvector,777,TIMEOUT,800.000,,,,-1,pc1
b52aa29d244bf58f84e742a20dd8bf69,bitvector,42,TIMEOUT,800.000,,,,-1,pc1
b52aa29d244bf58f84e742a20dd8bf69,bitvector,123,TIMEOUT,800.000,,,,-1,pc1
b52aa29d244bf58f84e742a20dd8bf69,bitvector,777,TIMEOUT,800.000,,,,-1,pc1
b676ad852ca0867aef85be90753e5745,bitvector,42,TIMEOUT,800.000,,,,-1,pc1
b676ad852ca0867aef85be90753e5745,bitvector,123,TIMEOUT,800.000,,,,-1,pc1
b676ad852ca0867aef85be90753e5745,bitvector,777,TIMEOUT,800.000,,,,-1,pc1
b7ab774b6d91a8b0edaf36c3e61c374f,bitvector,42,TIMEOUT,800.000,,,,-1,pc1
b7ab774b6d91a8b0edaf36c3e61c374f,bitvector,123,TIMEOUT,800.000,,,,-1,pc1
b7ab774b6d91a8b0edaf36c3e61c374f,bitvector,777,TIMEOUT,800.000,,,,-1,pc1
b8f8dcfa84a6f10d2a11ed556c8d3e7d,bitvector,42,CORRUPT_XZ,0.000,,,,-4,pc1
b8f8dcfa84a6f10d2a11ed556c8d3e7d,bitvector,123,CORRUPT_XZ,0.000,,,,-4,pc1
b8f8dcfa84a6f10d2a11ed556c8d3e7d,bitvector,777,CORRUPT_XZ,0.000,,,,-4,pc1
bb2847c158b6773a972dac3a823850a5,bitvector,42,TIMEOUT,800.000,,,,-1,pc1
bb2847c158b6773a972dac3a823850a5,bitvector,123,TIMEOUT,800.000,,,,-1,pc1
bb2847c158b6773a972dac3a823850a5,bitvector,777,TIMEOUT,800.000,,,,-1,pc1
bd3b4e932106a55b57598b7e783c6c58,bitvector,42,TIMEOUT,800.000,,,,-1,pc1
bd3b4e932106a55b57598b7e783c6c58,bitvector,123,TIMEOUT,800.000,,,,-1,pc1
bd3b4e932106a55b57598b7e783c6c58,bitvector,777,TIMEOUT,800.000,,,,-1,pc1
bdd6bae29aa7c535e97bd65dbc8464bd,bitvector,42,TIMEOUT,800.000,,,,-1,pc1
bdd6bae29aa7c535e97bd65dbc8464bd,bitvector,123,TIMEOUT,800.000,,,,-1,pc1
bdd6bae29aa7c535e97bd65dbc8464bd,bitvector,777,TIMEOUT,800.000,,,,-1,pc1
bde51396855219ffe527bfa85bdc59ed,bitvector,42,UNSAT,169.350,1675084.000,3016682.000,135228865.000,20,pc1
bde51396855219ffe527bfa85bdc59ed,bitvector,123,UNSAT,31.293,241067.000,487535.000,38643273.000,20,pc1
bde51396855219ffe527bfa85bdc59ed,bitvector,777,UNSAT,163.398,1593880.000,2239283.000,140279607.000,20,pc1
c1616d4244670607260e06e0506d1fad,bitvector,42,UNSAT,290.149,4279036.000,5764006.000,197090698.000,20,pc1
c1616d4244670607260e06e0506d1fad,bitvector,123,UNSAT,451.202,5411722.000,7475529.000,357292086.000,20,pc1
c1616d4244670607260e06e0506d1fad,bitvector,777,UNSAT,340.659,4970344.000,6709575.000,287025701.000,20,pc1
c2758faefec5e7abcc6c077106214581,bitvector,42,UNSAT,45.812,113806.000,291205.000,57946548.000,20,pc1
c2758faefec5e7abcc6c077106214581,bitvector,123,UNSAT,56.423,228495.000,422111.000,75310655.000,20,pc1
c2758faefec5e7abcc6c077106214581,bitvector,777,UNSAT,54.754,306393.000,920777.000,60439762.000,20,pc1
c3c80c8b7e9a4eb4c99be20bee4e2c48,bitvector,42,UNSAT,0.179,3.000,74.000,195031.000,20,pc1
c3c80c8b7e9a4eb4c99be20bee4e2c48,bitvector,123,UNSAT,0.178,3.000,74.000,195031.000,20,pc1
c3c80c8b7e9a4eb4c99be20bee4e2c48,bitvector,777,UNSAT,0.190,3.000,74.000,195031.000,20,pc1
c4e77bfa7a50ea633445d23e3ca9d929,bitvector,42,UNSAT,283.677,816209.000,1652332.000,371457221.000,20,pc1
c4e77bfa7a50ea633445d23e3ca9d929,bitvector,123,UNSAT,148.732,510134.000,1195111.000,261674588.000,20,pc1
c4e77bfa7a50ea633445d23e3ca9d929,bitvector,777,UNSAT,187.739,591421.000,1399897.000,297625578.000,20,pc1
c507d80b1603bb1e9c980524e1a57431,bitvector,42,UNSAT,547.548,483705.000,3107860.000,2278014514.000,20,pc1
c507d80b1603bb1e9c980524e1a57431,bitvector,123,UNSAT,369.658,509529.000,2991238.000,1913100289.000,20,pc1
c507d80b1603bb1e9c980524e1a57431,bitvector,777,UNSAT,415.636,528804.000,2634679.000,1771796147.000,20,pc1
c541c7c6b0167540a447c68bd566b619,bitvector,42,UNSAT,340.902,2066658.000,2834806.000,316495961.000,20,pc1
c541c7c6b0167540a447c68bd566b619,bitvector,123,TIMEOUT,800.000,,,,-1,pc1
c541c7c6b0167540a447c68bd566b619,bitvector,777,UNSAT,229.822,1698045.000,2261866.000,141542089.000,20,pc1
c5b1697acea10f276108c600475d2a4f,bitvector,42,CORRUPT_XZ,0.000,,,,-4,pc1
c5b1697acea10f276108c600475d2a4f,bitvector,123,CORRUPT_XZ,0.000,,,,-4,pc1
c5b1697acea10f276108c600475d2a4f,bitvector,777,CORRUPT_XZ,0.000,,,,-4,pc1
ca4b2e306cc33b518dde145745db32d5,bitvector,42,TIMEOUT,800.000,,,,-1,pc1
ca4b2e306cc33b518dde145745db32d5,bitvector,123,TIMEOUT,800.000,,,,-1,pc1
ca4b2e306cc33b518dde145745db32d5,bitvector,777,TIMEOUT,800.000,,,,-1,pc1
cb43d6462c351764815a693fbf94cb71,bitvector,42,CORRUPT_XZ,0.000,,,,-4,pc1
cb43d6462c351764815a693fbf94cb71,bitvector,123,CORRUPT_XZ,0.000,,,,-4,pc1
cb43d6462c351764815a693fbf94cb71,bitvector,777,CORRUPT_XZ,0.000,,,,-4,pc1
cc436db9fe0278663ce376e068069815,bitvector,42,TIMEOUT,800.000,,,,-1,pc1
cc436db9fe0278663ce376e068069815,bitvector,123,TIMEOUT,800.000,,,,-1,pc1
cc436db9fe0278663ce376e068069815,bitvector,777,TIMEOUT,800.000,,,,-1,pc1
cc9a6cf6d19647e643802f4a870fe3c2,bitvector,42,TIMEOUT,800.000,,,,-1,pc1
cc9a6cf6d19647e643802f4a870fe3c2,bitvector,123,TIMEOUT,800.000,,,,-1,pc1
cc9a6cf6d19647e643802f4a870fe3c2,bitvector,777,TIMEOUT,800.000,,,,-1,pc1
cca1774ad0e4c13ddfeca49c75d75d29,bitvector,42,UNSAT,489.989,841942.000,99184597.000,6918463627.000,20,pc1
cca1774ad0e4c13ddfeca49c75d75d29,bitvector,123,UNSAT,440.530,985064.000,41283972.000,6744313789.000,20,pc1
cca1774ad0e4c13ddfeca49c75d75d29,bitvector,777,UNSAT,523.359,1070039.000,104353909.000,7070023725.000,20,pc1
ce9fa3e32d9e1172a56a6c233a5ac56a,bitvector,42,CORRUPT_XZ,0.000,,,,-4,pc1
ce9fa3e32d9e1172a56a6c233a5ac56a,bitvector,123,CORRUPT_XZ,0.000,,,,-4,pc1
ce9fa3e32d9e1172a56a6c233a5ac56a,bitvector,777,CORRUPT_XZ,0.000,,,,-4,pc1
d2692603e0aadebf8944f7bf39d773cb,bitvector,42,TIMEOUT,800.000,,,,-1,pc1
d2692603e0aadebf8944f7bf39d773cb,bitvector,123,TIMEOUT,800.000,,,,-1,pc1
d2692603e0aadebf8944f7bf39d773cb,bitvector,777,TIMEOUT,800.000,,,,-1,pc1
d2ea887fc8915807474187d5f5199ab7,bitvector,42,SAT,755.260,1044501.000,2686427.000,721701505.000,10,pc1
d2ea887fc8915807474187d5f5199ab7,bitvector,123,SAT,436.116,569767.000,1470871.000,503356455.000,10,pc1
d2ea887fc8915807474187d5f5199ab7,bitvector,777,TIMEOUT,800.000,,,,-1,pc1
d37d113fbacd6c0b5f4cd56a49e65d9b,bitvector,42,CORRUPT_XZ,0.000,,,,-4,pc1
d37d113fbacd6c0b5f4cd56a49e65d9b,bitvector,123,CORRUPT_XZ,0.000,,,,-4,pc1
d37d113fbacd6c0b5f4cd56a49e65d9b,bitvector,777,CORRUPT_XZ,0.000,,,,-4,pc1
d73632fec32a7c578f7226e275146c53,bitvector,42,CORRUPT_XZ,0.000,,,,-4,pc1
d73632fec32a7c578f7226e275146c53,bitvector,123,CORRUPT_XZ,0.000,,,,-4,pc1
d73632fec32a7c578f7226e275146c53,bitvector,777,CORRUPT_XZ,0.000,,,,-4,pc1
d7b38c8ead74ae705aa60b8771debda1,bitvector,42,TIMEOUT,800.000,,,,-1,pc1
d7b38c8ead74ae705aa60b8771debda1,bitvector,123,TIMEOUT,800.000,,,,-1,pc1
d7b38c8ead74ae705aa60b8771debda1,bitvector,777,TIMEOUT,800.000,,,,-1,pc1
d9d3ba7ec21d4b7c3d7622734f180505,bitvector,42,TIMEOUT,800.000,,,,-1,pc1
d9d3ba7ec21d4b7c3d7622734f180505,bitvector,123,TIMEOUT,800.000,,,,-1,pc1
d9d3ba7ec21d4b7c3d7622734f180505,bitvector,777,TIMEOUT,800.000,,,,-1,pc1
dc8c5af672295b99cc520281fd5bbbfc,bitvector,42,CORRUPT_XZ,0.000,,,,-4,pc1
dc8c5af672295b99cc520281fd5bbbfc,bitvector,123,CORRUPT_XZ,0.000,,,,-4,pc1
dc8c5af672295b99cc520281fd5bbbfc,bitvector,777,CORRUPT_XZ,0.000,,,,-4,pc1
de24a43766cbd9ba5afaa1eb07017d23,bitvector,42,TIMEOUT,800.000,,,,-1,pc1
de24a43766cbd9ba5afaa1eb07017d23,bitvector,123,TIMEOUT,800.000,,,,-1,pc1
de24a43766cbd9ba5afaa1eb07017d23,bitvector,777,TIMEOUT,800.000,,,,-1,pc1
e00db2d014120892e94713590fc32948,bitvector,42,SAT,0.625,0.000,0.000,479834.000,10,pc1
e00db2d014120892e94713590fc32948,bitvector,123,SAT,0.953,0.000,0.000,479834.000,10,pc1
e00db2d014120892e94713590fc32948,bitvector,777,SAT,0.608,0.000,0.000,479834.000,10,pc1
e76231dcffcc280d0eb62dcde5b72e7e,bitvector,42,SAT,1.463,0.000,0.000,568987.000,10,pc1
e76231dcffcc280d0eb62dcde5b72e7e,bitvector,123,SAT,1.436,0.000,0.000,568987.000,10,pc1
e76231dcffcc280d0eb62dcde5b72e7e,bitvector,777,SAT,1.121,0.000,0.000,568987.000,10,pc1
ec6a463d5efffd3600940d031de0c5e9,bitvector,42,UNSAT,187.051,316522.000,1598001.000,1157607807.000,20,pc1
ec6a463d5efffd3600940d031de0c5e9,bitvector,123,UNSAT,200.388,363967.000,1859670.000,949530977.000,20,pc1
ec6a463d5efffd3600940d031de0c5e9,bitvector,777,UNSAT,213.187,352091.000,1815220.000,739512852.000,20,pc1
ed2af4dc9bb395c6f1bbde490f9f5f3e,bitvector,42,TIMEOUT,800.000,,,,-1,pc1
ed2af4dc9bb395c6f1bbde490f9f5f3e,bitvector,123,TIMEOUT,800.000,,,,-1,pc1
ed2af4dc9bb395c6f1bbde490f9f5f3e,bitvector,777,TIMEOUT,800.000,,,,-1,pc1
ed7074fe9190f3b39eab1a627fc24e61,bitvector,42,TIMEOUT,800.000,,,,-1,pc1
ed7074fe9190f3b39eab1a627fc24e61,bitvector,123,TIMEOUT,800.000,,,,-1,pc1
ed7074fe9190f3b39eab1a627fc24e61,bitvector,777,TIMEOUT,800.000,,,,-1,pc1
f197c1e28acb1c284fd111509eb2e76b,bitvector,42,SAT,368.629,708125.000,2276922.000,523788520.000,10,pc1
f197c1e28acb1c284fd111509eb2e76b,bitvector,123,SAT,371.333,726627.000,2227085.000,563289160.000,10,pc1
f197c1e28acb1c284fd111509eb2e76b,bitvector,777,TIMEOUT,800.000,,,,-1,pc1
f81c3aeaf852faf68af51f9c2820184d,bitvector,42,SAT,0.055,0.000,0.000,13875.000,10,pc1
f81c3aeaf852faf68af51f9c2820184d,bitvector,123,SAT,0.053,0.000,0.000,13875.000,10,pc1
f81c3aeaf852faf68af51f9c2820184d,bitvector,777,SAT,0.053,0.000,0.000,13875.000,10,pc1
f99956a76d70c8213b63c107483a7869,bitvector,42,TIMEOUT,800.000,,,,-1,pc1
f99956a76d70c8213b63c107483a7869,bitvector,123,TIMEOUT,800.000,,,,-1,pc1
f99956a76d70c8213b63c107483a7869,bitvector,777,TIMEOUT,800.000,,,,-1,pc1
fb4d5fc86b53307c2f7fe6f7cafeb0d3,bitvector,42,UNSAT,761.897,2100354.000,238783020.000,1467745715.000,20,pc1
fb4d5fc86b53307c2f7fe6f7cafeb0d3,bitvector,123,UNSAT,699.334,1601155.000,198829134.000,1293121096.000,20,pc1
fb4d5fc86b53307c2f7fe6f7cafeb0d3,bitvector,777,UNSAT,713.367,1671775.000,193732024.000,1397066162.000,20,pc1
fdaa0081c32cfdaa40ca1c23f03ef255,bitvector,42,CORRUPT_XZ,0.000,,,,-4,pc1
fdaa0081c32cfdaa40ca1c23f03ef255,bitvector,123,CORRUPT_XZ,0.000,,,,-4,pc1
fdaa0081c32cfdaa40ca1c23f03ef255,bitvector,777,CORRUPT_XZ,0.000,,,,-4,pc1
ffdfce174618b76c8cd0e4bd45b55130,bitvector,42,SAT,0.629,0.000,0.000,509774.000,10,pc1
ffdfce174618b76c8cd0e4bd45b55130,bitvector,123,SAT,0.632,0.000,0.000,509774.000,10,pc1
ffdfce174618b76c8cd0e4bd45b55130,bitvector,777,SAT,0.749,0.000,0.000,509774.000,10,pc1
00f4aca773e5675f35263dcd46b15bde,cryptography,42,SAT,288.992,1264568.000,2591251.000,218711258.000,10,pc1
00f4aca773e5675f35263dcd46b15bde,cryptography,123,TIMEOUT,800.000,,,,-1,pc1
00f4aca773e5675f35263dcd46b15bde,cryptography,777,SAT,316.565,1236198.000,2564633.000,209272005.000,10,pc1
0262e0507796703aeed95b8eb6346828,cryptography,42,TIMEOUT,800.000,,,,-1,pc1
0262e0507796703aeed95b8eb6346828,cryptography,123,TIMEOUT,800.000,,,,-1,pc1
0262e0507796703aeed95b8eb6346828,cryptography,777,TIMEOUT,800.000,,,,-1,pc1
05eee75ab69270c322b9ef6bc1ee8604,cryptography,42,TIMEOUT,800.000,,,,-1,pc1
05eee75ab69270c322b9ef6bc1ee8604,cryptography,123,TIMEOUT,800.000,,,,-1,pc1
05eee75ab69270c322b9ef6bc1ee8604,cryptography,777,TIMEOUT,800.000,,,,-1,pc1
05ff725eef6dbf5b1bff07bedd89d6c0,cryptography,42,TIMEOUT,800.000,,,,-1,pc1
05ff725eef6dbf5b1bff07bedd89d6c0,cryptography,123,TIMEOUT,800.000,,,,-1,pc1
05ff725eef6dbf5b1bff07bedd89d6c0,cryptography,777,TIMEOUT,800.000,,,,-1,pc1
0832446f790662899f2275ccef2e09fd,cryptography,42,TIMEOUT,800.000,,,,-1,pc1
0832446f790662899f2275ccef2e09fd,cryptography,123,TIMEOUT,800.000,,,,-1,pc1
0832446f790662899f2275ccef2e09fd,cryptography,777,TIMEOUT,800.000,,,,-1,pc1
0c1229dd6d69a3435089228613a4586a,cryptography,42,SAT,66.968,546168.000,698556.000,39069942.000,10,pc1
0c1229dd6d69a3435089228613a4586a,cryptography,123,SAT,353.145,2816789.000,3560035.000,183104971.000,10,pc1
0c1229dd6d69a3435089228613a4586a,cryptography,777,SAT,331.951,2342132.000,2953779.000,155573709.000,10,pc1
0d2bcd9d503431148295cd116b446609,cryptography,42,TIMEOUT,800.000,,,,-1,pc1
0d2bcd9d503431148295cd116b446609,cryptography,123,TIMEOUT,800.000,,,,-1,pc1
0d2bcd9d503431148295cd116b446609,cryptography,777,TIMEOUT,800.000,,,,-1,pc1
11f9fb52d305af8fb00e7f6e7071c820,cryptography,42,SAT,10.093,89822.000,116548.000,7204275.000,10,pc1
11f9fb52d305af8fb00e7f6e7071c820,cryptography,123,SAT,14.769,172626.000,221521.000,13577153.000,10,pc1
11f9fb52d305af8fb00e7f6e7071c820,cryptography,777,SAT,29.661,294541.000,378258.000,21806253.000,10,pc1
13fe83cc7a856ff2358f76b96daf51e3,cryptography,42,SAT,59.648,546220.000,703132.000,40012866.000,10,pc1
13fe83cc7a856ff2358f76b96daf51e3,cryptography,123,SAT,148.685,1355396.000,1737965.000,95066051.000,10,pc1
13fe83cc7a856ff2358f76b96daf51e3,cryptography,777,SAT,29.963,275753.000,355631.000,20994607.000,10,pc1
144ff2831056bafda1124d98fceec5c7,cryptography,42,SAT,673.480,4667945.000,35153563.000,403329300.000,10,pc1
144ff2831056bafda1124d98fceec5c7,cryptography,123,SAT,576.724,4116044.000,33914205.000,387801146.000,10,pc1
144ff2831056bafda1124d98fceec5c7,cryptography,777,SAT,118.420,882806.000,8317075.000,69553896.000,10,pc1
150d5db53b79cad35248536274c2662a,cryptography,42,TIMEOUT,800.000,,,,-1,pc1
150d5db53b79cad35248536274c2662a,cryptography,123,TIMEOUT,800.000,,,,-1,pc1
150d5db53b79cad35248536274c2662a,cryptography,777,TIMEOUT,800.000,,,,-1,pc1
19969dbd50d4cd01c7e8323377364a4e,cryptography,42,SAT,219.957,1103156.000,5993283.000,180494518.000,10,pc1
19969dbd50d4cd01c7e8323377364a4e,cryptography,123,SAT,297.540,1409192.000,6803905.000,236547618.000,10,pc1
19969dbd50d4cd01c7e8323377364a4e,cryptography,777,SAT,136.795,871282.000,4649047.000,114507865.000,10,pc1
205eb49eebcb24bf0b7293fb9fcb87f6,cryptography,42,SAT,48.081,161633.000,798180.000,59485509.000,10,pc1
205eb49eebcb24bf0b7293fb9fcb87f6,cryptography,123,TIMEOUT,800.000,,,,-1,pc1
205eb49eebcb24bf0b7293fb9fcb87f6,cryptography,777,TIMEOUT,800.000,,,,-1,pc1
24ec197c44822a55ab9dcd4eff19e11e,cryptography,42,TIMEOUT,800.000,,,,-1,pc1
24ec197c44822a55ab9dcd4eff19e11e,cryptography,123,TIMEOUT,800.000,,,,-1,pc1
24ec197c44822a55ab9dcd4eff19e11e,cryptography,777,TIMEOUT,800.000,,,,-1,pc1
26e9e6f76821074fec971ba27aae0bea,cryptography,42,TIMEOUT,800.000,,,,-1,pc1
26e9e6f76821074fec971ba27aae0bea,cryptography,123,TIMEOUT,800.000,,,,-1,pc1
26e9e6f76821074fec971ba27aae0bea,cryptography,777,TIMEOUT,800.000,,,,-1,pc1
2c4e0ec3514d121eb77e995aa7c061ff,cryptography,42,TIMEOUT,800.000,,,,-1,pc1
2c4e0ec3514d121eb77e995aa7c061ff,cryptography,123,TIMEOUT,800.000,,,,-1,pc1
2c4e0ec3514d121eb77e995aa7c061ff,cryptography,777,TIMEOUT,800.000,,,,-1,pc1
2d2480ecc9cf28ffab434e5a01283fe4,cryptography,42,TIMEOUT,800.000,,,,-1,pc1
2d2480ecc9cf28ffab434e5a01283fe4,cryptography,123,TIMEOUT,800.000,,,,-1,pc1
2d2480ecc9cf28ffab434e5a01283fe4,cryptography,777,TIMEOUT,800.000,,,,-1,pc1
2e29192bee7f468c3c6e1b7088829575,cryptography,42,TIMEOUT,800.000,,,,-1,pc1
2e29192bee7f468c3c6e1b7088829575,cryptography,123,TIMEOUT,800.000,,,,-1,pc1
2e29192bee7f468c3c6e1b7088829575,cryptography,777,TIMEOUT,800.000,,,,-1,pc1
2e8985e9103ac6593d2f8c2b168f28b0,cryptography,42,SAT,149.851,478709.000,2776609.000,181586933.000,10,pc1
2e8985e9103ac6593d2f8c2b168f28b0,cryptography,123,SAT,75.574,324023.000,2143653.000,96879640.000,10,pc1
2e8985e9103ac6593d2f8c2b168f28b0,cryptography,777,SAT,301.307,630280.000,3067308.000,343975546.000,10,pc1
2eccd163fc5fff906d03d1186336a91e,cryptography,42,TIMEOUT,800.000,,,,-1,pc1
2eccd163fc5fff906d03d1186336a91e,cryptography,123,TIMEOUT,800.000,,,,-1,pc1
2eccd163fc5fff906d03d1186336a91e,cryptography,777,TIMEOUT,800.000,,,,-1,pc1
2f734109b7f0ccf86c85ade14a238b1a,cryptography,42,TIMEOUT,800.000,,,,-1,pc1
2f734109b7f0ccf86c85ade14a238b1a,cryptography,123,TIMEOUT,800.000,,,,-1,pc1
2f734109b7f0ccf86c85ade14a238b1a,cryptography,777,TIMEOUT,800.000,,,,-1,pc1
2f779374c7998f8bdfc2eb9f259c75ae,cryptography,42,TIMEOUT,800.000,,,,-1,pc1
2f779374c7998f8bdfc2eb9f259c75ae,cryptography,123,TIMEOUT,800.000,,,,-1,pc1
2f779374c7998f8bdfc2eb9f259c75ae,cryptography,777,TIMEOUT,800.000,,,,-1,pc1
2fd5b95206bcb7d829680ec2a50d7a6f,cryptography,42,SAT,5.851,35790.000,232924.000,5293550.000,10,pc1
2fd5b95206bcb7d829680ec2a50d7a6f,cryptography,123,SAT,4.216,26301.000,208394.000,3003907.000,10,pc1
2fd5b95206bcb7d829680ec2a50d7a6f,cryptography,777,SAT,9.029,47582.000,334013.000,7982400.000,10,pc1
3198bf396bbf9fbf335513f05293275e,cryptography,42,SAT,34.742,135422.000,979091.000,40903773.000,10,pc1
3198bf396bbf9fbf335513f05293275e,cryptography,123,SAT,86.028,360668.000,2515059.000,106205943.000,10,pc1
3198bf396bbf9fbf335513f05293275e,cryptography,777,SAT,70.349,280546.000,2026040.000,81120579.000,10,pc1
368e1120462a3cf25f540536fc204d53,cryptography,42,SAT,77.393,455794.000,2695052.000,63325614.000,10,pc1
368e1120462a3cf25f540536fc204d53,cryptography,123,SAT,95.339,556445.000,3081591.000,85111456.000,10,pc1
368e1120462a3cf25f540536fc204d53,cryptography,777,SAT,68.724,299394.000,1892293.000,54121444.000,10,pc1
380602278a69c8356d72ee604d62a426,cryptography,42,TIMEOUT,800.000,,,,-1,pc1
380602278a69c8356d72ee604d62a426,cryptography,123,TIMEOUT,800.000,,,,-1,pc1
380602278a69c8356d72ee604d62a426,cryptography,777,TIMEOUT,800.000,,,,-1,pc1
39ad133b95ca87ca0842d3b4d17ec926,cryptography,42,TIMEOUT,800.000,,,,-1,pc1
39ad133b95ca87ca0842d3b4d17ec926,cryptography,123,TIMEOUT,800.000,,,,-1,pc1
39ad133b95ca87ca0842d3b4d17ec926,cryptography,777,TIMEOUT,800.000,,,,-1,pc1
3c3e9221a6b2cfc052f5bc8740a94195,cryptography,42,SAT,181.041,850938.000,4686990.000,136378789.000,10,pc1
3c3e9221a6b2cfc052f5bc8740a94195,cryptography,123,SAT,277.927,1130473.000,5541808.000,212819379.000,10,pc1
3c3e9221a6b2cfc052f5bc8740a94195,cryptography,777,SAT,81.785,506809.000,2986835.000,65097641.000,10,pc1
3f4946b0d78b8b112b8e7737ae6db0f1,cryptography,42,SAT,116.597,1018714.000,1295718.000,72002319.000,10,pc1
3f4946b0d78b8b112b8e7737ae6db0f1,cryptography,123,SAT,30.721,294580.000,377822.000,22068766.000,10,pc1
3f4946b0d78b8b112b8e7737ae6db0f1,cryptography,777,SAT,107.369,1000250.000,1283478.000,70683072.000,10,pc1
425c28cab2c9945f9d2058b47ef1ed1d,cryptography,42,TIMEOUT,800.000,,,,-1,pc1
425c28cab2c9945f9d2058b47ef1ed1d,cryptography,123,TIMEOUT,800.000,,,,-1,pc1
425c28cab2c9945f9d2058b47ef1ed1d,cryptography,777,TIMEOUT,800.000,,,,-1,pc1
430ea7b80a96824380cd1d1e649cc5ea,cryptography,42,SAT,4.617,19738.000,40639.000,3724676.000,10,pc1
430ea7b80a96824380cd1d1e649cc5ea,cryptography,123,SAT,25.154,153490.000,298173.000,23603688.000,10,pc1
430ea7b80a96824380cd1d1e649cc5ea,cryptography,777,SAT,13.898,87635.000,179803.000,14390170.000,10,pc1
4452f6e48237a5be57cc2166d290ee85,cryptography,42,TIMEOUT,800.000,,,,-1,pc1
4452f6e48237a5be57cc2166d290ee85,cryptography,123,SAT,381.347,2155776.000,12641262.000,228876128.000,10,pc1
4452f6e48237a5be57cc2166d290ee85,cryptography,777,TIMEOUT,800.000,,,,-1,pc1
44f304b3659209a3230067913f996ac3,cryptography,42,UNSAT,114.330,595932.000,865547.000,175843217.000,20,pc1
44f304b3659209a3230067913f996ac3,cryptography,123,UNSAT,103.624,505590.000,750161.000,160652247.000,20,pc1
44f304b3659209a3230067913f996ac3,cryptography,777,UNSAT,95.432,481570.000,702528.000,141986687.000,20,pc1
467455dc38f984b5f5ae12b17fe3353c,cryptography,42,TIMEOUT,800.000,,,,-1,pc1
467455dc38f984b5f5ae12b17fe3353c,cryptography,123,TIMEOUT,800.000,,,,-1,pc1
467455dc38f984b5f5ae12b17fe3353c,cryptography,777,TIMEOUT,800.000,,,,-1,pc1
4ab0b18400b3cab22e3d6a3bb1114bf8,cryptography,42,TIMEOUT,800.000,,,,-1,pc1
4ab0b18400b3cab22e3d6a3bb1114bf8,cryptography,123,TIMEOUT,800.000,,,,-1,pc1
4ab0b18400b3cab22e3d6a3bb1114bf8,cryptography,777,TIMEOUT,800.000,,,,-1,pc1
4ae4df72bf3703f0fbe505e13bdae54e,cryptography,42,SAT,61.488,476178.000,3703492.000,48031314.000,10,pc1
4ae4df72bf3703f0fbe505e13bdae54e,cryptography,123,TIMEOUT,800.000,,,,-1,pc1
4ae4df72bf3703f0fbe505e13bdae54e,cryptography,777,TIMEOUT,800.000,,,,-1,pc1
4b09c4fb82b0ae819b7f3766d9b7dcf1,cryptography,42,TIMEOUT,800.000,,,,-1,pc1
4b09c4fb82b0ae819b7f3766d9b7dcf1,cryptography,123,TIMEOUT,800.000,,,,-1,pc1
4b09c4fb82b0ae819b7f3766d9b7dcf1,cryptography,777,TIMEOUT,800.000,,,,-1,pc1
4c0756270c5a96bfb110b51d96feeee3,cryptography,42,TIMEOUT,800.000,,,,-1,pc1
4c0756270c5a96bfb110b51d96feeee3,cryptography,123,TIMEOUT,800.000,,,,-1,pc1
4c0756270c5a96bfb110b51d96feeee3,cryptography,777,TIMEOUT,800.000,,,,-1,pc1
507ef3714023cc219051508152ac8385,cryptography,42,SAT,85.035,490807.000,2900044.000,68061872.000,10,pc1
507ef3714023cc219051508152ac8385,cryptography,123,SAT,131.581,606872.000,3363760.000,102638990.000,10,pc1
507ef3714023cc219051508152ac8385,cryptography,777,SAT,180.669,769890.000,4223968.000,135797488.000,10,pc1
5546ba75beb2172688a87347234405ff,cryptography,42,TIMEOUT,800.000,,,,-1,pc1
5546ba75beb2172688a87347234405ff,cryptography,123,TIMEOUT,800.000,,,,-1,pc1
5546ba75beb2172688a87347234405ff,cryptography,777,TIMEOUT,800.000,,,,-1,pc1
575fb26a2a0a978595fcb433192ae40f,cryptography,42,TIMEOUT,800.000,,,,-1,pc1
575fb26a2a0a978595fcb433192ae40f,cryptography,123,TIMEOUT,800.000,,,,-1,pc1
575fb26a2a0a978595fcb433192ae40f,cryptography,777,TIMEOUT,800.000,,,,-1,pc1
5a6988558882b13219eaef164b910c50,cryptography,42,SAT,249.092,99447.000,134116.000,412283824.000,10,pc1
5a6988558882b13219eaef164b910c50,cryptography,123,SAT,289.210,52874.000,63270.000,476531685.000,10,pc1
5a6988558882b13219eaef164b910c50,cryptography,777,SAT,114.826,89715.000,152068.000,151358573.000,10,pc1
5bfc79df8a6890db6beb8b6d9c3db028,cryptography,42,SAT,2.527,4805.000,9588.000,1058467.000,10,pc1
5bfc79df8a6890db6beb8b6d9c3db028,cryptography,123,SAT,5.313,27699.000,54549.000,4410820.000,10,pc1
5bfc79df8a6890db6beb8b6d9c3db028,cryptography,777,SAT,5.287,29268.000,58539.000,5034851.000,10,pc1
5d6727fce664860a97745374e3293200,cryptography,42,TIMEOUT,800.000,,,,-1,pc1
5d6727fce664860a97745374e3293200,cryptography,123,TIMEOUT,800.000,,,,-1,pc1
5d6727fce664860a97745374e3293200,cryptography,777,SAT,382.026,553161.000,598673.000,782704224.000,10,pc1
65610b4f985968aa4fdc119d325290ea,cryptography,42,TIMEOUT,800.000,,,,-1,pc1
65610b4f985968aa4fdc119d325290ea,cryptography,123,TIMEOUT,800.000,,,,-1,pc1
65610b4f985968aa4fdc119d325290ea,cryptography,777,SAT,550.040,2680848.000,13022478.000,445416820.000,10,pc1
6a7e2442211bec545e8929e02a8b6b22,cryptography,42,SAT,0.084,1312.000,1356.000,30349.000,10,pc1
6a7e2442211bec545e8929e02a8b6b22,cryptography,123,SAT,0.086,1312.000,1356.000,30349.000,10,pc1
6a7e2442211bec545e8929e02a8b6b22,cryptography,777,SAT,0.086,1312.000,1356.000,30349.000,10,pc1
6b10e4ddf39b316ffe87d148a4626ed4,cryptography,42,SAT,63.765,544928.000,668930.000,50907618.000,10,pc1
6b10e4ddf39b316ffe87d148a4626ed4,cryptography,123,SAT,17.619,164802.000,209435.000,15910421.000,10,pc1
6b10e4ddf39b316ffe87d148a4626ed4,cryptography,777,SAT,51.492,535399.000,663021.000,54296214.000,10,pc1
6cfbe40aef5061ce7ad323456fad2c06,cryptography,42,SAT,566.905,3642652.000,3743909.000,422569158.000,10,pc1
6cfbe40aef5061ce7ad323456fad2c06,cryptography,123,TIMEOUT,800.000,,,,-1,pc1
6cfbe40aef5061ce7ad323456fad2c06,cryptography,777,TIMEOUT,800.000,,,,-1,pc1
6e3015f2ce1f17e4f2b81dae06d73eec,cryptography,42,TIMEOUT,800.000,,,,-1,pc1
6e3015f2ce1f17e4f2b81dae06d73eec,cryptography,123,TIMEOUT,800.000,,,,-1,pc1
6e3015f2ce1f17e4f2b81dae06d73eec,cryptography,777,TIMEOUT,800.000,,,,-1,pc1
6e792d345b2ef27f082ac3eb7186aa56,cryptography,42,TIMEOUT,800.000,,,,-1,pc1
6e792d345b2ef27f082ac3eb7186aa56,cryptography,123,TIMEOUT,800.000,,,,-1,pc1
6e792d345b2ef27f082ac3eb7186aa56,cryptography,777,TIMEOUT,800.000,,,,-1,pc1
842e012d4ef31f3c62f3c58ae04254b1,cryptography,42,SAT,139.751,341676.000,424070.000,199527147.000,10,pc1
842e012d4ef31f3c62f3c58ae04254b1,cryptography,123,SAT,154.863,267662.000,362462.000,211833945.000,10,pc1
842e012d4ef31f3c62f3c58ae04254b1,cryptography,777,SAT,150.737,217463.000,277690.000,222329052.000,10,pc1
857c20349fb4b0c34ba3fe9c9e2762d0,cryptography,42,TIMEOUT,800.000,,,,-1,pc1
857c20349fb4b0c34ba3fe9c9e2762d0,cryptography,123,TIMEOUT,800.000,,,,-1,pc1
857c20349fb4b0c34ba3fe9c9e2762d0,cryptography,777,TIMEOUT,800.000,,,,-1,pc1
864d71fe8c05b7c80999c97550d76e8f,cryptography,42,TIMEOUT,800.000,,,,-1,pc1
864d71fe8c05b7c80999c97550d76e8f,cryptography,123,TIMEOUT,800.000,,,,-1,pc1
864d71fe8c05b7c80999c97550d76e8f,cryptography,777,TIMEOUT,800.000,,,,-1,pc1
86588441607cb5a2b7fcbdb50753239c,cryptography,42,TIMEOUT,800.000,,,,-1,pc1
86588441607cb5a2b7fcbdb50753239c,cryptography,123,TIMEOUT,800.000,,,,-1,pc1
86588441607cb5a2b7fcbdb50753239c,cryptography,777,TIMEOUT,800.000,,,,-1,pc1
86bb0984620f619ffb88c7b002dfb541,cryptography,42,TIMEOUT,800.000,,,,-1,pc1
86bb0984620f619ffb88c7b002dfb541,cryptography,123,TIMEOUT,800.000,,,,-1,pc1
86bb0984620f619ffb88c7b002dfb541,cryptography,777,TIMEOUT,800.000,,,,-1,pc1
87d08b9b2233029ecb6060bde0e2d192,cryptography,42,TIMEOUT,800.000,,,,-1,pc1
87d08b9b2233029ecb6060bde0e2d192,cryptography,123,TIMEOUT,800.000,,,,-1,pc1
87d08b9b2233029ecb6060bde0e2d192,cryptography,777,TIMEOUT,800.000,,,,-1,pc1
8bc05816923b7e9e01d88c2fae53f5b0,cryptography,42,TIMEOUT,800.000,,,,-1,pc1
8bc05816923b7e9e01d88c2fae53f5b0,cryptography,123,TIMEOUT,800.000,,,,-1,pc1
8bc05816923b7e9e01d88c2fae53f5b0,cryptography,777,TIMEOUT,800.000,,,,-1,pc1
91429dba2f09b625c1715cfd7ba065b9,cryptography,42,SAT,0.649,0.000,0.000,38261.000,10,pc1
91429dba2f09b625c1715cfd7ba065b9,cryptography,123,SAT,1.132,0.000,0.000,38261.000,10,pc1
91429dba2f09b625c1715cfd7ba065b9,cryptography,777,SAT,0.641,0.000,0.000,38261.000,10,pc1
937ec5362b95ce46f73ded8d5dbbd3ad,cryptography,42,TIMEOUT,800.000,,,,-1,pc1
937ec5362b95ce46f73ded8d5dbbd3ad,cryptography,123,TIMEOUT,800.000,,,,-1,pc1
937ec5362b95ce46f73ded8d5dbbd3ad,cryptography,777,TIMEOUT,800.000,,,,-1,pc1
964b08e46077d5e4138651ac19ff707e,cryptography,42,SAT,14.130,204140.000,1011591.000,16109878.000,10,pc1
964b08e46077d5e4138651ac19ff707e,cryptography,123,SAT,4.078,33523.000,212663.000,5290214.000,10,pc1
964b08e46077d5e4138651ac19ff707e,cryptography,777,SAT,8.672,147916.000,757609.000,12483335.000,10,pc1
993196979dccc14ecf0a10d8f02305be,cryptography,42,TIMEOUT,800.000,,,,-1,pc1
993196979dccc14ecf0a10d8f02305be,cryptography,123,TIMEOUT,800.000,,,,-1,pc1
993196979dccc14ecf0a10d8f02305be,cryptography,777,TIMEOUT,800.000,,,,-1,pc1
9a4e05c9741963618893549d1a03f5d0,cryptography,42,SAT,790.837,629439.000,1780304.000,700670184.000,10,pc1
9a4e05c9741963618893549d1a03f5d0,cryptography,123,SAT,276.021,361834.000,1315564.000,235964824.000,10,pc1
9a4e05c9741963618893549d1a03f5d0,cryptography,777,SAT,499.375,511654.000,1646605.000,440234267.000,10,pc1
9ef46b401df36e4110d09c4f60a13ad4,cryptography,42,SAT,61.469,331519.000,677628.000,60646571.000,10,pc1
9ef46b401df36e4110d09c4f60a13ad4,cryptography,123,SAT,153.842,841576.000,1692496.000,131886453.000,10,pc1
9ef46b401df36e4110d09c4f60a13ad4,cryptography,777,SAT,67.158,354531.000,732271.000,64654218.000,10,pc1
a4efbba2fd80c504dbeebcf96bff9752,cryptography,42,TIMEOUT,800.000,,,,-1,pc1
a4efbba2fd80c504dbeebcf96bff9752,cryptography,123,TIMEOUT,800.000,,,,-1,pc1
a4efbba2fd80c504dbeebcf96bff9752,cryptography,777,TIMEOUT,800.000,,,,-1,pc1
a6108ce30f9288e9d0c22bb072a1f6d4,cryptography,42,TIMEOUT,800.000,,,,-1,pc1
a6108ce30f9288e9d0c22bb072a1f6d4,cryptography,123,TIMEOUT,800.000,,,,-1,pc1
a6108ce30f9288e9d0c22bb072a1f6d4,cryptography,777,TIMEOUT,800.000,,,,-1,pc1
a6e940f95d1dd14227bf121f6a35dd8d,cryptography,42,TIMEOUT,800.000,,,,-1,pc1
a6e940f95d1dd14227bf121f6a35dd8d,cryptography,123,TIMEOUT,800.000,,,,-1,pc1
a6e940f95d1dd14227bf121f6a35dd8d,cryptography,777,TIMEOUT,800.000,,,,-1,pc1
a9134092aa25629caf3b7d7600b84e83,cryptography,42,TIMEOUT,800.000,,,,-1,pc1
a9134092aa25629caf3b7d7600b84e83,cryptography,123,TIMEOUT,800.000,,,,-1,pc1
a9134092aa25629caf3b7d7600b84e83,cryptography,777,TIMEOUT,800.000,,,,-1,pc1
ad1a3c12aeb696e4a4f6988430b8abe6,cryptography,42,SAT,4.798,81680.000,107807.000,2925171.000,10,pc1
ad1a3c12aeb696e4a4f6988430b8abe6,cryptography,123,SAT,3.108,52125.000,75334.000,2118802.000,10,pc1
ad1a3c12aeb696e4a4f6988430b8abe6,cryptography,777,SAT,3.927,67563.000,98752.000,2962586.000,10,pc1
aedae96e0c8165005c51e44e232f548f,cryptography,42,SAT,156.787,942828.000,1295508.000,146380319.000,10,pc1
aedae96e0c8165005c51e44e232f548f,cryptography,123,SAT,13.420,104720.000,180710.000,14429302.000,10,pc1
aedae96e0c8165005c51e44e232f548f,cryptography,777,SAT,420.716,2491997.000,3290107.000,306679786.000,10,pc1
b11d7f9b26fb27225eb5e7089bd346c0,cryptography,42,TIMEOUT,800.000,,,,-1,pc1
b11d7f9b26fb27225eb5e7089bd346c0,cryptography,123,TIMEOUT,800.000,,,,-1,pc1
b11d7f9b26fb27225eb5e7089bd346c0,cryptography,777,TIMEOUT,800.000,,,,-1,pc1
b330bb80d25571dd4fc6cf5137e133d3,cryptography,42,TIMEOUT,800.000,,,,-1,pc1
b330bb80d25571dd4fc6cf5137e133d3,cryptography,123,TIMEOUT,800.000,,,,-1,pc1
b330bb80d25571dd4fc6cf5137e133d3,cryptography,777,TIMEOUT,800.000,,,,-1,pc1
b41237541845d0fcc83866f3b81025f4,cryptography,42,TIMEOUT,800.000,,,,-1,pc1
b41237541845d0fcc83866f3b81025f4,cryptography,123,TIMEOUT,800.000,,,,-1,pc1
b41237541845d0fcc83866f3b81025f4,cryptography,777,TIMEOUT,800.000,,,,-1,pc1
b5d1d9800b30e09d81e83934046fae38,cryptography,42,TIMEOUT,800.000,,,,-1,pc1
b5d1d9800b30e09d81e83934046fae38,cryptography,123,TIMEOUT,800.000,,,,-1,pc1
b5d1d9800b30e09d81e83934046fae38,cryptography,777,SAT,156.826,979133.000,5604084.000,117281525.000,10,pc1
b7d13b7f71e875221e0d4ccb9a48954e,cryptography,42,TIMEOUT,800.000,,,,-1,pc1
b7d13b7f71e875221e0d4ccb9a48954e,cryptography,123,TIMEOUT,800.000,,,,-1,pc1
b7d13b7f71e875221e0d4ccb9a48954e,cryptography,777,TIMEOUT,800.000,,,,-1,pc1
b7eff8e18bcc8d6a4688491ee81f3eb5,cryptography,42,TIMEOUT,800.000,,,,-1,pc1
b7eff8e18bcc8d6a4688491ee81f3eb5,cryptography,123,TIMEOUT,800.000,,,,-1,pc1
b7eff8e18bcc8d6a4688491ee81f3eb5,cryptography,777,TIMEOUT,800.000,,,,-1,pc1
b9e8b9a81de71e12018fb63da04183e4,cryptography,42,TIMEOUT,800.000,,,,-1,pc1
b9e8b9a81de71e12018fb63da04183e4,cryptography,123,TIMEOUT,800.000,,,,-1,pc1
b9e8b9a81de71e12018fb63da04183e4,cryptography,777,TIMEOUT,800.000,,,,-1,pc1
bc2e7477ffd668db449bad5155548186,cryptography,42,SAT,9.600,5684.000,29121.000,15065095.000,10,pc1
bc2e7477ffd668db449bad5155548186,cryptography,123,SAT,9.611,7785.000,34292.000,11091320.000,10,pc1
bc2e7477ffd668db449bad5155548186,cryptography,777,SAT,9.929,6960.000,38561.000,10863940.000,10,pc1
bee00691dfe8e514cdb4aa86082339b6,cryptography,42,SAT,422.651,1760402.000,7835678.000,328984595.000,10,pc1
bee00691dfe8e514cdb4aa86082339b6,cryptography,123,SAT,365.753,1577176.000,7255330.000,272208330.000,10,pc1
bee00691dfe8e514cdb4aa86082339b6,cryptography,777,SAT,197.135,915619.000,4679490.000,139774201.000,10,pc1
bfd82798e759710ce0e95f958668d1e1,cryptography,42,TIMEOUT,800.000,,,,-1,pc1
bfd82798e759710ce0e95f958668d1e1,cryptography,123,TIMEOUT,800.000,,,,-1,pc1
bfd82798e759710ce0e95f958668d1e1,cryptography,777,TIMEOUT,800.000,,,,-1,pc1
c1a0eb1c3c4030371ec74026f1476a49,cryptography,42,TIMEOUT,800.000,,,,-1,pc1
c1a0eb1c3c4030371ec74026f1476a49,cryptography,123,TIMEOUT,800.000,,,,-1,pc1
c1a0eb1c3c4030371ec74026f1476a49,cryptography,777,TIMEOUT,800.000,,,,-1,pc1
c2885cf0f5bf276ae4b90e1b7cc6dc46,cryptography,42,SAT,7.012,49006.000,361402.000,7904127.000,10,pc1
c2885cf0f5bf276ae4b90e1b7cc6dc46,cryptography,123,SAT,6.213,41556.000,290871.000,5611827.000,10,pc1
c2885cf0f5bf276ae4b90e1b7cc6dc46,cryptography,777,SAT,7.895,48842.000,340531.000,7471429.000,10,pc1
c3145593f27dff74d60bd837f95ad3aa,cryptography,42,SAT,63.180,715636.000,926803.000,52496623.000,10,pc1
c3145593f27dff74d60bd837f95ad3aa,cryptography,123,SAT,100.143,851580.000,1080705.000,60188831.000,10,pc1
c3145593f27dff74d60bd837f95ad3aa,cryptography,777,TIMEOUT,800.000,,,,-1,pc1
c46cf18bdbfca9e64b038f995e3d1a94,cryptography,42,SAT,0.133,0.000,0.000,7278.000,10,pc1
c46cf18bdbfca9e64b038f995e3d1a94,cryptography,123,SAT,0.132,0.000,0.000,7278.000,10,pc1
c46cf18bdbfca9e64b038f995e3d1a94,cryptography,777,SAT,0.136,0.000,0.000,7278.000,10,pc1
c5acbd27a083c911ab5c6540b638a2db,cryptography,42,TIMEOUT,800.000,,,,-1,pc1
c5acbd27a083c911ab5c6540b638a2db,cryptography,123,TIMEOUT,800.000,,,,-1,pc1
c5acbd27a083c911ab5c6540b638a2db,cryptography,777,TIMEOUT,800.000,,,,-1,pc1
c6b5706d1b1afbebf18a5067a8f98e1d,cryptography,42,SAT,121.665,202733.000,832389.000,101943711.000,10,pc1
c6b5706d1b1afbebf18a5067a8f98e1d,cryptography,123,SAT,75.388,166558.000,766711.000,71295868.000,10,pc1
c6b5706d1b1afbebf18a5067a8f98e1d,cryptography,777,SAT,100.256,167454.000,751033.000,95363592.000,10,pc1
c8da226b105aead63428f75bd6060670,cryptography,42,SAT,101.336,925170.000,1153666.000,70963379.000,10,pc1
c8da226b105aead63428f75bd6060670,cryptography,123,SAT,67.969,643066.000,803145.000,61464522.000,10,pc1
c8da226b105aead63428f75bd6060670,cryptography,777,SAT,350.340,2674891.000,3355894.000,180128831.000,10,pc1
c8feaa9803b904cdee90694c654147f2,cryptography,42,SAT,635.128,2136701.000,2253485.000,96375047.000,10,pc1
c8feaa9803b904cdee90694c654147f2,cryptography,123,TIMEOUT,800.000,,,,-1,pc1
c8feaa9803b904cdee90694c654147f2,cryptography,777,TIMEOUT,800.000,,,,-1,pc1
ca675aeca2450ad1e330bdadb41320de,cryptography,42,TIMEOUT,800.000,,,,-1,pc1
ca675aeca2450ad1e330bdadb41320de,cryptography,123,TIMEOUT,800.000,,,,-1,pc1
ca675aeca2450ad1e330bdadb41320de,cryptography,777,TIMEOUT,800.000,,,,-1,pc1
cb4830f02309ce485b18d761675e32c0,cryptography,42,TIMEOUT,800.000,,,,-1,pc1
cb4830f02309ce485b18d761675e32c0,cryptography,123,TIMEOUT,800.000,,,,-1,pc1
cb4830f02309ce485b18d761675e32c0,cryptography,777,TIMEOUT,800.000,,,,-1,pc1
cc67be7ae5a65ae5665e5ef9397f6a3d,cryptography,42,SAT,388.700,1517407.000,7456201.000,268825188.000,10,pc1
cc67be7ae5a65ae5665e5ef9397f6a3d,cryptography,123,TIMEOUT,800.000,,,,-1,pc1
cc67be7ae5a65ae5665e5ef9397f6a3d,cryptography,777,TIMEOUT,800.000,,,,-1,pc1
cf3e3966cab271572496706623621db1,cryptography,42,SAT,3.205,43106.000,56189.000,2955282.000,10,pc1
cf3e3966cab271572496706623621db1,cryptography,123,SAT,3.203,33379.000,47201.000,2841372.000,10,pc1
cf3e3966cab271572496706623621db1,cryptography,777,SAT,3.325,36572.000,50145.000,2685073.000,10,pc1
d45ce74aa51bf078725a22d8f4b5f253,cryptography,42,SAT,0.171,0.000,0.000,7295.000,10,pc1
d45ce74aa51bf078725a22d8f4b5f253,cryptography,123,SAT,0.158,0.000,0.000,7295.000,10,pc1
d45ce74aa51bf078725a22d8f4b5f253,cryptography,777,SAT,0.215,0.000,0.000,7295.000,10,pc1
d7c70bef991df85822145b9457127cea,cryptography,42,SAT,4.515,57760.000,73732.000,3564243.000,10,pc1
d7c70bef991df85822145b9457127cea,cryptography,123,SAT,3.302,37645.000,48942.000,2781254.000,10,pc1
d7c70bef991df85822145b9457127cea,cryptography,777,SAT,3.373,50266.000,68397.000,3307175.000,10,pc1
d8c6caa9a5ecf5ba05e3d4de66ae7972,cryptography,42,SAT,141.004,406367.000,965084.000,265843896.000,10,pc1
d8c6caa9a5ecf5ba05e3d4de66ae7972,cryptography,123,SAT,377.453,1217643.000,2527546.000,627028027.000,10,pc1
d8c6caa9a5ecf5ba05e3d4de66ae7972,cryptography,777,SAT,279.021,817614.000,1733805.000,478280836.000,10,pc1
d9042de56b5a0ee763ad7f9629aa52f8,cryptography,42,TIMEOUT,800.000,,,,-1,pc1
d9042de56b5a0ee763ad7f9629aa52f8,cryptography,123,TIMEOUT,800.000,,,,-1,pc1
d9042de56b5a0ee763ad7f9629aa52f8,cryptography,777,TIMEOUT,800.000,,,,-1,pc1
dc306e55bbd71adf6e14a7e3e0aa8b4a,cryptography,42,TIMEOUT,800.000,,,,-1,pc1
dc306e55bbd71adf6e14a7e3e0aa8b4a,cryptography,123,TIMEOUT,800.000,,,,-1,pc1
dc306e55bbd71adf6e14a7e3e0aa8b4a,cryptography,777,TIMEOUT,800.000,,,,-1,pc1
eba7f569a9faed0b8e88ce3d6fa576f7,cryptography,42,SAT,35.041,513015.000,2505218.000,37965487.000,10,pc1
eba7f569a9faed0b8e88ce3d6fa576f7,cryptography,123,SAT,55.024,783787.000,3553038.000,55636077.000,10,pc1
eba7f569a9faed0b8e88ce3d6fa576f7,cryptography,777,SAT,51.165,784455.000,3571138.000,55506204.000,10,pc1
ecca77b5350eca6a4323edd5b38208c6,cryptography,42,SAT,183.959,1034312.000,8230836.000,110701823.000,10,pc1
ecca77b5350eca6a4323edd5b38208c6,cryptography,123,SAT,83.253,512292.000,4629492.000,53556822.000,10,pc1
ecca77b5350eca6a4323edd5b38208c6,cryptography,777,SAT,119.850,653914.000,5435451.000,70845974.000,10,pc1
f35598a7f825266b848022f07fd71e7f,cryptography,42,TIMEOUT,800.000,,,,-1,pc1
f35598a7f825266b848022f07fd71e7f,cryptography,123,TIMEOUT,800.000,,,,-1,pc1
f35598a7f825266b848022f07fd71e7f,cryptography,777,TIMEOUT,800.000,,,,-1,pc1
f57f9b3e3eb5fb8fea5ebde6f8ae8820,cryptography,42,TIMEOUT,800.000,,,,-1,pc1
f57f9b3e3eb5fb8fea5ebde6f8ae8820,cryptography,123,TIMEOUT,800.000,,,,-1,pc1
f57f9b3e3eb5fb8fea5ebde6f8ae8820,cryptography,777,TIMEOUT,800.000,,,,-1,pc1
f640e39db9ae2d1da0f1212dae34f424,cryptography,42,TIMEOUT,800.000,,,,-1,pc1
f640e39db9ae2d1da0f1212dae34f424,cryptography,123,TIMEOUT,800.000,,,,-1,pc1
f640e39db9ae2d1da0f1212dae34f424,cryptography,777,TIMEOUT,800.000,,,,-1,pc1
f65e6b35a8aeb517edca599b8ad1d443,cryptography,42,SAT,263.200,2244568.000,2799823.000,154587835.000,10,pc1
f65e6b35a8aeb517edca599b8ad1d443,cryptography,123,SAT,40.215,418953.000,518183.000,38124854.000,10,pc1
f65e6b35a8aeb517edca599b8ad1d443,cryptography,777,SAT,68.764,684237.000,870282.000,59792294.000,10,pc1
f6e17b4abfa8ea9b89899525baf5e253,cryptography,42,TIMEOUT,800.000,,,,-1,pc1
f6e17b4abfa8ea9b89899525baf5e253,cryptography,123,TIMEOUT,800.000,,,,-1,pc1
f6e17b4abfa8ea9b89899525baf5e253,cryptography,777,TIMEOUT,800.000,,,,-1,pc1
f74506246cab3ad1ce2945b420d159c2,cryptography,42,SAT,0.216,0.000,0.000,15505.000,10,pc1
f74506246cab3ad1ce2945b420d159c2,cryptography,123,SAT,0.237,0.000,0.000,15505.000,10,pc1
f74506246cab3ad1ce2945b420d159c2,cryptography,777,SAT,0.516,0.000,0.000,15505.000,10,pc1
fb8870796ae73ec7998376bda529f6b1,cryptography,42,TIMEOUT,800.000,,,,-1,pc1
fb8870796ae73ec7998376bda529f6b1,cryptography,123,TIMEOUT,800.000,,,,-1,pc1
fb8870796ae73ec7998376bda529f6b1,cryptography,777,TIMEOUT,800.000,,,,-1,pc1
fbc694fc1c89942c03419264d204185c,cryptography,42,TIMEOUT,800.000,,,,-1,pc1
fbc694fc1c89942c03419264d204185c,cryptography,123,TIMEOUT,800.000,,,,-1,pc1
fbc694fc1c89942c03419264d204185c,cryptography,777,TIMEOUT,800.000,,,,-1,pc1
fcfefd89b9c39178f7f0589deb1c36a2,cryptography,42,TIMEOUT,800.000,,,,-1,pc1
fcfefd89b9c39178f7f0589deb1c36a2,cryptography,123,TIMEOUT,800.000,,,,-1,pc1
fcfefd89b9c39178f7f0589deb1c36a2,cryptography,777,TIMEOUT,800.000,,,,-1,pc1
fe6c4ae7ffa9af61ca62caf3cd2d1ec1,cryptography,42,TIMEOUT,800.000,,,,-1,pc1
fe6c4ae7ffa9af61ca62caf3cd2d1ec1,cryptography,123,TIMEOUT,800.000,,,,-1,pc1
fe6c4ae7ffa9af61ca62caf3cd2d1ec1,cryptography,777,TIMEOUT,800.000,,,,-1,pc1
ffc6478580fa7b48bfe3f7c7097accf0,cryptography,42,TIMEOUT,800.000,,,,-1,pc1
ffc6478580fa7b48bfe3f7c7097accf0,cryptography,123,TIMEOUT,800.000,,,,-1,pc1
ffc6478580fa7b48bfe3f7c7097accf0,cryptography,777,TIMEOUT,800.000,,,,-1,pc1
008e7716c69009090ff6bd0048dc55f8,hardware-verification,42,UNSAT,57.026,1924423.000,2997531.000,97217627.000,20,pc2
008e7716c69009090ff6bd0048dc55f8,hardware-verification,123,UNSAT,77.014,2756388.000,4125147.000,123793704.000,20,pc2
008e7716c69009090ff6bd0048dc55f8,hardware-verification,777,UNSAT,75.223,2795528.000,3973668.000,124691136.000,20,pc2
01225987412b6f8423cc68be93385f6e,hardware-verification,42,TIMEOUT,800.000,,,,-1,pc2
01225987412b6f8423cc68be93385f6e,hardware-verification,123,TIMEOUT,800.000,,,,-1,pc2
01225987412b6f8423cc68be93385f6e,hardware-verification,777,TIMEOUT,800.000,,,,-1,pc2
01dd5feb463fa80f73809718f6ff735b,hardware-verification,42,TIMEOUT,800.000,,,,-1,pc2
01dd5feb463fa80f73809718f6ff735b,hardware-verification,123,TIMEOUT,800.000,,,,-1,pc2
01dd5feb463fa80f73809718f6ff735b,hardware-verification,777,TIMEOUT,800.000,,,,-1,pc2
021686368317a35103f1f671f783d958,hardware-verification,42,CORRUPT_XZ,0.000,,,,-4,pc2
021686368317a35103f1f671f783d958,hardware-verification,123,CORRUPT_XZ,0.000,,,,-4,pc2
021686368317a35103f1f671f783d958,hardware-verification,777,CORRUPT_XZ,0.000,,,,-4,pc2
02609dfe236c0c2beeac79e61cbe6151,hardware-verification,42,CORRUPT_XZ,0.000,,,,-4,pc2
02609dfe236c0c2beeac79e61cbe6151,hardware-verification,123,CORRUPT_XZ,0.000,,,,-4,pc2
02609dfe236c0c2beeac79e61cbe6151,hardware-verification,777,CORRUPT_XZ,0.000,,,,-4,pc2
06e997650b24ac5b5f87c1c64f4a5dcb,hardware-verification,42,UNSAT,2.108,90.000,11111.000,1543103.000,20,pc2
06e997650b24ac5b5f87c1c64f4a5dcb,hardware-verification,123,UNSAT,2.075,90.000,11111.000,1543103.000,20,pc2
06e997650b24ac5b5f87c1c64f4a5dcb,hardware-verification,777,UNSAT,1.888,90.000,11111.000,1543103.000,20,pc2
0d32d1684e3bf275566925e996ee525b,hardware-verification,42,SAT,13.339,72344.000,257120.000,38124959.000,10,pc2
0d32d1684e3bf275566925e996ee525b,hardware-verification,123,SAT,8.962,41789.000,178772.000,23905749.000,10,pc2
0d32d1684e3bf275566925e996ee525b,hardware-verification,777,SAT,10.301,43335.000,170951.000,26953492.000,10,pc2
0e5473ee6c2085b34c798f23fbebc08e,hardware-verification,42,UNSAT,311.329,2295505.000,9021928.000,383840577.000,20,pc2
0e5473ee6c2085b34c798f23fbebc08e,hardware-verification,123,UNSAT,290.745,2063077.000,7862392.000,343579297.000,20,pc2
0e5473ee6c2085b34c798f23fbebc08e,hardware-verification,777,UNSAT,287.868,2153581.000,8194673.000,347341356.000,20,pc2
123f20f98b8ceea5bb6a17bc0189f52e,hardware-verification,42,UNSAT,18.710,113612.000,747193.000,43040172.000,20,pc2
123f20f98b8ceea5bb6a17bc0189f52e,hardware-verification,123,UNSAT,18.550,119717.000,779694.000,43617775.000,20,pc2
123f20f98b8ceea5bb6a17bc0189f52e,hardware-verification,777,UNSAT,16.506,92782.000,657933.000,37888212.000,20,pc2
142d58c9e9d4f66ef43a1ba97a7ed3aa,hardware-verification,42,SAT,26.701,111670.000,721140.000,45291682.000,10,pc2
142d58c9e9d4f66ef43a1ba97a7ed3aa,hardware-verification,123,SAT,23.958,66896.000,582711.000,38266169.000,10,pc2
142d58c9e9d4f66ef43a1ba97a7ed3aa,hardware-verification,777,SAT,14.367,29711.000,323263.000,17482202.000,10,pc2
1528eb6d52af13c24177d4b4dcc3621e,hardware-verification,42,TIMEOUT,800.000,,,,-1,pc2
1528eb6d52af13c24177d4b4dcc3621e,hardware-verification,123,TIMEOUT,800.000,,,,-1,pc2
1528eb6d52af13c24177d4b4dcc3621e,hardware-verification,777,TIMEOUT,800.000,,,,-1,pc2
19308e66f43a54e66e9ea9c9cbfd2c5d,hardware-verification,42,UNSAT,3.426,59132.000,122271.000,10977696.000,20,pc2
19308e66f43a54e66e9ea9c9cbfd2c5d,hardware-verification,123,UNSAT,3.851,59462.000,124988.000,10267621.000,20,pc2
19308e66f43a54e66e9ea9c9cbfd2c5d,hardware-verification,777,UNSAT,3.019,45420.000,97928.000,9005068.000,20,pc2
1a54d40df8c785978f943b19a073f498,hardware-verification,42,UNSAT,148.523,1188483.000,3993944.000,165900389.000,20,pc2
1a54d40df8c785978f943b19a073f498,hardware-verification,123,UNSAT,210.269,1473750.000,5099238.000,221640504.000,20,pc2
1a54d40df8c785978f943b19a073f498,hardware-verification,777,UNSAT,203.706,1452604.000,4884716.000,234918314.000,20,pc2
1b03ec4f0dbdfc0ad208c315f08197ea,hardware-verification,42,TIMEOUT,800.000,,,,-1,pc2
1b03ec4f0dbdfc0ad208c315f08197ea,hardware-verification,123,TIMEOUT,800.000,,,,-1,pc2
1b03ec4f0dbdfc0ad208c315f08197ea,hardware-verification,777,TIMEOUT,800.000,,,,-1,pc2
1c75c324c67bd3d1017b9445047fac73,hardware-verification,42,UNSAT,300.620,1642862.000,4666333.000,352917804.000,20,pc2
1c75c324c67bd3d1017b9445047fac73,hardware-verification,123,UNSAT,333.855,1957472.000,5382184.000,371256256.000,20,pc2
1c75c324c67bd3d1017b9445047fac73,hardware-verification,777,UNSAT,264.893,1799845.000,4833022.000,354071295.000,20,pc2
1e3bc16711797a3757873f6768a50bf9,hardware-verification,42,CORRUPT_XZ,0.000,,,,-4,pc2
1e3bc16711797a3757873f6768a50bf9,hardware-verification,123,CORRUPT_XZ,0.000,,,,-4,pc2
1e3bc16711797a3757873f6768a50bf9,hardware-verification,777,CORRUPT_XZ,0.000,,,,-4,pc2
238ac19e2323131e3e64e24de08edda6,hardware-verification,42,UNSAT,533.795,5412438.000,19878328.000,3201553548.000,20,pc2
238ac19e2323131e3e64e24de08edda6,hardware-verification,123,UNSAT,224.436,2361404.000,10743695.000,1488994215.000,20,pc2
238ac19e2323131e3e64e24de08edda6,hardware-verification,777,UNSAT,260.998,2733697.000,11087618.000,1568989588.000,20,pc2
24085934701c1459db776550a3584376,hardware-verification,42,CORRUPT_XZ,0.000,,,,-4,pc2
24085934701c1459db776550a3584376,hardware-verification,123,CORRUPT_XZ,0.000,,,,-4,pc2
24085934701c1459db776550a3584376,hardware-verification,777,CORRUPT_XZ,0.000,,,,-4,pc2
266eb88975be72196f5bc82f371464c1,hardware-verification,42,UNSAT,50.354,673372.000,2477946.000,77143734.000,20,pc2
266eb88975be72196f5bc82f371464c1,hardware-verification,123,UNSAT,57.742,781977.000,2611380.000,89329669.000,20,pc2
266eb88975be72196f5bc82f371464c1,hardware-verification,777,UNSAT,41.225,537729.000,2095796.000,67683297.000,20,pc2
2990a988ad038b3042c99ae04fe67aa2,hardware-verification,42,CORRUPT_XZ,0.000,,,,-4,pc2
2990a988ad038b3042c99ae04fe67aa2,hardware-verification,123,CORRUPT_XZ,0.000,,,,-4,pc2
2990a988ad038b3042c99ae04fe67aa2,hardware-verification,777,CORRUPT_XZ,0.000,,,,-4,pc2
29cdfa5d3fa13d709b509d8194f5e1da,hardware-verification,42,SAT,31.400,126237.000,647169.000,69662603.000,10,pc2
29cdfa5d3fa13d709b509d8194f5e1da,hardware-verification,123,SAT,32.402,128004.000,646213.000,72298679.000,10,pc2
29cdfa5d3fa13d709b509d8194f5e1da,hardware-verification,777,SAT,67.317,296287.000,1150961.000,127724899.000,10,pc2
2b1e5d364a185c3b87130064694dabe5,hardware-verification,42,SAT,414.091,482005.000,5796536.000,636331234.000,10,pc2
2b1e5d364a185c3b87130064694dabe5,hardware-verification,123,SAT,253.962,145776.000,2636446.000,273978186.000,10,pc2
2b1e5d364a185c3b87130064694dabe5,hardware-verification,777,SAT,406.916,454930.000,6506556.000,578285486.000,10,pc2
2c99d11353db6e6ba0768ccb9951379b,hardware-verification,42,CORRUPT_XZ,0.000,,,,-4,pc2
2c99d11353db6e6ba0768ccb9951379b,hardware-verification,123,CORRUPT_XZ,0.000,,,,-4,pc2
2c99d11353db6e6ba0768ccb9951379b,hardware-verification,777,CORRUPT_XZ,0.000,,,,-4,pc2
318c711fcd004ffce67b958b200fe04e,hardware-verification,42,CORRUPT_XZ,0.000,,,,-4,pc2
318c711fcd004ffce67b958b200fe04e,hardware-verification,123,CORRUPT_XZ,0.000,,,,-4,pc2
318c711fcd004ffce67b958b200fe04e,hardware-verification,777,CORRUPT_XZ,0.000,,,,-4,pc2
33bc7daf6c398d1577e904833e889e33,hardware-verification,42,CORRUPT_XZ,0.000,,,,-4,pc2
33bc7daf6c398d1577e904833e889e33,hardware-verification,123,CORRUPT_XZ,0.000,,,,-4,pc2
33bc7daf6c398d1577e904833e889e33,hardware-verification,777,CORRUPT_XZ,0.000,,,,-4,pc2
341c4f501ceb036a1ff19f653986cf04,hardware-verification,42,UNSAT,3.685,17834.000,40306.000,11038303.000,20,pc2
341c4f501ceb036a1ff19f653986cf04,hardware-verification,123,UNSAT,4.121,29583.000,60163.000,13537676.000,20,pc2
341c4f501ceb036a1ff19f653986cf04,hardware-verification,777,UNSAT,4.961,30742.000,62066.000,13116027.000,20,pc2
34d6e19fd57e7d586925b622f95cf4d4,hardware-verification,42,UNSAT,16.954,215637.000,404465.000,38814518.000,20,pc2
34d6e19fd57e7d586925b622f95cf4d4,hardware-verification,123,UNSAT,20.727,306219.000,623161.000,50939834.000,20,pc2
34d6e19fd57e7d586925b622f95cf4d4,hardware-verification,777,UNSAT,19.627,264290.000,596239.000,45827932.000,20,pc2
36680cee102d6ba9a60ca66b27e8be4a,hardware-verification,42,UNSAT,1.101,15809.000,52132.000,4396090.000,20,pc2
36680cee102d6ba9a60ca66b27e8be4a,hardware-verification,123,UNSAT,1.671,27525.000,81738.000,6120987.000,20,pc2
36680cee102d6ba9a60ca66b27e8be4a,hardware-verification,777,UNSAT,1.704,28973.000,84961.000,6220382.000,20,pc2
3809622bf2828655a0979750ccb7f1aa,hardware-verification,42,CORRUPT_XZ,0.000,,,,-4,pc2
3809622bf2828655a0979750ccb7f1aa,hardware-verification,123,CORRUPT_XZ,0.000,,,,-4,pc2
3809622bf2828655a0979750ccb7f1aa,hardware-verification,777,CORRUPT_XZ,0.000,,,,-4,pc2
3851a0831791fe01373d3494db10c826,hardware-verification,42,CORRUPT_XZ,0.000,,,,-4,pc2
3851a0831791fe01373d3494db10c826,hardware-verification,123,CORRUPT_XZ,0.000,,,,-4,pc2
3851a0831791fe01373d3494db10c826,hardware-verification,777,CORRUPT_XZ,0.000,,,,-4,pc2
3b280166c22bcfaf051aa52f48741033,hardware-verification,42,CORRUPT_XZ,0.000,,,,-4,pc2
3b280166c22bcfaf051aa52f48741033,hardware-verification,123,CORRUPT_XZ,0.000,,,,-4,pc2
3b280166c22bcfaf051aa52f48741033,hardware-verification,777,CORRUPT_XZ,0.000,,,,-4,pc2
3c881c253d7a0cccc58b7cb2e65de414,hardware-verification,42,TIMEOUT,800.000,,,,-1,pc2
3c881c253d7a0cccc58b7cb2e65de414,hardware-verification,123,TIMEOUT,800.000,,,,-1,pc2
3c881c253d7a0cccc58b7cb2e65de414,hardware-verification,777,TIMEOUT,800.000,,,,-1,pc2
3dd2492548059b47e5266ff28beea74b,hardware-verification,42,UNSAT,1.899,4091.000,34396.000,5931397.000,20,pc2
3dd2492548059b47e5266ff28beea74b,hardware-verification,123,UNSAT,2.298,6769.000,52916.000,8593182.000,20,pc2
3dd2492548059b47e5266ff28beea74b,hardware-verification,777,UNSAT,1.994,5146.000,37407.000,7125923.000,20,pc2
40a2e69c03e5d5dc28d4ece13f9e5091,hardware-verification,42,TIMEOUT,800.000,,,,-1,pc2
40a2e69c03e5d5dc28d4ece13f9e5091,hardware-verification,123,TIMEOUT,800.000,,,,-1,pc2
40a2e69c03e5d5dc28d4ece13f9e5091,hardware-verification,777,TIMEOUT,800.000,,,,-1,pc2
45841645d9d9a6917b463205d632ec6b,hardware-verification,42,CORRUPT_XZ,0.000,,,,-4,pc2
45841645d9d9a6917b463205d632ec6b,hardware-verification,123,CORRUPT_XZ,0.000,,,,-4,pc2
45841645d9d9a6917b463205d632ec6b,hardware-verification,777,CORRUPT_XZ,0.000,,,,-4,pc2
462e4c51cd56c9c06478b8baf026e669,hardware-verification,42,SAT,361.876,785371.000,4783058.000,1331868775.000,10,pc2
462e4c51cd56c9c06478b8baf026e669,hardware-verification,123,SAT,88.458,74263.000,645075.000,151696960.000,10,pc2
462e4c51cd56c9c06478b8baf026e669,hardware-verification,777,SAT,27.022,20132.000,183654.000,43028243.000,10,pc2
48a407b2975b78b1ba0656766ba51005,hardware-verification,42,UNSAT,0.347,0.000,0.000,141161.000,20,pc2
48a407b2975b78b1ba0656766ba51005,hardware-verification,123,UNSAT,0.326,0.000,0.000,141161.000,20,pc2
48a407b2975b78b1ba0656766ba51005,hardware-verification,777,UNSAT,0.331,0.000,0.000,141161.000,20,pc2
4c0e1658f1ebe6b33cb3dda80aec4541,hardware-verification,42,UNSAT,19.433,316494.000,909991.000,79990146.000,20,pc2
4c0e1658f1ebe6b33cb3dda80aec4541,hardware-verification,123,UNSAT,19.432,312177.000,929366.000,78750088.000,20,pc2
4c0e1658f1ebe6b33cb3dda80aec4541,hardware-verification,777,UNSAT,18.592,281177.000,921336.000,73232210.000,20,pc2
4dcf9b525d9f46f4b17b132c765322ed,hardware-verification,42,UNSAT,81.872,2614536.000,3110423.000,100443041.000,20,pc2
4dcf9b525d9f46f4b17b132c765322ed,hardware-verification,123,UNSAT,62.016,2302972.000,2909215.000,81430127.000,20,pc2
4dcf9b525d9f46f4b17b132c765322ed,hardware-verification,777,UNSAT,76.898,2336854.000,3174706.000,100142814.000,20,pc2
4f6c12da41e2faddfda107ad9be5a66f,hardware-verification,42,UNSAT,10.046,8921.000,104581.000,32696117.000,20,pc2
4f6c12da41e2faddfda107ad9be5a66f,hardware-verification,123,UNSAT,14.011,14372.000,112248.000,38321675.000,20,pc2
4f6c12da41e2faddfda107ad9be5a66f,hardware-verification,777,UNSAT,9.131,8863.000,80732.000,27957862.000,20,pc2
52b47ce322dd8d15430c198db8ebfdb8,hardware-verification,42,UNSAT,0.321,7732.000,16365.000,1152369.000,20,pc2
52b47ce322dd8d15430c198db8ebfdb8,hardware-verification,123,UNSAT,0.309,6119.000,14085.000,984878.000,20,pc2
52b47ce322dd8d15430c198db8ebfdb8,hardware-verification,777,UNSAT,0.276,5272.000,12684.000,868005.000,20,pc2
537b5346fc13489204d50e61a712e81d,hardware-verification,42,TIMEOUT,800.000,,,,-1,pc2
537b5346fc13489204d50e61a712e81d,hardware-verification,123,TIMEOUT,800.000,,,,-1,pc2
537b5346fc13489204d50e61a712e81d,hardware-verification,777,UNSAT,790.084,4496948.000,57481233.000,1391860904.000,20,pc2
55c648ed1a8cde597f4ecc71ca0a1562,hardware-verification,42,UNSAT,13.021,137584.000,295090.000,30970972.000,20,pc2
55c648ed1a8cde597f4ecc71ca0a1562,hardware-verification,123,UNSAT,19.685,203721.000,427725.000,39855362.000,20,pc2
55c648ed1a8cde597f4ecc71ca0a1562,hardware-verification,777,UNSAT,18.666,185265.000,377996.000,36458966.000,20,pc2
5c06d8549811167b025b9e47d905e8f9,hardware-verification,42,UNSAT,0.488,1604.000,2480.000,4350155.000,20,pc2
5c06d8549811167b025b9e47d905e8f9,hardware-verification,123,UNSAT,0.470,1604.000,2480.000,4350155.000,20,pc2
5c06d8549811167b025b9e47d905e8f9,hardware-verification,777,UNSAT,0.532,1604.000,2480.000,4350155.000,20,pc2
63c6886839a82442cdfbb3167d464baf,hardware-verification,42,CORRUPT_XZ,0.000,,,,-4,pc2
63c6886839a82442cdfbb3167d464baf,hardware-verification,123,CORRUPT_XZ,0.000,,,,-4,pc2
63c6886839a82442cdfbb3167d464baf,hardware-verification,777,CORRUPT_XZ,0.000,,,,-4,pc2
67ee23581bb6dddab15f287f39c27822,hardware-verification,42,UNSAT,36.830,337610.000,448643.000,176957470.000,20,pc2
67ee23581bb6dddab15f287f39c27822,hardware-verification,123,UNSAT,37.406,331760.000,432426.000,192637165.000,20,pc2
67ee23581bb6dddab15f287f39c27822,hardware-verification,777,UNSAT,14.164,148679.000,209491.000,82310823.000,20,pc2
6832fe907740af686fde98518067ea3f,hardware-verification,42,SAT,517.161,1092136.000,4956152.000,1641698563.000,10,pc2
6832fe907740af686fde98518067ea3f,hardware-verification,123,TIMEOUT,800.000,,,,-1,pc2
6832fe907740af686fde98518067ea3f,hardware-verification,777,SAT,461.457,821828.000,4328178.000,1342764556.000,10,pc2
6d637f8934c46e2a2638f3cfcba1c75f,hardware-verification,42,SAT,16.351,91184.000,397870.000,45955966.000,10,pc2
6d637f8934c46e2a2638f3cfcba1c75f,hardware-verification,123,SAT,14.205,72315.000,307274.000,38772738.000,10,pc2
6d637f8934c46e2a2638f3cfcba1c75f,hardware-verification,777,SAT,10.170,47440.000,214299.000,28313692.000,10,pc2
71b2e3b3fe4ab92e7bc178a7df91195b,hardware-verification,42,UNSAT,3.963,18019.000,43654.000,14642001.000,20,pc2
71b2e3b3fe4ab92e7bc178a7df91195b,hardware-verification,123,UNSAT,4.518,19846.000,46746.000,17259734.000,20,pc2
71b2e3b3fe4ab92e7bc178a7df91195b,hardware-verification,777,UNSAT,5.131,22961.000,55642.000,17424515.000,20,pc2
7279929ad5026c568a5477fb144ea5ce,hardware-verification,42,UNSAT,62.756,542267.000,1970016.000,97282354.000,20,pc2
7279929ad5026c568a5477fb144ea5ce,hardware-verification,123,UNSAT,90.571,795614.000,2805896.000,126800049.000,20,pc2
7279929ad5026c568a5477fb144ea5ce,hardware-verification,777,UNSAT,91.657,762830.000,2706762.000,125858886.000,20,pc2
7428f9475ea5edafd4d12eb616516255,hardware-verification,42,UNSAT,0.275,0.000,0.000,85779.000,20,pc2
7428f9475ea5edafd4d12eb616516255,hardware-verification,123,UNSAT,0.266,0.000,0.000,85779.000,20,pc2
7428f9475ea5edafd4d12eb616516255,hardware-verification,777,UNSAT,0.276,0.000,0.000,85779.000,20,pc2
743ea2db196135f24feb98c487bb255d,hardware-verification,42,CORRUPT_XZ,0.000,,,,-4,pc2
743ea2db196135f24feb98c487bb255d,hardware-verification,123,CORRUPT_XZ,0.000,,,,-4,pc2
743ea2db196135f24feb98c487bb255d,hardware-verification,777,CORRUPT_XZ,0.000,,,,-4,pc2
7c161c9db65367fffd7bccf94b0550c0,hardware-verification,42,SAT,588.100,2542883.000,8500456.000,1328022655.000,10,pc2
7c161c9db65367fffd7bccf94b0550c0,hardware-verification,123,SAT,625.696,2733362.000,9261588.000,1410528330.000,10,pc2
7c161c9db65367fffd7bccf94b0550c0,hardware-verification,777,SAT,373.099,1708113.000,6095730.000,872356167.000,10,pc2
7c4a22218b720c559b2d9bc642e4e8d1,hardware-verification,42,UNSAT,50.817,478438.000,1773817.000,78696611.000,20,pc2
7c4a22218b720c559b2d9bc642e4e8d1,hardware-verification,123,UNSAT,43.459,395426.000,1485347.000,74683011.000,20,pc2
7c4a22218b720c559b2d9bc642e4e8d1,hardware-verification,777,UNSAT,40.742,385431.000,1521140.000,74976727.000,20,pc2
7ca07adf30ff0a7637d92339236b7644,hardware-verification,42,CORRUPT_XZ,0.000,,,,-4,pc2
7ca07adf30ff0a7637d92339236b7644,hardware-verification,123,CORRUPT_XZ,0.000,,,,-4,pc2
7ca07adf30ff0a7637d92339236b7644,hardware-verification,777,CORRUPT_XZ,0.000,,,,-4,pc2
7ca8e1d0545335d5d060f82f13a56481,hardware-verification,42,UNSAT,158.264,1157400.000,2063288.000,284837810.000,20,pc2
7ca8e1d0545335d5d060f82f13a56481,hardware-verification,123,UNSAT,155.992,1039368.000,1848068.000,291673361.000,20,pc2
7ca8e1d0545335d5d060f82f13a56481,hardware-verification,777,UNSAT,183.994,1170894.000,1987874.000,330843018.000,20,pc2
7ce742e1b79596a204fb3be1fe239808,hardware-verification,42,TIMEOUT,800.000,,,,-1,pc2
7ce742e1b79596a204fb3be1fe239808,hardware-verification,123,TIMEOUT,800.000,,,,-1,pc2
7ce742e1b79596a204fb3be1fe239808,hardware-verification,777,TIMEOUT,800.000,,,,-1,pc2
7d39db575c4b7d2f3c799286ecb9c8db,hardware-verification,42,UNSAT,2.533,4630.000,33734.000,6345296.000,20,pc2
7d39db575c4b7d2f3c799286ecb9c8db,hardware-verification,123,UNSAT,2.403,6012.000,36748.000,6533620.000,20,pc2
7d39db575c4b7d2f3c799286ecb9c8db,hardware-verification,777,UNSAT,2.455,5063.000,34128.000,6505668.000,20,pc2
7d89daff5013fc5acc0e0c86ba805224,hardware-verification,42,UNSAT,387.912,1614150.000,4571560.000,573242656.000,20,pc2
7d89daff5013fc5acc0e0c86ba805224,hardware-verification,123,UNSAT,346.037,1419111.000,4157493.000,515379915.000,20,pc2
7d89daff5013fc5acc0e0c86ba805224,hardware-verification,777,UNSAT,337.840,1552475.000,4449003.000,537626081.000,20,pc2
7de705a9c6bf38917fd41b4892c8d69e,hardware-verification,42,TIMEOUT,800.000,,,,-1,pc2
7de705a9c6bf38917fd41b4892c8d69e,hardware-verification,123,TIMEOUT,800.000,,,,-1,pc2
7de705a9c6bf38917fd41b4892c8d69e,hardware-verification,777,TIMEOUT,800.000,,,,-1,pc2
8012832d327f2989636e949e560cd7dc,hardware-verification,42,UNSAT,41.487,278859.000,394547.000,152184623.000,20,pc2
8012832d327f2989636e949e560cd7dc,hardware-verification,123,UNSAT,38.149,278651.000,380805.000,147285036.000,20,pc2
8012832d327f2989636e949e560cd7dc,hardware-verification,777,UNSAT,29.380,250487.000,337118.000,90507522.000,20,pc2
8175dacde2d6517a91c1912847a34006,hardware-verification,42,SAT,189.954,824186.000,2771448.000,354723560.000,10,pc2
8175dacde2d6517a91c1912847a34006,hardware-verification,123,SAT,114.727,522615.000,1914227.000,230716118.000,10,pc2
8175dacde2d6517a91c1912847a34006,hardware-verification,777,SAT,469.344,1672362.000,5271748.000,714852631.000,10,pc2
85bcea9916a558523a9b90394fe8c79d,hardware-verification,42,TIMEOUT,800.000,,,,-1,pc2
85bcea9916a558523a9b90394fe8c79d,hardware-verification,123,TIMEOUT,800.000,,,,-1,pc2
85bcea9916a558523a9b90394fe8c79d,hardware-verification,777,TIMEOUT,800.000,,,,-1,pc2
89155fcd27d2b2e9a953ef2dd1aa7995,hardware-verification,42,UNSAT,87.958,619791.000,2407462.000,74979432.000,20,pc2
89155fcd27d2b2e9a953ef2dd1aa7995,hardware-verification,123,UNSAT,65.822,518287.000,2160245.000,71444995.000,20,pc2
89155fcd27d2b2e9a953ef2dd1aa7995,hardware-verification,777,UNSAT,73.513,642497.000,2392459.000,80619717.000,20,pc2
8bf8a0204795cca07ff648a3fbdcd6b6,hardware-verification,42,UNSAT,0.398,0.000,0.000,78760.000,20,pc2
8bf8a0204795cca07ff648a3fbdcd6b6,hardware-verification,123,UNSAT,0.365,0.000,0.000,78760.000,20,pc2
8bf8a0204795cca07ff648a3fbdcd6b6,hardware-verification,777,UNSAT,0.444,0.000,0.000,78760.000,20,pc2
974c493d0611331a96d3395118d752d5,hardware-verification,42,UNSAT,4.128,17595.000,53565.000,12627180.000,20,pc2
974c493d0611331a96d3395118d752d5,hardware-verification,123,UNSAT,2.761,8790.000,33323.000,9609703.000,20,pc2
974c493d0611331a96d3395118d752d5,hardware-verification,777,UNSAT,4.189,22890.000,62269.000,14028181.000,20,pc2
9aa98b3e04145583bff4dea1932f1935,hardware-verification,42,UNSAT,7.341,120603.000,309634.000,22895629.000,20,pc2
9aa98b3e04145583bff4dea1932f1935,hardware-verification,123,UNSAT,5.895,79805.000,230136.000,15913510.000,20,pc2
9aa98b3e04145583bff4dea1932f1935,hardware-verification,777,UNSAT,9.668,172913.000,424825.000,31733764.000,20,pc2
9bd96394b3c077cccb5d71ea405e4733,hardware-verification,42,UNSAT,16.372,225118.000,310734.000,20747870.000,20,pc2
9bd96394b3c077cccb5d71ea405e4733,hardware-verification,123,UNSAT,27.794,384856.000,511723.000,30688147.000,20,pc2
9bd96394b3c077cccb5d71ea405e4733,hardware-verification,777,UNSAT,15.323,244005.000,350516.000,22442551.000,20,pc2
9fc26aba0bfe4f836ab7945a6db59c53,hardware-verification,42,TIMEOUT,800.000,,,,-1,pc2
9fc26aba0bfe4f836ab7945a6db59c53,hardware-verification,123,TIMEOUT,800.000,,,,-1,pc2
9fc26aba0bfe4f836ab7945a6db59c53,hardware-verification,777,TIMEOUT,800.000,,,,-1,pc2
a1084b11d2004093a0aa6ec19fa2a4e4,hardware-verification,42,UNSAT,1.932,16891.000,54867.000,5437560.000,20,pc2
a1084b11d2004093a0aa6ec19fa2a4e4,hardware-verification,123,UNSAT,1.994,13483.000,44662.000,4792630.000,20,pc2
a1084b11d2004093a0aa6ec19fa2a4e4,hardware-verification,777,UNSAT,2.567,19356.000,61565.000,5744711.000,20,pc2
a10983c44cb44730ade4261f1671a6db,hardware-verification,42,UNSAT,13.614,54939.000,92133.000,51471176.000,20,pc2
a10983c44cb44730ade4261f1671a6db,hardware-verification,123,UNSAT,15.824,61037.000,99093.000,49738571.000,20,pc2
a10983c44cb44730ade4261f1671a6db,hardware-verification,777,UNSAT,13.037,55678.000,92174.000,49069984.000,20,pc2
a3df62a4e3dedb2354760137416e8bcf,hardware-verification,42,TIMEOUT,800.000,,,,-1,pc2
a3df62a4e3dedb2354760137416e8bcf,hardware-verification,123,TIMEOUT,800.000,,,,-1,pc2
a3df62a4e3dedb2354760137416e8bcf,hardware-verification,777,TIMEOUT,800.000,,,,-1,pc2
a4bc0d5aeebbea89e98f122f9d3e8021,hardware-verification,42,UNSAT,0.124,1.000,0.000,62538.000,20,pc2
a4bc0d5aeebbea89e98f122f9d3e8021,hardware-verification,123,UNSAT,0.123,1.000,0.000,62538.000,20,pc2
a4bc0d5aeebbea89e98f122f9d3e8021,hardware-verification,777,UNSAT,0.121,1.000,0.000,62538.000,20,pc2
a7ae3234b0cf64bfc9c40063f7cb40fa,hardware-verification,42,UNSAT,21.435,270528.000,651368.000,51150427.000,20,pc2
a7ae3234b0cf64bfc9c40063f7cb40fa,hardware-verification,123,UNSAT,26.002,320853.000,704546.000,57040862.000,20,pc2
a7ae3234b0cf64bfc9c40063f7cb40fa,hardware-verification,777,UNSAT,22.495,275594.000,619523.000,51880686.000,20,pc2
ac047c52c86534813ec7aff3618b43e8,hardware-verification,42,CORRUPT_XZ,0.000,,,,-4,pc2
ac047c52c86534813ec7aff3618b43e8,hardware-verification,123,CORRUPT_XZ,0.000,,,,-4,pc2
ac047c52c86534813ec7aff3618b43e8,hardware-verification,777,CORRUPT_XZ,0.000,,,,-4,pc2
b1a707a833a2ef4ce72a93be3c6862af,hardware-verification,42,UNSAT,35.448,228504.000,598836.000,130716985.000,20,pc2
b1a707a833a2ef4ce72a93be3c6862af,hardware-verification,123,UNSAT,39.968,266161.000,712462.000,146292855.000,20,pc2
b1a707a833a2ef4ce72a93be3c6862af,hardware-verification,777,UNSAT,32.588,202628.000,525962.000,116056923.000,20,pc2
b95f86c28d0b47a378407235882ba6bf,hardware-verification,42,CORRUPT_XZ,0.000,,,,-4,pc2
b95f86c28d0b47a378407235882ba6bf,hardware-verification,123,CORRUPT_XZ,0.000,,,,-4,pc2
b95f86c28d0b47a378407235882ba6bf,hardware-verification,777,CORRUPT_XZ,0.000,,,,-4,pc2
b99fecdb9f768598d9e1db697736566b,hardware-verification,42,UNSAT,0.596,928.000,8265.000,1695927.000,20,pc2
b99fecdb9f768598d9e1db697736566b,hardware-verification,123,UNSAT,0.604,934.000,7932.000,1521102.000,20,pc2
b99fecdb9f768598d9e1db697736566b,hardware-verification,777,UNSAT,0.665,908.000,8977.000,1796013.000,20,pc2
bcc463117abdbc5904e042d039f2af5d,hardware-verification,42,SAT,18.115,61851.000,419304.000,36378327.000,10,pc2
bcc463117abdbc5904e042d039f2af5d,hardware-verification,123,SAT,18.409,66007.000,410272.000,38253419.000,10,pc2
bcc463117abdbc5904e042d039f2af5d,hardware-verification,777,SAT,49.322,255085.000,986204.000,102784364.000,10,pc2
bd0098f679a9eb2eca6fb5d071133529,hardware-verification,42,CORRUPT_XZ,0.000,,,,-4,pc2
bd0098f679a9eb2eca6fb5d071133529,hardware-verification,123,CORRUPT_XZ,0.000,,,,-4,pc2
bd0098f679a9eb2eca6fb5d071133529,hardware-verification,777,CORRUPT_XZ,0.000,,,,-4,pc2
bd399d9205839483f9a9e95838d38795,hardware-verification,42,CORRUPT_XZ,0.000,,,,-4,pc2
bd399d9205839483f9a9e95838d38795,hardware-verification,123,CORRUPT_XZ,0.000,,,,-4,pc2
bd399d9205839483f9a9e95838d38795,hardware-verification,777,CORRUPT_XZ,0.000,,,,-4,pc2
be97f31d4c992de493905ac6f08de72d,hardware-verification,42,UNSAT,27.074,60554.000,274100.000,74749203.000,20,pc2
be97f31d4c992de493905ac6f08de72d,hardware-verification,123,UNSAT,31.029,42962.000,285816.000,79682558.000,20,pc2
be97f31d4c992de493905ac6f08de72d,hardware-verification,777,UNSAT,23.418,19656.000,156467.000,65962567.000,20,pc2
c0fa5f3254e6b246e954f48038600d87,hardware-verification,42,CORRUPT_XZ,0.000,,,,-4,pc2
c0fa5f3254e6b246e954f48038600d87,hardware-verification,123,CORRUPT_XZ,0.000,,,,-4,pc2
c0fa5f3254e6b246e954f48038600d87,hardware-verification,777,CORRUPT_XZ,0.000,,,,-4,pc2
c19bb3d425ef822f8f2b9bb4f4ce6b5b,hardware-verification,42,CORRUPT_XZ,0.000,,,,-4,pc2
c19bb3d425ef822f8f2b9bb4f4ce6b5b,hardware-verification,123,CORRUPT_XZ,0.000,,,,-4,pc2
c19bb3d425ef822f8f2b9bb4f4ce6b5b,hardware-verification,777,CORRUPT_XZ,0.000,,,,-4,pc2
c7c3bc3fd3b513c41052983f1f4d784b,hardware-verification,42,UNSAT,2.732,6559.000,43632.000,9762408.000,20,pc2
c7c3bc3fd3b513c41052983f1f4d784b,hardware-verification,123,UNSAT,3.088,7089.000,48547.000,10948265.000,20,pc2
c7c3bc3fd3b513c41052983f1f4d784b,hardware-verification,777,UNSAT,2.780,5504.000,41292.000,8537641.000,20,pc2
cb37e5a44cadd7b1bd70b892a0931278,hardware-verification,42,CORRUPT_XZ,0.000,,,,-4,pc2
cb37e5a44cadd7b1bd70b892a0931278,hardware-verification,123,CORRUPT_XZ,0.000,,,,-4,pc2
cb37e5a44cadd7b1bd70b892a0931278,hardware-verification,777,CORRUPT_XZ,0.000,,,,-4,pc2
cd8b6bf799840735edb35bc95d30f614,hardware-verification,42,UNSAT,26.763,413621.000,1353452.000,146054395.000,20,pc2
cd8b6bf799840735edb35bc95d30f614,hardware-verification,123,UNSAT,54.023,847750.000,2803581.000,292692733.000,20,pc2
cd8b6bf799840735edb35bc95d30f614,hardware-verification,777,UNSAT,43.130,713672.000,2890330.000,225943955.000,20,pc2
ce492517202b4d870280cb2c6e38e03f,hardware-verification,42,UNSAT,162.745,1959767.000,2090417.000,141283423.000,20,pc2
ce492517202b4d870280cb2c6e38e03f,hardware-verification,123,UNSAT,137.520,1765266.000,1915520.000,139919700.000,20,pc2
ce492517202b4d870280cb2c6e38e03f,hardware-verification,777,UNSAT,125.905,1555798.000,1676717.000,119217058.000,20,pc2
cec96be7ec1ff12260f3e3f630f7b843,hardware-verification,42,UNSAT,184.243,1571206.000,2497073.000,283811792.000,20,pc2
cec96be7ec1ff12260f3e3f630f7b843,hardware-verification,123,UNSAT,185.659,1599840.000,2518151.000,282199087.000,20,pc2
cec96be7ec1ff12260f3e3f630f7b843,hardware-verification,777,UNSAT,166.765,1373005.000,2231133.000,248641166.000,20,pc2
cf7e3aa713a4733d0ebb53c79ac39d43,hardware-verification,42,UNSAT,88.573,1214221.000,9118488.000,284207739.000,20,pc2
cf7e3aa713a4733d0ebb53c79ac39d43,hardware-verification,123,UNSAT,84.335,1251639.000,10099806.000,274054926.000,20,pc2
cf7e3aa713a4733d0ebb53c79ac39d43,hardware-verification,777,UNSAT,61.105,804983.000,7280340.000,191782228.000,20,pc2
cfa562765bd1a658788f599fc9f6d84d,hardware-verification,42,UNSAT,54.012,483498.000,1251480.000,99329849.000,20,pc2
cfa562765bd1a658788f599fc9f6d84d,hardware-verification,123,UNSAT,49.308,433019.000,1188265.000,97906616.000,20,pc2
cfa562765bd1a658788f599fc9f6d84d,hardware-verification,777,UNSAT,46.380,397344.000,1088754.000,91361467.000,20,pc2
d0cfcfaff439029a7c143adede13a241,hardware-verification,42,SAT,38.731,27270.000,231417.000,60739986.000,10,pc2
d0cfcfaff439029a7c143adede13a241,hardware-verification,123,SAT,85.272,118433.000,940055.000,213872268.000,10,pc2
d0cfcfaff439029a7c143adede13a241,hardware-verification,777,SAT,47.978,42669.000,460577.000,99897303.000,10,pc2
d1f4348ad66cae01386777daae51c024,hardware-verification,42,TIMEOUT,800.000,,,,-1,pc2
d1f4348ad66cae01386777daae51c024,hardware-verification,123,TIMEOUT,800.000,,,,-1,pc2
d1f4348ad66cae01386777daae51c024,hardware-verification,777,TIMEOUT,800.000,,,,-1,pc2
d2b400b2836f4062accaafe6aa9d6668,hardware-verification,42,UNSAT,0.382,0.000,0.000,97179.000,20,pc2
d2b400b2836f4062accaafe6aa9d6668,hardware-verification,123,UNSAT,0.373,0.000,0.000,97179.000,20,pc2
d2b400b2836f4062accaafe6aa9d6668,hardware-verification,777,UNSAT,0.371,0.000,0.000,97179.000,20,pc2
d822f6dc162fd34a89090a00d99314a6,hardware-verification,42,UNSAT,1.409,1399.000,19194.000,5897292.000,20,pc2
d822f6dc162fd34a89090a00d99314a6,hardware-verification,123,UNSAT,1.303,1366.000,15537.000,4871042.000,20,pc2
d822f6dc162fd34a89090a00d99314a6,hardware-verification,777,UNSAT,1.240,1403.000,13578.000,4249988.000,20,pc2
d83b487390a7d0015b69978c7d855b2d,hardware-verification,42,CORRUPT_XZ,0.000,,,,-4,pc2
d83b487390a7d0015b69978c7d855b2d,hardware-verification,123,CORRUPT_XZ,0.000,,,,-4,pc2
d83b487390a7d0015b69978c7d855b2d,hardware-verification,777,CORRUPT_XZ,0.000,,,,-4,pc2
da04938ba1f77f11748308f114fff467,hardware-verification,42,UNSAT,1.930,7880.000,56053.000,8807510.000,20,pc2
da04938ba1f77f11748308f114fff467,hardware-verification,123,UNSAT,1.935,8590.000,44900.000,8278903.000,20,pc2
da04938ba1f77f11748308f114fff467,hardware-verification,777,UNSAT,3.252,15038.000,74687.000,10873985.000,20,pc2
db480ef956c6e29f7aa1b4ba155cfa75,hardware-verification,42,TIMEOUT,800.000,,,,-1,pc2
db480ef956c6e29f7aa1b4ba155cfa75,hardware-verification,123,TIMEOUT,800.000,,,,-1,pc2
db480ef956c6e29f7aa1b4ba155cfa75,hardware-verification,777,TIMEOUT,800.000,,,,-1,pc2
dcfdf31943b65080a2e4b8ec46a89c7d,hardware-verification,42,TIMEOUT,800.000,,,,-1,pc2
dcfdf31943b65080a2e4b8ec46a89c7d,hardware-verification,123,TIMEOUT,800.000,,,,-1,pc2
dcfdf31943b65080a2e4b8ec46a89c7d,hardware-verification,777,TIMEOUT,800.000,,,,-1,pc2
dd603e68bcb21400d09683e07f5ca1df,hardware-verification,42,UNSAT,20.129,289003.000,975786.000,42197787.000,20,pc2
dd603e68bcb21400d09683e07f5ca1df,hardware-verification,123,UNSAT,16.214,241251.000,888473.000,35381855.000,20,pc2
dd603e68bcb21400d09683e07f5ca1df,hardware-verification,777,UNSAT,18.292,271996.000,901736.000,32729237.000,20,pc2
def5caa0f44ba59ae8b62ffb82d42608,hardware-verification,42,TIMEOUT,800.000,,,,-1,pc2
def5caa0f44ba59ae8b62ffb82d42608,hardware-verification,123,TIMEOUT,800.000,,,,-1,pc2
def5caa0f44ba59ae8b62ffb82d42608,hardware-verification,777,TIMEOUT,800.000,,,,-1,pc2
e2ffb03d95f450787b8affdea8f1b927,hardware-verification,42,UNSAT,246.256,1950108.000,7677874.000,300786968.000,20,pc2
e2ffb03d95f450787b8affdea8f1b927,hardware-verification,123,UNSAT,277.637,2288732.000,8993397.000,355436200.000,20,pc2
e2ffb03d95f450787b8affdea8f1b927,hardware-verification,777,UNSAT,235.126,2096690.000,8282701.000,299870401.000,20,pc2
e75706c2ac3b1e32d2e50383bcc2c0a8,hardware-verification,42,UNSAT,264.839,2172863.000,8438860.000,328899299.000,20,pc2
e75706c2ac3b1e32d2e50383bcc2c0a8,hardware-verification,123,UNSAT,387.118,3003733.000,10538471.000,422711300.000,20,pc2
e75706c2ac3b1e32d2e50383bcc2c0a8,hardware-verification,777,UNSAT,314.811,2494276.000,9233427.000,398287739.000,20,pc2
e8fee4776a0c163458f01ad02a83280f,hardware-verification,42,SAT,220.265,319824.000,1837290.000,533994053.000,10,pc2
e8fee4776a0c163458f01ad02a83280f,hardware-verification,123,SAT,146.093,150958.000,872528.000,311684610.000,10,pc2
e8fee4776a0c163458f01ad02a83280f,hardware-verification,777,SAT,249.169,382254.000,2383045.000,761077752.000,10,pc2
eca4d284c68f149d8125c6ea257ffe04,hardware-verification,42,TIMEOUT,800.000,,,,-1,pc2
eca4d284c68f149d8125c6ea257ffe04,hardware-verification,123,TIMEOUT,800.000,,,,-1,pc2
eca4d284c68f149d8125c6ea257ffe04,hardware-verification,777,UNSAT,688.979,7125605.000,26894885.000,4486194416.000,20,pc2
ed2e7f1ce7d994c2daa0662b9cb5b410,hardware-verification,42,CORRUPT_XZ,0.000,,,,-4,pc2
ed2e7f1ce7d994c2daa0662b9cb5b410,hardware-verification,123,CORRUPT_XZ,0.000,,,,-4,pc2
ed2e7f1ce7d994c2daa0662b9cb5b410,hardware-verification,777,CORRUPT_XZ,0.000,,,,-4,pc2
ef129c2bd48dd27e5d20e5d10bcc42d9,hardware-verification,42,UNSAT,0.301,5902.000,14425.000,983227.000,20,pc2
ef129c2bd48dd27e5d20e5d10bcc42d9,hardware-verification,123,UNSAT,0.269,5213.000,13448.000,851813.000,20,pc2
ef129c2bd48dd27e5d20e5d10bcc42d9,hardware-verification,777,UNSAT,0.251,3846.000,9826.000,689815.000,20,pc2
f57d3c68ff7c001002fc7ae56daea07b,hardware-verification,42,UNSAT,72.449,851355.000,3207505.000,109682450.000,20,pc2
f57d3c68ff7c001002fc7ae56daea07b,hardware-verification,123,UNSAT,59.764,714097.000,2727310.000,87404039.000,20,pc2
f57d3c68ff7c001002fc7ae56daea07b,hardware-verification,777,UNSAT,70.177,837435.000,3276548.000,103250695.000,20,pc2
fc0a678a1c4ee14ac8cd48cf66915da6,hardware-verification,42,UNSAT,6.494,93411.000,241746.000,20094658.000,20,pc2
fc0a678a1c4ee14ac8cd48cf66915da6,hardware-verification,123,UNSAT,5.143,70105.000,199769.000,16985379.000,20,pc2
fc0a678a1c4ee14ac8cd48cf66915da6,hardware-verification,777,UNSAT,6.566,91789.000,249521.000,19411895.000,20,pc2
fe946647b3fb7270befe8ab7544c094d,hardware-verification,42,CORRUPT_XZ,0.000,,,,-4,pc2
fe946647b3fb7270befe8ab7544c094d,hardware-verification,123,CORRUPT_XZ,0.000,,,,-4,pc2
fe946647b3fb7270befe8ab7544c094d,hardware-verification,777,CORRUPT_XZ,0.000,,,,-4,pc2
00d239e486137a4f7264adb4fb57d5ae,miter,42,UNSAT,153.371,3127515.000,3550896.000,72490578.000,20,pc2
00d239e486137a4f7264adb4fb57d5ae,miter,123,UNSAT,136.494,2832113.000,3205237.000,66876006.000,20,pc2
00d239e486137a4f7264adb4fb57d5ae,miter,777,UNSAT,115.159,2490936.000,2829966.000,59130015.000,20,pc2
017ba03ed108f492c9293c7c95e5cae9,miter,42,TIMEOUT,800.000,,,,-1,pc2
017ba03ed108f492c9293c7c95e5cae9,miter,123,TIMEOUT,800.000,,,,-1,pc2
017ba03ed108f492c9293c7c95e5cae9,miter,777,TIMEOUT,800.000,,,,-1,pc2
03a1a18521814692f56a8ecbea0031d4,miter,42,UNSAT,151.352,3274548.000,5062266.000,228139039.000,20,pc2
03a1a18521814692f56a8ecbea0031d4,miter,123,UNSAT,152.178,3287573.000,5041536.000,221547273.000,20,pc2
03a1a18521814692f56a8ecbea0031d4,miter,777,UNSAT,159.184,3273954.000,5057266.000,221710234.000,20,pc2
06e91448c6aacd9086890ea46b4659b0,miter,42,UNSAT,347.987,2518678.000,2745061.000,585788488.000,20,pc2
06e91448c6aacd9086890ea46b4659b0,miter,123,UNSAT,350.566,2541651.000,2764127.000,597698645.000,20,pc2
06e91448c6aacd9086890ea46b4659b0,miter,777,UNSAT,368.029,2686807.000,2919190.000,627801634.000,20,pc2
0811f761eee5e4ef28196fd98884a67b,miter,42,TIMEOUT,800.000,,,,-1,pc2
0811f761eee5e4ef28196fd98884a67b,miter,123,TIMEOUT,800.000,,,,-1,pc2
0811f761eee5e4ef28196fd98884a67b,miter,777,TIMEOUT,800.000,,,,-1,pc2
09df54b3d75b42dbd0020c6b60a68fc6,miter,42,UNSAT,10.614,127917.000,412717.000,26484333.000,20,pc2
09df54b3d75b42dbd0020c6b60a68fc6,miter,123,UNSAT,15.498,181873.000,521274.000,36257793.000,20,pc2
09df54b3d75b42dbd0020c6b60a68fc6,miter,777,UNSAT,14.456,145580.000,474595.000,37335155.000,20,pc2
0a02751cacf5e1cdfcc842a7f220199f,miter,42,UNSAT,0.270,0.000,0.000,153490.000,20,pc2
0a02751cacf5e1cdfcc842a7f220199f,miter,123,UNSAT,0.276,0.000,0.000,153490.000,20,pc2
0a02751cacf5e1cdfcc842a7f220199f,miter,777,UNSAT,0.278,0.000,0.000,153490.000,20,pc2
0ae0c5a4fb9001d63669a0aa5b592167,miter,42,TIMEOUT,800.000,,,,-1,pc2
0ae0c5a4fb9001d63669a0aa5b592167,miter,123,TIMEOUT,800.000,,,,-1,pc2
0ae0c5a4fb9001d63669a0aa5b592167,miter,777,TIMEOUT,800.000,,,,-1,pc2
0c920a26142a23c7313871f0508bfa8b,miter,42,UNSAT,168.094,866.000,3125.000,1299722.000,20,pc2
0c920a26142a23c7313871f0508bfa8b,miter,123,UNSAT,166.485,865.000,2696.000,1317064.000,20,pc2
0c920a26142a23c7313871f0508bfa8b,miter,777,UNSAT,168.661,867.000,2540.000,1296101.000,20,pc2
0d33d876dda3913196d9778357982038,miter,42,UNSAT,2.335,0.000,0.000,1309379.000,20,pc2
0d33d876dda3913196d9778357982038,miter,123,UNSAT,2.252,0.000,0.000,1309379.000,20,pc2
0d33d876dda3913196d9778357982038,miter,777,UNSAT,2.317,0.000,0.000,1309379.000,20,pc2
1001a2a87617b59d50cc24f324533090,miter,42,UNSAT,0.027,298.000,663.000,10482.000,20,pc2
1001a2a87617b59d50cc24f324533090,miter,123,UNSAT,0.026,298.000,663.000,10482.000,20,pc2
1001a2a87617b59d50cc24f324533090,miter,777,UNSAT,0.027,298.000,663.000,10482.000,20,pc2
10aca82b7b9798a9a088f4df2c324d1d,miter,42,UNSAT,631.890,12768760.000,15033285.000,291824326.000,20,pc2
10aca82b7b9798a9a088f4df2c324d1d,miter,123,TIMEOUT,800.000,,,,-1,pc2
10aca82b7b9798a9a088f4df2c324d1d,miter,777,UNSAT,408.899,8200885.000,10171311.000,182773494.000,20,pc2
12dcc1a612a248fddbc8e6d2ed2bf72d,miter,42,TIMEOUT,800.000,,,,-1,pc2
12dcc1a612a248fddbc8e6d2ed2bf72d,miter,123,TIMEOUT,800.000,,,,-1,pc2
12dcc1a612a248fddbc8e6d2ed2bf72d,miter,777,TIMEOUT,800.000,,,,-1,pc2
137850d8a2886b3cdd1684b23384c9ad,miter,42,UNSAT,16.416,130190.000,1465989.000,57194674.000,20,pc2
137850d8a2886b3cdd1684b23384c9ad,miter,123,UNSAT,15.260,121542.000,1371959.000,58980641.000,20,pc2
137850d8a2886b3cdd1684b23384c9ad,miter,777,UNSAT,15.954,114403.000,1233681.000,57131113.000,20,pc2
13c6c5d376f59a6a2ad2a3bddd308011,miter,42,UNSAT,0.044,0.000,0.000,14182.000,20,pc2
13c6c5d376f59a6a2ad2a3bddd308011,miter,123,UNSAT,0.040,0.000,0.000,14182.000,20,pc2
13c6c5d376f59a6a2ad2a3bddd308011,miter,777,UNSAT,0.033,0.000,0.000,14182.000,20,pc2
1521bf4c6531b57b4052f24f8a1ea7d9,miter,42,UNSAT,22.750,214762.000,470653.000,62781994.000,20,pc2
1521bf4c6531b57b4052f24f8a1ea7d9,miter,123,UNSAT,22.520,214968.000,498295.000,60650590.000,20,pc2
1521bf4c6531b57b4052f24f8a1ea7d9,miter,777,UNSAT,21.777,212955.000,478227.000,59917884.000,20,pc2
1545660e72158c7e90da5ad4c877a124,miter,42,UNSAT,0.407,0.000,0.000,190698.000,20,pc2
1545660e72158c7e90da5ad4c877a124,miter,123,UNSAT,0.425,0.000,0.000,190698.000,20,pc2
1545660e72158c7e90da5ad4c877a124,miter,777,UNSAT,0.407,0.000,0.000,190698.000,20,pc2
18dde1481ff149a919e00db6eb6cc609,miter,42,UNSAT,15.601,58592.000,1329093.000,53780361.000,20,pc2
18dde1481ff149a919e00db6eb6cc609,miter,123,UNSAT,14.501,55455.000,1193420.000,46647008.000,20,pc2
18dde1481ff149a919e00db6eb6cc609,miter,777,UNSAT,16.485,64210.000,1431237.000,60423216.000,20,pc2
19004c7d629f7e6e83c6e1d7a9a768a9,miter,42,UNSAT,4.954,71529.000,120405.000,16852459.000,20,pc2
19004c7d629f7e6e83c6e1d7a9a768a9,miter,123,UNSAT,3.846,50451.000,87760.000,13490128.000,20,pc2
19004c7d629f7e6e83c6e1d7a9a768a9,miter,777,UNSAT,7.374,99066.000,156922.000,22012349.000,20,pc2
1aa7cd96ab1f7bf58984deccf8362ab4,miter,42,UNSAT,0.045,0.000,0.000,22283.000,20,pc2
1aa7cd96ab1f7bf58984deccf8362ab4,miter,123,UNSAT,0.041,0.000,0.000,22283.000,20,pc2
1aa7cd96ab1f7bf58984deccf8362ab4,miter,777,UNSAT,0.042,0.000,0.000,22283.000,20,pc2
1d4a6342116b787bc5de11c523df8456,miter,42,TIMEOUT,800.000,,,,-1,pc2
1d4a6342116b787bc5de11c523df8456,miter,123,TIMEOUT,800.000,,,,-1,pc2
1d4a6342116b787bc5de11c523df8456,miter,777,TIMEOUT,800.000,,,,-1,pc2
1defc0ba54776f3972e801d4bdc2a19b,miter,42,UNSAT,20.880,216183.000,497637.000,65741087.000,20,pc2
1defc0ba54776f3972e801d4bdc2a19b,miter,123,UNSAT,20.027,214895.000,504300.000,62315049.000,20,pc2
1defc0ba54776f3972e801d4bdc2a19b,miter,777,UNSAT,20.731,233965.000,557475.000,65117994.000,20,pc2
1e0796ada9950ce80117102eb7913a85,miter,42,UNSAT,1.377,20792.000,42956.000,5483120.000,20,pc2
1e0796ada9950ce80117102eb7913a85,miter,123,UNSAT,1.863,31884.000,63752.000,7012704.000,20,pc2
1e0796ada9950ce80117102eb7913a85,miter,777,UNSAT,1.938,37960.000,74053.000,7475679.000,20,pc2
1e1667279af339045c52218ac807c245,miter,42,UNSAT,13.639,203779.000,483800.000,36875492.000,20,pc2
1e1667279af339045c52218ac807c245,miter,123,UNSAT,12.064,177660.000,444029.000,32197669.000,20,pc2
1e1667279af339045c52218ac807c245,miter,777,UNSAT,14.149,206917.000,466197.000,35142009.000,20,pc2
1ebf4009339b90c3575cf9d1dec33b45,miter,42,UNSAT,14.082,17944.000,61504.000,79045679.000,20,pc2
1ebf4009339b90c3575cf9d1dec33b45,miter,123,UNSAT,7.684,10158.000,40958.000,58541132.000,20,pc2
1ebf4009339b90c3575cf9d1dec33b45,miter,777,UNSAT,13.088,17083.000,63257.000,74424546.000,20,pc2
23440a591245328b42455fa0b8714ffd,miter,42,TIMEOUT,800.000,,,,-1,pc2
23440a591245328b42455fa0b8714ffd,miter,123,TIMEOUT,800.000,,,,-1,pc2
23440a591245328b42455fa0b8714ffd,miter,777,TIMEOUT,800.000,,,,-1,pc2
235b63e79c79d5307a27a034454dbb0d,miter,42,UNSAT,8.038,94898.000,189301.000,16546079.000,20,pc2
235b63e79c79d5307a27a034454dbb0d,miter,123,UNSAT,6.459,83105.000,175963.000,14432122.000,20,pc2
235b63e79c79d5307a27a034454dbb0d,miter,777,UNSAT,6.773,81969.000,171522.000,15594547.000,20,pc2
24f15c98ee76c000c8406e68bc9dceab,miter,42,UNSAT,0.024,0.000,0.000,10336.000,20,pc2
24f15c98ee76c000c8406e68bc9dceab,miter,123,UNSAT,0.026,0.000,0.000,10336.000,20,pc2
24f15c98ee76c000c8406e68bc9dceab,miter,777,UNSAT,0.036,0.000,0.000,10336.000,20,pc2
2cf0b2b42bb4e0ebdf410478d028d57a,miter,42,UNSAT,7.032,92744.000,189937.000,15808995.000,20,pc2
2cf0b2b42bb4e0ebdf410478d028d57a,miter,123,UNSAT,6.726,84661.000,172577.000,14611384.000,20,pc2
2cf0b2b42bb4e0ebdf410478d028d57a,miter,777,UNSAT,6.302,80000.000,163695.000,13983320.000,20,pc2
30c26154809e48143f2f4328c9736578,miter,42,UNSAT,4.133,59553.000,249651.000,11562185.000,20,pc2
30c26154809e48143f2f4328c9736578,miter,123,UNSAT,4.058,55010.000,219126.000,11123789.000,20,pc2
30c26154809e48143f2f4328c9736578,miter,777,UNSAT,4.557,63657.000,241374.000,11991009.000,20,pc2
3401b0bb31b5ba87cc59fdd248d44fae,miter,42,UNSAT,0.481,0.000,0.000,188826.000,20,pc2
3401b0bb31b5ba87cc59fdd248d44fae,miter,123,UNSAT,0.479,0.000,0.000,188826.000,20,pc2
3401b0bb31b5ba87cc59fdd248d44fae,miter,777,UNSAT,0.427,0.000,0.000,188826.000,20,pc2
35aecf60b589c7b71dcf251ad90aea7f,miter,42,TIMEOUT,800.000,,,,-1,pc2
35aecf60b589c7b71dcf251ad90aea7f,miter,123,TIMEOUT,800.000,,,,-1,pc2
35aecf60b589c7b71dcf251ad90aea7f,miter,777,TIMEOUT,800.000,,,,-1,pc2
3663000b31a5c80922afc6e48322accb,miter,42,UNSAT,1.055,19502.000,40544.000,4517341.000,20,pc2
3663000b31a5c80922afc6e48322accb,miter,123,UNSAT,0.760,13198.000,31252.000,3166206.000,20,pc2
3663000b31a5c80922afc6e48322accb,miter,777,UNSAT,1.196,19415.000,40263.000,5093100.000,20,pc2
3ad0933f3ce3e171fca56abad1d119ec,miter,42,UNSAT,547.482,9556220.000,10548306.000,233512914.000,20,pc2
3ad0933f3ce3e171fca56abad1d119ec,miter,123,TIMEOUT,800.000,,,,-1,pc2
3ad0933f3ce3e171fca56abad1d119ec,miter,777,TIMEOUT,800.000,,,,-1,pc2
3e34fa41a180c434b7eef6735be541cb,miter,42,UNSAT,8.912,0.000,0.000,238956.000,20,pc2
3e34fa41a180c434b7eef6735be541cb,miter,123,UNSAT,8.955,0.000,0.000,238956.000,20,pc2
3e34fa41a180c434b7eef6735be541cb,miter,777,UNSAT,8.983,0.000,0.000,238956.000,20,pc2
42bae687b8c0f3061b135ddc21b24d7a,miter,42,UNSAT,139.603,850260.000,2349086.000,364666965.000,20,pc2
42bae687b8c0f3061b135ddc21b24d7a,miter,123,UNSAT,154.933,885542.000,2436911.000,391724946.000,20,pc2
42bae687b8c0f3061b135ddc21b24d7a,miter,777,UNSAT,143.852,781213.000,2300848.000,361262478.000,20,pc2
440726d9140cd2414b7d42b3f3dbb97a,miter,42,SAT,0.174,0.000,0.000,273857.000,10,pc2
440726d9140cd2414b7d42b3f3dbb97a,miter,123,SAT,0.209,0.000,0.000,273857.000,10,pc2
440726d9140cd2414b7d42b3f3dbb97a,miter,777,SAT,0.190,0.000,0.000,273857.000,10,pc2
4533388344869b71c3305577ac3c299a,miter,42,UNSAT,0.027,0.000,0.000,18252.000,20,pc2
4533388344869b71c3305577ac3c299a,miter,123,UNSAT,0.028,0.000,0.000,18252.000,20,pc2
4533388344869b71c3305577ac3c299a,miter,777,UNSAT,0.029,0.000,0.000,18252.000,20,pc2
47655cd4c6198c47a271a0e31a93b27d,miter,42,UNSAT,0.025,0.000,0.000,13579.000,20,pc2
47655cd4c6198c47a271a0e31a93b27d,miter,123,UNSAT,0.025,0.000,0.000,13579.000,20,pc2
47655cd4c6198c47a271a0e31a93b27d,miter,777,UNSAT,0.025,0.000,0.000,13579.000,20,pc2
497dc211b04000440bdd949eaf606630,miter,42,TIMEOUT,800.000,,,,-1,pc2
497dc211b04000440bdd949eaf606630,miter,123,TIMEOUT,800.000,,,,-1,pc2
497dc211b04000440bdd949eaf606630,miter,777,TIMEOUT,800.000,,,,-1,pc2
4b831ae59da3bc1b197c8dc9c69af18c,miter,42,UNSAT,4.436,60310.000,264797.000,12835367.000,20,pc2
4b831ae59da3bc1b197c8dc9c69af18c,miter,123,UNSAT,5.173,71639.000,284120.000,14001704.000,20,pc2
4b831ae59da3bc1b197c8dc9c69af18c,miter,777,UNSAT,4.139,60725.000,248807.000,12024716.000,20,pc2
52aa6129cbf1fc57bd9fce305257d9b9,miter,42,UNSAT,505.309,3342103.000,6028956.000,725382693.000,20,pc2
52aa6129cbf1fc57bd9fce305257d9b9,miter,123,UNSAT,359.792,2784048.000,5106007.000,618024487.000,20,pc2
52aa6129cbf1fc57bd9fce305257d9b9,miter,777,UNSAT,427.730,3316113.000,6044076.000,730059251.000,20,pc2
57c305967b30c503da1737258e6cc7e5,miter,42,TIMEOUT,800.000,,,,-1,pc2
57c305967b30c503da1737258e6cc7e5,miter,123,TIMEOUT,800.000,,,,-1,pc2
57c305967b30c503da1737258e6cc7e5,miter,777,TIMEOUT,800.000,,,,-1,pc2
585e46bd5dc0c4c9d47ec1aba082f007,miter,42,TIMEOUT,800.000,,,,-1,pc2
585e46bd5dc0c4c9d47ec1aba082f007,miter,123,TIMEOUT,800.000,,,,-1,pc2
585e46bd5dc0c4c9d47ec1aba082f007,miter,777,TIMEOUT,800.000,,,,-1,pc2
58a9623e1f359010600f93d878149a97,miter,42,UNSAT,10.737,62201.000,1341984.000,56960857.000,20,pc2
58a9623e1f359010600f93d878149a97,miter,123,UNSAT,9.497,57674.000,1290571.000,51447033.000,20,pc2
58a9623e1f359010600f93d878149a97,miter,777,UNSAT,11.356,65714.000,1378163.000,61079905.000,20,pc2
593c30780f1664e1d1349b905f680dcb,miter,42,TIMEOUT,800.000,,,,-1,pc2
593c30780f1664e1d1349b905f680dcb,miter,123,TIMEOUT,800.000,,,,-1,pc2
593c30780f1664e1d1349b905f680dcb,miter,777,TIMEOUT,800.000,,,,-1,pc2
5b4b98e05a08e730566d69b715e2231a,miter,42,TIMEOUT,800.000,,,,-1,pc2
5b4b98e05a08e730566d69b715e2231a,miter,123,TIMEOUT,800.000,,,,-1,pc2
5b4b98e05a08e730566d69b715e2231a,miter,777,TIMEOUT,800.000,,,,-1,pc2
5c316aee257edaeb78a52498eeb3d5bd,miter,42,UNSAT,0.034,0.000,0.000,20034.000,20,pc2
5c316aee257edaeb78a52498eeb3d5bd,miter,123,UNSAT,0.037,0.000,0.000,20034.000,20,pc2
5c316aee257edaeb78a52498eeb3d5bd,miter,777,UNSAT,0.044,0.000,0.000,20034.000,20,pc2
5ed0bbcb957ecc8ef2a049620f91385a,miter,42,UNSAT,0.028,0.000,0.000,13242.000,20,pc2
5ed0bbcb957ecc8ef2a049620f91385a,miter,123,UNSAT,0.030,0.000,0.000,13242.000,20,pc2
5ed0bbcb957ecc8ef2a049620f91385a,miter,777,UNSAT,0.030,0.000,0.000,13242.000,20,pc2
6049e056b2b148699dcf0268652c9ffd,miter,42,TIMEOUT,800.000,,,,-1,pc2
6049e056b2b148699dcf0268652c9ffd,miter,123,TIMEOUT,800.000,,,,-1,pc2
6049e056b2b148699dcf0268652c9ffd,miter,777,TIMEOUT,800.000,,,,-1,pc2
609ab29d02c73af38b7cb1c6e0de0142,miter,42,UNSAT,793.376,15188907.000,17262963.000,345498551.000,20,pc2
609ab29d02c73af38b7cb1c6e0de0142,miter,123,UNSAT,315.862,6554557.000,7969382.000,147200334.000,20,pc2
609ab29d02c73af38b7cb1c6e0de0142,miter,777,UNSAT,355.328,7519311.000,8753516.000,164798764.000,20,pc2
65c5a5d228ec5e52d1a72f918086f584,miter,42,SAT,42.817,0.000,0.000,17674637.000,10,pc2
65c5a5d228ec5e52d1a72f918086f584,miter,123,SAT,47.468,0.000,0.000,17674637.000,10,pc2
65c5a5d228ec5e52d1a72f918086f584,miter,777,SAT,48.712,0.000,0.000,17674637.000,10,pc2
65fd1c223a6bdd2a17e75b388b94d6b8,miter,42,UNSAT,0.104,0.000,0.000,73630.000,20,pc2
65fd1c223a6bdd2a17e75b388b94d6b8,miter,123,UNSAT,0.105,0.000,0.000,73630.000,20,pc2
65fd1c223a6bdd2a17e75b388b94d6b8,miter,777,UNSAT,0.094,0.000,0.000,73630.000,20,pc2
693746f12f4dff530f68ff7497f2f3f3,miter,42,UNSAT,5.839,0.000,0.000,98997.000,20,pc2
693746f12f4dff530f68ff7497f2f3f3,miter,123,UNSAT,5.692,0.000,0.000,98997.000,20,pc2
693746f12f4dff530f68ff7497f2f3f3,miter,777,UNSAT,5.336,0.000,0.000,98997.000,20,pc2
6e789d6b080067f2ecf0b167b77fb80d,miter,42,UNSAT,0.381,0.000,0.000,26111.000,20,pc2
6e789d6b080067f2ecf0b167b77fb80d,miter,123,UNSAT,0.041,0.000,0.000,26111.000,20,pc2
6e789d6b080067f2ecf0b167b77fb80d,miter,777,UNSAT,0.045,0.000,0.000,26111.000,20,pc2
6e858531064077cc8a0dfde91f272dff,miter,42,SAT,0.738,0.000,0.000,936617.000,10,pc2
6e858531064077cc8a0dfde91f272dff,miter,123,SAT,0.815,0.000,0.000,936617.000,10,pc2
6e858531064077cc8a0dfde91f272dff,miter,777,SAT,0.897,0.000,0.000,936617.000,10,pc2
701c96dc91c057c23026454520da2054,miter,42,UNSAT,7.083,8315.000,34329.000,45466937.000,20,pc2
701c96dc91c057c23026454520da2054,miter,123,UNSAT,7.549,8840.000,35961.000,54503771.000,20,pc2
701c96dc91c057c23026454520da2054,miter,777,UNSAT,5.178,6965.000,30748.000,33251295.000,20,pc2
73136fc8525998860da8e165ff184c74,miter,42,SAT,0.615,0.000,0.000,813160.000,10,pc2
73136fc8525998860da8e165ff184c74,miter,123,SAT,0.655,0.000,0.000,813160.000,10,pc2
73136fc8525998860da8e165ff184c74,miter,777,SAT,0.538,0.000,0.000,813160.000,10,pc2
791415d8a85d0bfc67dd2d3d4edcac7c,miter,42,SAT,0.486,0.000,0.000,361973.000,10,pc2
791415d8a85d0bfc67dd2d3d4edcac7c,miter,123,SAT,0.636,0.000,0.000,361973.000,10,pc2
791415d8a85d0bfc67dd2d3d4edcac7c,miter,777,SAT,0.515,0.000,0.000,361973.000,10,pc2
7a83634c455aae979dfadc671f52d88f,miter,42,UNSAT,0.097,1214.000,5181.000,143107.000,20,pc2
7a83634c455aae979dfadc671f52d88f,miter,123,UNSAT,0.097,1381.000,5499.000,166494.000,20,pc2
7a83634c455aae979dfadc671f52d88f,miter,777,UNSAT,0.094,1154.000,5058.000,139755.000,20,pc2
7b5895f110a6aa5a5ac5d5a6eb3fd322,miter,42,SAT,0.496,0.000,0.000,343799.000,10,pc2
7b5895f110a6aa5a5ac5d5a6eb3fd322,miter,123,SAT,0.513,0.000,0.000,343799.000,10,pc2
7b5895f110a6aa5a5ac5d5a6eb3fd322,miter,777,SAT,0.486,0.000,0.000,343799.000,10,pc2
7c61be426f173543b3a4ce9bdb57874d,miter,42,UNSAT,0.054,0.000,0.000,33039.000,20,pc2
7c61be426f173543b3a4ce9bdb57874d,miter,123,UNSAT,0.038,0.000,0.000,33039.000,20,pc2
7c61be426f173543b3a4ce9bdb57874d,miter,777,UNSAT,0.039,0.000,0.000,33039.000,20,pc2
8038e8a2750e1ff5d511a6cfa9e98d6b,miter,42,UNSAT,5.336,80203.000,159336.000,16034253.000,20,pc2
8038e8a2750e1ff5d511a6cfa9e98d6b,miter,123,UNSAT,5.330,81063.000,161292.000,16650463.000,20,pc2
8038e8a2750e1ff5d511a6cfa9e98d6b,miter,777,UNSAT,6.873,100386.000,200652.000,20057043.000,20,pc2
80d21cb597eea3567f593ba6e0007260,miter,42,UNSAT,0.020,2.000,2.000,4219.000,20,pc2
80d21cb597eea3567f593ba6e0007260,miter,123,UNSAT,0.021,2.000,2.000,4219.000,20,pc2
80d21cb597eea3567f593ba6e0007260,miter,777,UNSAT,0.021,2.000,2.000,4219.000,20,pc2
821051235cf90eba420d5569c2e58eef,miter,42,UNSAT,10.553,0.000,0.000,138521.000,20,pc2
821051235cf90eba420d5569c2e58eef,miter,123,UNSAT,10.447,0.000,0.000,138521.000,20,pc2
821051235cf90eba420d5569c2e58eef,miter,777,UNSAT,10.363,0.000,0.000,138521.000,20,pc2
8647c26ddc3d8d67dd6691583b83f310,miter,42,UNSAT,0.057,0.000,0.000,18463.000,20,pc2
8647c26ddc3d8d67dd6691583b83f310,miter,123,UNSAT,0.065,0.000,0.000,18463.000,20,pc2
8647c26ddc3d8d67dd6691583b83f310,miter,777,UNSAT,0.059,0.000,0.000,18463.000,20,pc2
88e89266e58f1f125ebc4e0f66e2c060,miter,42,CORRUPT_XZ,0.000,,,,-4,pc2
88e89266e58f1f125ebc4e0f66e2c060,miter,123,CORRUPT_XZ,0.000,,,,-4,pc2
88e89266e58f1f125ebc4e0f66e2c060,miter,777,CORRUPT_XZ,0.000,,,,-4,pc2
8971386b2aa05d4029deaead24340fff,miter,42,UNSAT,434.047,239816.000,588191.000,108258069.000,20,pc2
8971386b2aa05d4029deaead24340fff,miter,123,UNSAT,433.959,244194.000,556825.000,107148307.000,20,pc2
8971386b2aa05d4029deaead24340fff,miter,777,UNSAT,432.091,191304.000,334430.000,89435820.000,20,pc2
8a0642cb4474c985d53dbd3d135f1567,miter,42,TIMEOUT,800.000,,,,-1,pc2
8a0642cb4474c985d53dbd3d135f1567,miter,123,TIMEOUT,800.000,,,,-1,pc2
8a0642cb4474c985d53dbd3d135f1567,miter,777,TIMEOUT,800.000,,,,-1,pc2
8a9bda2f923ab36497e66adb95c29ff5,miter,42,UNSAT,28.791,233779.000,567815.000,95141738.000,20,pc2
8a9bda2f923ab36497e66adb95c29ff5,miter,123,UNSAT,38.890,299917.000,680828.000,117047102.000,20,pc2
8a9bda2f923ab36497e66adb95c29ff5,miter,777,UNSAT,23.946,187307.000,470397.000,79951326.000,20,pc2
94b9d678461a28a8f679b05866610c7b,miter,42,UNSAT,34.021,220928.000,752954.000,118373658.000,20,pc2
94b9d678461a28a8f679b05866610c7b,miter,123,UNSAT,33.442,224773.000,794159.000,115386571.000,20,pc2
94b9d678461a28a8f679b05866610c7b,miter,777,UNSAT,32.225,213531.000,769183.000,111352703.000,20,pc2
9aa75e3cf1beee54793e5a584680ea45,miter,42,TIMEOUT,800.000,,,,-1,pc2
9aa75e3cf1beee54793e5a584680ea45,miter,123,TIMEOUT,800.000,,,,-1,pc2
9aa75e3cf1beee54793e5a584680ea45,miter,777,TIMEOUT,800.000,,,,-1,pc2
9b102d2ff81f3759559038bc6ee0c93b,miter,42,UNSAT,268.913,2738147.000,3217665.000,256315875.000,20,pc2
9b102d2ff81f3759559038bc6ee0c93b,miter,123,UNSAT,247.593,2437428.000,2894040.000,231593439.000,20,pc2
9b102d2ff81f3759559038bc6ee0c93b,miter,777,UNSAT,230.525,2344288.000,2764474.000,225386938.000,20,pc2
9f939a249b15a528f977dd23378a553d,miter,42,UNSAT,7.445,113622.000,221573.000,21021864.000,20,pc2
9f939a249b15a528f977dd23378a553d,miter,123,UNSAT,5.775,84256.000,169330.000,17117833.000,20,pc2
9f939a249b15a528f977dd23378a553d,miter,777,UNSAT,5.888,90946.000,189495.000,17564181.000,20,pc2
9fd1fff5539dc6d57481346dc6b23769,miter,42,UNSAT,1.512,0.000,0.000,739702.000,20,pc2
9fd1fff5539dc6d57481346dc6b23769,miter,123,UNSAT,1.437,0.000,0.000,739702.000,20,pc2
9fd1fff5539dc6d57481346dc6b23769,miter,777,UNSAT,1.412,0.000,0.000,739702.000,20,pc2
a24ce4beb8c7dd7e5453e2a0456af8ee,miter,42,UNSAT,14.995,436953.000,495303.000,10543949.000,20,pc2
a24ce4beb8c7dd7e5453e2a0456af8ee,miter,123,UNSAT,18.191,496327.000,551123.000,11909933.000,20,pc2
a24ce4beb8c7dd7e5453e2a0456af8ee,miter,777,UNSAT,15.825,461508.000,527560.000,11035019.000,20,pc2
a61fde91986cc31ce2b1a59462f0b730,miter,42,UNSAT,0.386,0.000,0.000,188826.000,20,pc2
a61fde91986cc31ce2b1a59462f0b730,miter,123,UNSAT,0.388,0.000,0.000,188826.000,20,pc2
a61fde91986cc31ce2b1a59462f0b730,miter,777,UNSAT,0.378,0.000,0.000,188826.000,20,pc2
a94340df4ef860085535c86982912993,miter,42,UNSAT,0.032,0.000,0.000,7024.000,20,pc2
a94340df4ef860085535c86982912993,miter,123,UNSAT,0.032,0.000,0.000,7024.000,20,pc2
a94340df4ef860085535c86982912993,miter,777,UNSAT,0.040,0.000,0.000,7024.000,20,pc2
ad7d0eea6c7f8c9f06cf56a14e01353d,miter,42,UNSAT,3.595,53588.000,221397.000,10849702.000,20,pc2
ad7d0eea6c7f8c9f06cf56a14e01353d,miter,123,UNSAT,4.556,64963.000,270701.000,13257966.000,20,pc2
ad7d0eea6c7f8c9f06cf56a14e01353d,miter,777,UNSAT,3.786,61542.000,256176.000,11900484.000,20,pc2
af258def798954d74a608a0fa578e15b,miter,42,UNSAT,441.754,5858507.000,6650871.000,550566800.000,20,pc2
af258def798954d74a608a0fa578e15b,miter,123,UNSAT,482.312,6268127.000,7084013.000,584974301.000,20,pc2
af258def798954d74a608a0fa578e15b,miter,777,UNSAT,499.771,6713158.000,7544784.000,613435545.000,20,pc2
b1578bead697161bfac089b44424730d,miter,42,TIMEOUT,800.000,,,,-1,pc2
b1578bead697161bfac089b44424730d,miter,123,TIMEOUT,800.000,,,,-1,pc2
b1578bead697161bfac089b44424730d,miter,777,TIMEOUT,800.000,,,,-1,pc2
b5cab29563ae86ab38829f58a895a180,miter,42,TIMEOUT,800.000,,,,-1,pc2
b5cab29563ae86ab38829f58a895a180,miter,123,TIMEOUT,800.000,,,,-1,pc2
b5cab29563ae86ab38829f58a895a180,miter,777,TIMEOUT,800.000,,,,-1,pc2
b60d31b452c173492b9f8c74a28c138f,miter,42,TIMEOUT,800.000,,,,-1,pc2
b60d31b452c173492b9f8c74a28c138f,miter,123,TIMEOUT,800.000,,,,-1,pc2
b60d31b452c173492b9f8c74a28c138f,miter,777,TIMEOUT,800.000,,,,-1,pc2
b67539fcf963803446a5193ee8480616,miter,42,TIMEOUT,800.000,,,,-1,pc2
b67539fcf963803446a5193ee8480616,miter,123,TIMEOUT,800.000,,,,-1,pc2
b67539fcf963803446a5193ee8480616,miter,777,TIMEOUT,800.000,,,,-1,pc2
b680dff3be5cb5839d6b54821cd38b41,miter,42,UNSAT,70.489,1152779.000,2964731.000,135789803.000,20,pc2
b680dff3be5cb5839d6b54821cd38b41,miter,123,UNSAT,78.429,1171211.000,3186001.000,156463836.000,20,pc2
b680dff3be5cb5839d6b54821cd38b41,miter,777,UNSAT,76.542,1193585.000,3540077.000,147844497.000,20,pc2
b6a597cf8ee0031341730aaf77ef2fcf,miter,42,TIMEOUT,800.000,,,,-1,pc2
b6a597cf8ee0031341730aaf77ef2fcf,miter,123,TIMEOUT,800.000,,,,-1,pc2
b6a597cf8ee0031341730aaf77ef2fcf,miter,777,TIMEOUT,800.000,,,,-1,pc2
b73732437929683a8456180464a5ef46,miter,42,UNSAT,274.459,2829827.000,3206461.000,278375109.000,20,pc2
b73732437929683a8456180464a5ef46,miter,123,UNSAT,275.117,2876023.000,3272212.000,283115899.000,20,pc2
b73732437929683a8456180464a5ef46,miter,777,UNSAT,286.162,2865931.000,3249825.000,288028601.000,20,pc2
b76fa2f50a42120ec54fa98c29113326,miter,42,TIMEOUT,800.000,,,,-1,pc2
b76fa2f50a42120ec54fa98c29113326,miter,123,TIMEOUT,800.000,,,,-1,pc2
b76fa2f50a42120ec54fa98c29113326,miter,777,TIMEOUT,800.000,,,,-1,pc2
b9ce9e1a9435615676982bde8bf4e82d,miter,42,UNSAT,26.751,275741.000,1423017.000,81833271.000,20,pc2
b9ce9e1a9435615676982bde8bf4e82d,miter,123,UNSAT,28.101,273212.000,1523412.000,86399047.000,20,pc2
b9ce9e1a9435615676982bde8bf4e82d,miter,777,UNSAT,23.455,241970.000,1404603.000,74785071.000,20,pc2
ba468264504dcd363e9de21f3e93e71a,miter,42,TIMEOUT,800.000,,,,-1,pc2
ba468264504dcd363e9de21f3e93e71a,miter,123,TIMEOUT,800.000,,,,-1,pc2
ba468264504dcd363e9de21f3e93e71a,miter,777,TIMEOUT,800.000,,,,-1,pc2
bb86b80e60493b43cd8770697420b9e7,miter,42,TIMEOUT,800.000,,,,-1,pc2
bb86b80e60493b43cd8770697420b9e7,miter,123,TIMEOUT,800.000,,,,-1,pc2
bb86b80e60493b43cd8770697420b9e7,miter,777,UNSAT,697.422,9311348.000,11388997.000,348131232.000,20,pc2
bc5261f21ea0214543370d2278ae6ecf,miter,42,TIMEOUT,800.000,,,,-1,pc2
bc5261f21ea0214543370d2278ae6ecf,miter,123,TIMEOUT,800.000,,,,-1,pc2
bc5261f21ea0214543370d2278ae6ecf,miter,777,TIMEOUT,800.000,,,,-1,pc2
bca6197602db462e6642dd126d195978,miter,42,UNSAT,719.340,4936054.000,9289022.000,1550822708.000,20,pc2
bca6197602db462e6642dd126d195978,miter,123,TIMEOUT,800.000,,,,-1,pc2
bca6197602db462e6642dd126d195978,miter,777,TIMEOUT,800.000,,,,-1,pc2
c209eb796aff7b3f3ddc6ee7a14fea79,miter,42,UNSAT,0.033,0.000,0.000,13987.000,20,pc2
c209eb796aff7b3f3ddc6ee7a14fea79,miter,123,UNSAT,0.035,0.000,0.000,13987.000,20,pc2
c209eb796aff7b3f3ddc6ee7a14fea79,miter,777,UNSAT,0.027,0.000,0.000,13987.000,20,pc2
c49255402c653d2c90478b4e8f88381c,miter,42,UNSAT,0.026,0.000,0.000,8492.000,20,pc2
c49255402c653d2c90478b4e8f88381c,miter,123,UNSAT,0.031,0.000,0.000,8492.000,20,pc2
c49255402c653d2c90478b4e8f88381c,miter,777,UNSAT,0.029,0.000,0.000,8492.000,20,pc2
c4dc4893f96456aad091deca9b9ea0bc,miter,42,UNSAT,54.678,637.000,2095.000,1044835.000,20,pc2
c4dc4893f96456aad091deca9b9ea0bc,miter,123,UNSAT,54.936,635.000,1732.000,1040952.000,20,pc2
c4dc4893f96456aad091deca9b9ea0bc,miter,777,UNSAT,54.916,639.000,2162.000,1049704.000,20,pc2
c7e1c685f8ea6134f621b7bd7c22c823,miter,42,UNSAT,19.032,28492.000,83846.000,106481974.000,20,pc2
c7e1c685f8ea6134f621b7bd7c22c823,miter,123,UNSAT,17.541,26363.000,78430.000,100735886.000,20,pc2
c7e1c685f8ea6134f621b7bd7c22c823,miter,777,UNSAT,19.151,29028.000,88204.000,104070457.000,20,pc2
c80370f0d6197b10a0b93c24f3b19046,miter,42,TIMEOUT,800.000,,,,-1,pc2
c80370f0d6197b10a0b93c24f3b19046,miter,123,TIMEOUT,800.000,,,,-1,pc2
c80370f0d6197b10a0b93c24f3b19046,miter,777,TIMEOUT,800.000,,,,-1,pc2
c89b0bd74f1d727fe6c8b7221d402f3e,miter,42,UNSAT,8.086,79866.000,169299.000,14495189.000,20,pc2
c89b0bd74f1d727fe6c8b7221d402f3e,miter,123,UNSAT,8.250,91905.000,192447.000,15791237.000,20,pc2
c89b0bd74f1d727fe6c8b7221d402f3e,miter,777,UNSAT,8.937,94389.000,194752.000,17253722.000,20,pc2
c93be5a6216392787130e76afaaa44dc,miter,42,UNSAT,14.635,103175.000,810766.000,44731956.000,20,pc2
c93be5a6216392787130e76afaaa44dc,miter,123,UNSAT,18.127,116472.000,1102123.000,52306481.000,20,pc2
c93be5a6216392787130e76afaaa44dc,miter,777,UNSAT,18.646,131137.000,1442527.000,58618736.000,20,pc2
cebdff69bbdc5d02033917180c906ba5,miter,42,UNSAT,0.048,0.000,0.000,17323.000,20,pc2
cebdff69bbdc5d02033917180c906ba5,miter,123,UNSAT,0.056,0.000,0.000,17323.000,20,pc2
cebdff69bbdc5d02033917180c906ba5,miter,777,UNSAT,0.072,0.000,0.000,17323.000,20,pc2
d2e92ad424f2bdf1115e3edbeb1630b1,miter,42,TIMEOUT,800.000,,,,-1,pc2
d2e92ad424f2bdf1115e3edbeb1630b1,miter,123,TIMEOUT,800.000,,,,-1,pc2
d2e92ad424f2bdf1115e3edbeb1630b1,miter,777,TIMEOUT,800.000,,,,-1,pc2
d3ad4a7150543ec5977e31388a7c99dc,miter,42,TIMEOUT,800.000,,,,-1,pc2
d3ad4a7150543ec5977e31388a7c99dc,miter,123,TIMEOUT,800.000,,,,-1,pc2
d3ad4a7150543ec5977e31388a7c99dc,miter,777,TIMEOUT,800.000,,,,-1,pc2
d7c0b9a5bc3235734d3dfabb23d10d26,miter,42,TIMEOUT,800.000,,,,-1,pc2
d7c0b9a5bc3235734d3dfabb23d10d26,miter,123,TIMEOUT,800.000,,,,-1,pc2
d7c0b9a5bc3235734d3dfabb23d10d26,miter,777,TIMEOUT,800.000,,,,-1,pc2
dc81cd1ae0f4e8ad19469f6f264a3807,miter,42,TIMEOUT,800.000,,,,-1,pc2
dc81cd1ae0f4e8ad19469f6f264a3807,miter,123,TIMEOUT,800.000,,,,-1,pc2
dc81cd1ae0f4e8ad19469f6f264a3807,miter,777,TIMEOUT,800.000,,,,-1,pc2
dc98cb692e3203258be6d4d31f566388,miter,42,SAT,0.180,0.000,0.000,160418.000,10,pc2
dc98cb692e3203258be6d4d31f566388,miter,123,SAT,0.148,0.000,0.000,160418.000,10,pc2
dc98cb692e3203258be6d4d31f566388,miter,777,SAT,0.145,0.000,0.000,160418.000,10,pc2
df5370a462d175b6973d686f7b83421e,miter,42,UNSAT,0.032,0.000,0.000,4571.000,20,pc2
df5370a462d175b6973d686f7b83421e,miter,123,UNSAT,0.032,0.000,0.000,4571.000,20,pc2
df5370a462d175b6973d686f7b83421e,miter,777,UNSAT,0.035,0.000,0.000,4571.000,20,pc2
e3e8cf23d3a7469a3907b1f40931fa4d,miter,42,UNSAT,148.117,2174351.000,7123498.000,232282376.000,20,pc2
e3e8cf23d3a7469a3907b1f40931fa4d,miter,123,UNSAT,128.377,1849137.000,6232813.000,200239603.000,20,pc2
e3e8cf23d3a7469a3907b1f40931fa4d,miter,777,UNSAT,94.637,1530719.000,5821637.000,179685530.000,20,pc2
e4c32dcfef4f80078111484c8eed84fd,miter,42,UNSAT,21.705,0.000,0.000,188905.000,20,pc2
e4c32dcfef4f80078111484c8eed84fd,miter,123,UNSAT,21.364,0.000,0.000,188905.000,20,pc2
e4c32dcfef4f80078111484c8eed84fd,miter,777,UNSAT,21.463,0.000,0.000,188905.000,20,pc2
e999fcc527febef914832c3bc37c32fc,miter,42,TIMEOUT,800.000,,,,-1,pc2
e999fcc527febef914832c3bc37c32fc,miter,123,TIMEOUT,800.000,,,,-1,pc2
e999fcc527febef914832c3bc37c32fc,miter,777,UNSAT,672.880,7351719.000,10239505.000,468298894.000,20,pc2
ead9f0f95528875bbdbe323625cdf8b9,miter,42,UNSAT,0.132,0.000,0.000,94535.000,20,pc2
ead9f0f95528875bbdbe323625cdf8b9,miter,123,UNSAT,0.130,0.000,0.000,94535.000,20,pc2
ead9f0f95528875bbdbe323625cdf8b9,miter,777,UNSAT,0.125,0.000,0.000,94535.000,20,pc2
ecfa1f0b2d8ce80aef5122a65979a773,miter,42,UNSAT,0.291,3612.000,15270.000,1179204.000,20,pc2
ecfa1f0b2d8ce80aef5122a65979a773,miter,123,UNSAT,0.304,5176.000,19586.000,1359842.000,20,pc2
ecfa1f0b2d8ce80aef5122a65979a773,miter,777,UNSAT,0.303,3924.000,14570.000,1176503.000,20,pc2
ed4bdf5cf58ab21141048e08bb8ffc43,miter,42,TIMEOUT,800.000,,,,-1,pc2
ed4bdf5cf58ab21141048e08bb8ffc43,miter,123,TIMEOUT,800.000,,,,-1,pc2
ed4bdf5cf58ab21141048e08bb8ffc43,miter,777,TIMEOUT,800.000,,,,-1,pc2
f67a0e48ea55cd9ed949731008a6fdce,miter,42,UNSAT,32.710,231822.000,791257.000,113574626.000,20,pc2
f67a0e48ea55cd9ed949731008a6fdce,miter,123,UNSAT,32.410,219804.000,730439.000,110091302.000,20,pc2
f67a0e48ea55cd9ed949731008a6fdce,miter,777,UNSAT,31.738,222922.000,748343.000,105733860.000,20,pc2
f7d34470d887c8fd66afeb28ba2911d3,miter,42,UNSAT,35.550,537555.000,2791375.000,99545844.000,20,pc2
f7d34470d887c8fd66afeb28ba2911d3,miter,123,UNSAT,36.243,571989.000,2881500.000,101612912.000,20,pc2
f7d34470d887c8fd66afeb28ba2911d3,miter,777,UNSAT,33.469,494459.000,2786928.000,97778980.000,20,pc2
f996311dc45c9d484cc9d3c697ff1d83,miter,42,UNSAT,0.059,0.000,0.000,37339.000,20,pc2
f996311dc45c9d484cc9d3c697ff1d83,miter,123,UNSAT,0.055,0.000,0.000,37339.000,20,pc2
f996311dc45c9d484cc9d3c697ff1d83,miter,777,UNSAT,0.041,0.000,0.000,37339.000,20,pc2
f9f936e5bb9f43fc9beedeba1a1c0308,miter,42,UNSAT,29.631,354967.000,1197946.000,93969365.000,20,pc2
f9f936e5bb9f43fc9beedeba1a1c0308,miter,123,UNSAT,35.231,422687.000,1349686.000,104724880.000,20,pc2
f9f936e5bb9f43fc9beedeba1a1c0308,miter,777,UNSAT,32.407,367520.000,1135204.000,97764772.000,20,pc2
fa6253a4cb5f8192fa03b87bac4a6d4a,miter,42,UNSAT,0.028,0.000,0.000,10552.000,20,pc2
fa6253a4cb5f8192fa03b87bac4a6d4a,miter,123,UNSAT,0.028,0.000,0.000,10552.000,20,pc2
fa6253a4cb5f8192fa03b87bac4a6d4a,miter,777,UNSAT,0.029,0.000,0.000,10552.000,20,pc2
fe2c6df3250d04882d7d253f488d60b9,miter,42,UNSAT,0.030,0.000,0.000,10672.000,20,pc2
fe2c6df3250d04882d7d253f488d60b9,miter,123,UNSAT,0.027,0.000,0.000,10672.000,20,pc2
fe2c6df3250d04882d7d253f488d60b9,miter,777,UNSAT,0.023,0.000,0.000,10672.000,20,pc2
03980ada4055f6198fcd7ee52bb220f1,planning,42,TIMEOUT,800.000,,,,-1,pc2
03980ada4055f6198fcd7ee52bb220f1,planning,123,TIMEOUT,800.000,,,,-1,pc2
03980ada4055f6198fcd7ee52bb220f1,planning,777,TIMEOUT,800.000,,,,-1,pc2
045613366353b062992e68937ca53edf,planning,42,SAT,2.441,46003.000,431656.000,7499145.000,10,pc2
045613366353b062992e68937ca53edf,planning,123,SAT,2.573,47521.000,401265.000,7284628.000,10,pc2
045613366353b062992e68937ca53edf,planning,777,SAT,2.768,52245.000,436566.000,7842853.000,10,pc2
047fbe00ecc60835f1ee9d458bbd7ee8,planning,42,SAT,92.614,103.000,10236.000,1690908.000,10,pc2
047fbe00ecc60835f1ee9d458bbd7ee8,planning,123,SAT,93.335,103.000,10236.000,1690908.000,10,pc2
047fbe00ecc60835f1ee9d458bbd7ee8,planning,777,SAT,92.737,103.000,10236.000,1690908.000,10,pc2
06166a0dd78f45c213add974a6711dfe,planning,42,UNSAT,39.897,31968.000,273342.000,170135423.000,20,pc2
06166a0dd78f45c213add974a6711dfe,planning,123,UNSAT,33.635,25256.000,248446.000,143121241.000,20,pc2
06166a0dd78f45c213add974a6711dfe,planning,777,UNSAT,42.859,38273.000,308902.000,197150709.000,20,pc2
0a015b7f4b4ec96e881f2f5f5e55265c,planning,42,SAT,2.178,8455.000,41125.000,10587803.000,10,pc2
0a015b7f4b4ec96e881f2f5f5e55265c,planning,123,SAT,49.507,362153.000,907764.000,256467440.000,10,pc2
0a015b7f4b4ec96e881f2f5f5e55265c,planning,777,SAT,136.376,1086564.000,2376031.000,535941581.000,10,pc2
0ac5ff376b826f68d384ba05a1d00de0,planning,42,TIMEOUT,800.000,,,,-1,pc2
0ac5ff376b826f68d384ba05a1d00de0,planning,123,TIMEOUT,800.000,,,,-1,pc2
0ac5ff376b826f68d384ba05a1d00de0,planning,777,TIMEOUT,800.000,,,,-1,pc2
16545a249c97d043ce9456c3434dba19,planning,42,TIMEOUT,800.000,,,,-1,pc2
16545a249c97d043ce9456c3434dba19,planning,123,TIMEOUT,800.000,,,,-1,pc2
16545a249c97d043ce9456c3434dba19,planning,777,TIMEOUT,800.000,,,,-1,pc2
191a745164f245117f40a1a2f6942ee4,planning,42,TIMEOUT,800.000,,,,-1,pc2
191a745164f245117f40a1a2f6942ee4,planning,123,TIMEOUT,800.000,,,,-1,pc2
191a745164f245117f40a1a2f6942ee4,planning,777,TIMEOUT,800.000,,,,-1,pc2
199c6440994723f43344ca124b72b8ba,planning,42,TIMEOUT,800.000,,,,-1,pc2
199c6440994723f43344ca124b72b8ba,planning,123,TIMEOUT,800.000,,,,-1,pc2
199c6440994723f43344ca124b72b8ba,planning,777,TIMEOUT,800.000,,,,-1,pc2
1de5dab21b0f1be4617ca5e0422a769a,planning,42,SAT,0.170,1631.000,24561.000,218359.000,10,pc2
1de5dab21b0f1be4617ca5e0422a769a,planning,123,SAT,0.127,1762.000,23268.000,221584.000,10,pc2
1de5dab21b0f1be4617ca5e0422a769a,planning,777,SAT,0.124,1642.000,21031.000,201350.000,10,pc2
2022659f96388494baf939f542ba2c6f,planning,42,SAT,172.275,781876.000,2418555.000,770185697.000,10,pc2
2022659f96388494baf939f542ba2c6f,planning,123,SAT,135.731,560988.000,1861119.000,560394193.000,10,pc2
2022659f96388494baf939f542ba2c6f,planning,777,SAT,171.277,815036.000,2462435.000,762385725.000,10,pc2
24706f6663f0524f28b62e0c8b6abf1e,planning,42,SAT,0.504,6578.000,20760.000,1872044.000,10,pc2
24706f6663f0524f28b62e0c8b6abf1e,planning,123,SAT,0.113,640.000,2161.000,142828.000,10,pc2
24706f6663f0524f28b62e0c8b6abf1e,planning,777,SAT,0.113,592.000,1890.000,133219.000,10,pc2
261227751e41065551cbeebe9b11ee40,planning,42,SAT,15.015,257691.000,1342762.000,28852637.000,10,pc2
261227751e41065551cbeebe9b11ee40,planning,123,SAT,32.903,528967.000,2402018.000,53798397.000,10,pc2
261227751e41065551cbeebe9b11ee40,planning,777,SAT,30.050,482987.000,2234083.000,52344265.000,10,pc2
2aab943d5ee5d7b3888f1ca30a453c4f,planning,42,UNSAT,18.412,268242.000,440267.000,108774107.000,20,pc2
2aab943d5ee5d7b3888f1ca30a453c4f,planning,123,UNSAT,19.795,326246.000,501524.000,116831003.000,20,pc2
2aab943d5ee5d7b3888f1ca30a453c4f,planning,777,UNSAT,22.461,318593.000,519531.000,132911331.000,20,pc2
2b79a32fe5eab5954569261405d7601c,planning,42,SAT,419.860,126668.000,2897944.000,1464656337.000,10,pc2
2b79a32fe5eab5954569261405d7601c,planning,123,SAT,485.384,151078.000,3219620.000,1791150200.000,10,pc2
2b79a32fe5eab5954569261405d7601c,planning,777,TIMEOUT,800.000,,,,-1,pc2
2ca513f98cb00bf9ff0ff1f8a9caaf78,planning,42,TIMEOUT,800.000,,,,-1,pc2
2ca513f98cb00bf9ff0ff1f8a9caaf78,planning,123,TIMEOUT,800.000,,,,-1,pc2
2ca513f98cb00bf9ff0ff1f8a9caaf78,planning,777,TIMEOUT,800.000,,,,-1,pc2
325bedaebd99c3cd5e9f91aced5e9fac,planning,42,SAT,0.058,14.000,101.000,16666.000,10,pc2
325bedaebd99c3cd5e9f91aced5e9fac,planning,123,SAT,0.054,14.000,101.000,16666.000,10,pc2
325bedaebd99c3cd5e9f91aced5e9fac,planning,777,SAT,0.073,14.000,101.000,16666.000,10,pc2
365fd9f0ff905a4d3b1f0d6adcffc416,planning,42,TIMEOUT,800.000,,,,-1,pc2
365fd9f0ff905a4d3b1f0d6adcffc416,planning,123,TIMEOUT,800.000,,,,-1,pc2
365fd9f0ff905a4d3b1f0d6adcffc416,planning,777,TIMEOUT,800.000,,,,-1,pc2
3728eb69fc6046897251cc33e0b25a5a,planning,42,TIMEOUT,800.000,,,,-1,pc2
3728eb69fc6046897251cc33e0b25a5a,planning,123,TIMEOUT,800.000,,,,-1,pc2
3728eb69fc6046897251cc33e0b25a5a,planning,777,TIMEOUT,800.000,,,,-1,pc2
40bd4eb80921341b7b3ad067a74cf46a,planning,42,SAT,7.274,109890.000,992583.000,15614005.000,10,pc2
40bd4eb80921341b7b3ad067a74cf46a,planning,123,SAT,7.371,111678.000,1005574.000,15701727.000,10,pc2
40bd4eb80921341b7b3ad067a74cf46a,planning,777,SAT,8.884,148154.000,1213675.000,18531106.000,10,pc2
40c14c38362c8a8b8fb9849ecb2fb66e,planning,42,SAT,10.013,145419.000,1234622.000,20617509.000,10,pc2
40c14c38362c8a8b8fb9849ecb2fb66e,planning,123,SAT,6.793,102668.000,963858.000,15145484.000,10,pc2
40c14c38362c8a8b8fb9849ecb2fb66e,planning,777,SAT,8.190,120838.000,1039894.000,17204663.000,10,pc2
441639a2fdfe632efe1a87df0507bc1d,planning,42,UNSAT,45.925,73558.000,206864.000,199551113.000,20,pc2
441639a2fdfe632efe1a87df0507bc1d,planning,123,UNSAT,48.569,60240.000,179265.000,215266946.000,20,pc2
441639a2fdfe632efe1a87df0507bc1d,planning,777,UNSAT,33.169,46781.000,156396.000,141085303.000,20,pc2
4483f9654fdf809f93ded32e47cea3d3,planning,42,SAT,0.097,29.000,124.000,36447.000,10,pc2
4483f9654fdf809f93ded32e47cea3d3,planning,123,SAT,0.087,29.000,124.000,36447.000,10,pc2
4483f9654fdf809f93ded32e47cea3d3,planning,777,SAT,0.088,29.000,124.000,36447.000,10,pc2
460f2c5cbd5d64a53671890005df99fb,planning,42,UNSAT,715.202,3666254.000,7330496.000,2147841917.000,20,pc2
460f2c5cbd5d64a53671890005df99fb,planning,123,UNSAT,680.256,3501203.000,7075998.000,2157858616.000,20,pc2
460f2c5cbd5d64a53671890005df99fb,planning,777,UNSAT,730.596,3847359.000,7661504.000,2341401640.000,20,pc2
4c5d4cce5ac439c0540b76bbf3e9b44c,planning,42,SAT,7.287,2642.000,36955.000,20884697.000,10,pc2
4c5d4cce5ac439c0540b76bbf3e9b44c,planning,123,SAT,33.844,22341.000,581364.000,161481925.000,10,pc2
4c5d4cce5ac439c0540b76bbf3e9b44c,planning,777,SAT,132.623,67051.000,1392954.000,753386237.000,10,pc2
51715b2bb9948a938bc78c6a0ffb00da,planning,42,SAT,0.122,1578.000,28724.000,215843.000,10,pc2
51715b2bb9948a938bc78c6a0ffb00da,planning,123,SAT,0.322,3025.000,38841.000,914031.000,10,pc2
51715b2bb9948a938bc78c6a0ffb00da,planning,777,SAT,0.297,2989.000,43690.000,949284.000,10,pc2
51e9cba23a2dcfd39278539d38820d20,planning,42,UNSAT,1.306,21822.000,37204.000,9455111.000,20,pc2
51e9cba23a2dcfd39278539d38820d20,planning,123,UNSAT,1.383,24952.000,41992.000,10179781.000,20,pc2
51e9cba23a2dcfd39278539d38820d20,planning,777,UNSAT,1.728,32010.000,52457.000,11733009.000,20,pc2
5257a9575db38fcfe307a4f004e840a4,planning,42,SAT,5.348,48079.000,141666.000,35595679.000,10,pc2
5257a9575db38fcfe307a4f004e840a4,planning,123,SAT,29.178,323516.000,639760.000,154859985.000,10,pc2
5257a9575db38fcfe307a4f004e840a4,planning,777,SAT,2.485,18116.000,51942.000,14870692.000,10,pc2
55d6ee7178934d1940318ef5c2011107,planning,42,UNSAT,33.408,33731.000,239800.000,197936661.000,20,pc2
55d6ee7178934d1940318ef5c2011107,planning,123,UNSAT,32.670,29200.000,207454.000,183593450.000,20,pc2
55d6ee7178934d1940318ef5c2011107,planning,777,UNSAT,34.097,33038.000,224084.000,196550044.000,20,pc2
572e5f8d24e5624aff2c6d51a6d9b8c3,planning,42,SAT,1.371,3329.000,11097.000,3881457.000,10,pc2
572e5f8d24e5624aff2c6d51a6d9b8c3,planning,123,SAT,1.268,4150.000,13253.000,4443642.000,10,pc2
572e5f8d24e5624aff2c6d51a6d9b8c3,planning,777,SAT,1.157,2998.000,10863.000,3377138.000,10,pc2
578f9377bfbfcc6ea3a18eb630667956,planning,42,SAT,0.397,6141.000,23378.000,2747718.000,10,pc2
578f9377bfbfcc6ea3a18eb630667956,planning,123,SAT,0.471,8607.000,27848.000,3271042.000,10,pc2
578f9377bfbfcc6ea3a18eb630667956,planning,777,SAT,0.458,8258.000,28664.000,3354134.000,10,pc2
579135d4b2f5231db817b387b1729dec,planning,42,SAT,2.333,32444.000,406904.000,6958992.000,10,pc2
579135d4b2f5231db817b387b1729dec,planning,123,SAT,3.147,48716.000,472968.000,8663581.000,10,pc2
579135d4b2f5231db817b387b1729dec,planning,777,SAT,3.353,47539.000,499038.000,8655845.000,10,pc2
5c356f123206d39b8dc68bbaac906562,planning,42,SAT,0.114,21.000,248.000,50336.000,10,pc2
5c356f123206d39b8dc68bbaac906562,planning,123,SAT,0.109,21.000,248.000,50336.000,10,pc2
5c356f123206d39b8dc68bbaac906562,planning,777,SAT,0.102,21.000,248.000,50336.000,10,pc2
5f3042793127010ea9f496a8f40ab8a0,planning,42,SAT,0.021,0.000,0.000,5552.000,10,pc2
5f3042793127010ea9f496a8f40ab8a0,planning,123,SAT,0.020,0.000,0.000,5552.000,10,pc2
5f3042793127010ea9f496a8f40ab8a0,planning,777,SAT,0.021,0.000,0.000,5552.000,10,pc2
64cabd8c7a48d2eb9067a58cf274b8b7,planning,42,TIMEOUT,800.000,,,,-1,pc2
64cabd8c7a48d2eb9067a58cf274b8b7,planning,123,TIMEOUT,800.000,,,,-1,pc2
64cabd8c7a48d2eb9067a58cf274b8b7,planning,777,TIMEOUT,800.000,,,,-1,pc2
667fa9dc90464bd156df7e88b13c4001,planning,42,UNKNOWN,299.197,2359.000,93688.000,974225966.000,-6,pc2
667fa9dc90464bd156df7e88b13c4001,planning,123,UNKNOWN,291.559,2885.000,75826.000,923625304.000,-6,pc2
667fa9dc90464bd156df7e88b13c4001,planning,777,CORRUPT_XZ,0.000,,,,-4,pc2
66815f8c5c22b9e40e0ed692eb9c8aa1,planning,42,SAT,0.814,9222.000,145982.000,2781254.000,10,pc2
66815f8c5c22b9e40e0ed692eb9c8aa1,planning,123,SAT,1.134,15671.000,282583.000,3771336.000,10,pc2
66815f8c5c22b9e40e0ed692eb9c8aa1,planning,777,SAT,1.457,18424.000,310420.000,4395899.000,10,pc2
66a1f530c185e09dc920e5ee57c8f6b1,planning,42,SAT,0.019,0.000,0.000,570.000,10,pc2
66a1f530c185e09dc920e5ee57c8f6b1,planning,123,SAT,0.019,0.000,0.000,570.000,10,pc2
66a1f530c185e09dc920e5ee57c8f6b1,planning,777,SAT,0.020,0.000,0.000,570.000,10,pc2
66e35170e72c3233f2ad23afce22491d,planning,42,UNSAT,91.595,952120.000,1487689.000,188797893.000,20,pc2
66e35170e72c3233f2ad23afce22491d,planning,123,UNSAT,60.983,688534.000,1108860.000,142388103.000,20,pc2
66e35170e72c3233f2ad23afce22491d,planning,777,UNSAT,66.187,763124.000,1230107.000,156978511.000,20,pc2
6d6bbc183e9054f627e578db6ade59ec,planning,42,UNSAT,49.294,24912.000,317032.000,156047973.000,20,pc2
6d6bbc183e9054f627e578db6ade59ec,planning,123,UNSAT,49.780,22911.000,330587.000,155092395.000,20,pc2
6d6bbc183e9054f627e578db6ade59ec,planning,777,UNSAT,25.330,12367.000,188904.000,87218867.000,20,pc2
6e808c491e0b4d6472313d74d408df7f,planning,42,UNSAT,31.460,416087.000,1023801.000,42425638.000,20,pc2
6e808c491e0b4d6472313d74d408df7f,planning,123,UNSAT,31.579,437530.000,1064764.000,45829966.000,20,pc2
6e808c491e0b4d6472313d74d408df7f,planning,777,UNSAT,17.418,274857.000,739623.000,28291476.000,20,pc2
6f50de5acf3a0343b00e1c9f1127b929,planning,42,SAT,0.092,10.000,52.000,19265.000,10,pc2
6f50de5acf3a0343b00e1c9f1127b929,planning,123,SAT,0.088,10.000,52.000,19265.000,10,pc2
6f50de5acf3a0343b00e1c9f1127b929,planning,777,SAT,0.083,10.000,52.000,19265.000,10,pc2
78d8140d9ecf62492911a1ec73a06212,planning,42,SAT,0.013,0.000,0.000,327.000,10,pc2
78d8140d9ecf62492911a1ec73a06212,planning,123,SAT,0.018,0.000,0.000,327.000,10,pc2
78d8140d9ecf62492911a1ec73a06212,planning,777,SAT,0.016,0.000,0.000,327.000,10,pc2
79fe0b87911d5d3efc253afe688ba6bd,planning,42,TIMEOUT,800.000,,,,-1,pc2
79fe0b87911d5d3efc253afe688ba6bd,planning,123,TIMEOUT,800.000,,,,-1,pc2
79fe0b87911d5d3efc253afe688ba6bd,planning,777,TIMEOUT,800.000,,,,-1,pc2
7e19f295d35c30ac4d5386ffec1fcf28,planning,42,SAT,0.019,0.000,0.000,53.000,10,pc2
7e19f295d35c30ac4d5386ffec1fcf28,planning,123,SAT,0.023,0.000,0.000,53.000,10,pc2
7e19f295d35c30ac4d5386ffec1fcf28,planning,777,SAT,0.022,0.000,0.000,53.000,10,pc2
7f71af39bd460da2bf60efe59f74928b,planning,42,TIMEOUT,800.000,,,,-1,pc2
7f71af39bd460da2bf60efe59f74928b,planning,123,TIMEOUT,800.000,,,,-1,pc2
7f71af39bd460da2bf60efe59f74928b,planning,777,TIMEOUT,800.000,,,,-1,pc2
83980f552b5e39ba31ed2d71a184d57b,planning,42,SAT,0.084,1313.000,2850.000,149906.000,10,pc2
83980f552b5e39ba31ed2d71a184d57b,planning,123,SAT,0.086,1417.000,3014.000,165395.000,10,pc2
83980f552b5e39ba31ed2d71a184d57b,planning,777,SAT,0.093,2058.000,4070.000,246556.000,10,pc2
84732661a082f6f9739927fbf8d23e86,planning,42,UNSAT,5.332,8667.000,102961.000,34702794.000,20,pc2
84732661a082f6f9739927fbf8d23e86,planning,123,UNSAT,6.520,11153.000,131632.000,43502358.000,20,pc2
84732661a082f6f9739927fbf8d23e86,planning,777,UNSAT,6.939,10739.000,140125.000,50337727.000,20,pc2
86f1b4ff42db7b2fd92c62044b5d52d0,planning,42,TIMEOUT,800.000,,,,-1,pc2
86f1b4ff42db7b2fd92c62044b5d52d0,planning,123,TIMEOUT,800.000,,,,-1,pc2
86f1b4ff42db7b2fd92c62044b5d52d0,planning,777,CORRUPT_XZ,0.000,,,,-4,pc2
8bc827a04706f235a82de54d0b30c4ab,planning,42,SAT,0.093,60.000,330.000,44829.000,10,pc2
8bc827a04706f235a82de54d0b30c4ab,planning,123,SAT,0.098,60.000,330.000,44829.000,10,pc2
8bc827a04706f235a82de54d0b30c4ab,planning,777,SAT,0.092,60.000,330.000,44829.000,10,pc2
8cc277adc1b861c9db879a378779fcb1,planning,42,SAT,10.538,154515.000,2072130.000,21789873.000,10,pc2
8cc277adc1b861c9db879a378779fcb1,planning,123,SAT,7.646,105103.000,1610329.000,17415525.000,10,pc2
8cc277adc1b861c9db879a378779fcb1,planning,777,SAT,13.118,196424.000,2230177.000,25334852.000,10,pc2
93be9c580b2c695ee9c9339a62765f87,planning,42,SAT,81.542,1423580.000,15295973.000,154490856.000,10,pc2
93be9c580b2c695ee9c9339a62765f87,planning,123,SAT,101.997,1955068.000,17873578.000,187532930.000,10,pc2
93be9c580b2c695ee9c9339a62765f87,planning,777,SAT,159.435,2969315.000,24421814.000,264497569.000,10,pc2
946aef9c0169855b5f2851e89a0f44cd,planning,42,CORRUPT_XZ,0.000,,,,-4,pc2
946aef9c0169855b5f2851e89a0f44cd,planning,123,CORRUPT_XZ,0.000,,,,-4,pc2
946aef9c0169855b5f2851e89a0f44cd,planning,777,CORRUPT_XZ,0.000,,,,-4,pc2
94ad97f750345300b7baf257cf91fc4c,planning,42,UNSAT,1.281,45.000,11375.000,699029.000,20,pc2
94ad97f750345300b7baf257cf91fc4c,planning,123,UNSAT,1.311,45.000,11375.000,699029.000,20,pc2
94ad97f750345300b7baf257cf91fc4c,planning,777,UNSAT,1.307,45.000,11375.000,699029.000,20,pc2
94f515f8db5e860d4ec3e71c999fef13,planning,42,UNSAT,48.492,713984.000,1093154.000,200190177.000,20,pc2
94f515f8db5e860d4ec3e71c999fef13,planning,123,UNSAT,30.635,430987.000,688109.000,127558036.000,20,pc2
94f515f8db5e860d4ec3e71c999fef13,planning,777,UNSAT,32.568,474586.000,740864.000,141859209.000,20,pc2
9654f68ba29003516cfcb146cec60f46,planning,42,SAT,0.160,2640.000,7952.000,656142.000,10,pc2
9654f68ba29003516cfcb146cec60f46,planning,123,SAT,0.279,3262.000,9925.000,1451316.000,10,pc2
9654f68ba29003516cfcb146cec60f46,planning,777,SAT,0.336,5312.000,16332.000,2076872.000,10,pc2
9a2b7e7439dfd80e17a4bf26124bd0e5,planning,42,SAT,0.551,6757.000,14721.000,1924294.000,10,pc2
9a2b7e7439dfd80e17a4bf26124bd0e5,planning,123,SAT,0.464,5211.000,11376.000,1663963.000,10,pc2
9a2b7e7439dfd80e17a4bf26124bd0e5,planning,777,SAT,0.192,2192.000,5445.000,415487.000,10,pc2
9c5820bb66988fcab00e788ecb2bd182,planning,42,TIMEOUT,800.000,,,,-1,pc2
9c5820bb66988fcab00e788ecb2bd182,planning,123,TIMEOUT,800.000,,,,-1,pc2
9c5820bb66988fcab00e788ecb2bd182,planning,777,TIMEOUT,800.000,,,,-1,pc2
9d5795b7e996c413292129c1eb5b9843,planning,42,SAT,7.960,82797.000,242601.000,24038017.000,10,pc2
9d5795b7e996c413292129c1eb5b9843,planning,123,SAT,32.051,290793.000,639898.000,77231990.000,10,pc2
9d5795b7e996c413292129c1eb5b9843,planning,777,SAT,39.506,357285.000,795860.000,93128206.000,10,pc2
9dd18fb3553cf393e28c1ca3aca2336b,planning,42,SAT,0.355,3614.000,6818.000,1403269.000,10,pc2
9dd18fb3553cf393e28c1ca3aca2336b,planning,123,SAT,0.139,1044.000,2577.000,250509.000,10,pc2
9dd18fb3553cf393e28c1ca3aca2336b,planning,777,SAT,0.238,3055.000,6019.000,760152.000,10,pc2
a2a84cd949f39903c7a4b94b8e3b94e9,planning,42,TIMEOUT,800.000,,,,-1,pc2
a2a84cd949f39903c7a4b94b8e3b94e9,planning,123,TIMEOUT,800.000,,,,-1,pc2
a2a84cd949f39903c7a4b94b8e3b94e9,planning,777,TIMEOUT,800.000,,,,-1,pc2
a2f602abd1e1bcddb1f167bd4985cee4,planning,42,TIMEOUT,800.000,,,,-1,pc2
a2f602abd1e1bcddb1f167bd4985cee4,planning,123,TIMEOUT,800.000,,,,-1,pc2
a2f602abd1e1bcddb1f167bd4985cee4,planning,777,TIMEOUT,800.000,,,,-1,pc2
a3e38c27d6d1d21b315da0c4ea454b2a,planning,42,SAT,0.090,0.000,0.000,15106.000,10,pc2
a3e38c27d6d1d21b315da0c4ea454b2a,planning,123,SAT,0.065,0.000,0.000,15106.000,10,pc2
a3e38c27d6d1d21b315da0c4ea454b2a,planning,777,SAT,0.065,0.000,0.000,15106.000,10,pc2
a66bb4a01e21f05b59ada97a91a61048,planning,42,SAT,0.770,8611.000,141319.000,2909875.000,10,pc2
a66bb4a01e21f05b59ada97a91a61048,planning,123,SAT,0.757,8754.000,132904.000,2952568.000,10,pc2
a66bb4a01e21f05b59ada97a91a61048,planning,777,SAT,0.527,7078.000,106098.000,1927871.000,10,pc2
a99895026999b6ed637222c64f0ebf19,planning,42,UNSAT,0.135,73.000,1281.000,82216.000,20,pc2
a99895026999b6ed637222c64f0ebf19,planning,123,UNSAT,0.132,73.000,1281.000,82216.000,20,pc2
a99895026999b6ed637222c64f0ebf19,planning,777,UNSAT,0.136,73.000,1281.000,82216.000,20,pc2
ad3ac62501d0f149826aa91b33e6d99d,planning,42,SAT,0.301,3687.000,10578.000,1914955.000,10,pc2
ad3ac62501d0f149826aa91b33e6d99d,planning,123,SAT,0.864,15801.000,41856.000,6201148.000,10,pc2
ad3ac62501d0f149826aa91b33e6d99d,planning,777,SAT,0.128,1597.000,6183.000,536500.000,10,pc2
ae5316a6e04102a9ca4cd594daaf22e3,planning,42,SAT,198.308,150212.000,1072430.000,743679823.000,10,pc2
ae5316a6e04102a9ca4cd594daaf22e3,planning,123,SAT,123.616,93865.000,812675.000,446871091.000,10,pc2
ae5316a6e04102a9ca4cd594daaf22e3,planning,777,SAT,149.197,137694.000,1001732.000,572565246.000,10,pc2
af8d0f51b19fa5ecfe833742f39c61c9,planning,42,SAT,0.079,14.000,85.000,21744.000,10,pc2
af8d0f51b19fa5ecfe833742f39c61c9,planning,123,SAT,0.099,14.000,85.000,21744.000,10,pc2
af8d0f51b19fa5ecfe833742f39c61c9,planning,777,SAT,0.086,14.000,85.000,21744.000,10,pc2
b1654713158a777352b4bf00e6ffc820,planning,42,SAT,2.572,44664.000,316071.000,6829097.000,10,pc2
b1654713158a777352b4bf00e6ffc820,planning,123,SAT,2.753,51681.000,341993.000,7713866.000,10,pc2
b1654713158a777352b4bf00e6ffc820,planning,777,SAT,3.637,65595.000,405129.000,9198828.000,10,pc2
b4212dd5b85b95c731dfb26333465795,planning,42,CORRUPT_XZ,0.000,,,,-4,pc2
b4212dd5b85b95c731dfb26333465795,planning,123,CORRUPT_XZ,0.000,,,,-4,pc2
b4212dd5b85b95c731dfb26333465795,planning,777,CORRUPT_XZ,0.000,,,,-4,pc2
ba093c6ed285bf1e5643ca761cf8b8b2,planning,42,SAT,0.023,0.000,0.000,1908.000,10,pc2
ba093c6ed285bf1e5643ca761cf8b8b2,planning,123,SAT,0.023,0.000,0.000,1908.000,10,pc2
ba093c6ed285bf1e5643ca761cf8b8b2,planning,777,SAT,0.024,0.000,0.000,1908.000,10,pc2
bee9c640aa16582d1a1a821b111eaacf,planning,42,SAT,0.123,5.000,39.000,100063.000,10,pc2
bee9c640aa16582d1a1a821b111eaacf,planning,123,SAT,0.122,5.000,39.000,100063.000,10,pc2
bee9c640aa16582d1a1a821b111eaacf,planning,777,SAT,0.121,5.000,39.000,100063.000,10,pc2
c2355a212a2f6295ac6050518becc62d,planning,42,SAT,137.136,630178.000,2516472.000,821723753.000,10,pc2
c2355a212a2f6295ac6050518becc62d,planning,123,SAT,141.394,660459.000,2577809.000,842757226.000,10,pc2
c2355a212a2f6295ac6050518becc62d,planning,777,SAT,175.616,762808.000,2845114.000,978656316.000,10,pc2
c3621075609bccb71f473444d4bb32a1,planning,42,TIMEOUT,800.000,,,,-1,pc2
c3621075609bccb71f473444d4bb32a1,planning,123,TIMEOUT,800.000,,,,-1,pc2
c3621075609bccb71f473444d4bb32a1,planning,777,TIMEOUT,800.000,,,,-1,pc2
c45ec3ab625feb33e97fba7896933c2a,planning,42,SAT,0.298,1058.000,2546.000,585497.000,10,pc2
c45ec3ab625feb33e97fba7896933c2a,planning,123,SAT,0.265,1058.000,2546.000,585497.000,10,pc2
c45ec3ab625feb33e97fba7896933c2a,planning,777,SAT,0.274,1058.000,2546.000,585497.000,10,pc2
c8821b3db9c48a6e2d84c8d9f0f32645,planning,42,SAT,0.556,3806.000,15198.000,1867679.000,10,pc2
c8821b3db9c48a6e2d84c8d9f0f32645,planning,123,SAT,0.274,2386.000,9869.000,509038.000,10,pc2
c8821b3db9c48a6e2d84c8d9f0f32645,planning,777,SAT,0.178,1266.000,7460.000,372150.000,10,pc2
c95644adaafc88852c36287090a7d2df,planning,42,TIMEOUT,800.000,,,,-1,pc2
c95644adaafc88852c36287090a7d2df,planning,123,TIMEOUT,800.000,,,,-1,pc2
c95644adaafc88852c36287090a7d2df,planning,777,TIMEOUT,800.000,,,,-1,pc2
c9ce173177f091f397ac8be79fba5d66,planning,42,SAT,0.506,3788.000,78713.000,1296138.000,10,pc2
c9ce173177f091f397ac8be79fba5d66,planning,123,SAT,0.187,1859.000,48335.000,333605.000,10,pc2
c9ce173177f091f397ac8be79fba5d66,planning,777,SAT,0.468,3617.000,71647.000,1235642.000,10,pc2
cb13dbb4c855de5f8db842bf0d8702f1,planning,42,SAT,0.561,8386.000,70167.000,1630234.000,10,pc2
cb13dbb4c855de5f8db842bf0d8702f1,planning,123,SAT,1.110,14137.000,128123.000,2943502.000,10,pc2
cb13dbb4c855de5f8db842bf0d8702f1,planning,777,SAT,0.540,6838.000,69107.000,1507043.000,10,pc2
cb576136b0c2bd11deb2d0de33faa440,planning,42,SAT,7.105,81502.000,1512702.000,15719562.000,10,pc2
cb576136b0c2bd11deb2d0de33faa440,planning,123,SAT,7.863,114646.000,1861028.000,18476832.000,10,pc2
cb576136b0c2bd11deb2d0de33faa440,planning,777,SAT,9.116,111681.000,1850837.000,18317121.000,10,pc2
cbfdc1183daf7250681c3ab1f3f07397,planning,42,SAT,352.717,119563.000,2958429.000,1186898919.000,10,pc2
cbfdc1183daf7250681c3ab1f3f07397,planning,123,SAT,473.706,159898.000,3959824.000,1768215387.000,10,pc2
cbfdc1183daf7250681c3ab1f3f07397,planning,777,TIMEOUT,800.000,,,,-1,pc2
cd1fa4fa52834cf5c0c744dae3b226c7,planning,42,SAT,635.859,252479.000,4661554.000,1850468698.000,10,pc2
cd1fa4fa52834cf5c0c744dae3b226c7,planning,123,SAT,509.701,172370.000,4577775.000,1404639130.000,10,pc2
cd1fa4fa52834cf5c0c744dae3b226c7,planning,777,SAT,315.272,104928.000,3351777.000,837918539.000,10,pc2
cdbd9c75d4d3ae3c23788463abaee53a,planning,42,UNSAT,581.735,2962706.000,6118614.000,1815372200.000,20,pc2
cdbd9c75d4d3ae3c23788463abaee53a,planning,123,UNSAT,665.016,3288486.000,6704808.000,2032865287.000,20,pc2
cdbd9c75d4d3ae3c23788463abaee53a,planning,777,UNSAT,710.825,3385605.000,6939291.000,2070803921.000,20,pc2
ce9d0b1d7f0a92b9fee43fc0e0106fef,planning,42,SAT,0.164,584.000,2884.000,223752.000,10,pc2
ce9d0b1d7f0a92b9fee43fc0e0106fef,planning,123,SAT,0.116,584.000,2884.000,223752.000,10,pc2
ce9d0b1d7f0a92b9fee43fc0e0106fef,planning,777,SAT,0.116,584.000,2884.000,223752.000,10,pc2
d2800199a7c8d459cd0f26f10acb04a0,planning,42,SAT,0.072,16.000,41.000,30337.000,10,pc2
d2800199a7c8d459cd0f26f10acb04a0,planning,123,SAT,0.069,16.000,41.000,30337.000,10,pc2
d2800199a7c8d459cd0f26f10acb04a0,planning,777,SAT,0.064,16.000,41.000,30337.000,10,pc2
d28981444ef65f40d521d743831ccb31,planning,42,TIMEOUT,800.000,,,,-1,pc2
d28981444ef65f40d521d743831ccb31,planning,123,TIMEOUT,800.000,,,,-1,pc2
d28981444ef65f40d521d743831ccb31,planning,777,TIMEOUT,800.000,,,,-1,pc2
d73873b44da21fa1f46de63bfe5a82cc,planning,42,SAT,0.154,150.000,584.000,68840.000,10,pc2
d73873b44da21fa1f46de63bfe5a82cc,planning,123,SAT,0.116,150.000,584.000,68840.000,10,pc2
d73873b44da21fa1f46de63bfe5a82cc,planning,777,SAT,0.119,150.000,584.000,68840.000,10,pc2
d9a9d4165420979bf8cd2d77fbc1f086,planning,42,UNSAT,151.362,1461000.000,2164244.000,345318769.000,20,pc2
d9a9d4165420979bf8cd2d77fbc1f086,planning,123,UNSAT,64.784,717923.000,1140918.000,199353259.000,20,pc2
d9a9d4165420979bf8cd2d77fbc1f086,planning,777,UNSAT,35.789,406120.000,658288.000,135834222.000,20,pc2
e38f653ac840b5f286c1849bd29da41f,planning,42,SAT,50.956,369212.000,914108.000,249458275.000,10,pc2
e38f653ac840b5f286c1849bd29da41f,planning,123,SAT,80.504,545302.000,1342164.000,342571366.000,10,pc2
e38f653ac840b5f286c1849bd29da41f,planning,777,SAT,248.681,2177321.000,4671226.000,921415402.000,10,pc2
e708c10a771818b51e7c93cd06e1d416,planning,42,SAT,0.411,3471.000,40277.000,1015370.000,10,pc2
e708c10a771818b51e7c93cd06e1d416,planning,123,SAT,0.409,3789.000,45110.000,1070364.000,10,pc2
e708c10a771818b51e7c93cd06e1d416,planning,777,SAT,0.404,3659.000,43263.000,1071565.000,10,pc2
e8b1cf92d8911d0c08ca69ba75cd21ca,planning,42,SAT,0.878,282.000,11169.000,1155678.000,10,pc2
e8b1cf92d8911d0c08ca69ba75cd21ca,planning,123,SAT,0.896,282.000,11169.000,1155678.000,10,pc2
e8b1cf92d8911d0c08ca69ba75cd21ca,planning,777,SAT,0.898,282.000,11169.000,1155678.000,10,pc2
e9c650b71e13274781c56e0d0996d275,planning,42,SAT,0.097,765.000,1194.000,118108.000,10,pc2
e9c650b71e13274781c56e0d0996d275,planning,123,SAT,0.095,765.000,1194.000,118108.000,10,pc2
e9c650b71e13274781c56e0d0996d275,planning,777,SAT,0.096,765.000,1194.000,118108.000,10,pc2
ee68d8042b246565dfa474364227487f,planning,42,SAT,18.874,38771.000,211756.000,61712440.000,10,pc2
ee68d8042b246565dfa474364227487f,planning,123,SAT,22.200,38271.000,243339.000,74353248.000,10,pc2
ee68d8042b246565dfa474364227487f,planning,777,SAT,15.667,21830.000,170730.000,38252621.000,10,pc2
f750311b2f5b7bf7048b1e3956a3a6f3,planning,42,SAT,28.675,329612.000,777862.000,89942230.000,10,pc2
f750311b2f5b7bf7048b1e3956a3a6f3,planning,123,SAT,91.891,951790.000,1863038.000,231169914.000,10,pc2
f750311b2f5b7bf7048b1e3956a3a6f3,planning,777,SAT,47.107,543152.000,1155571.000,133556580.000,10,pc2
f91374ab8dae4f8e6103191b91c7fb44,planning,42,CORRUPT_XZ,0.000,,,,-4,pc2
f91374ab8dae4f8e6103191b91c7fb44,planning,123,CORRUPT_XZ,0.000,,,,-4,pc2
f91374ab8dae4f8e6103191b91c7fb44,planning,777,CORRUPT_XZ,0.000,,,,-4,pc2
faf3f6eb845fe9f286cdef8556576318,planning,42,SAT,0.074,15.000,101.000,29397.000,10,pc2
faf3f6eb845fe9f286cdef8556576318,planning,123,SAT,0.107,15.000,101.000,29397.000,10,pc2
faf3f6eb845fe9f286cdef8556576318,planning,777,SAT,0.073,15.000,101.000,29397.000,10,pc2
fbe4f6664edfbbfb0a395e1bf1ba3b44,planning,42,TIMEOUT,800.000,,,,-1,pc2
fbe4f6664edfbbfb0a395e1bf1ba3b44,planning,123,TIMEOUT,800.000,,,,-1,pc2
fbe4f6664edfbbfb0a395e1bf1ba3b44,planning,777,TIMEOUT,800.000,,,,-1,pc2
02d8847ee38504792705d794eb93e9a7,scheduling,42,UNSAT,354.697,923483.000,1217069.000,309231592.000,20,pc2_group3
02d8847ee38504792705d794eb93e9a7,scheduling,123,UNSAT,375.372,938630.000,1212175.000,318062501.000,20,pc2_group3
02d8847ee38504792705d794eb93e9a7,scheduling,777,UNSAT,311.317,808774.000,1054126.000,273969185.000,20,pc2_group3
03d93f5c0378205e17260e16e463ac67,scheduling,42,TIMEOUT,800.000,,,,-1,pc2_group3
03d93f5c0378205e17260e16e463ac67,scheduling,123,TIMEOUT,800.000,,,,-1,pc2_group3
03d93f5c0378205e17260e16e463ac67,scheduling,777,TIMEOUT,800.000,,,,-1,pc2_group3
055f942145df4b6c9fd0d10a3f1da98e,scheduling,42,SAT,18.014,26088.000,356451.000,27144352.000,10,pc2_group3
055f942145df4b6c9fd0d10a3f1da98e,scheduling,123,SAT,21.494,28906.000,376201.000,33479234.000,10,pc2_group3
055f942145df4b6c9fd0d10a3f1da98e,scheduling,777,SAT,18.118,26719.000,354053.000,28754802.000,10,pc2_group3
0855033e761d91ae367e867c5a569f9e,scheduling,42,UNSAT,282.132,1909601.000,2572442.000,438610963.000,20,pc2_group3
0855033e761d91ae367e867c5a569f9e,scheduling,123,UNSAT,250.101,1733590.000,2331165.000,402177627.000,20,pc2_group3
0855033e761d91ae367e867c5a569f9e,scheduling,777,UNSAT,238.161,1745640.000,2320744.000,405195831.000,20,pc2_group3
0ac6aaf6db6a0e4ec3a06e865d01086f,scheduling,42,UNSAT,329.867,4730518.000,5681250.000,179240721.000,20,pc2_group3
0ac6aaf6db6a0e4ec3a06e865d01086f,scheduling,123,UNSAT,356.415,4855686.000,5799613.000,192687017.000,20,pc2_group3
0ac6aaf6db6a0e4ec3a06e865d01086f,scheduling,777,UNSAT,403.153,5502545.000,6593964.000,210272680.000,20,pc2_group3
0d3fcbb89bfb8e821058ba3ea4284de1,scheduling,42,SAT,123.220,1065060.000,2095137.000,381242883.000,10,pc2_group3
0d3fcbb89bfb8e821058ba3ea4284de1,scheduling,123,TIMEOUT,800.000,,,,-1,pc2_group3
0d3fcbb89bfb8e821058ba3ea4284de1,scheduling,777,TIMEOUT,800.000,,,,-1,pc2_group3
0e1d562093d5f4fc9013cf4a14a03f70,scheduling,42,SAT,10.996,102076.000,450286.000,48652198.000,10,pc2_group3
0e1d562093d5f4fc9013cf4a14a03f70,scheduling,123,SAT,7.764,72937.000,327433.000,35688106.000,10,pc2_group3
0e1d562093d5f4fc9013cf4a14a03f70,scheduling,777,SAT,22.826,231784.000,790784.000,76773474.000,10,pc2_group3
125fe063849a753f60f98a174fb6af9f,scheduling,42,SAT,116.918,43321.000,422418.000,149698804.000,10,pc2_group3
125fe063849a753f60f98a174fb6af9f,scheduling,123,SAT,94.065,29977.000,343949.000,99282504.000,10,pc2_group3
125fe063849a753f60f98a174fb6af9f,scheduling,777,SAT,87.940,28654.000,310881.000,92211422.000,10,pc2_group3
16de92335666e9714a3add7f604f3714,scheduling,42,TIMEOUT,800.000,,,,-1,pc2_group3
16de92335666e9714a3add7f604f3714,scheduling,123,TIMEOUT,800.000,,,,-1,pc2_group3
16de92335666e9714a3add7f604f3714,scheduling,777,TIMEOUT,800.000,,,,-1,pc2_group3
17127821f541755ba13937dcab5958ac,scheduling,42,TIMEOUT,800.000,,,,-1,pc2_group3
17127821f541755ba13937dcab5958ac,scheduling,123,TIMEOUT,800.000,,,,-1,pc2_group3
17127821f541755ba13937dcab5958ac,scheduling,777,TIMEOUT,800.000,,,,-1,pc2_group3
1c342a5fa98241132762a00ba0f7b022,scheduling,42,SAT,26.021,96468.000,424506.000,89199257.000,10,pc2_group3
1c342a5fa98241132762a00ba0f7b022,scheduling,123,SAT,9.360,27408.000,175518.000,32930918.000,10,pc2_group3
1c342a5fa98241132762a00ba0f7b022,scheduling,777,SAT,5.100,8196.000,84370.000,13480086.000,10,pc2_group3
1dce69ee6685597d6c56e5fd7a47f8e0,scheduling,42,TIMEOUT,800.000,,,,-1,pc2_group3
1dce69ee6685597d6c56e5fd7a47f8e0,scheduling,123,TIMEOUT,800.000,,,,-1,pc2_group3
1dce69ee6685597d6c56e5fd7a47f8e0,scheduling,777,TIMEOUT,800.000,,,,-1,pc2_group3
22b4cf412c811872d6ba5078106aeb6c,scheduling,42,SAT,218.972,1005163.000,1392307.000,792912047.000,10,pc2_group3
22b4cf412c811872d6ba5078106aeb6c,scheduling,123,SAT,60.834,265888.000,391868.000,275509648.000,10,pc2_group3
22b4cf412c811872d6ba5078106aeb6c,scheduling,777,SAT,14.765,61505.000,112620.000,78100895.000,10,pc2_group3
22f4d5363eeca74616d4addb06c5b224,scheduling,42,TIMEOUT,800.000,,,,-1,pc2_group3
22f4d5363eeca74616d4addb06c5b224,scheduling,123,TIMEOUT,800.000,,,,-1,pc2_group3
22f4d5363eeca74616d4addb06c5b224,scheduling,777,TIMEOUT,800.000,,,,-1,pc2_group3
25390e9d1fa1926485db7eb2d5a20ea8,scheduling,42,TIMEOUT,800.000,,,,-1,pc2_group3
25390e9d1fa1926485db7eb2d5a20ea8,scheduling,123,TIMEOUT,800.000,,,,-1,pc2_group3
25390e9d1fa1926485db7eb2d5a20ea8,scheduling,777,TIMEOUT,800.000,,,,-1,pc2_group3
2c123bd2fe27c56c92048322e8c880e7,scheduling,42,SAT,164.764,72699.000,609707.000,71625207.000,10,pc2_group3
2c123bd2fe27c56c92048322e8c880e7,scheduling,123,SAT,27.368,8667.000,282429.000,11369318.000,10,pc2_group3
2c123bd2fe27c56c92048322e8c880e7,scheduling,777,SAT,123.608,51607.000,599265.000,52604424.000,10,pc2_group3
2efa3ca1d314662c94cd6ebb4b86da7a,scheduling,42,SAT,255.741,2609743.000,4575098.000,827949721.000,10,pc2_group3
2efa3ca1d314662c94cd6ebb4b86da7a,scheduling,123,SAT,115.799,963631.000,2392942.000,410260356.000,10,pc2_group3
2efa3ca1d314662c94cd6ebb4b86da7a,scheduling,777,SAT,139.500,1398427.000,2807678.000,485055708.000,10,pc2_group3
2fc3ab0c6dd059bae1189b672f44908e,scheduling,42,SAT,513.495,3656925.000,9495103.000,1813929691.000,10,pc2_group3
2fc3ab0c6dd059bae1189b672f44908e,scheduling,123,SAT,427.530,2896680.000,7776743.000,1550180316.000,10,pc2_group3
2fc3ab0c6dd059bae1189b672f44908e,scheduling,777,SAT,219.832,1463871.000,4088957.000,803096041.000,10,pc2_group3
2fdd1060b7b84e0a467ce815f808d72f,scheduling,42,TIMEOUT,800.000,,,,-1,pc2_group3
2fdd1060b7b84e0a467ce815f808d72f,scheduling,123,TIMEOUT,800.000,,,,-1,pc2_group3
2fdd1060b7b84e0a467ce815f808d72f,scheduling,777,TIMEOUT,800.000,,,,-1,pc2_group3
31e9cd07f730b20faa7c3d0f1ba2ea2e,scheduling,42,SAT,31.468,30859.000,221457.000,71241953.000,10,pc2_group3
31e9cd07f730b20faa7c3d0f1ba2ea2e,scheduling,123,SAT,55.243,66040.000,476087.000,143959076.000,10,pc2_group3
31e9cd07f730b20faa7c3d0f1ba2ea2e,scheduling,777,SAT,38.085,44769.000,335402.000,95424437.000,10,pc2_group3
35ec95b9b2398fb522db178855016ae0,scheduling,42,TIMEOUT,800.000,,,,-1,pc2_group3
35ec95b9b2398fb522db178855016ae0,scheduling,123,TIMEOUT,800.000,,,,-1,pc2_group3
35ec95b9b2398fb522db178855016ae0,scheduling,777,TIMEOUT,800.000,,,,-1,pc2_group3
3bdc74c99f45d1f4e00bd207c2173c9d,scheduling,42,TIMEOUT,800.000,,,,-1,pc2_group3
3bdc74c99f45d1f4e00bd207c2173c9d,scheduling,123,TIMEOUT,800.000,,,,-1,pc2_group3
3bdc74c99f45d1f4e00bd207c2173c9d,scheduling,777,TIMEOUT,800.000,,,,-1,pc2_group3
3c3085d5c38a80773c71f85881d78fcc,scheduling,42,SAT,154.331,418744.000,1926150.000,656840014.000,10,pc2_group3
3c3085d5c38a80773c71f85881d78fcc,scheduling,123,SAT,25.358,126539.000,254296.000,91816327.000,10,pc2_group3
3c3085d5c38a80773c71f85881d78fcc,scheduling,777,SAT,77.499,236322.000,881815.000,326082242.000,10,pc2_group3
3f688306f4263de7915f9d16dc907cd8,scheduling,42,UNSAT,728.119,1186160.000,1588856.000,2197948816.000,20,pc2_group3
3f688306f4263de7915f9d16dc907cd8,scheduling,123,TIMEOUT,800.000,,,,-1,pc2_group3
3f688306f4263de7915f9d16dc907cd8,scheduling,777,UNSAT,764.059,1187983.000,1599108.000,2189576666.000,20,pc2_group3
41eb30a2c1c34e869ba767cd4a0bacf7,scheduling,42,SAT,197.369,946922.000,4479633.000,851493709.000,10,pc2_group3
41eb30a2c1c34e869ba767cd4a0bacf7,scheduling,123,TIMEOUT,800.000,,,,-1,pc2_group3
41eb30a2c1c34e869ba767cd4a0bacf7,scheduling,777,SAT,237.682,997006.000,5105291.000,966053732.000,10,pc2_group3
43e492bccfd57029b758897b17d7f04f,scheduling,42,SAT,17.855,25205.000,97196.000,66978044.000,10,pc2_group3
43e492bccfd57029b758897b17d7f04f,scheduling,123,SAT,70.979,122289.000,495477.000,283326797.000,10,pc2_group3
43e492bccfd57029b758897b17d7f04f,scheduling,777,SAT,5.446,5243.000,21275.000,19141164.000,10,pc2_group3
448bc3366a8793b08e67bc5b816eafe8,scheduling,42,TIMEOUT,800.000,,,,-1,pc2_group3
448bc3366a8793b08e67bc5b816eafe8,scheduling,123,TIMEOUT,800.000,,,,-1,pc2_group3
448bc3366a8793b08e67bc5b816eafe8,scheduling,777,TIMEOUT,800.000,,,,-1,pc2_group3
44c25de7963c45e92a2407ad839f6e8b,scheduling,42,TIMEOUT,800.000,,,,-1,pc2_group3
44c25de7963c45e92a2407ad839f6e8b,scheduling,123,TIMEOUT,800.000,,,,-1,pc2_group3
44c25de7963c45e92a2407ad839f6e8b,scheduling,777,TIMEOUT,800.000,,,,-1,pc2_group3
47752d6f7fca7e1caae7aa0d0138c067,scheduling,42,SAT,156.223,568248.000,1321417.000,697021450.000,10,pc2_group3
47752d6f7fca7e1caae7aa0d0138c067,scheduling,123,SAT,34.607,72199.000,219918.000,153410577.000,10,pc2_group3
47752d6f7fca7e1caae7aa0d0138c067,scheduling,777,SAT,50.081,144500.000,375859.000,238282535.000,10,pc2_group3
4a4d879d0110bb7a8f011ff77d81ac07,scheduling,42,SAT,7.393,15103.000,1659808.000,12346725.000,10,pc2_group3
4a4d879d0110bb7a8f011ff77d81ac07,scheduling,123,SAT,14.223,19178.000,1087055.000,14738126.000,10,pc2_group3
4a4d879d0110bb7a8f011ff77d81ac07,scheduling,777,SAT,9.141,18082.000,839149.000,10950544.000,10,pc2_group3
504cbc745c1d000ff950f5696a91bb68,scheduling,42,TIMEOUT,800.000,,,,-1,pc2_group3
504cbc745c1d000ff950f5696a91bb68,scheduling,123,TIMEOUT,800.000,,,,-1,pc2_group3
504cbc745c1d000ff950f5696a91bb68,scheduling,777,TIMEOUT,800.000,,,,-1,pc2_group3
50a8878e272e023965c30f5dc5c495fd,scheduling,42,UNSAT,0.086,0.000,0.000,13906.000,20,pc2_group3
50a8878e272e023965c30f5dc5c495fd,scheduling,123,UNSAT,0.085,0.000,0.000,13906.000,20,pc2_group3
50a8878e272e023965c30f5dc5c495fd,scheduling,777,UNSAT,0.064,0.000,0.000,13906.000,20,pc2_group3
51a52a104231f5c84230202f5e5ccbd4,scheduling,42,SAT,53.904,57389.000,2989602.000,51740422.000,10,pc2_group3
51a52a104231f5c84230202f5e5ccbd4,scheduling,123,SAT,44.122,49095.000,3279144.000,42424965.000,10,pc2_group3
51a52a104231f5c84230202f5e5ccbd4,scheduling,777,SAT,44.340,48699.000,4320614.000,61887997.000,10,pc2_group3
55add9c1c8ad002a0faa34ecf47919a1,scheduling,42,TIMEOUT,800.000,,,,-1,pc2_group3
55add9c1c8ad002a0faa34ecf47919a1,scheduling,123,TIMEOUT,800.000,,,,-1,pc2_group3
55add9c1c8ad002a0faa34ecf47919a1,scheduling,777,TIMEOUT,800.000,,,,-1,pc2_group3
5729bd425073edfae0518ecba915193e,scheduling,42,SAT,0.027,0.000,0.000,4151.000,10,pc2_group3
5729bd425073edfae0518ecba915193e,scheduling,123,SAT,0.029,0.000,0.000,4151.000,10,pc2_group3
5729bd425073edfae0518ecba915193e,scheduling,777,SAT,0.030,0.000,0.000,4151.000,10,pc2_group3
58e8a0db8e260b498d269103766799ba,scheduling,42,CORRUPT_XZ,0.000,,,,-4,pc2_group3
58e8a0db8e260b498d269103766799ba,scheduling,123,CORRUPT_XZ,0.000,,,,-4,pc2_group3
58e8a0db8e260b498d269103766799ba,scheduling,777,CORRUPT_XZ,0.000,,,,-4,pc2_group3
5952b9f18b73dabb531c60e3ac85d26f,scheduling,42,TIMEOUT,800.000,,,,-1,pc2_group3
5952b9f18b73dabb531c60e3ac85d26f,scheduling,123,TIMEOUT,800.000,,,,-1,pc2_group3
5952b9f18b73dabb531c60e3ac85d26f,scheduling,777,TIMEOUT,800.000,,,,-1,pc2_group3
5c6495ff589cbbcb550e1655dadbd143,scheduling,42,TIMEOUT,800.000,,,,-1,pc2_group3
5c6495ff589cbbcb550e1655dadbd143,scheduling,123,TIMEOUT,800.000,,,,-1,pc2_group3
5c6495ff589cbbcb550e1655dadbd143,scheduling,777,TIMEOUT,800.000,,,,-1,pc2_group3
60632fce4132ceacfddb8d0764befd96,scheduling,42,SAT,108.247,111971.000,712716.000,291794870.000,10,pc2_group3
60632fce4132ceacfddb8d0764befd96,scheduling,123,SAT,89.202,70763.000,539545.000,240806744.000,10,pc2_group3
60632fce4132ceacfddb8d0764befd96,scheduling,777,SAT,196.632,224268.000,1286500.000,530810596.000,10,pc2_group3
61600fb33883e1e9077ea8a163316010,scheduling,42,SAT,80.339,244266.000,1265491.000,447603040.000,10,pc2_group3
61600fb33883e1e9077ea8a163316010,scheduling,123,SAT,75.998,202334.000,812436.000,365706293.000,10,pc2_group3
61600fb33883e1e9077ea8a163316010,scheduling,777,SAT,144.029,467381.000,2154274.000,743881963.000,10,pc2_group3
61b3c83de65f274fa4e623632fda6fb4,scheduling,42,SAT,0.112,57.000,744.000,25906.000,10,pc2_group3
61b3c83de65f274fa4e623632fda6fb4,scheduling,123,SAT,0.085,57.000,744.000,25906.000,10,pc2_group3
61b3c83de65f274fa4e623632fda6fb4,scheduling,777,SAT,0.081,57.000,744.000,25906.000,10,pc2_group3
622787535593269d5e9a1dc4fe01c4af,scheduling,42,SAT,633.160,5147948.000,7378265.000,1093767587.000,10,pc2_group3
622787535593269d5e9a1dc4fe01c4af,scheduling,123,SAT,483.544,4025379.000,5843472.000,859343617.000,10,pc2_group3
622787535593269d5e9a1dc4fe01c4af,scheduling,777,SAT,392.314,3381715.000,4871094.000,698320390.000,10,pc2_group3
64da114a666c2637ea39e68fe834ad41,scheduling,42,SAT,0.567,7559.000,21158.000,3083061.000,10,pc2_group3
64da114a666c2637ea39e68fe834ad41,scheduling,123,SAT,0.612,8834.000,25108.000,3776420.000,10,pc2_group3
64da114a666c2637ea39e68fe834ad41,scheduling,777,SAT,0.281,3209.000,8208.000,1406437.000,10,pc2_group3
68f1baafb3c777c3fb603ab988efc697,scheduling,42,SAT,57.496,597622.000,931842.000,151386604.000,10,pc2_group3
68f1baafb3c777c3fb603ab988efc697,scheduling,123,SAT,46.229,462757.000,742710.000,126148911.000,10,pc2_group3
68f1baafb3c777c3fb603ab988efc697,scheduling,777,SAT,32.106,304550.000,536776.000,93363383.000,10,pc2_group3
69f6dd335626a9b71bfc6f2332f52b9d,scheduling,42,SAT,0.041,42.000,82.000,4560.000,10,pc2_group3
69f6dd335626a9b71bfc6f2332f52b9d,scheduling,123,SAT,0.052,42.000,82.000,4560.000,10,pc2_group3
69f6dd335626a9b71bfc6f2332f52b9d,scheduling,777,SAT,0.047,42.000,82.000,4560.000,10,pc2_group3
6e3ba15d8b33f40738f7e7d7355799a5,scheduling,42,TIMEOUT,800.000,,,,-1,pc2_group3
6e3ba15d8b33f40738f7e7d7355799a5,scheduling,123,TIMEOUT,800.000,,,,-1,pc2_group3
6e3ba15d8b33f40738f7e7d7355799a5,scheduling,777,TIMEOUT,800.000,,,,-1,pc2_group3
6f431ab662f17ed29cab904dc9bfae84,scheduling,42,TIMEOUT,800.000,,,,-1,pc2_group3
6f431ab662f17ed29cab904dc9bfae84,scheduling,123,TIMEOUT,800.000,,,,-1,pc2_group3
6f431ab662f17ed29cab904dc9bfae84,scheduling,777,TIMEOUT,800.000,,,,-1,pc2_group3
728e6c35cb5a5a5f4efeeb1364f19d42,scheduling,42,SAT,345.188,654679.000,2434007.000,1169292703.000,10,pc2_group3
728e6c35cb5a5a5f4efeeb1364f19d42,scheduling,123,SAT,78.102,96854.000,404159.000,279658134.000,10,pc2_group3
728e6c35cb5a5a5f4efeeb1364f19d42,scheduling,777,SAT,192.582,336076.000,1212636.000,743976314.000,10,pc2_group3
74f145bb935650f5c982d7eec6967945,scheduling,42,TIMEOUT,800.000,,,,-1,pc2_group3
74f145bb935650f5c982d7eec6967945,scheduling,123,TIMEOUT,800.000,,,,-1,pc2_group3
74f145bb935650f5c982d7eec6967945,scheduling,777,TIMEOUT,800.000,,,,-1,pc2_group3
77c5b572d4eb78766331a6f27e61ecd7,scheduling,42,TIMEOUT,800.000,,,,-1,pc2_group3
77c5b572d4eb78766331a6f27e61ecd7,scheduling,123,TIMEOUT,800.000,,,,-1,pc2_group3
77c5b572d4eb78766331a6f27e61ecd7,scheduling,777,TIMEOUT,800.000,,,,-1,pc2_group3
7a23bbe5ad79c0049e80e94b91520f7b,scheduling,42,UNSAT,0.206,0.000,0.000,1843.000,20,pc2_group3
7a23bbe5ad79c0049e80e94b91520f7b,scheduling,123,UNSAT,0.284,0.000,0.000,1843.000,20,pc2_group3
7a23bbe5ad79c0049e80e94b91520f7b,scheduling,777,UNSAT,0.313,0.000,0.000,1843.000,20,pc2_group3
7ba757fb94e0df41f1741551c3fb3c80,scheduling,42,TIMEOUT,800.000,,,,-1,pc2_group3
7ba757fb94e0df41f1741551c3fb3c80,scheduling,123,TIMEOUT,800.000,,,,-1,pc2_group3
7ba757fb94e0df41f1741551c3fb3c80,scheduling,777,SAT,262.308,2648723.000,6250512.000,1116546093.000,10,pc2_group3
7df2f8f8e10073332dbf8f0b7830035b,scheduling,42,SAT,0.264,2017.000,11545.000,1081168.000,10,pc2_group3
7df2f8f8e10073332dbf8f0b7830035b,scheduling,123,SAT,0.372,2843.000,12034.000,1854589.000,10,pc2_group3
7df2f8f8e10073332dbf8f0b7830035b,scheduling,777,SAT,0.540,3876.000,13968.000,2666541.000,10,pc2_group3
7f7109dce621ef361a72b3e8cee9a962,scheduling,42,UNSAT,1.573,36633.000,49076.000,5832702.000,20,pc2_group3
7f7109dce621ef361a72b3e8cee9a962,scheduling,123,UNSAT,1.237,28525.000,38178.000,4663521.000,20,pc2_group3
7f7109dce621ef361a72b3e8cee9a962,scheduling,777,UNSAT,1.229,26073.000,36346.000,4456631.000,20,pc2_group3
80b4f7ca1dabdbf27c6d1fd20dbab0b5,scheduling,42,SAT,257.293,2501470.000,8877644.000,941903403.000,10,pc2_group3
80b4f7ca1dabdbf27c6d1fd20dbab0b5,scheduling,123,SAT,284.244,2481226.000,10067838.000,1064467369.000,10,pc2_group3
80b4f7ca1dabdbf27c6d1fd20dbab0b5,scheduling,777,TIMEOUT,800.000,,,,-1,pc2_group3
8226a866770c4e3da127e54ca0dbd496,scheduling,42,SAT,47.243,67224.000,4361348.000,77995326.000,10,pc2_group3
8226a866770c4e3da127e54ca0dbd496,scheduling,123,SAT,47.057,69237.000,4038018.000,83609591.000,10,pc2_group3
8226a866770c4e3da127e54ca0dbd496,scheduling,777,SAT,49.048,69745.000,4491509.000,66448587.000,10,pc2_group3
85eef885042cc63551c8938d4f6ab02e,scheduling,42,TIMEOUT,800.000,,,,-1,pc2_group3
85eef885042cc63551c8938d4f6ab02e,scheduling,123,SAT,685.473,3055209.000,63687180.000,1048485124.000,10,pc2_group3
85eef885042cc63551c8938d4f6ab02e,scheduling,777,SAT,305.042,1098209.000,26927540.000,418215435.000,10,pc2_group3
8892a54c85de57f8ec232d3a2ab9ef97,scheduling,42,TIMEOUT,800.000,,,,-1,pc2_group3
8892a54c85de57f8ec232d3a2ab9ef97,scheduling,123,TIMEOUT,800.000,,,,-1,pc2_group3
8892a54c85de57f8ec232d3a2ab9ef97,scheduling,777,TIMEOUT,800.000,,,,-1,pc2_group3
8bb5819a23a8f1dff851d608bec008ca,scheduling,42,SAT,102.269,745207.000,4287113.000,461753050.000,10,pc2_group3
8bb5819a23a8f1dff851d608bec008ca,scheduling,123,SAT,19.565,138671.000,807627.000,102855254.000,10,pc2_group3
8bb5819a23a8f1dff851d608bec008ca,scheduling,777,SAT,39.074,275526.000,1615030.000,194969073.000,10,pc2_group3
8bf7748864d530e7cbe1091873d3c42e,scheduling,42,SAT,117.825,197754.000,1131505.000,328506211.000,10,pc2_group3
8bf7748864d530e7cbe1091873d3c42e,scheduling,123,SAT,360.607,715400.000,3594884.000,1009232673.000,10,pc2_group3
8bf7748864d530e7cbe1091873d3c42e,scheduling,777,SAT,107.424,161188.000,1079842.000,316270178.000,10,pc2_group3
8bfbffbfea9e5a5993bc024f39adff84,scheduling,42,TIMEOUT,800.000,,,,-1,pc2_group3
8bfbffbfea9e5a5993bc024f39adff84,scheduling,123,TIMEOUT,800.000,,,,-1,pc2_group3
8bfbffbfea9e5a5993bc024f39adff84,scheduling,777,TIMEOUT,800.000,,,,-1,pc2_group3
8e27e1a8a840eb474fe3f07108bcf4c5,scheduling,42,TIMEOUT,800.000,,,,-1,pc2_group3
8e27e1a8a840eb474fe3f07108bcf4c5,scheduling,123,TIMEOUT,800.000,,,,-1,pc2_group3
8e27e1a8a840eb474fe3f07108bcf4c5,scheduling,777,TIMEOUT,800.000,,,,-1,pc2_group3
8eff8708d366c1044430c0e127ce0fc7,scheduling,42,SAT,7.335,80391.000,120616.000,31502367.000,10,pc2_group3
8eff8708d366c1044430c0e127ce0fc7,scheduling,123,SAT,1.325,5682.000,28556.000,4471898.000,10,pc2_group3
8eff8708d366c1044430c0e127ce0fc7,scheduling,777,SAT,2.469,12386.000,105962.000,10573899.000,10,pc2_group3
90e839c4b05d4a7ac011435921551060,scheduling,42,TIMEOUT,800.000,,,,-1,pc2_group3
90e839c4b05d4a7ac011435921551060,scheduling,123,TIMEOUT,800.000,,,,-1,pc2_group3
90e839c4b05d4a7ac011435921551060,scheduling,777,TIMEOUT,800.000,,,,-1,pc2_group3
93679e929befb269dd4308a72579cd1a,scheduling,42,TIMEOUT,800.000,,,,-1,pc2_group3
93679e929befb269dd4308a72579cd1a,scheduling,123,TIMEOUT,800.000,,,,-1,pc2_group3
93679e929befb269dd4308a72579cd1a,scheduling,777,TIMEOUT,800.000,,,,-1,pc2_group3
94dd280b1562ee7dae44b303b8fed233,scheduling,42,TIMEOUT,800.000,,,,-1,pc2_group3
94dd280b1562ee7dae44b303b8fed233,scheduling,123,TIMEOUT,800.000,,,,-1,pc2_group3
94dd280b1562ee7dae44b303b8fed233,scheduling,777,TIMEOUT,800.000,,,,-1,pc2_group3
96222d7f27c97b3c2c2ba028733b0a1e,scheduling,42,TIMEOUT,800.000,,,,-1,pc2_group3
96222d7f27c97b3c2c2ba028733b0a1e,scheduling,123,TIMEOUT,800.000,,,,-1,pc2_group3
96222d7f27c97b3c2c2ba028733b0a1e,scheduling,777,TIMEOUT,800.000,,,,-1,pc2_group3
a1e216cb19bc64a073cf423340f42f69,scheduling,42,CORRUPT_XZ,0.000,,,,-4,pc2_group3
a1e216cb19bc64a073cf423340f42f69,scheduling,123,CORRUPT_XZ,0.000,,,,-4,pc2_group3
a1e216cb19bc64a073cf423340f42f69,scheduling,777,CORRUPT_XZ,0.000,,,,-4,pc2_group3
a2609893b71f219f4635d33ef1ff6eca,scheduling,42,TIMEOUT,800.000,,,,-1,pc2_group3
a2609893b71f219f4635d33ef1ff6eca,scheduling,123,TIMEOUT,800.000,,,,-1,pc2_group3
a2609893b71f219f4635d33ef1ff6eca,scheduling,777,TIMEOUT,800.000,,,,-1,pc2_group3
a4451734e7f5f2ce7b481688a693c4e9,scheduling,42,TIMEOUT,800.000,,,,-1,pc2_group3
a4451734e7f5f2ce7b481688a693c4e9,scheduling,123,TIMEOUT,800.000,,,,-1,pc2_group3
a4451734e7f5f2ce7b481688a693c4e9,scheduling,777,TIMEOUT,800.000,,,,-1,pc2_group3
b0eb84246bf661e26b25357c35bc4f55,scheduling,42,SAT,126.958,1489703.000,3476135.000,385332602.000,10,pc2_group3
b0eb84246bf661e26b25357c35bc4f55,scheduling,123,SAT,194.279,2135939.000,4891463.000,510398778.000,10,pc2_group3
b0eb84246bf661e26b25357c35bc4f55,scheduling,777,SAT,100.003,1364597.000,2666271.000,284202695.000,10,pc2_group3
b47f8c7b20354eba57bc28fee009a803,scheduling,42,TIMEOUT,800.000,,,,-1,pc2_group3
b47f8c7b20354eba57bc28fee009a803,scheduling,123,TIMEOUT,800.000,,,,-1,pc2_group3
b47f8c7b20354eba57bc28fee009a803,scheduling,777,TIMEOUT,800.000,,,,-1,pc2_group3
b5b8d29cfe10a087da664517e5c4bb77,scheduling,42,SAT,0.434,2247.000,17469.000,1597256.000,10,pc2_group3
b5b8d29cfe10a087da664517e5c4bb77,scheduling,123,SAT,0.415,2297.000,18239.000,1422200.000,10,pc2_group3
b5b8d29cfe10a087da664517e5c4bb77,scheduling,777,SAT,0.338,1680.000,14985.000,1248910.000,10,pc2_group3
ba5451cace1bb09e2d36b9f34c19146e,scheduling,42,TIMEOUT,800.000,,,,-1,pc2_group3
ba5451cace1bb09e2d36b9f34c19146e,scheduling,123,TIMEOUT,800.000,,,,-1,pc2_group3
ba5451cace1bb09e2d36b9f34c19146e,scheduling,777,TIMEOUT,800.000,,,,-1,pc2_group3
ba71e5c87a5d9db532d1c60299dea50c,scheduling,42,SAT,194.728,753378.000,19745004.000,279454264.000,10,pc2_group3
ba71e5c87a5d9db532d1c60299dea50c,scheduling,123,SAT,221.946,882994.000,19942570.000,337883531.000,10,pc2_group3
ba71e5c87a5d9db532d1c60299dea50c,scheduling,777,SAT,298.409,1387697.000,29234808.000,468660972.000,10,pc2_group3
bbf921d4a706d913feae923db73acfe0,scheduling,42,TIMEOUT,800.000,,,,-1,pc2_group3
bbf921d4a706d913feae923db73acfe0,scheduling,123,TIMEOUT,800.000,,,,-1,pc2_group3
bbf921d4a706d913feae923db73acfe0,scheduling,777,TIMEOUT,800.000,,,,-1,pc2_group3
bc198d71cb3513573584ec4b7ba9a0e0,scheduling,42,TIMEOUT,800.000,,,,-1,pc2_group3
bc198d71cb3513573584ec4b7ba9a0e0,scheduling,123,TIMEOUT,800.000,,,,-1,pc2_group3
bc198d71cb3513573584ec4b7ba9a0e0,scheduling,777,TIMEOUT,800.000,,,,-1,pc2_group3
bd12a2b66110451b050bd5d2943b1854,scheduling,42,TIMEOUT,800.000,,,,-1,pc2_group3
bd12a2b66110451b050bd5d2943b1854,scheduling,123,TIMEOUT,800.000,,,,-1,pc2_group3
bd12a2b66110451b050bd5d2943b1854,scheduling,777,TIMEOUT,800.000,,,,-1,pc2_group3
bd8bc25be2b36c64b38459c17e815814,scheduling,42,UNSAT,49.835,801922.000,975951.000,44602433.000,20,pc2_group3
bd8bc25be2b36c64b38459c17e815814,scheduling,123,UNSAT,74.846,1116813.000,1348346.000,58799009.000,20,pc2_group3
bd8bc25be2b36c64b38459c17e815814,scheduling,777,UNSAT,61.257,970805.000,1170625.000,50691619.000,20,pc2_group3
bdb95cad1b6d8043a05402d63185bf8d,scheduling,42,TIMEOUT,800.000,,,,-1,pc2_group3
bdb95cad1b6d8043a05402d63185bf8d,scheduling,123,TIMEOUT,800.000,,,,-1,pc2_group3
bdb95cad1b6d8043a05402d63185bf8d,scheduling,777,TIMEOUT,800.000,,,,-1,pc2_group3
bf6a49b7bec5f8f6a200485dc938b224,scheduling,42,TIMEOUT,800.000,,,,-1,pc2_group3
bf6a49b7bec5f8f6a200485dc938b224,scheduling,123,TIMEOUT,800.000,,,,-1,pc2_group3
bf6a49b7bec5f8f6a200485dc938b224,scheduling,777,TIMEOUT,800.000,,,,-1,pc2_group3
c160729bf1b59e914ede97a3ece56e2d,scheduling,42,TIMEOUT,800.000,,,,-1,pc2_group3
c160729bf1b59e914ede97a3ece56e2d,scheduling,123,TIMEOUT,800.000,,,,-1,pc2_group3
c160729bf1b59e914ede97a3ece56e2d,scheduling,777,TIMEOUT,800.000,,,,-1,pc2_group3
c5de36538149b595c16b39ed0940958f,scheduling,42,SAT,40.897,54439.000,372565.000,120947320.000,10,pc2_group3
c5de36538149b595c16b39ed0940958f,scheduling,123,SAT,54.324,65329.000,508499.000,158182708.000,10,pc2_group3
c5de36538149b595c16b39ed0940958f,scheduling,777,SAT,46.883,49753.000,506906.000,137957169.000,10,pc2_group3
c86b261162cef181dc513963a8acb77f,scheduling,42,SAT,18.233,175098.000,294746.000,74240403.000,10,pc2_group3
c86b261162cef181dc513963a8acb77f,scheduling,123,SAT,19.666,217668.000,341640.000,87418488.000,10,pc2_group3
c86b261162cef181dc513963a8acb77f,scheduling,777,SAT,19.065,170187.000,280628.000,77719977.000,10,pc2_group3
c99a5f7021cad3b83f5ed9631eae4778,scheduling,42,SAT,5.247,21536.000,83853.000,21035522.000,10,pc2_group3
c99a5f7021cad3b83f5ed9631eae4778,scheduling,123,SAT,11.771,64999.000,187098.000,48617543.000,10,pc2_group3
c99a5f7021cad3b83f5ed9631eae4778,scheduling,777,SAT,26.542,232759.000,438452.000,107299725.000,10,pc2_group3
cc54b7fa1e2da7d9e8919b86a3cf66b5,scheduling,42,SAT,122.503,452764.000,1341553.000,489798901.000,10,pc2_group3
cc54b7fa1e2da7d9e8919b86a3cf66b5,scheduling,123,SAT,168.384,674490.000,1836643.000,619308338.000,10,pc2_group3
cc54b7fa1e2da7d9e8919b86a3cf66b5,scheduling,777,SAT,54.396,154680.000,534507.000,246167830.000,10,pc2_group3
cef060898753d1d61cef36414dd9264b,scheduling,42,SAT,68.183,262897.000,2547411.000,128917860.000,10,pc2_group3
cef060898753d1d61cef36414dd9264b,scheduling,123,SAT,63.660,255537.000,2543354.000,122241013.000,10,pc2_group3
cef060898753d1d61cef36414dd9264b,scheduling,777,SAT,64.328,273788.000,2649600.000,133007502.000,10,pc2_group3
d0c0c94f179fc91a0cc3275b4b205c2b,scheduling,42,UNSAT,56.278,1067320.000,1385335.000,54439857.000,20,pc2_group3
d0c0c94f179fc91a0cc3275b4b205c2b,scheduling,123,UNSAT,137.803,2044213.000,2536582.000,89041022.000,20,pc2_group3
d0c0c94f179fc91a0cc3275b4b205c2b,scheduling,777,UNSAT,88.915,1509126.000,1911205.000,70910839.000,20,pc2_group3
d14a5970e2787c4a0583d56ceaf1707d,scheduling,42,TIMEOUT,800.000,,,,-1,pc2_group3
d14a5970e2787c4a0583d56ceaf1707d,scheduling,123,UNSAT,788.366,2850038.000,8232276.000,2585688171.000,20,pc2_group3
d14a5970e2787c4a0583d56ceaf1707d,scheduling,777,TIMEOUT,800.000,,,,-1,pc2_group3
d2b395be97d8ef720dee0f5c8a191d8f,scheduling,42,SAT,12.514,57436.000,175688.000,31402314.000,10,pc2_group3
d2b395be97d8ef720dee0f5c8a191d8f,scheduling,123,SAT,8.310,31343.000,95496.000,18492262.000,10,pc2_group3
d2b395be97d8ef720dee0f5c8a191d8f,scheduling,777,SAT,13.557,56959.000,202937.000,36508529.000,10,pc2_group3
d90c519010bfda89d1626c0321a55a64,scheduling,42,TIMEOUT,800.000,,,,-1,pc2_group3
d90c519010bfda89d1626c0321a55a64,scheduling,123,TIMEOUT,800.000,,,,-1,pc2_group3
d90c519010bfda89d1626c0321a55a64,scheduling,777,TIMEOUT,800.000,,,,-1,pc2_group3
d9b1ff2d48c5c8859d1fb8106023287a,scheduling,42,UNSAT,273.326,815869.000,1092967.000,297705578.000,20,pc2_group3
d9b1ff2d48c5c8859d1fb8106023287a,scheduling,123,UNSAT,324.629,900256.000,1186315.000,328394587.000,20,pc2_group3
d9b1ff2d48c5c8859d1fb8106023287a,scheduling,777,UNSAT,313.762,890908.000,1199455.000,319796509.000,20,pc2_group3
dce791c02087fd6dd1e58ab924807edd,scheduling,42,TIMEOUT,800.000,,,,-1,pc2_group3
dce791c02087fd6dd1e58ab924807edd,scheduling,123,TIMEOUT,800.000,,,,-1,pc2_group3
dce791c02087fd6dd1e58ab924807edd,scheduling,777,TIMEOUT,800.000,,,,-1,pc2_group3
df230ceeb400ef0c150c5b50cbdd1bc9,scheduling,42,TIMEOUT,800.000,,,,-1,pc2_group3
df230ceeb400ef0c150c5b50cbdd1bc9,scheduling,123,TIMEOUT,800.000,,,,-1,pc2_group3
df230ceeb400ef0c150c5b50cbdd1bc9,scheduling,777,TIMEOUT,800.000,,,,-1,pc2_group3
df4aa7724f377245d82486ada37910de,scheduling,42,TIMEOUT,800.000,,,,-1,pc2_group3
df4aa7724f377245d82486ada37910de,scheduling,123,TIMEOUT,800.000,,,,-1,pc2_group3
df4aa7724f377245d82486ada37910de,scheduling,777,TIMEOUT,800.000,,,,-1,pc2_group3
e0b938c32e36e2939d712dd4024f9ec6,scheduling,42,TIMEOUT,800.000,,,,-1,pc2_group3
e0b938c32e36e2939d712dd4024f9ec6,scheduling,123,SAT,341.647,1473781.000,2268238.000,1072331508.000,10,pc2_group3
e0b938c32e36e2939d712dd4024f9ec6,scheduling,777,SAT,115.929,469667.000,795653.000,468961057.000,10,pc2_group3
e0e9fad48bea2e36c5e03857904549bc,scheduling,42,SAT,0.093,48.000,392.000,22875.000,10,pc2_group3
e0e9fad48bea2e36c5e03857904549bc,scheduling,123,SAT,0.108,48.000,392.000,22875.000,10,pc2_group3
e0e9fad48bea2e36c5e03857904549bc,scheduling,777,SAT,0.110,48.000,392.000,22875.000,10,pc2_group3
e481a97a93fd6b4303f39024d19c2867,scheduling,42,SAT,190.593,1119758.000,1917017.000,574486872.000,10,pc2_group3
e481a97a93fd6b4303f39024d19c2867,scheduling,123,SAT,168.778,1004381.000,1863463.000,533991674.000,10,pc2_group3
e481a97a93fd6b4303f39024d19c2867,scheduling,777,SAT,141.897,858670.000,1640765.000,465849953.000,10,pc2_group3
e707c7e87816dd02ae433d268bd327c6,scheduling,42,SAT,86.951,1091801.000,2197790.000,248637036.000,10,pc2_group3
e707c7e87816dd02ae433d268bd327c6,scheduling,123,SAT,192.173,2206004.000,4316582.000,466340266.000,10,pc2_group3
e707c7e87816dd02ae433d268bd327c6,scheduling,777,SAT,40.726,519870.000,1242167.000,150297202.000,10,pc2_group3
e87e93daea1e1fafeaef8cce2c167ded,scheduling,42,SAT,49.817,311589.000,1066887.000,169042650.000,10,pc2_group3
e87e93daea1e1fafeaef8cce2c167ded,scheduling,123,SAT,25.972,128567.000,655077.000,80927959.000,10,pc2_group3
e87e93daea1e1fafeaef8cce2c167ded,scheduling,777,SAT,19.092,91209.000,499482.000,56976240.000,10,pc2_group3
e9628d628be1ba64f110ed381c55a348,scheduling,42,SAT,10.068,16902.000,1249883.000,12558447.000,10,pc2_group3
e9628d628be1ba64f110ed381c55a348,scheduling,123,SAT,10.236,16985.000,1120151.000,11774193.000,10,pc2_group3
e9628d628be1ba64f110ed381c55a348,scheduling,777,SAT,10.271,17608.000,1278110.000,12497280.000,10,pc2_group3
eae918cf9ef468beb4ea91aafbbc9708,scheduling,42,TIMEOUT,800.000,,,,-1,pc2_group3
eae918cf9ef468beb4ea91aafbbc9708,scheduling,123,TIMEOUT,800.000,,,,-1,pc2_group3
eae918cf9ef468beb4ea91aafbbc9708,scheduling,777,TIMEOUT,800.000,,,,-1,pc2_group3
eb6f0d50ca6a4a352c2f79b4c422bb4f,scheduling,42,SAT,42.369,47838.000,223271.000,147531316.000,10,pc2_group3
eb6f0d50ca6a4a352c2f79b4c422bb4f,scheduling,123,SAT,155.997,229226.000,979402.000,556676160.000,10,pc2_group3
eb6f0d50ca6a4a352c2f79b4c422bb4f,scheduling,777,SAT,251.439,361814.000,1524977.000,883207497.000,10,pc2_group3
eb8a05f11e4720d801e213c3648f8bba,scheduling,42,TIMEOUT,800.000,,,,-1,pc2_group3
eb8a05f11e4720d801e213c3648f8bba,scheduling,123,TIMEOUT,800.000,,,,-1,pc2_group3
eb8a05f11e4720d801e213c3648f8bba,scheduling,777,TIMEOUT,800.000,,,,-1,pc2_group3
ec437adc6e2100b7154b7bbf5017a818,scheduling,42,SAT,180.170,610218.000,3049653.000,1020539435.000,10,pc2_group3
ec437adc6e2100b7154b7bbf5017a818,scheduling,123,SAT,20.670,58159.000,350371.000,120351781.000,10,pc2_group3
ec437adc6e2100b7154b7bbf5017a818,scheduling,777,SAT,26.499,53657.000,378413.000,163390389.000,10,pc2_group3
f14c73a0cb78a66ad2af999a4a3fbe4d,scheduling,42,TIMEOUT,800.000,,,,-1,pc2_group3
f14c73a0cb78a66ad2af999a4a3fbe4d,scheduling,123,TIMEOUT,800.000,,,,-1,pc2_group3
f14c73a0cb78a66ad2af999a4a3fbe4d,scheduling,777,TIMEOUT,800.000,,,,-1,pc2_group3
f2a65dd471c96fb3d752412324265873,scheduling,42,SAT,7.178,61921.000,245090.000,32291444.000,10,pc2_group3
f2a65dd471c96fb3d752412324265873,scheduling,123,SAT,2.280,13885.000,67624.000,10670857.000,10,pc2_group3
f2a65dd471c96fb3d752412324265873,scheduling,777,SAT,4.263,36326.000,133858.000,19301797.000,10,pc2_group3
f33b2b99b991e02e7c9729fc3f336aac,scheduling,42,TIMEOUT,800.000,,,,-1,pc2_group3
f33b2b99b991e02e7c9729fc3f336aac,scheduling,123,TIMEOUT,800.000,,,,-1,pc2_group3
f33b2b99b991e02e7c9729fc3f336aac,scheduling,777,TIMEOUT,800.000,,,,-1,pc2_group3
f5ba0569627d667e9834902c5e0ea985,scheduling,42,SAT,0.512,4214.000,14740.000,2476661.000,10,pc2_group3
f5ba0569627d667e9834902c5e0ea985,scheduling,123,SAT,1.500,13358.000,46487.000,7191934.000,10,pc2_group3
f5ba0569627d667e9834902c5e0ea985,scheduling,777,SAT,5.454,49635.000,153979.000,23919205.000,10,pc2_group3
f7731051ae1403996ce04b47f741f2cf,scheduling,42,SAT,0.094,66.000,2256.000,78599.000,10,pc2_group3
f7731051ae1403996ce04b47f741f2cf,scheduling,123,SAT,0.176,66.000,2256.000,78599.000,10,pc2_group3
f7731051ae1403996ce04b47f741f2cf,scheduling,777,SAT,0.095,66.000,2256.000,78599.000,10,pc2_group3
f7e4d64c8d6ac73d4dcd7b7408986b0e,scheduling,42,TIMEOUT,800.000,,,,-1,pc2_group3
f7e4d64c8d6ac73d4dcd7b7408986b0e,scheduling,123,TIMEOUT,800.000,,,,-1,pc2_group3
f7e4d64c8d6ac73d4dcd7b7408986b0e,scheduling,777,TIMEOUT,800.000,,,,-1,pc2_group3
f7e855b18105170b0718086d3f5b5923,scheduling,42,SAT,222.579,833504.000,1311138.000,598150600.000,10,pc2_group3
f7e855b18105170b0718086d3f5b5923,scheduling,123,SAT,449.422,2066490.000,3141959.000,1177119823.000,10,pc2_group3
f7e855b18105170b0718086d3f5b5923,scheduling,777,SAT,173.559,829576.000,1319887.000,577304879.000,10,pc2_group3
f87af7ce29551c596013ff914da29fe8,scheduling,42,SAT,1.240,5527.000,24031.000,4138154.000,10,pc2_group3
f87af7ce29551c596013ff914da29fe8,scheduling,123,SAT,3.155,16707.000,62975.000,11756666.000,10,pc2_group3
f87af7ce29551c596013ff914da29fe8,scheduling,777,SAT,1.008,2911.000,14350.000,2567513.000,10,pc2_group3
f8f958aaaf81a03162dc42fad18cd70c,scheduling,42,UNSAT,0.056,0.000,0.000,1601.000,20,pc2_group3
f8f958aaaf81a03162dc42fad18cd70c,scheduling,123,UNSAT,0.094,0.000,0.000,1601.000,20,pc2_group3
f8f958aaaf81a03162dc42fad18cd70c,scheduling,777,UNSAT,0.098,0.000,0.000,1601.000,20,pc2_group3
fb45d41807bcbbbe689de282c1310798,scheduling,42,TIMEOUT,800.000,,,,-1,pc2_group3
fb45d41807bcbbbe689de282c1310798,scheduling,123,TIMEOUT,800.000,,,,-1,pc2_group3
fb45d41807bcbbbe689de282c1310798,scheduling,777,TIMEOUT,800.000,,,,-1,pc2_group3
fbe9ed60a08a08226b9e087c67105888,scheduling,42,TIMEOUT,800.000,,,,-1,pc2_group3
fbe9ed60a08a08226b9e087c67105888,scheduling,123,SAT,564.368,185433.000,609344.000,1945370227.000,10,pc2_group3
fbe9ed60a08a08226b9e087c67105888,scheduling,777,TIMEOUT,800.000,,,,-1,pc2_group3
fd35244b9fd3879209545ee404824b39,scheduling,42,CORRUPT_XZ,0.000,,,,-4,pc2_group3
fd35244b9fd3879209545ee404824b39,scheduling,123,CORRUPT_XZ,0.000,,,,-4,pc2_group3
fd35244b9fd3879209545ee404824b39,scheduling,777,CORRUPT_XZ,0.000,,,,-4,pc2_group3
06f538d7af257560476f9100e36d4445,software-verification,42,SAT,79.658,202815.000,482376.000,200124875.000,10,pc2_group3
06f538d7af257560476f9100e36d4445,software-verification,123,SAT,70.985,222152.000,511031.000,191968063.000,10,pc2_group3
06f538d7af257560476f9100e36d4445,software-verification,777,SAT,88.434,287345.000,607677.000,239231505.000,10,pc2_group3
0850db65220080c130d2f54005f9e2b3,software-verification,42,UNSAT,2.355,386.000,7741.000,1790564.000,20,pc2_group3
0850db65220080c130d2f54005f9e2b3,software-verification,123,UNSAT,2.315,386.000,7741.000,1790564.000,20,pc2_group3
0850db65220080c130d2f54005f9e2b3,software-verification,777,UNSAT,2.325,386.000,7741.000,1790564.000,20,pc2_group3
08cb0cf252b65c30c7c55218825c6ca0,software-verification,42,UNSAT,1.001,0.000,0.000,292358.000,20,pc2_group3
08cb0cf252b65c30c7c55218825c6ca0,software-verification,123,UNSAT,1.023,0.000,0.000,292358.000,20,pc2_group3
08cb0cf252b65c30c7c55218825c6ca0,software-verification,777,UNSAT,1.085,0.000,0.000,292358.000,20,pc2_group3
08e7044c1542a366b7da389d31466d19,software-verification,42,CORRUPT_XZ,0.000,,,,-4,pc2_group3
08e7044c1542a366b7da389d31466d19,software-verification,123,CORRUPT_XZ,0.000,,,,-4,pc2_group3
08e7044c1542a366b7da389d31466d19,software-verification,777,CORRUPT_XZ,0.000,,,,-4,pc2_group3
0a3cb69074519646b0f2933ba7ad2d30,software-verification,42,CORRUPT_XZ,0.000,,,,-4,pc2_group3
0a3cb69074519646b0f2933ba7ad2d30,software-verification,123,CORRUPT_XZ,0.000,,,,-4,pc2_group3
0a3cb69074519646b0f2933ba7ad2d30,software-verification,777,CORRUPT_XZ,0.000,,,,-4,pc2_group3
18e86b73af9b6adadc355a281387348b,software-verification,42,CORRUPT_XZ,0.000,,,,-4,pc2_group3
18e86b73af9b6adadc355a281387348b,software-verification,123,CORRUPT_XZ,0.000,,,,-4,pc2_group3
18e86b73af9b6adadc355a281387348b,software-verification,777,CORRUPT_XZ,0.000,,,,-4,pc2_group3
191f06be45548773cfc64903bfd7dfc4,software-verification,42,UNSAT,26.114,501977.000,1156252.000,36088337.000,20,pc2_group3
191f06be45548773cfc64903bfd7dfc4,software-verification,123,UNSAT,29.532,596387.000,1288645.000,38230263.000,20,pc2_group3
191f06be45548773cfc64903bfd7dfc4,software-verification,777,UNSAT,28.280,569105.000,1312967.000,37554091.000,20,pc2_group3
1dd5ffcc6c443948656e5c5d9a982098,software-verification,42,UNSAT,14.423,3407.000,26396.000,46885526.000,20,pc2_group3
1dd5ffcc6c443948656e5c5d9a982098,software-verification,123,UNSAT,13.034,3162.000,30539.000,39622692.000,20,pc2_group3
1dd5ffcc6c443948656e5c5d9a982098,software-verification,777,UNSAT,11.126,2352.000,24357.000,31367065.000,20,pc2_group3
1eb3ccb3f88643710a3f6e860b6e44d9,software-verification,42,UNSAT,96.491,340763.000,706339.000,260268031.000,20,pc2_group3
1eb3ccb3f88643710a3f6e860b6e44d9,software-verification,123,UNSAT,100.722,428342.000,788083.000,257597133.000,20,pc2_group3
1eb3ccb3f88643710a3f6e860b6e44d9,software-verification,777,UNSAT,81.255,400498.000,789378.000,241299554.000,20,pc2_group3
20262e9643d524e66cd542e9ba1a4a20,software-verification,42,SAT,24.811,0.000,0.000,14731702.000,10,pc2_group3
20262e9643d524e66cd542e9ba1a4a20,software-verification,123,SAT,25.334,0.000,0.000,14731702.000,10,pc2_group3
20262e9643d524e66cd542e9ba1a4a20,software-verification,777,SAT,24.095,0.000,0.000,14731702.000,10,pc2_group3
2371c9fc251aee8478c9b7c83df952fe,software-verification,42,TIMEOUT,800.000,,,,-1,pc2_group3
2371c9fc251aee8478c9b7c83df952fe,software-verification,123,TIMEOUT,800.000,,,,-1,pc2_group3
2371c9fc251aee8478c9b7c83df952fe,software-verification,777,TIMEOUT,800.000,,,,-1,pc2_group3
24ad26cf2508045a931398593bba850b,software-verification,42,TIMEOUT,800.000,,,,-1,pc2_group3
24ad26cf2508045a931398593bba850b,software-verification,123,TIMEOUT,800.000,,,,-1,pc2_group3
24ad26cf2508045a931398593bba850b,software-verification,777,TIMEOUT,800.000,,,,-1,pc2_group3
27d9905476897885d29cea2744db9805,software-verification,42,UNKNOWN,42.418,0.000,0.000,27278914.000,-6,pc2_group3
27d9905476897885d29cea2744db9805,software-verification,123,UNKNOWN,42.489,0.000,0.000,27278914.000,-6,pc2_group3
27d9905476897885d29cea2744db9805,software-verification,777,UNKNOWN,42.729,0.000,0.000,27278914.000,-6,pc2_group3
2968f33b6a38f33bf119711d55053d01,software-verification,42,CORRUPT_XZ,0.000,,,,-4,pc2_group3
2968f33b6a38f33bf119711d55053d01,software-verification,123,CORRUPT_XZ,0.000,,,,-4,pc2_group3
2968f33b6a38f33bf119711d55053d01,software-verification,777,CORRUPT_XZ,0.000,,,,-4,pc2_group3
31a2d926fe8c7af1245c856b9e99d7f7,software-verification,42,UNSAT,0.148,1.000,0.000,23544.000,20,pc2_group3
31a2d926fe8c7af1245c856b9e99d7f7,software-verification,123,UNSAT,0.081,1.000,0.000,23544.000,20,pc2_group3
31a2d926fe8c7af1245c856b9e99d7f7,software-verification,777,UNSAT,0.087,1.000,0.000,23544.000,20,pc2_group3
31baef6607ced2d80be0c89536fe00a7,software-verification,42,CORRUPT_XZ,0.000,,,,-4,pc2_group3
31baef6607ced2d80be0c89536fe00a7,software-verification,123,CORRUPT_XZ,0.000,,,,-4,pc2_group3
31baef6607ced2d80be0c89536fe00a7,software-verification,777,CORRUPT_XZ,0.000,,,,-4,pc2_group3
33f30196a8621928deb37d204729e218,software-verification,42,UNSAT,85.074,976950.000,1145033.000,162408143.000,20,pc2_group3
33f30196a8621928deb37d204729e218,software-verification,123,UNSAT,86.615,971748.000,1146546.000,165620914.000,20,pc2_group3
33f30196a8621928deb37d204729e218,software-verification,777,UNSAT,88.837,999363.000,1175522.000,163818816.000,20,pc2_group3
38c7c02fec1a10aa147248c3bebef2e7,software-verification,42,TIMEOUT,800.000,,,,-1,pc2_group3
38c7c02fec1a10aa147248c3bebef2e7,software-verification,123,TIMEOUT,800.000,,,,-1,pc2_group3
38c7c02fec1a10aa147248c3bebef2e7,software-verification,777,TIMEOUT,800.000,,,,-1,pc2_group3
3a1aeb4f09c3e2c147b5abb785019137,software-verification,42,UNSAT,0.903,0.000,0.000,362111.000,20,pc2_group3
3a1aeb4f09c3e2c147b5abb785019137,software-verification,123,UNSAT,0.832,0.000,0.000,362111.000,20,pc2_group3
3a1aeb4f09c3e2c147b5abb785019137,software-verification,777,UNSAT,0.825,0.000,0.000,362111.000,20,pc2_group3
3a6e0eaa0dd2614de70d527bfadbb3cd,software-verification,42,CORRUPT_XZ,0.000,,,,-4,pc2_group3
3a6e0eaa0dd2614de70d527bfadbb3cd,software-verification,123,CORRUPT_XZ,0.000,,,,-4,pc2_group3
3a6e0eaa0dd2614de70d527bfadbb3cd,software-verification,777,CORRUPT_XZ,0.000,,,,-4,pc2_group3
3bbdfd39be8452f73c3fda0a1c0b3260,software-verification,42,UNSAT,65.152,49983.000,1542618.000,148508400.000,20,pc2_group3
3bbdfd39be8452f73c3fda0a1c0b3260,software-verification,123,UNSAT,71.136,42349.000,1546792.000,195837597.000,20,pc2_group3
3bbdfd39be8452f73c3fda0a1c0b3260,software-verification,777,UNSAT,162.613,43005.000,6151685.000,317391062.000,20,pc2_group3
3f45c38fe605917727ddd9fdc220ad19,software-verification,42,UNSAT,0.980,103.000,909.000,496898.000,20,pc2_group3
3f45c38fe605917727ddd9fdc220ad19,software-verification,123,UNSAT,0.972,103.000,909.000,496898.000,20,pc2_group3
3f45c38fe605917727ddd9fdc220ad19,software-verification,777,UNSAT,0.870,103.000,909.000,496898.000,20,pc2_group3
4348c6b9af237291558b154a9de82969,software-verification,42,CORRUPT_XZ,0.000,,,,-4,pc2_group3
4348c6b9af237291558b154a9de82969,software-verification,123,CORRUPT_XZ,0.000,,,,-4,pc2_group3
4348c6b9af237291558b154a9de82969,software-verification,777,CORRUPT_XZ,0.000,,,,-4,pc2_group3
4b3c7fb5a7b24f2680395176380ec8e3,software-verification,42,SAT,1.161,1943.000,73494.000,2916554.000,10,pc2_group3
4b3c7fb5a7b24f2680395176380ec8e3,software-verification,123,SAT,1.201,1314.000,79316.000,2527916.000,10,pc2_group3
4b3c7fb5a7b24f2680395176380ec8e3,software-verification,777,SAT,1.065,1428.000,66019.000,1488631.000,10,pc2_group3
4cc8e55799ecda9e666a4c767fb290d8,software-verification,42,UNSAT,1.578,48008.000,125659.000,4475884.000,20,pc2_group3
4cc8e55799ecda9e666a4c767fb290d8,software-verification,123,UNSAT,1.497,43424.000,111054.000,4040239.000,20,pc2_group3
4cc8e55799ecda9e666a4c767fb290d8,software-verification,777,UNSAT,1.488,45255.000,113264.000,3957848.000,20,pc2_group3
4ed40dca9d17e37f77bbbef074561585,software-verification,42,UNSAT,0.894,0.000,0.000,364167.000,20,pc2_group3
4ed40dca9d17e37f77bbbef074561585,software-verification,123,UNSAT,0.979,0.000,0.000,364167.000,20,pc2_group3
4ed40dca9d17e37f77bbbef074561585,software-verification,777,UNSAT,1.041,0.000,0.000,364167.000,20,pc2_group3
4f8f31bf2d3a816b560b0ed39420199b,software-verification,42,CORRUPT_XZ,0.000,,,,-4,pc2_group3
4f8f31bf2d3a816b560b0ed39420199b,software-verification,123,CORRUPT_XZ,0.000,,,,-4,pc2_group3
4f8f31bf2d3a816b560b0ed39420199b,software-verification,777,CORRUPT_XZ,0.000,,,,-4,pc2_group3
505e0d6cd0b327ccd8f3776a69dedd8e,software-verification,42,CORRUPT_XZ,0.000,,,,-4,pc2_group3
505e0d6cd0b327ccd8f3776a69dedd8e,software-verification,123,CORRUPT_XZ,0.000,,,,-4,pc2_group3
505e0d6cd0b327ccd8f3776a69dedd8e,software-verification,777,CORRUPT_XZ,0.000,,,,-4,pc2_group3
55f3756b9caefb5139a6ffd2de555677,software-verification,42,UNSAT,29.929,407.000,3661.000,89825661.000,20,pc2_group3
55f3756b9caefb5139a6ffd2de555677,software-verification,123,UNSAT,30.052,407.000,3661.000,89825661.000,20,pc2_group3
55f3756b9caefb5139a6ffd2de555677,software-verification,777,UNSAT,23.903,407.000,3661.000,89825661.000,20,pc2_group3
5696ebc151f271257ba3a98782667932,software-verification,42,TIMEOUT,800.000,,,,-1,pc2_group3
5696ebc151f271257ba3a98782667932,software-verification,123,UNKNOWN,172.378,12687.000,198021.000,271543770.000,-6,pc2_group3
5696ebc151f271257ba3a98782667932,software-verification,777,TIMEOUT,800.000,,,,-1,pc2_group3
57a67219171de01711aa6d9604b1c1df,software-verification,42,UNSAT,228.745,62475.000,2617457.000,380236353.000,20,pc2_group3
57a67219171de01711aa6d9604b1c1df,software-verification,123,UNSAT,377.417,64910.000,3416659.000,739666633.000,20,pc2_group3
57a67219171de01711aa6d9604b1c1df,software-verification,777,UNSAT,522.547,106319.000,3586425.000,1009724391.000,20,pc2_group3
59e596f5f845a2487370950b37ec3db2,software-verification,42,CORRUPT_XZ,0.000,,,,-4,pc2_group3
59e596f5f845a2487370950b37ec3db2,software-verification,123,CORRUPT_XZ,0.000,,,,-4,pc2_group3
59e596f5f845a2487370950b37ec3db2,software-verification,777,CORRUPT_XZ,0.000,,,,-4,pc2_group3
5e29ace02e3073d2c0b9ba6382e0eccf,software-verification,42,CORRUPT_XZ,0.000,,,,-4,pc2_group3
5e29ace02e3073d2c0b9ba6382e0eccf,software-verification,123,CORRUPT_XZ,0.000,,,,-4,pc2_group3
5e29ace02e3073d2c0b9ba6382e0eccf,software-verification,777,CORRUPT_XZ,0.000,,,,-4,pc2_group3
6008b958ff6877f32c26b72728df4523,software-verification,42,CORRUPT_XZ,0.000,,,,-4,pc2_group3
6008b958ff6877f32c26b72728df4523,software-verification,123,CORRUPT_XZ,0.000,,,,-4,pc2_group3
6008b958ff6877f32c26b72728df4523,software-verification,777,CORRUPT_XZ,0.000,,,,-4,pc2_group3
603a2d6f8962be577c6609e70296b8ee,software-verification,42,CORRUPT_XZ,0.000,,,,-4,pc2_group3
603a2d6f8962be577c6609e70296b8ee,software-verification,123,CORRUPT_XZ,0.000,,,,-4,pc2_group3
603a2d6f8962be577c6609e70296b8ee,software-verification,777,CORRUPT_XZ,0.000,,,,-4,pc2_group3
613be3fce8fa3e517d10e292f0a2542d,software-verification,42,UNKNOWN,180.706,12269.000,223874.000,298649843.000,-6,pc2_group3
613be3fce8fa3e517d10e292f0a2542d,software-verification,123,TIMEOUT,800.000,,,,-1,pc2_group3
613be3fce8fa3e517d10e292f0a2542d,software-verification,777,UNKNOWN,157.394,12565.000,242434.000,186346702.000,-6,pc2_group3
64f62a88827125462f5cb02c15520d8e,software-verification,42,TIMEOUT,800.000,,,,-1,pc2_group3
64f62a88827125462f5cb02c15520d8e,software-verification,123,TIMEOUT,800.000,,,,-1,pc2_group3
64f62a88827125462f5cb02c15520d8e,software-verification,777,TIMEOUT,800.000,,,,-1,pc2_group3
683a0eb8955c471a343d6c7d7a1101f9,software-verification,42,UNSAT,69.521,188823.000,551422.000,200155929.000,20,pc2_group3
683a0eb8955c471a343d6c7d7a1101f9,software-verification,123,UNSAT,65.150,188123.000,543131.000,185369256.000,20,pc2_group3
683a0eb8955c471a343d6c7d7a1101f9,software-verification,777,UNSAT,48.696,144762.000,411773.000,148395070.000,20,pc2_group3
71e9e9a680d64a1e5e4753e9efdefe84,software-verification,42,UNSAT,0.655,0.000,0.000,134736.000,20,pc2_group3
71e9e9a680d64a1e5e4753e9efdefe84,software-verification,123,UNSAT,0.652,0.000,0.000,134736.000,20,pc2_group3
71e9e9a680d64a1e5e4753e9efdefe84,software-verification,777,UNSAT,0.769,0.000,0.000,134736.000,20,pc2_group3
732e48e5621342c72d4e7ceb6603c9d6,software-verification,42,UNKNOWN,33.376,0.000,0.000,2324435.000,-6,pc2_group3
732e48e5621342c72d4e7ceb6603c9d6,software-verification,123,UNKNOWN,30.704,0.000,0.000,2324435.000,-6,pc2_group3
732e48e5621342c72d4e7ceb6603c9d6,software-verification,777,UNKNOWN,30.707,0.000,0.000,2324435.000,-6,pc2_group3
77a0ff05f77e03cfe3261b41143edaa3,software-verification,42,UNSAT,86.804,964701.000,1134087.000,157352160.000,20,pc2_group3
77a0ff05f77e03cfe3261b41143edaa3,software-verification,123,UNSAT,86.824,939023.000,1097992.000,156259210.000,20,pc2_group3
77a0ff05f77e03cfe3261b41143edaa3,software-verification,777,UNSAT,99.227,978841.000,1153864.000,166319427.000,20,pc2_group3
81268da6548a14c8658a6dd9786e56f4,software-verification,42,UNSAT,1.006,0.000,0.000,440656.000,20,pc2_group3
81268da6548a14c8658a6dd9786e56f4,software-verification,123,UNSAT,0.999,0.000,0.000,440656.000,20,pc2_group3
81268da6548a14c8658a6dd9786e56f4,software-verification,777,UNSAT,0.994,0.000,0.000,440656.000,20,pc2_group3
81bd2dd3df93684890449edad69253dd,software-verification,42,UNSAT,0.759,103.000,909.000,496898.000,20,pc2_group3
81bd2dd3df93684890449edad69253dd,software-verification,123,UNSAT,0.767,103.000,909.000,496898.000,20,pc2_group3
81bd2dd3df93684890449edad69253dd,software-verification,777,UNSAT,0.800,103.000,909.000,496898.000,20,pc2_group3
81ea9e08430a8a983b4052d5936adcf5,software-verification,42,UNSAT,10.796,14423.000,142567.000,37904647.000,20,pc2_group3
81ea9e08430a8a983b4052d5936adcf5,software-verification,123,UNSAT,12.293,14445.000,78893.000,35472262.000,20,pc2_group3
81ea9e08430a8a983b4052d5936adcf5,software-verification,777,UNSAT,10.226,14424.000,69951.000,35599646.000,20,pc2_group3
878bcc11e1e243680f7946bcf428f465,software-verification,42,UNSAT,54.334,7737.000,165583.000,194607947.000,20,pc2_group3
878bcc11e1e243680f7946bcf428f465,software-verification,123,UNSAT,66.154,11255.000,90722.000,283520535.000,20,pc2_group3
878bcc11e1e243680f7946bcf428f465,software-verification,777,UNSAT,67.498,9211.000,149881.000,236650952.000,20,pc2_group3
87b586668328ee71f3bb0b71f65b8029,software-verification,42,CORRUPT_XZ,0.000,,,,-4,pc2_group3
87b586668328ee71f3bb0b71f65b8029,software-verification,123,CORRUPT_XZ,0.000,,,,-4,pc2_group3
87b586668328ee71f3bb0b71f65b8029,software-verification,777,CORRUPT_XZ,0.000,,,,-4,pc2_group3
88bfa72210baef40a2903d95044dc19d,software-verification,42,UNSAT,145.924,16771.000,198361.000,804055358.000,20,pc2_group3
88bfa72210baef40a2903d95044dc19d,software-verification,123,UNSAT,115.230,12319.000,190338.000,614616358.000,20,pc2_group3
88bfa72210baef40a2903d95044dc19d,software-verification,777,UNSAT,94.458,10022.000,115992.000,570959506.000,20,pc2_group3
8dd15d5a2356cabe1e5a3bb3aad975ed,software-verification,42,SAT,567.756,424561.000,1631744.000,1513745675.000,10,pc2_group3
8dd15d5a2356cabe1e5a3bb3aad975ed,software-verification,123,SAT,515.407,467424.000,1902760.000,1401083462.000,10,pc2_group3
8dd15d5a2356cabe1e5a3bb3aad975ed,software-verification,777,SAT,495.928,439007.000,1687226.000,1316084978.000,10,pc2_group3
8e2bf97f9861eefd74a692fde1945702,software-verification,42,UNSAT,1.015,75.000,1558.000,618778.000,20,pc2_group3
8e2bf97f9861eefd74a692fde1945702,software-verification,123,UNSAT,1.186,75.000,1558.000,618778.000,20,pc2_group3
8e2bf97f9861eefd74a692fde1945702,software-verification,777,UNSAT,1.191,75.000,1558.000,618778.000,20,pc2_group3
90d7e34800b9c8338d4a1bd2563ee9ec,software-verification,42,CORRUPT_XZ,0.000,,,,-4,pc2_group3
90d7e34800b9c8338d4a1bd2563ee9ec,software-verification,123,CORRUPT_XZ,0.000,,,,-4,pc2_group3
90d7e34800b9c8338d4a1bd2563ee9ec,software-verification,777,CORRUPT_XZ,0.000,,,,-4,pc2_group3
92ba26eaf09b27c929710e1886af73f8,software-verification,42,UNSAT,64.937,21958.000,227057.000,117098157.000,20,pc2_group3
92ba26eaf09b27c929710e1886af73f8,software-verification,123,UNSAT,46.940,19430.000,118375.000,63161909.000,20,pc2_group3
92ba26eaf09b27c929710e1886af73f8,software-verification,777,UNSAT,50.845,23564.000,202838.000,98784469.000,20,pc2_group3
96fd73d32e5abe7f0f5234053e236019,software-verification,42,TIMEOUT,800.000,,,,-1,pc2_group3
96fd73d32e5abe7f0f5234053e236019,software-verification,123,TIMEOUT,800.000,,,,-1,pc2_group3
96fd73d32e5abe7f0f5234053e236019,software-verification,777,TIMEOUT,800.000,,,,-1,pc2_group3
9834e67bb8d0379eb872b3ad155ee05b,software-verification,42,UNSAT,0.550,0.000,0.000,134736.000,20,pc2_group3
9834e67bb8d0379eb872b3ad155ee05b,software-verification,123,UNSAT,0.632,0.000,0.000,134736.000,20,pc2_group3
9834e67bb8d0379eb872b3ad155ee05b,software-verification,777,UNSAT,0.605,0.000,0.000,134736.000,20,pc2_group3
98797d187fa732a0226062c20f5c001b,software-verification,42,CORRUPT_XZ,0.000,,,,-4,pc2_group3
98797d187fa732a0226062c20f5c001b,software-verification,123,CORRUPT_XZ,0.000,,,,-4,pc2_group3
98797d187fa732a0226062c20f5c001b,software-verification,777,CORRUPT_XZ,0.000,,,,-4,pc2_group3
a13ab802fc36bd27ffa61ec561ec6c47,software-verification,42,UNSAT,164.739,2436366.000,11042226.000,436648381.000,20,pc2_group3
a13ab802fc36bd27ffa61ec561ec6c47,software-verification,123,UNSAT,172.607,2469640.000,10793765.000,435056231.000,20,pc2_group3
a13ab802fc36bd27ffa61ec561ec6c47,software-verification,777,UNSAT,133.639,1929879.000,8473757.000,368077467.000,20,pc2_group3
a49e09ba2e553c2311ac9d0a09a82007,software-verification,42,UNSAT,1.100,0.000,0.000,440656.000,20,pc2_group3
a49e09ba2e553c2311ac9d0a09a82007,software-verification,123,UNSAT,1.081,0.000,0.000,440656.000,20,pc2_group3
a49e09ba2e553c2311ac9d0a09a82007,software-verification,777,UNSAT,1.131,0.000,0.000,440656.000,20,pc2_group3
a7a67f8c2c327f92b765845123cd09d5,software-verification,42,TIMEOUT,800.000,,,,-1,pc2_group3
a7a67f8c2c327f92b765845123cd09d5,software-verification,123,TIMEOUT,800.000,,,,-1,pc2_group3
a7a67f8c2c327f92b765845123cd09d5,software-verification,777,TIMEOUT,800.000,,,,-1,pc2_group3
ac601039610505997f89c5e089624610,software-verification,42,UNSAT,124.282,524905.000,639661.000,327267113.000,20,pc2_group3
ac601039610505997f89c5e089624610,software-verification,123,UNSAT,128.754,551678.000,667544.000,336317224.000,20,pc2_group3
ac601039610505997f89c5e089624610,software-verification,777,UNSAT,113.523,471214.000,577714.000,293754574.000,20,pc2_group3
acd0c7fee27c40d6d3345f07b7c6d6c4,software-verification,42,UNSAT,88.316,925853.000,1092372.000,159321067.000,20,pc2_group3
acd0c7fee27c40d6d3345f07b7c6d6c4,software-verification,123,UNSAT,98.832,1124820.000,1318587.000,181626146.000,20,pc2_group3
acd0c7fee27c40d6d3345f07b7c6d6c4,software-verification,777,UNSAT,102.842,1109706.000,1302271.000,175273427.000,20,pc2_group3
ae3e774dda19c84566a1ba222bb44bab,software-verification,42,TIMEOUT,800.000,,,,-1,pc2_group3
ae3e774dda19c84566a1ba222bb44bab,software-verification,123,UNSAT,590.770,4029078.000,7326681.000,882088782.000,20,pc2_group3
ae3e774dda19c84566a1ba222bb44bab,software-verification,777,UNSAT,659.144,4223905.000,8128704.000,899859867.000,20,pc2_group3
b14723fd0acbb7a5b497c4ddb4e3d813,software-verification,42,CORRUPT_XZ,0.000,,,,-4,pc2_group3
b14723fd0acbb7a5b497c4ddb4e3d813,software-verification,123,CORRUPT_XZ,0.000,,,,-4,pc2_group3
b14723fd0acbb7a5b497c4ddb4e3d813,software-verification,777,CORRUPT_XZ,0.000,,,,-4,pc2_group3
b2059a77acce5836fcaa1e26cd1bb1dc,software-verification,42,UNSAT,496.065,1696076.000,14756098.000,1261460447.000,20,pc2_group3
b2059a77acce5836fcaa1e26cd1bb1dc,software-verification,123,TIMEOUT,800.000,,,,-1,pc2_group3
b2059a77acce5836fcaa1e26cd1bb1dc,software-verification,777,TIMEOUT,800.000,,,,-1,pc2_group3
b3233e009976748e3a55d7cd0ea30c41,software-verification,42,UNSAT,292.036,197575.000,2695369.000,621613032.000,20,pc2_group3
b3233e009976748e3a55d7cd0ea30c41,software-verification,123,UNSAT,269.840,170348.000,2165820.000,523870066.000,20,pc2_group3
b3233e009976748e3a55d7cd0ea30c41,software-verification,777,UNSAT,267.144,189378.000,2098809.000,526060073.000,20,pc2_group3
b835bbe3c0b4447c3e936326e10dacc4,software-verification,42,SAT,132.991,157350.000,630867.000,368874258.000,10,pc2_group3
b835bbe3c0b4447c3e936326e10dacc4,software-verification,123,SAT,98.273,95355.000,409027.000,318486144.000,10,pc2_group3
b835bbe3c0b4447c3e936326e10dacc4,software-verification,777,SAT,74.708,98631.000,396179.000,222121879.000,10,pc2_group3
b8f9b018d16835c564dcd8395118c79f,software-verification,42,CORRUPT_XZ,0.000,,,,-4,pc2_group3
b8f9b018d16835c564dcd8395118c79f,software-verification,123,CORRUPT_XZ,0.000,,,,-4,pc2_group3
b8f9b018d16835c564dcd8395118c79f,software-verification,777,CORRUPT_XZ,0.000,,,,-4,pc2_group3
bb03fa0be008cce77c83f597bc34dee2,software-verification,42,UNSAT,9.215,8610.000,87936.000,23588266.000,20,pc2_group3
bb03fa0be008cce77c83f597bc34dee2,software-verification,123,UNSAT,14.177,18173.000,129885.000,34765294.000,20,pc2_group3
bb03fa0be008cce77c83f597bc34dee2,software-verification,777,UNSAT,12.125,14550.000,117656.000,38159892.000,20,pc2_group3
bb7aed760137c3250190ef9053dc0bef,software-verification,42,UNSAT,1.856,35090.000,39215.000,4824306.000,20,pc2_group3
bb7aed760137c3250190ef9053dc0bef,software-verification,123,UNSAT,2.110,34686.000,39051.000,4815415.000,20,pc2_group3
bb7aed760137c3250190ef9053dc0bef,software-verification,777,UNSAT,1.775,33998.000,38356.000,4607493.000,20,pc2_group3
bbdc1542ad1cd21301bcb6ab89893615,software-verification,42,TIMEOUT,800.000,,,,-1,pc2_group3
bbdc1542ad1cd21301bcb6ab89893615,software-verification,123,TIMEOUT,800.000,,,,-1,pc2_group3
bbdc1542ad1cd21301bcb6ab89893615,software-verification,777,UNKNOWN,215.560,15870.000,155233.000,265558548.000,-6,pc2_group3
bbe0587d3fc899352fccf7cbb10fa874,software-verification,42,UNSAT,114.561,918732.000,1087448.000,156281142.000,20,pc2_group3
bbe0587d3fc899352fccf7cbb10fa874,software-verification,123,UNSAT,82.098,948579.000,1120194.000,159251747.000,20,pc2_group3
bbe0587d3fc899352fccf7cbb10fa874,software-verification,777,UNSAT,78.210,913801.000,1081829.000,150377288.000,20,pc2_group3
c03f7f84f6ac9e523c17e391c3895183,software-verification,42,CORRUPT_XZ,0.000,,,,-4,pc2_group3
c03f7f84f6ac9e523c17e391c3895183,software-verification,123,CORRUPT_XZ,0.000,,,,-4,pc2_group3
c03f7f84f6ac9e523c17e391c3895183,software-verification,777,CORRUPT_XZ,0.000,,,,-4,pc2_group3
c084fcafd1435d2e5e9693da60ac53f7,software-verification,42,UNSAT,7.459,9434.000,62264.000,16460528.000,20,pc2_group3
c084fcafd1435d2e5e9693da60ac53f7,software-verification,123,UNSAT,5.248,6444.000,46187.000,11471917.000,20,pc2_group3
c084fcafd1435d2e5e9693da60ac53f7,software-verification,777,UNSAT,14.233,11016.000,44223.000,87667051.000,20,pc2_group3
c21cea390a50204944aa00babd56b53c,software-verification,42,CORRUPT_XZ,0.000,,,,-4,pc2_group3
c21cea390a50204944aa00babd56b53c,software-verification,123,CORRUPT_XZ,0.000,,,,-4,pc2_group3
c21cea390a50204944aa00babd56b53c,software-verification,777,CORRUPT_XZ,0.000,,,,-4,pc2_group3
c2894b8d82492f03bb73bbc65896c016,software-verification,42,CORRUPT_XZ,0.000,,,,-4,pc2_group3
c2894b8d82492f03bb73bbc65896c016,software-verification,123,CORRUPT_XZ,0.000,,,,-4,pc2_group3
c2894b8d82492f03bb73bbc65896c016,software-verification,777,CORRUPT_XZ,0.000,,,,-4,pc2_group3
c597584300c33b1ee175909f92d9a693,software-verification,42,UNSAT,0.909,0.000,0.000,364167.000,20,pc2_group3
c597584300c33b1ee175909f92d9a693,software-verification,123,UNSAT,0.818,0.000,0.000,364167.000,20,pc2_group3
c597584300c33b1ee175909f92d9a693,software-verification,777,UNSAT,0.871,0.000,0.000,364167.000,20,pc2_group3
c796794d6786a23597f30d66cc62f1f3,software-verification,42,SAT,24.876,0.000,0.000,14731702.000,10,pc2_group3
c796794d6786a23597f30d66cc62f1f3,software-verification,123,CORRUPT_XZ,0.000,,,,-4,pc2_group3
c796794d6786a23597f30d66cc62f1f3,software-verification,777,CORRUPT_XZ,0.000,,,,-4,pc2_group3
cd711ea43647d0b4b4ee57e78a8b7a1c,software-verification,42,UNSAT,68.768,21602.000,150997.000,81727378.000,20,pc2_group3
cd711ea43647d0b4b4ee57e78a8b7a1c,software-verification,123,UNSAT,63.116,23592.000,122211.000,53642288.000,20,pc2_group3
cd711ea43647d0b4b4ee57e78a8b7a1c,software-verification,777,UNSAT,60.628,22613.000,145396.000,57253358.000,20,pc2_group3
cdd8ab284c8c33aada20bef1db5bbcb7,software-verification,42,UNSAT,84.771,900321.000,1069154.000,152336242.000,20,pc2_group3
cdd8ab284c8c33aada20bef1db5bbcb7,software-verification,123,UNSAT,93.588,1015078.000,1183372.000,167982442.000,20,pc2_group3
cdd8ab284c8c33aada20bef1db5bbcb7,software-verification,777,UNSAT,101.902,1043531.000,1217294.000,174378314.000,20,pc2_group3
d1dbf88a58406c931fd696267ed8159e,software-verification,42,UNSAT,61.736,107086.000,694979.000,133797436.000,20,pc2_group3
d1dbf88a58406c931fd696267ed8159e,software-verification,123,UNSAT,106.469,104121.000,741240.000,355257420.000,20,pc2_group3
d1dbf88a58406c931fd696267ed8159e,software-verification,777,UNSAT,75.333,82046.000,714630.000,181802003.000,20,pc2_group3
d34e2b88e21a34f274b87469164a01bb,software-verification,42,CORRUPT_XZ,0.000,,,,-4,pc2_group3
d34e2b88e21a34f274b87469164a01bb,software-verification,123,CORRUPT_XZ,0.000,,,,-4,pc2_group3
d34e2b88e21a34f274b87469164a01bb,software-verification,777,CORRUPT_XZ,0.000,,,,-4,pc2_group3
d570bbe4e59e242a18260d9e2f616496,software-verification,42,UNSAT,158.092,328811.000,910924.000,385089435.000,20,pc2_group3
d570bbe4e59e242a18260d9e2f616496,software-verification,123,UNSAT,133.569,308667.000,907750.000,336004424.000,20,pc2_group3
d570bbe4e59e242a18260d9e2f616496,software-verification,777,UNSAT,134.703,298696.000,857291.000,328213411.000,20,pc2_group3
d69851de5b015182614d22c936a4ae8c,software-verification,42,UNSAT,592.638,498381.000,1585396.000,1671499410.000,20,pc2_group3
d69851de5b015182614d22c936a4ae8c,software-verification,123,UNSAT,697.350,484586.000,1717595.000,1881055287.000,20,pc2_group3
d69851de5b015182614d22c936a4ae8c,software-verification,777,TIMEOUT,800.000,,,,-1,pc2_group3
da72fa2e7bc48f9c0288b31db6c3f2e4,software-verification,42,SAT,92.478,27500.000,273679.000,139109695.000,10,pc2_group3
da72fa2e7bc48f9c0288b31db6c3f2e4,software-verification,123,SAT,45.376,10568.000,56004.000,89077350.000,10,pc2_group3
da72fa2e7bc48f9c0288b31db6c3f2e4,software-verification,777,SAT,51.552,10690.000,51623.000,103915169.000,10,pc2_group3
db599c16135ce55618717ca61d54cef3,software-verification,42,UNSAT,540.304,63470.000,656699.000,2455824082.000,20,pc2_group3
db599c16135ce55618717ca61d54cef3,software-verification,123,UNSAT,236.188,14374.000,217552.000,1345332187.000,20,pc2_group3
db599c16135ce55618717ca61d54cef3,software-verification,777,CORRUPT_XZ,0.000,,,,-4,pc2_group3
dd0196aee30d0a83b6fe8bc7eba01806,software-verification,42,CORRUPT_XZ,0.000,,,,-4,pc2_group3
dd0196aee30d0a83b6fe8bc7eba01806,software-verification,123,CORRUPT_XZ,0.000,,,,-4,pc2_group3
dd0196aee30d0a83b6fe8bc7eba01806,software-verification,777,CORRUPT_XZ,0.000,,,,-4,pc2_group3
e16c33062a8fa678573cd7b335187b32,software-verification,42,CORRUPT_XZ,0.000,,,,-4,pc2_group3
e16c33062a8fa678573cd7b335187b32,software-verification,123,CORRUPT_XZ,0.000,,,,-4,pc2_group3
e16c33062a8fa678573cd7b335187b32,software-verification,777,CORRUPT_XZ,0.000,,,,-4,pc2_group3
e21b0a7567ec71858105a52f99cbbcd9,software-verification,42,UNSAT,1.321,75.000,1558.000,618778.000,20,pc2_group3
e21b0a7567ec71858105a52f99cbbcd9,software-verification,123,UNSAT,1.266,75.000,1558.000,618778.000,20,pc2_group3
e21b0a7567ec71858105a52f99cbbcd9,software-verification,777,UNSAT,1.303,75.000,1558.000,618778.000,20,pc2_group3
e6fa27dfe90f1f92c8ee9b9979ca44b6,software-verification,42,CORRUPT_XZ,0.000,,,,-4,pc2_group3
e6fa27dfe90f1f92c8ee9b9979ca44b6,software-verification,123,CORRUPT_XZ,0.000,,,,-4,pc2_group3
e6fa27dfe90f1f92c8ee9b9979ca44b6,software-verification,777,CORRUPT_XZ,0.000,,,,-4,pc2_group3
e8abb9c83efdd96a99990f3b914ea873,software-verification,42,CORRUPT_XZ,0.000,,,,-4,pc2_group3
e8abb9c83efdd96a99990f3b914ea873,software-verification,123,CORRUPT_XZ,0.000,,,,-4,pc2_group3
e8abb9c83efdd96a99990f3b914ea873,software-verification,777,CORRUPT_XZ,0.000,,,,-4,pc2_group3
e9787c0bf64f89f71b71bf992433b065,software-verification,42,CORRUPT_XZ,0.000,,,,-4,pc2_group3
e9787c0bf64f89f71b71bf992433b065,software-verification,123,CORRUPT_XZ,0.000,,,,-4,pc2_group3
e9787c0bf64f89f71b71bf992433b065,software-verification,777,CORRUPT_XZ,0.000,,,,-4,pc2_group3
ea3dbefa6a8a5015e2c476d6a5dda695,software-verification,42,UNSAT,1.339,0.000,0.000,122568.000,20,pc2_group3
ea3dbefa6a8a5015e2c476d6a5dda695,software-verification,123,UNSAT,1.392,0.000,0.000,122568.000,20,pc2_group3
ea3dbefa6a8a5015e2c476d6a5dda695,software-verification,777,UNSAT,1.452,0.000,0.000,122568.000,20,pc2_group3
eb34dcb040e9956397c306400da096f1,software-verification,42,UNSAT,0.860,0.000,0.000,170952.000,20,pc2_group3
eb34dcb040e9956397c306400da096f1,software-verification,123,UNSAT,0.965,0.000,0.000,170952.000,20,pc2_group3
eb34dcb040e9956397c306400da096f1,software-verification,777,UNSAT,0.917,0.000,0.000,170952.000,20,pc2_group3
f54b352934be08821aa75b3424112956,software-verification,42,CORRUPT_XZ,0.000,,,,-4,pc2_group3
f54b352934be08821aa75b3424112956,software-verification,123,UNSAT,326.576,36849.000,545552.000,1136034740.000,20,pc2_group3
f54b352934be08821aa75b3424112956,software-verification,777,CORRUPT_XZ,0.000,,,,-4,pc2_group3
fa7055908271153a5d9f46f6882aa1ab,software-verification,42,UNSAT,9.097,8610.000,87936.000,23588266.000,20,pc2_group3
fa7055908271153a5d9f46f6882aa1ab,software-verification,123,UNSAT,16.123,18173.000,129885.000,34765294.000,20,pc2_group3
fa7055908271153a5d9f46f6882aa1ab,software-verification,777,UNSAT,16.269,14550.000,117656.000,38159892.000,20,pc2_group3
ff90d59262f6fb2b5fb30e0279ac4de2,software-verification,42,CORRUPT_XZ,0.000,,,,-4,pc2_group3
ff90d59262f6fb2b5fb30e0279ac4de2,software-verification,123,CORRUPT_XZ,0.000,,,,-4,pc2_group3
ff90d59262f6fb2b5fb30e0279ac4de2,software-verification,777,UNKNOWN,37.506,0.000,0.000,11124861.000,-6,pc2_group3
0049919cdf9556bfda5bb365af72414c,station-repacking,42,SAT,156.455,1610695.000,7992465.000,197938524.000,10,pc1_group4
0049919cdf9556bfda5bb365af72414c,station-repacking,123,SAT,141.866,1208250.000,7861213.000,186436442.000,10,pc1_group4
0049919cdf9556bfda5bb365af72414c,station-repacking,777,SAT,221.108,2366011.000,11681653.000,325556509.000,10,pc1_group4
03873e44115e30db6c3ccc2941c14101,station-repacking,42,SAT,1.713,476.000,6312.000,461246.000,10,pc1_group4
03873e44115e30db6c3ccc2941c14101,station-repacking,123,SAT,2.130,476.000,6312.000,461246.000,10,pc1_group4
03873e44115e30db6c3ccc2941c14101,station-repacking,777,SAT,2.052,476.000,6312.000,461246.000,10,pc1_group4
095abfecc3d54908ae4eeaa17f0f0b44,station-repacking,42,SAT,1.710,33.000,4806.000,404603.000,10,pc1_group4
095abfecc3d54908ae4eeaa17f0f0b44,station-repacking,123,SAT,1.834,33.000,4806.000,404603.000,10,pc1_group4
095abfecc3d54908ae4eeaa17f0f0b44,station-repacking,777,SAT,1.674,33.000,4806.000,404603.000,10,pc1_group4
09c34d5c989469373633702ea8c9d87b,station-repacking,42,SAT,73.854,703765.000,4549048.000,103519335.000,10,pc1_group4
09c34d5c989469373633702ea8c9d87b,station-repacking,123,SAT,52.228,398197.000,3058855.000,65905369.000,10,pc1_group4
09c34d5c989469373633702ea8c9d87b,station-repacking,777,SAT,19.997,102773.000,958797.000,21986711.000,10,pc1_group4
0a584e40865fa99bfdda6c365d18e60f,station-repacking,42,SAT,1.869,381.000,5816.000,478945.000,10,pc1_group4
0a584e40865fa99bfdda6c365d18e60f,station-repacking,123,SAT,2.285,381.000,5816.000,478945.000,10,pc1_group4
0a584e40865fa99bfdda6c365d18e60f,station-repacking,777,SAT,2.144,381.000,5816.000,478945.000,10,pc1_group4
0d0884803351d1b0fafe276c0e77081d,station-repacking,42,SAT,3.466,3825.000,22048.000,1492658.000,10,pc1_group4
0d0884803351d1b0fafe276c0e77081d,station-repacking,123,SAT,3.169,3984.000,26515.000,2055740.000,10,pc1_group4
0d0884803351d1b0fafe276c0e77081d,station-repacking,777,SAT,3.285,4692.000,69997.000,2074723.000,10,pc1_group4
0d79a79d1dbd0639f493874d846a62fc,station-repacking,42,SAT,0.069,0.000,0.000,42723.000,10,pc1_group4
0d79a79d1dbd0639f493874d846a62fc,station-repacking,123,SAT,0.090,0.000,0.000,42723.000,10,pc1_group4
0d79a79d1dbd0639f493874d846a62fc,station-repacking,777,SAT,0.119,0.000,0.000,42723.000,10,pc1_group4
110abea2cac57d734683619f799bf18a,station-repacking,42,SAT,447.810,5689767.000,26117267.000,727249360.000,10,pc1_group4
110abea2cac57d734683619f799bf18a,station-repacking,123,SAT,430.569,4794754.000,25235904.000,652633476.000,10,pc1_group4
110abea2cac57d734683619f799bf18a,station-repacking,777,SAT,207.368,2614903.000,10594727.000,361108349.000,10,pc1_group4
13429c9211d51320d0c071a9d86fe51a,station-repacking,42,TIMEOUT,800.000,,,,-1,pc1_group4
13429c9211d51320d0c071a9d86fe51a,station-repacking,123,TIMEOUT,800.000,,,,-1,pc1_group4
13429c9211d51320d0c071a9d86fe51a,station-repacking,777,TIMEOUT,800.000,,,,-1,pc1_group4
13f971348e5c308d867acae79dec07cc,station-repacking,42,SAT,10.158,47420.000,426364.000,13822015.000,10,pc1_group4
13f971348e5c308d867acae79dec07cc,station-repacking,123,SAT,6.476,37499.000,553203.000,12374905.000,10,pc1_group4
13f971348e5c308d867acae79dec07cc,station-repacking,777,SAT,8.573,31514.000,406887.000,11095549.000,10,pc1_group4
1534c8506c9e261309e6fe886308e1e7,station-repacking,42,TIMEOUT,800.000,,,,-1,pc1_group4
1534c8506c9e261309e6fe886308e1e7,station-repacking,123,TIMEOUT,800.000,,,,-1,pc1_group4
1534c8506c9e261309e6fe886308e1e7,station-repacking,777,TIMEOUT,800.000,,,,-1,pc1_group4
15f12bdf02e43f71b10c20ed256355b9,station-repacking,42,TIMEOUT,800.000,,,,-1,pc1_group4
15f12bdf02e43f71b10c20ed256355b9,station-repacking,123,TIMEOUT,800.000,,,,-1,pc1_group4
15f12bdf02e43f71b10c20ed256355b9,station-repacking,777,TIMEOUT,800.000,,,,-1,pc1_group4
171ded15d8af000371cc0e8f5301d1a9,station-repacking,42,SAT,22.881,167063.000,610078.000,26359069.000,10,pc1_group4
171ded15d8af000371cc0e8f5301d1a9,station-repacking,123,SAT,11.008,57820.000,258460.000,12842971.000,10,pc1_group4
171ded15d8af000371cc0e8f5301d1a9,station-repacking,777,SAT,7.775,30184.000,195329.000,8228972.000,10,pc1_group4
189476b82beea47f8f851fb98c92cff3,station-repacking,42,SAT,4.271,12839.000,411904.000,5498628.000,10,pc1_group4
189476b82beea47f8f851fb98c92cff3,station-repacking,123,SAT,4.187,12737.000,288835.000,4956596.000,10,pc1_group4
189476b82beea47f8f851fb98c92cff3,station-repacking,777,SAT,6.297,25483.000,555320.000,8563662.000,10,pc1_group4
1c816a0ed040c391676156f1aa7e5d5a,station-repacking,42,SAT,461.568,5758453.000,31806430.000,767085477.000,10,pc1_group4
1c816a0ed040c391676156f1aa7e5d5a,station-repacking,123,SAT,614.615,6461267.000,36103212.000,892932504.000,10,pc1_group4
1c816a0ed040c391676156f1aa7e5d5a,station-repacking,777,TIMEOUT,800.000,,,,-1,pc1_group4
1e7aca691093ba117574a5d6f4b6a4fa,station-repacking,42,SAT,158.730,1673306.000,9830305.000,239704551.000,10,pc1_group4
1e7aca691093ba117574a5d6f4b6a4fa,station-repacking,123,SAT,182.814,1607000.000,8595535.000,233975646.000,10,pc1_group4
1e7aca691093ba117574a5d6f4b6a4fa,station-repacking,777,SAT,93.836,1009269.000,6336975.000,148092996.000,10,pc1_group4
1fe66c63e4848f2ca7deefae9bd2a293,station-repacking,42,TIMEOUT,800.000,,,,-1,pc1_group4
1fe66c63e4848f2ca7deefae9bd2a293,station-repacking,123,TIMEOUT,800.000,,,,-1,pc1_group4
1fe66c63e4848f2ca7deefae9bd2a293,station-repacking,777,TIMEOUT,800.000,,,,-1,pc1_group4
25729b4354afa484ca72c9724331ea3e,station-repacking,42,SAT,241.443,2944139.000,15727087.000,422550885.000,10,pc1_group4
25729b4354afa484ca72c9724331ea3e,station-repacking,123,SAT,228.137,2547952.000,11906858.000,353662589.000,10,pc1_group4
25729b4354afa484ca72c9724331ea3e,station-repacking,777,SAT,58.147,499506.000,3227810.000,87089128.000,10,pc1_group4
2a3456cfe79ecaf6e0f70f307b71fc5f,station-repacking,42,SAT,2.281,1148.000,19944.000,616539.000,10,pc1_group4
2a3456cfe79ecaf6e0f70f307b71fc5f,station-repacking,123,SAT,2.369,2117.000,23612.000,804516.000,10,pc1_group4
2a3456cfe79ecaf6e0f70f307b71fc5f,station-repacking,777,SAT,2.005,834.000,19166.000,637847.000,10,pc1_group4
2e6b35b71c9a817b01c0f925dd61480d,station-repacking,42,SAT,1.624,6.000,4367.000,413649.000,10,pc1_group4
2e6b35b71c9a817b01c0f925dd61480d,station-repacking,123,SAT,1.480,6.000,4367.000,413649.000,10,pc1_group4
2e6b35b71c9a817b01c0f925dd61480d,station-repacking,777,SAT,1.643,6.000,4367.000,413649.000,10,pc1_group4
2e76c980bb44428c47c58ac8c3de3840,station-repacking,42,SAT,3.656,9631.000,229759.000,4066836.000,10,pc1_group4
2e76c980bb44428c47c58ac8c3de3840,station-repacking,123,SAT,2.540,4503.000,137188.000,2654153.000,10,pc1_group4
2e76c980bb44428c47c58ac8c3de3840,station-repacking,777,SAT,2.889,4338.000,46982.000,1853519.000,10,pc1_group4
2ebdc7689626455811ae26c891397077,station-repacking,42,SAT,2.284,2867.000,17393.000,1791871.000,10,pc1_group4
2ebdc7689626455811ae26c891397077,station-repacking,123,SAT,2.705,3112.000,17952.000,1828962.000,10,pc1_group4
2ebdc7689626455811ae26c891397077,station-repacking,777,SAT,2.327,2893.000,17735.000,1803669.000,10,pc1_group4
2ed8cb4e59d245480f9317c8908ba75a,station-repacking,42,SAT,140.363,1512952.000,10733005.000,263052401.000,10,pc1_group4
2ed8cb4e59d245480f9317c8908ba75a,station-repacking,123,SAT,134.024,1322909.000,8669738.000,223668352.000,10,pc1_group4
2ed8cb4e59d245480f9317c8908ba75a,station-repacking,777,SAT,119.060,1281432.000,9186377.000,205597502.000,10,pc1_group4
303f4db49f8902b2428a337fdd4f3aa4,station-repacking,42,SAT,45.389,405064.000,2560409.000,68908045.000,10,pc1_group4
303f4db49f8902b2428a337fdd4f3aa4,station-repacking,123,SAT,48.072,394287.000,2220390.000,65409332.000,10,pc1_group4
303f4db49f8902b2428a337fdd4f3aa4,station-repacking,777,SAT,6.559,20132.000,322724.000,7246575.000,10,pc1_group4
340a7a71f72121f2ee90ed6d7d996186,station-repacking,42,SAT,2.197,203.000,6049.000,438773.000,10,pc1_group4
340a7a71f72121f2ee90ed6d7d996186,station-repacking,123,SAT,2.096,203.000,6049.000,438773.000,10,pc1_group4
340a7a71f72121f2ee90ed6d7d996186,station-repacking,777,SAT,2.196,203.000,6049.000,438773.000,10,pc1_group4
375cfec5363c81fe9226dea54dd4de74,station-repacking,42,TIMEOUT,800.000,,,,-1,pc1_group4
375cfec5363c81fe9226dea54dd4de74,station-repacking,123,TIMEOUT,800.000,,,,-1,pc1_group4
375cfec5363c81fe9226dea54dd4de74,station-repacking,777,TIMEOUT,800.000,,,,-1,pc1_group4
379537fd734a1c8713b6474a9e9c6703,station-repacking,42,SAT,6.683,20562.000,276587.000,7080630.000,10,pc1_group4
379537fd734a1c8713b6474a9e9c6703,station-repacking,123,SAT,3.410,6109.000,193917.000,2682080.000,10,pc1_group4
379537fd734a1c8713b6474a9e9c6703,station-repacking,777,SAT,5.410,15736.000,284932.000,5356221.000,10,pc1_group4
39650f3fa7a305d68f66bd38a55855f9,station-repacking,42,SAT,99.286,1102411.000,6342746.000,182337408.000,10,pc1_group4
39650f3fa7a305d68f66bd38a55855f9,station-repacking,123,SAT,23.040,162090.000,1145006.000,35480430.000,10,pc1_group4
39650f3fa7a305d68f66bd38a55855f9,station-repacking,777,SAT,49.258,458928.000,3440732.000,84278990.000,10,pc1_group4
3eb91f64eb8369c3c0fade4fc36ac71f,station-repacking,42,SAT,2.195,155.000,6253.000,411554.000,10,pc1_group4
3eb91f64eb8369c3c0fade4fc36ac71f,station-repacking,123,SAT,2.231,155.000,6253.000,411554.000,10,pc1_group4
3eb91f64eb8369c3c0fade4fc36ac71f,station-repacking,777,SAT,2.252,155.000,6253.000,411554.000,10,pc1_group4
3f939e8711b8404ff252cf437675ee7c,station-repacking,42,SAT,2.054,66.000,5533.000,424695.000,10,pc1_group4
3f939e8711b8404ff252cf437675ee7c,station-repacking,123,SAT,2.083,66.000,5533.000,424695.000,10,pc1_group4
3f939e8711b8404ff252cf437675ee7c,station-repacking,777,SAT,2.162,66.000,5533.000,424695.000,10,pc1_group4
407fee3d11125e381e15efd6d9078a34,station-repacking,42,TIMEOUT,800.000,,,,-1,pc1_group4
407fee3d11125e381e15efd6d9078a34,station-repacking,123,TIMEOUT,800.000,,,,-1,pc1_group4
407fee3d11125e381e15efd6d9078a34,station-repacking,777,TIMEOUT,800.000,,,,-1,pc1_group4
41f1c183da5e10c13d46d43decac12f8,station-repacking,42,SAT,3.291,4585.000,24540.000,2454148.000,10,pc1_group4
41f1c183da5e10c13d46d43decac12f8,station-repacking,123,SAT,2.532,4201.000,38946.000,2582002.000,10,pc1_group4
41f1c183da5e10c13d46d43decac12f8,station-repacking,777,SAT,2.612,3091.000,16988.000,2260833.000,10,pc1_group4
42478f9dc6c32a8eaf622875216cece4,station-repacking,42,TIMEOUT,800.000,,,,-1,pc1_group4
42478f9dc6c32a8eaf622875216cece4,station-repacking,123,TIMEOUT,800.000,,,,-1,pc1_group4
42478f9dc6c32a8eaf622875216cece4,station-repacking,777,TIMEOUT,800.000,,,,-1,pc1_group4
45ee8e525775859ac5a71ae8418262b9,station-repacking,42,SAT,1.102,17.000,4028.000,383143.000,10,pc1_group4
45ee8e525775859ac5a71ae8418262b9,station-repacking,123,SAT,1.147,17.000,4028.000,383143.000,10,pc1_group4
45ee8e525775859ac5a71ae8418262b9,station-repacking,777,SAT,1.304,17.000,4028.000,383143.000,10,pc1_group4
477a443a3d78c87801a2440280f8a1ff,station-repacking,42,SAT,2.103,1509.000,43333.000,779414.000,10,pc1_group4
477a443a3d78c87801a2440280f8a1ff,station-repacking,123,SAT,1.667,996.000,35313.000,743456.000,10,pc1_group4
477a443a3d78c87801a2440280f8a1ff,station-repacking,777,SAT,1.692,1008.000,20996.000,624990.000,10,pc1_group4
47abb040a7d877a9392cf246bd5270ce,station-repacking,42,SAT,2.311,2022.000,10438.000,716018.000,10,pc1_group4
47abb040a7d877a9392cf246bd5270ce,station-repacking,123,SAT,1.710,2093.000,10882.000,735214.000,10,pc1_group4
47abb040a7d877a9392cf246bd5270ce,station-repacking,777,SAT,1.705,2039.000,10858.000,735526.000,10,pc1_group4
488bb0b505fe9167119e296bedafa2b0,station-repacking,42,SAT,2.383,2195.000,19909.000,856112.000,10,pc1_group4
488bb0b505fe9167119e296bedafa2b0,station-repacking,123,SAT,2.922,2928.000,16207.000,1646415.000,10,pc1_group4
488bb0b505fe9167119e296bedafa2b0,station-repacking,777,SAT,2.445,886.000,16230.000,637728.000,10,pc1_group4
49fea8da4ce8fe8da71c5cfb1561d48b,station-repacking,42,SAT,53.597,400630.000,3835762.000,81642938.000,10,pc1_group4
49fea8da4ce8fe8da71c5cfb1561d48b,station-repacking,123,SAT,39.106,278025.000,3492897.000,55918162.000,10,pc1_group4
49fea8da4ce8fe8da71c5cfb1561d48b,station-repacking,777,SAT,12.302,96549.000,1193939.000,24513305.000,10,pc1_group4
4cc49c7416fb1c882ef1c90a8e1c38e7,station-repacking,42,SAT,1.429,9.000,4176.000,370324.000,10,pc1_group4
4cc49c7416fb1c882ef1c90a8e1c38e7,station-repacking,123,SAT,1.549,9.000,4176.000,370324.000,10,pc1_group4
4cc49c7416fb1c882ef1c90a8e1c38e7,station-repacking,777,SAT,1.438,9.000,4176.000,370324.000,10,pc1_group4
517665b26d35413f4f10071731d38e86,station-repacking,42,SAT,1.495,39.000,4721.000,429529.000,10,pc1_group4
517665b26d35413f4f10071731d38e86,station-repacking,123,SAT,1.704,39.000,4721.000,429529.000,10,pc1_group4
517665b26d35413f4f10071731d38e86,station-repacking,777,SAT,1.772,39.000,4721.000,429529.000,10,pc1_group4
52716698fafe0a39cf01f416fc72a1db,station-repacking,42,SAT,0.108,0.000,0.000,31198.000,10,pc1_group4
52716698fafe0a39cf01f416fc72a1db,station-repacking,123,SAT,0.104,0.000,0.000,31198.000,10,pc1_group4
52716698fafe0a39cf01f416fc72a1db,station-repacking,777,SAT,0.105,0.000,0.000,31198.000,10,pc1_group4
53dc07930186fece5ba4176cff6fb0a1,station-repacking,42,TIMEOUT,800.000,,,,-1,pc1_group4
53dc07930186fece5ba4176cff6fb0a1,station-repacking,123,TIMEOUT,800.000,,,,-1,pc1_group4
53dc07930186fece5ba4176cff6fb0a1,station-repacking,777,TIMEOUT,800.000,,,,-1,pc1_group4
540f649521171d2c5900dfb17d6ed236,station-repacking,42,TIMEOUT,800.000,,,,-1,pc1_group4
540f649521171d2c5900dfb17d6ed236,station-repacking,123,TIMEOUT,800.000,,,,-1,pc1_group4
540f649521171d2c5900dfb17d6ed236,station-repacking,777,TIMEOUT,800.000,,,,-1,pc1_group4
54678d9bda5f37c33a3a16bea1c66c91,station-repacking,42,SAT,3.030,3045.000,27006.000,2313870.000,10,pc1_group4
54678d9bda5f37c33a3a16bea1c66c91,station-repacking,123,SAT,2.977,4523.000,144907.000,2177114.000,10,pc1_group4
54678d9bda5f37c33a3a16bea1c66c91,station-repacking,777,SAT,2.915,5839.000,122208.000,2106802.000,10,pc1_group4
596401c4ebbd9982827198695adb935a,station-repacking,42,TIMEOUT,800.000,,,,-1,pc1_group4
596401c4ebbd9982827198695adb935a,station-repacking,123,TIMEOUT,800.000,,,,-1,pc1_group4
596401c4ebbd9982827198695adb935a,station-repacking,777,TIMEOUT,800.000,,,,-1,pc1_group4
5ae96d60c9afc18a555a69b55eeca00f,station-repacking,42,SAT,7.520,41608.000,291042.000,9956381.000,10,pc1_group4
5ae96d60c9afc18a555a69b55eeca00f,station-repacking,123,SAT,5.408,17939.000,285168.000,5739582.000,10,pc1_group4
5ae96d60c9afc18a555a69b55eeca00f,station-repacking,777,SAT,7.786,33763.000,354093.000,8998575.000,10,pc1_group4
5f06772e86f14cb3507c3e34e5c1e7f1,station-repacking,42,SAT,3.151,4758.000,125856.000,2533725.000,10,pc1_group4
5f06772e86f14cb3507c3e34e5c1e7f1,station-repacking,123,SAT,3.166,4251.000,19580.000,2042713.000,10,pc1_group4
5f06772e86f14cb3507c3e34e5c1e7f1,station-repacking,777,SAT,3.324,5810.000,89687.000,2629937.000,10,pc1_group4
61a1a532a9c821055a7fa0d9d6562d46,station-repacking,42,SAT,0.120,0.000,0.000,41051.000,10,pc1_group4
61a1a532a9c821055a7fa0d9d6562d46,station-repacking,123,SAT,0.119,0.000,0.000,41051.000,10,pc1_group4
61a1a532a9c821055a7fa0d9d6562d46,station-repacking,777,SAT,0.119,0.000,0.000,41051.000,10,pc1_group4
64e38097799c3e0e3fe9d8a17372b0c4,station-repacking,42,SAT,16.226,111190.000,1403905.000,28935077.000,10,pc1_group4
64e38097799c3e0e3fe9d8a17372b0c4,station-repacking,123,SAT,22.342,166349.000,1323749.000,33992265.000,10,pc1_group4
64e38097799c3e0e3fe9d8a17372b0c4,station-repacking,777,SAT,19.073,121594.000,1314380.000,29081983.000,10,pc1_group4
670834e36ca30a5aae87dcb164ba06c3,station-repacking,42,SAT,1.719,40.000,4723.000,431342.000,10,pc1_group4
670834e36ca30a5aae87dcb164ba06c3,station-repacking,123,SAT,1.673,40.000,4723.000,431342.000,10,pc1_group4
670834e36ca30a5aae87dcb164ba06c3,station-repacking,777,SAT,1.675,40.000,4723.000,431342.000,10,pc1_group4
68ee66c662d28d41d3ae041cba7298ab,station-repacking,42,TIMEOUT,800.000,,,,-1,pc1_group4
68ee66c662d28d41d3ae041cba7298ab,station-repacking,123,TIMEOUT,800.000,,,,-1,pc1_group4
68ee66c662d28d41d3ae041cba7298ab,station-repacking,777,TIMEOUT,800.000,,,,-1,pc1_group4
6bfc5ec05a83aa79d3a7b43ae3fa6534,station-repacking,42,SAT,2.111,1734.000,9585.000,620564.000,10,pc1_group4
6bfc5ec05a83aa79d3a7b43ae3fa6534,station-repacking,123,SAT,1.865,1734.000,9585.000,620564.000,10,pc1_group4
6bfc5ec05a83aa79d3a7b43ae3fa6534,station-repacking,777,SAT,2.032,1734.000,9585.000,620564.000,10,pc1_group4
6ce4afc30eaef7190ee089d10cda4114,station-repacking,42,SAT,1.277,5.000,3544.000,382301.000,10,pc1_group4
6ce4afc30eaef7190ee089d10cda4114,station-repacking,123,SAT,1.418,5.000,3544.000,382301.000,10,pc1_group4
6ce4afc30eaef7190ee089d10cda4114,station-repacking,777,SAT,1.336,5.000,3544.000,382301.000,10,pc1_group4
6d1d1bec7a40835e5b2ac618666f350d,station-repacking,42,TIMEOUT,800.000,,,,-1,pc1_group4
6d1d1bec7a40835e5b2ac618666f350d,station-repacking,123,TIMEOUT,800.000,,,,-1,pc1_group4
6d1d1bec7a40835e5b2ac618666f350d,station-repacking,777,TIMEOUT,800.000,,,,-1,pc1_group4
7477e93517c74d2f32f8cd2eba6244c5,station-repacking,42,SAT,68.056,578521.000,3402934.000,104361984.000,10,pc1_group4
7477e93517c74d2f32f8cd2eba6244c5,station-repacking,123,SAT,205.662,1567266.000,8520872.000,258540863.000,10,pc1_group4
7477e93517c74d2f32f8cd2eba6244c5,station-repacking,777,SAT,26.415,222333.000,1766657.000,46639501.000,10,pc1_group4
7ad03f68df2f4da1d71f1478925b7b26,station-repacking,42,SAT,1.619,20.000,5067.000,382268.000,10,pc1_group4
7ad03f68df2f4da1d71f1478925b7b26,station-repacking,123,SAT,1.602,20.000,5067.000,382268.000,10,pc1_group4
7ad03f68df2f4da1d71f1478925b7b26,station-repacking,777,SAT,1.849,20.000,5067.000,382268.000,10,pc1_group4
80d6cfb15ed5f55d8aa998c66954996e,station-repacking,42,SAT,1.424,17.000,3416.000,353093.000,10,pc1_group4
80d6cfb15ed5f55d8aa998c66954996e,station-repacking,123,SAT,1.056,17.000,3416.000,353093.000,10,pc1_group4
80d6cfb15ed5f55d8aa998c66954996e,station-repacking,777,SAT,1.093,17.000,3416.000,353093.000,10,pc1_group4
82f93fab632d14741a1659c17be4fd1e,station-repacking,42,SAT,2.575,302.000,22250.000,1024152.000,10,pc1_group4
82f93fab632d14741a1659c17be4fd1e,station-repacking,123,SAT,2.525,302.000,22250.000,1024152.000,10,pc1_group4
82f93fab632d14741a1659c17be4fd1e,station-repacking,777,SAT,2.573,302.000,22250.000,1024152.000,10,pc1_group4
8568907805e9346e5a722d444e543e92,station-repacking,42,SAT,67.872,651542.000,5102463.000,113582457.000,10,pc1_group4
8568907805e9346e5a722d444e543e92,station-repacking,123,SAT,137.449,1252216.000,10793265.000,213073791.000,10,pc1_group4
8568907805e9346e5a722d444e543e92,station-repacking,777,SAT,40.631,282119.000,3317736.000,60240379.000,10,pc1_group4
8684d1e27161a5c51d0b134621f1d1bc,station-repacking,42,SAT,1.620,229.000,5352.000,455252.000,10,pc1_group4
8684d1e27161a5c51d0b134621f1d1bc,station-repacking,123,SAT,1.861,229.000,5352.000,455252.000,10,pc1_group4
8684d1e27161a5c51d0b134621f1d1bc,station-repacking,777,SAT,1.992,229.000,5352.000,455252.000,10,pc1_group4
8e1fdee5ce7575adc975bcb1c58d411b,station-repacking,42,TIMEOUT,800.000,,,,-1,pc1_group4
8e1fdee5ce7575adc975bcb1c58d411b,station-repacking,123,TIMEOUT,800.000,,,,-1,pc1_group4
8e1fdee5ce7575adc975bcb1c58d411b,station-repacking,777,TIMEOUT,800.000,,,,-1,pc1_group4
9240a80a501de769294c6b0494631d12,station-repacking,42,SAT,2.894,7359.000,54562.000,2032775.000,10,pc1_group4
9240a80a501de769294c6b0494631d12,station-repacking,123,SAT,4.768,15287.000,349205.000,4809722.000,10,pc1_group4
9240a80a501de769294c6b0494631d12,station-repacking,777,SAT,5.382,19201.000,328756.000,6609833.000,10,pc1_group4
92d6d1839d9278bf6d3da5a885ed3d47,station-repacking,42,SAT,576.884,6227002.000,33839469.000,875569808.000,10,pc1_group4
92d6d1839d9278bf6d3da5a885ed3d47,station-repacking,123,TIMEOUT,800.000,,,,-1,pc1_group4
92d6d1839d9278bf6d3da5a885ed3d47,station-repacking,777,SAT,390.874,4208004.000,21118209.000,569982301.000,10,pc1_group4
93c757776a5f6a8756b2fb8207dfc5ef,station-repacking,42,SAT,131.595,1410444.000,8202734.000,220304179.000,10,pc1_group4
93c757776a5f6a8756b2fb8207dfc5ef,station-repacking,123,SAT,171.797,2083445.000,10494830.000,304091727.000,10,pc1_group4
93c757776a5f6a8756b2fb8207dfc5ef,station-repacking,777,SAT,211.034,2431216.000,9512477.000,349486294.000,10,pc1_group4
94750ddfd49994ac4e2abe258a7ba4e2,station-repacking,42,SAT,5.159,13310.000,275166.000,4606499.000,10,pc1_group4
94750ddfd49994ac4e2abe258a7ba4e2,station-repacking,123,SAT,6.043,17025.000,270640.000,6843163.000,10,pc1_group4
94750ddfd49994ac4e2abe258a7ba4e2,station-repacking,777,SAT,6.109,21013.000,327952.000,6774889.000,10,pc1_group4
966e7945753f3cac0d7e4cf44941ced3,station-repacking,42,SAT,139.927,1257191.000,8133722.000,204636902.000,10,pc1_group4
966e7945753f3cac0d7e4cf44941ced3,station-repacking,123,SAT,140.676,1360825.000,8958850.000,219828109.000,10,pc1_group4
966e7945753f3cac0d7e4cf44941ced3,station-repacking,777,SAT,50.578,500633.000,4008716.000,91313975.000,10,pc1_group4
98d909406244b8582cd2f5d6235d621f,station-repacking,42,SAT,40.249,318177.000,2674007.000,56609318.000,10,pc1_group4
98d909406244b8582cd2f5d6235d621f,station-repacking,123,SAT,5.882,24036.000,499110.000,9210288.000,10,pc1_group4
98d909406244b8582cd2f5d6235d621f,station-repacking,777,SAT,39.949,326481.000,2679989.000,57608001.000,10,pc1_group4
9963c075a09f58d74c836f230f647201,station-repacking,42,TIMEOUT,800.000,,,,-1,pc1_group4
9963c075a09f58d74c836f230f647201,station-repacking,123,TIMEOUT,800.000,,,,-1,pc1_group4
9963c075a09f58d74c836f230f647201,station-repacking,777,TIMEOUT,800.000,,,,-1,pc1_group4
99cb1e89c89fcd94657735ee85fef678,station-repacking,42,TIMEOUT,800.000,,,,-1,pc1_group4
99cb1e89c89fcd94657735ee85fef678,station-repacking,123,TIMEOUT,800.000,,,,-1,pc1_group4
99cb1e89c89fcd94657735ee85fef678,station-repacking,777,TIMEOUT,800.000,,,,-1,pc1_group4
9e4ed7d6e3ea544e8738ee21f4eaaa39,station-repacking,42,SAT,0.119,0.000,0.000,30946.000,10,pc1_group4
9e4ed7d6e3ea544e8738ee21f4eaaa39,station-repacking,123,SAT,0.148,0.000,0.000,30946.000,10,pc1_group4
9e4ed7d6e3ea544e8738ee21f4eaaa39,station-repacking,777,SAT,0.103,0.000,0.000,30946.000,10,pc1_group4
a10850361971c1e2256f9de690a36ea5,station-repacking,42,SAT,2.038,26.000,5194.000,382467.000,10,pc1_group4
a10850361971c1e2256f9de690a36ea5,station-repacking,123,SAT,2.074,26.000,5194.000,382467.000,10,pc1_group4
a10850361971c1e2256f9de690a36ea5,station-repacking,777,SAT,2.054,26.000,5194.000,382467.000,10,pc1_group4
a15eac6b1e4f848579b3cfce7fbf91cb,station-repacking,42,SAT,2.251,686.000,7316.000,477599.000,10,pc1_group4
a15eac6b1e4f848579b3cfce7fbf91cb,station-repacking,123,SAT,1.905,686.000,7316.000,477599.000,10,pc1_group4
a15eac6b1e4f848579b3cfce7fbf91cb,station-repacking,777,SAT,1.895,686.000,7316.000,477599.000,10,pc1_group4
a257347e37a06e536966dfc2b2fcd98d,station-repacking,42,SAT,27.108,195249.000,1270255.000,38833064.000,10,pc1_group4
a257347e37a06e536966dfc2b2fcd98d,station-repacking,123,SAT,17.227,127945.000,1190107.000,28818996.000,10,pc1_group4
a257347e37a06e536966dfc2b2fcd98d,station-repacking,777,SAT,37.036,286027.000,3339598.000,56080246.000,10,pc1_group4
a53e321b1f986922565b943df4571c91,station-repacking,42,TIMEOUT,800.000,,,,-1,pc1_group4
a53e321b1f986922565b943df4571c91,station-repacking,123,TIMEOUT,800.000,,,,-1,pc1_group4
a53e321b1f986922565b943df4571c91,station-repacking,777,TIMEOUT,800.000,,,,-1,pc1_group4
a7cc332d081adad4e5e207a7c7723b85,station-repacking,42,SAT,106.386,1030797.000,4884952.000,148162655.000,10,pc1_group4
a7cc332d081adad4e5e207a7c7723b85,station-repacking,123,SAT,207.075,2148190.000,14491132.000,318248031.000,10,pc1_group4
a7cc332d081adad4e5e207a7c7723b85,station-repacking,777,SAT,203.582,1981123.000,12158150.000,296650651.000,10,pc1_group4
a9bdc27575ccbcfb02e01613ddff8e31,station-repacking,42,SAT,2.579,2124.000,11441.000,686356.000,10,pc1_group4
a9bdc27575ccbcfb02e01613ddff8e31,station-repacking,123,SAT,2.782,3092.000,19047.000,2081976.000,10,pc1_group4
a9bdc27575ccbcfb02e01613ddff8e31,station-repacking,777,SAT,3.255,6219.000,99112.000,2324938.000,10,pc1_group4
a9c18b790b81fb37eccba4d2dfb6c022,station-repacking,42,SAT,2.010,20.000,5099.000,402624.000,10,pc1_group4
a9c18b790b81fb37eccba4d2dfb6c022,station-repacking,123,SAT,2.103,20.000,5099.000,402624.000,10,pc1_group4
a9c18b790b81fb37eccba4d2dfb6c022,station-repacking,777,SAT,2.153,20.000,5099.000,402624.000,10,pc1_group4
ae96b9dd15fd67a7d42340f3098eef2f,station-repacking,42,SAT,9.328,52506.000,524045.000,14493380.000,10,pc1_group4
ae96b9dd15fd67a7d42340f3098eef2f,station-repacking,123,SAT,10.158,40065.000,560185.000,12249650.000,10,pc1_group4
ae96b9dd15fd67a7d42340f3098eef2f,station-repacking,777,SAT,6.308,25843.000,235930.000,7688425.000,10,pc1_group4
b00b555f0d26046e20489338433cc246,station-repacking,42,SAT,313.289,3100529.000,20918627.000,455133032.000,10,pc1_group4
b00b555f0d26046e20489338433cc246,station-repacking,123,SAT,32.529,234246.000,904363.000,41870639.000,10,pc1_group4
b00b555f0d26046e20489338433cc246,station-repacking,777,SAT,505.613,5751091.000,23952649.000,719514475.000,10,pc1_group4
b1564215e346e99ccbe80da356e57f65,station-repacking,42,SAT,89.378,756963.000,3600929.000,125114138.000,10,pc1_group4
b1564215e346e99ccbe80da356e57f65,station-repacking,123,SAT,142.808,1225279.000,7594336.000,216898300.000,10,pc1_group4
b1564215e346e99ccbe80da356e57f65,station-repacking,777,SAT,151.446,1148281.000,7752669.000,208737942.000,10,pc1_group4
b583f8db3a609d32ddfc55d7f26b5fbb,station-repacking,42,TIMEOUT,800.000,,,,-1,pc1_group4
b583f8db3a609d32ddfc55d7f26b5fbb,station-repacking,123,SAT,732.893,8101533.000,39560112.000,1154531564.000,10,pc1_group4
b583f8db3a609d32ddfc55d7f26b5fbb,station-repacking,777,TIMEOUT,800.000,,,,-1,pc1_group4
b6833528198e5be3c7125646c1ce4829,station-repacking,42,TIMEOUT,800.000,,,,-1,pc1_group4
b6833528198e5be3c7125646c1ce4829,station-repacking,123,TIMEOUT,800.000,,,,-1,pc1_group4
b6833528198e5be3c7125646c1ce4829,station-repacking,777,TIMEOUT,800.000,,,,-1,pc1_group4
b7491914d6357881e86ecc2b4ffe7b08,station-repacking,42,TIMEOUT,800.000,,,,-1,pc1_group4
b7491914d6357881e86ecc2b4ffe7b08,station-repacking,123,TIMEOUT,800.000,,,,-1,pc1_group4
b7491914d6357881e86ecc2b4ffe7b08,station-repacking,777,TIMEOUT,800.000,,,,-1,pc1_group4
bca4d800747af5f26dcbdba922d78bf5,station-repacking,42,SAT,1.288,8.000,3332.000,366485.000,10,pc1_group4
bca4d800747af5f26dcbdba922d78bf5,station-repacking,123,SAT,1.170,8.000,3332.000,366485.000,10,pc1_group4
bca4d800747af5f26dcbdba922d78bf5,station-repacking,777,SAT,1.378,8.000,3332.000,366485.000,10,pc1_group4
bea7fe2ed13ee8fcf3713e1cefff9f93,station-repacking,42,SAT,1.233,2.000,3115.000,349220.000,10,pc1_group4
bea7fe2ed13ee8fcf3713e1cefff9f93,station-repacking,123,SAT,1.222,2.000,3115.000,349220.000,10,pc1_group4
bea7fe2ed13ee8fcf3713e1cefff9f93,station-repacking,777,SAT,1.248,2.000,3115.000,349220.000,10,pc1_group4
bfa2e64dc4d6354ec0d804beca8d51a8,station-repacking,42,SAT,6.120,15956.000,349676.000,6211154.000,10,pc1_group4
bfa2e64dc4d6354ec0d804beca8d51a8,station-repacking,123,SAT,6.797,17499.000,382631.000,6668828.000,10,pc1_group4
bfa2e64dc4d6354ec0d804beca8d51a8,station-repacking,777,SAT,4.772,8202.000,53844.000,3300633.000,10,pc1_group4
c088916bd03d5d9e8b052dca4c9d38fd,station-repacking,42,SAT,0.115,0.000,0.000,48877.000,10,pc1_group4
c088916bd03d5d9e8b052dca4c9d38fd,station-repacking,123,SAT,0.174,0.000,0.000,48877.000,10,pc1_group4
c088916bd03d5d9e8b052dca4c9d38fd,station-repacking,777,SAT,0.222,0.000,0.000,48877.000,10,pc1_group4
c2c8540324c03e325d590f022fa9d7d7,station-repacking,42,SAT,1.821,32.000,4546.000,383389.000,10,pc1_group4
c2c8540324c03e325d590f022fa9d7d7,station-repacking,123,SAT,1.929,32.000,4546.000,383389.000,10,pc1_group4
c2c8540324c03e325d590f022fa9d7d7,station-repacking,777,SAT,1.930,32.000,4546.000,383389.000,10,pc1_group4
c66342279973e6d5da488cb73d973bce,station-repacking,42,SAT,1.333,5.000,3408.000,356866.000,10,pc1_group4
c66342279973e6d5da488cb73d973bce,station-repacking,123,SAT,1.360,5.000,3408.000,356866.000,10,pc1_group4
c66342279973e6d5da488cb73d973bce,station-repacking,777,SAT,1.728,5.000,3408.000,356866.000,10,pc1_group4
cdd689a9094878864e2aaae4ad2cb6bc,station-repacking,42,TIMEOUT,800.000,,,,-1,pc1_group4
cdd689a9094878864e2aaae4ad2cb6bc,station-repacking,123,TIMEOUT,800.000,,,,-1,pc1_group4
cdd689a9094878864e2aaae4ad2cb6bc,station-repacking,777,TIMEOUT,800.000,,,,-1,pc1_group4
d0ae6f2835f3e33ff09472454404e625,station-repacking,42,TIMEOUT,800.000,,,,-1,pc1_group4
d0ae6f2835f3e33ff09472454404e625,station-repacking,123,TIMEOUT,800.000,,,,-1,pc1_group4
d0ae6f2835f3e33ff09472454404e625,station-repacking,777,TIMEOUT,800.000,,,,-1,pc1_group4
d645158355a9050d493ae0cefc0bcc5a,station-repacking,42,SAT,2.447,68.000,5261.000,424175.000,10,pc1_group4
d645158355a9050d493ae0cefc0bcc5a,station-repacking,123,SAT,2.589,68.000,5261.000,424175.000,10,pc1_group4
d645158355a9050d493ae0cefc0bcc5a,station-repacking,777,SAT,2.433,68.000,5261.000,424175.000,10,pc1_group4
d712442cd23dd64defa214d126148e2f,station-repacking,42,SAT,89.764,974673.000,4713217.000,141632002.000,10,pc1_group4
d712442cd23dd64defa214d126148e2f,station-repacking,123,SAT,52.566,442572.000,2883538.000,75270258.000,10,pc1_group4
d712442cd23dd64defa214d126148e2f,station-repacking,777,SAT,132.011,1207623.000,8504474.000,193183571.000,10,pc1_group4
d730c23c6417e0f80000e196fce8df82,station-repacking,42,SAT,2.269,240.000,6303.000,445031.000,10,pc1_group4
d730c23c6417e0f80000e196fce8df82,station-repacking,123,SAT,2.312,240.000,6303.000,445031.000,10,pc1_group4
d730c23c6417e0f80000e196fce8df82,station-repacking,777,SAT,2.148,240.000,6303.000,445031.000,10,pc1_group4
d756099575dc55aaac6d0ec6802dc168,station-repacking,42,UNSAT,319.811,2926176.000,14044806.000,434537778.000,20,pc1_group4
d756099575dc55aaac6d0ec6802dc168,station-repacking,123,UNSAT,235.209,2168681.000,12818120.000,354906156.000,20,pc1_group4
d756099575dc55aaac6d0ec6802dc168,station-repacking,777,UNSAT,264.392,2459366.000,11017900.000,364479149.000,20,pc1_group4
d8e35290dd21f1576ab2e89519ae74bb,station-repacking,42,SAT,2.239,429.000,6375.000,435774.000,10,pc1_group4
d8e35290dd21f1576ab2e89519ae74bb,station-repacking,123,SAT,2.259,429.000,6375.000,435774.000,10,pc1_group4
d8e35290dd21f1576ab2e89519ae74bb,station-repacking,777,SAT,2.391,429.000,6375.000,435774.000,10,pc1_group4
e37181c0b7122b88adf53d79ca78d2d4,station-repacking,42,TIMEOUT,800.000,,,,-1,pc1_group4
e37181c0b7122b88adf53d79ca78d2d4,station-repacking,123,SAT,411.279,4227816.000,18601122.000,631202773.000,10,pc1_group4
e37181c0b7122b88adf53d79ca78d2d4,station-repacking,777,TIMEOUT,800.000,,,,-1,pc1_group4
e5141351792417b6a5f4087627cb25d7,station-repacking,42,TIMEOUT,800.000,,,,-1,pc1_group4
e5141351792417b6a5f4087627cb25d7,station-repacking,123,TIMEOUT,800.000,,,,-1,pc1_group4
e5141351792417b6a5f4087627cb25d7,station-repacking,777,TIMEOUT,800.000,,,,-1,pc1_group4
e793abc733527d0e5ca3fae994553333,station-repacking,42,SAT,2.252,449.000,6594.000,436106.000,10,pc1_group4
e793abc733527d0e5ca3fae994553333,station-repacking,123,SAT,2.104,449.000,6594.000,436106.000,10,pc1_group4
e793abc733527d0e5ca3fae994553333,station-repacking,777,SAT,2.353,449.000,6594.000,436106.000,10,pc1_group4
e7ab44eedb57052685ffe837c6c850e3,station-repacking,42,SAT,1.921,233.000,9157.000,536894.000,10,pc1_group4
e7ab44eedb57052685ffe837c6c850e3,station-repacking,123,SAT,2.002,233.000,9157.000,536894.000,10,pc1_group4
e7ab44eedb57052685ffe837c6c850e3,station-repacking,777,SAT,2.135,233.000,9157.000,536894.000,10,pc1_group4
e851bd8cda601ec1eae5cc136a84289e,station-repacking,42,SAT,659.834,6677009.000,34823574.000,963336827.000,10,pc1_group4
e851bd8cda601ec1eae5cc136a84289e,station-repacking,123,SAT,431.055,4549485.000,23304728.000,636406688.000,10,pc1_group4
e851bd8cda601ec1eae5cc136a84289e,station-repacking,777,SAT,302.320,3437255.000,19083884.000,498200081.000,10,pc1_group4
e97c4d19ff52a724fede2cab2b5f5c66,station-repacking,42,SAT,2.378,464.000,6401.000,471418.000,10,pc1_group4
e97c4d19ff52a724fede2cab2b5f5c66,station-repacking,123,SAT,2.165,464.000,6401.000,471418.000,10,pc1_group4
e97c4d19ff52a724fede2cab2b5f5c66,station-repacking,777,SAT,2.090,464.000,6401.000,471418.000,10,pc1_group4
eb064256d3bb89c433a4ade5ff1c8805,station-repacking,42,SAT,602.280,6403392.000,44058717.000,1016775144.000,10,pc1_group4
eb064256d3bb89c433a4ade5ff1c8805,station-repacking,123,SAT,335.825,3019748.000,21319737.000,544664204.000,10,pc1_group4
eb064256d3bb89c433a4ade5ff1c8805,station-repacking,777,SAT,402.802,3888485.000,27924199.000,630355487.000,10,pc1_group4
f16338532e9c27077a329ad782a27ca0,station-repacking,42,SAT,2.359,1724.000,18870.000,667803.000,10,pc1_group4
f16338532e9c27077a329ad782a27ca0,station-repacking,123,SAT,2.727,2403.000,25062.000,933425.000,10,pc1_group4
f16338532e9c27077a329ad782a27ca0,station-repacking,777,SAT,2.657,2187.000,21729.000,1156742.000,10,pc1_group4
f4ff0a601ae7de20812c394047c6afcb,station-repacking,42,TIMEOUT,800.000,,,,-1,pc1_group4
f4ff0a601ae7de20812c394047c6afcb,station-repacking,123,TIMEOUT,800.000,,,,-1,pc1_group4
f4ff0a601ae7de20812c394047c6afcb,station-repacking,777,TIMEOUT,800.000,,,,-1,pc1_group4
f6eee7f155356d5def36888b8c1ba335,station-repacking,42,SAT,1.095,7.000,3000.000,334391.000,10,pc1_group4
f6eee7f155356d5def36888b8c1ba335,station-repacking,123,SAT,0.999,7.000,3000.000,334391.000,10,pc1_group4
f6eee7f155356d5def36888b8c1ba335,station-repacking,777,SAT,1.026,7.000,3000.000,334391.000,10,pc1_group4
fdd87db23c584319aa91801a227409d3,station-repacking,42,SAT,347.101,3516469.000,18806975.000,541237926.000,10,pc1_group4
fdd87db23c584319aa91801a227409d3,station-repacking,123,SAT,332.686,3071345.000,18565609.000,477325882.000,10,pc1_group4
fdd87db23c584319aa91801a227409d3,station-repacking,777,SAT,386.982,4425095.000,24252079.000,686668060.000,10,pc1_group4
fe0d88607c6a0ba16890f1bce20346e3,station-repacking,42,SAT,1.837,39.000,4646.000,375062.000,10,pc1_group4
fe0d88607c6a0ba16890f1bce20346e3,station-repacking,123,SAT,1.795,39.000,4646.000,375062.000,10,pc1_group4
fe0d88607c6a0ba16890f1bce20346e3,station-repacking,777,SAT,2.134,39.000,4646.000,375062.000,10,pc1_group4
feb7f4a9414a3c92ddd2effa30bae801,station-repacking,42,SAT,142.600,1898258.000,8037129.000,270330856.000,10,pc1_group4
feb7f4a9414a3c92ddd2effa30bae801,station-repacking,123,SAT,156.976,1586768.000,8824097.000,248101162.000,10,pc1_group4
feb7f4a9414a3c92ddd2effa30bae801,station-repacking,777,SAT,330.835,3676079.000,16682116.000,528510689.000,10,pc1_group4
ff0fe8a68fdbcbee9e77ca5555e744fe,station-repacking,42,SAT,3.552,6223.000,95404.000,3000291.000,10,pc1_group4
ff0fe8a68fdbcbee9e77ca5555e744fe,station-repacking,123,SAT,6.260,36869.000,588472.000,11741001.000,10,pc1_group4
ff0fe8a68fdbcbee9e77ca5555e744fe,station-repacking,777,SAT,6.194,34593.000,447337.000,10229457.000,10,pc1_group4
